"代码","展示代码","名称","市场","行业","细分领域","名单分类","来源","入池理由","评分","所属池","阶段用途"
"sz000906","000906.SZ","浙商中拓","深交所","","","","用户确认","","","重点关注股票池","盘后辅助；晚间辅助；盘前关注过滤"
"sz300641","300641.SZ","正丹股份","深交所","","","","用户确认","","","重点关注股票池","盘后辅助；晚间辅助；盘前关注过滤"
"sz300502","300502.SZ","新易盛","深交所","","","","用户确认","","","重点关注股票池","盘后辅助；晚间辅助；盘前关注过滤"
"sz000657","000657.SZ","中钨高新","深交所","","","","用户确认","","","重点关注股票池","盘后辅助；晚间辅助；盘前关注过滤"
"sz300871","300871.SZ","回盛生物","深交所","","","","用户确认","","","重点关注股票池","盘后辅助；晚间辅助；盘前关注过滤"
"sh603259","603259.SH","药明康德","上交所","医药医疗","CXO","医药/医疗","用户确认；用户补充全行业龙头样本池_20260501","","","重点关注股票池","盘后辅助；晚间辅助；盘前关注过滤"
"sh600326","600326.SH","西藏天路","上交所","","","","用户确认","","","重点关注股票池","盘后辅助；晚间辅助；盘前关注过滤"
"sh603501","603501.SH","韦尔股份","上交所","半导体","CMOS图像传感器","半导体","用户补充半导体样本池；用户补充全行业龙头样本池_20260501","","","重点关注股票池","盘后辅助；晚间辅助；盘前关注过滤"
"sz002812","002812.SZ","恩捷股份","深交所","","","","用户确认","","","重点关注股票池","盘后辅助；晚间辅助；盘前关注过滤"
"sz002049","002049.SZ","紫光国微","深交所","半导体","特种集成电路、安全芯片","半导体","用户补充半导体样本池；用户补充全行业龙头样本池_20260501","","","重点关注股票池","盘后辅助；晚间辅助；盘前关注过滤"
"sz002028","002028.SZ","思源电气","深交所","","","","用户确认","","","重点关注股票池","盘后辅助；晚间辅助；盘前关注过滤"
"sh600580","600580.SH","卧龙电驱","上交所","","","","用户确认","","","重点关注股票池","盘后辅助；晚间辅助；盘前关注过滤"
"sh688041","688041.SH","海光信息","上交所","半导体","高端处理器(CPU/DCU)","AI算力","用户补充半导体样本池；用户补充全行业龙头样本池_20260501","","","重点关注股票池","盘后辅助；晚间辅助；盘前关注过滤"
"sh603986","603986.SH","兆易创新","上交所","半导体","存储芯片、MCU","半导体","用户补充半导体样本池；用户补充全行业龙头样本池_20260501","","","重点关注股票池","盘后辅助；晚间辅助；盘前关注过滤"
"sz300724","300724.SZ","捷佳伟创","深交所","","","","用户确认","","","重点关注股票池","盘后辅助；晚间辅助；盘前关注过滤"
"sh688235","688235.SH","百济神州","上交所","医药医疗","抗肿瘤创新药","医药/医疗","用户确认；用户补充全行业龙头样本池_20260501","","","重点关注股票池","盘后辅助；晚间辅助；盘前关注过滤"
"sz300308","300308.SZ","中际旭创","深交所","通信","光模块","AI算力","用户确认；用户补充全行业龙头样本池_20260501","","","重点关注股票池","盘后辅助；晚间辅助；盘前关注过滤"
"sh600198","600198.SH","大唐电信","上交所","","","","用户确认","","","重点关注股票池","盘后辅助；晚间辅助；盘前关注过滤"
"sz002281","002281.SZ","光迅科技","深交所","","","","用户确认","","","重点关注股票池","盘后辅助；晚间辅助；盘前关注过滤"
"sh688047","688047.SH","龙芯中科","上交所","半导体","国产CPU","半导体","用户补充半导体样本池；用户补充全行业龙头样本池_20260501","","","重点关注股票池","盘后辅助；晚间辅助；盘前关注过滤"
"sh688008","688008.SH","澜起科技","上交所","半导体","内存接口芯片","半导体","用户补充半导体样本池；用户补充全行业龙头样本池_20260501","","","重点关注股票池","盘后辅助；晚间辅助；盘前关注过滤"
"sh688256","688256.SH","寒武纪","上交所","半导体","AI芯片、智能处理器","AI算力","用户补充半导体样本池；用户补充全行业龙头样本池_20260501","","","重点关注股票池","盘后辅助；晚间辅助；盘前关注过滤"
"sh688498","688498.SH","源杰科技","上交所","半导体","光通信芯片(IDM)","半导体","用户补充半导体样本池；用户补充全行业龙头样本池_20260501","","","重点关注股票池","盘后辅助；晚间辅助；盘前关注过滤"
"sh688521","688521.SH","芯原股份","上交所","半导体","芯片设计服务、IP授权","AI算力","用户补充半导体样本池；用户补充全行业龙头样本池_20260501","","","重点关注股票池","盘后辅助；晚间辅助；盘前关注过滤"
"sh688525","688525.SH","佰维存储","上交所","半导体","存储芯片","半导体","用户补充半导体样本池；用户补充全行业龙头样本池_20260501","","","重点关注股票池","盘后辅助；晚间辅助；盘前关注过滤"
"sz300782","300782.SZ","卓胜微","深交所","半导体","射频前端芯片","半导体","用户补充半导体样本池；用户补充全行业龙头样本池_20260501","","","重点关注股票池","盘后辅助；晚间辅助；盘前关注过滤"
"sh600519","600519.SH","贵州茅台","上交所","食品饮料","白酒","大消费","用户补充全行业龙头样本池_20260501","","","重点关注股票池","盘后辅助；晚间辅助；盘前关注过滤"
"sz300750","300750.SZ","宁德时代","深交所","新能源","动力电池+储能","新能源","用户补充全行业龙头样本池_20260501","","","重点关注股票池","盘后辅助；晚间辅助；盘前关注过滤"
"sh688802","688802.SH","沐曦股份","上交所","半导体","GPU训练+推理","AI算力","用户补充全行业龙头样本池_20260501","","","重点关注股票池","盘后辅助；晚间辅助；盘前关注过滤"
"sh688795","688795.SH","摩尔线程","上交所","半导体","全功能GPU","AI算力","用户补充全行业龙头样本池_20260501","","","重点关注股票池","盘后辅助；晚间辅助；盘前关注过滤"
"sh601138","601138.SH","工业富联","上交所","电子制造","AI服务器","AI算力","用户补充全行业龙头样本池_20260501","","","重点关注股票池","盘后辅助；晚间辅助；盘前关注过滤"
"sz000977","000977.SZ","浪潮信息","深交所","计算机设备","服务器","AI算力","用户补充全行业龙头样本池_20260501","","","重点关注股票池","盘后辅助；晚间辅助；盘前关注过滤"
"sz002371","002371.SZ","北方华创","深交所","半导体","半导体设备全品类","半导体","用户补充全行业龙头样本池_20260501","","","重点关注股票池","盘后辅助；晚间辅助；盘前关注过滤"
"sh688012","688012.SH","中微公司","上交所","半导体","刻蚀设备","半导体","用户补充全行业龙头样本池_20260501","","","重点关注股票池","盘后辅助；晚间辅助；盘前关注过滤"
"sh688082","688082.SH","盛美上海","上交所","半导体","清洗设备","半导体","用户补充全行业龙头样本池_20260501","","","重点关注股票池","盘后辅助；晚间辅助；盘前关注过滤"
"sh688981","688981.SH","中芯国际","上交所","半导体","晶圆代工","半导体","用户补充全行业龙头样本池_20260501","","","重点关注股票池","盘后辅助；晚间辅助；盘前关注过滤"
"sh600584","600584.SH","长电科技","上交所","半导体","封装测试","半导体","用户补充全行业龙头样本池_20260501","","","重点关注股票池","盘后辅助；晚间辅助；盘前关注过滤"
"sz002156","002156.SZ","通富微电","深交所","半导体","封装测试","半导体","用户补充全行业龙头样本池_20260501","","","重点关注股票池","盘后辅助；晚间辅助；盘前关注过滤"
"sh688234","688234.SH","天岳先进","上交所","半导体","第三代半导体材料","半导体","用户补充全行业龙头样本池_20260501","","","重点关注股票池","盘后辅助；晚间辅助；盘前关注过滤"
"sz002594","002594.SZ","比亚迪","深交所","新能源","新能源整车+电池","新能源","用户补充全行业龙头样本池_20260501","","","重点关注股票池","盘后辅助；晚间辅助；盘前关注过滤"
"sh601012","601012.SH","隆基绿能","上交所","新能源","光伏硅片+组件","新能源","用户补充全行业龙头样本池_20260501","","","重点关注股票池","盘后辅助；晚间辅助；盘前关注过滤"
"sz300274","300274.SZ","阳光电源","深交所","新能源","逆变器+储能","新能源","用户补充全行业龙头样本池_20260501","","","重点关注股票池","盘后辅助；晚间辅助；盘前关注过滤"
"sz300014","300014.SZ","亿纬锂能","深交所","新能源","储能+动力电池","新能源","用户补充全行业龙头样本池_20260501","","","重点关注股票池","盘后辅助；晚间辅助；盘前关注过滤"
"sh600438","600438.SH","通威股份","上交所","新能源","光伏硅料+电池","新能源","用户补充全行业龙头样本池_20260501","","","重点关注股票池","盘后辅助；晚间辅助；盘前关注过滤"
"sh688599","688599.SH","天合光能","上交所","新能源","光伏组件","新能源","用户补充全行业龙头样本池_20260501","","","重点关注股票池","盘后辅助；晚间辅助；盘前关注过滤"
"sz002460","002460.SZ","赣锋锂业","深交所","有色金属","锂资源","新能源","用户补充全行业龙头样本池_20260501","","","重点关注股票池","盘后辅助；晚间辅助；盘前关注过滤"
"sh600276","600276.SH","恒瑞医药","上交所","医药医疗","创新药研发","医药/医疗","用户补充全行业龙头样本池_20260501","","","重点关注股票池","盘后辅助；晚间辅助；盘前关注过滤"
"sz300760","300760.SZ","迈瑞医疗","深交所","医药医疗","高端医疗器械","医药/医疗","用户补充全行业龙头样本池_20260501","","","重点关注股票池","盘后辅助；晚间辅助；盘前关注过滤"
"sz300015","300015.SZ","爱尔眼科","深交所","医药医疗","眼科医疗","医药/医疗","用户补充全行业龙头样本池_20260501","","","重点关注股票池","盘后辅助；晚间辅助；盘前关注过滤"
"sz000538","000538.SZ","云南白药","深交所","医药医疗","中药","医药/医疗","用户补充全行业龙头样本池_20260501","","","重点关注股票池","盘后辅助；晚间辅助；盘前关注过滤"
"sh600436","600436.SH","片仔癀","上交所","医药医疗","中药稀缺龙头","医药/医疗","用户补充全行业龙头样本池_20260501","","","重点关注股票池","盘后辅助；晚间辅助；盘前关注过滤"
"sz000858","000858.SZ","五粮液","深交所","食品饮料","白酒","大消费","用户补充全行业龙头样本池_20260501","","","重点关注股票池","盘后辅助；晚间辅助；盘前关注过滤"
"sz000568","000568.SZ","泸州老窖","深交所","食品饮料","白酒","大消费","用户补充全行业龙头样本池_20260501","","","重点关注股票池","盘后辅助；晚间辅助；盘前关注过滤"
"sz000333","000333.SZ","美的集团","深交所","家用电器","白色家电","大消费","用户补充全行业龙头样本池_20260501","","","重点关注股票池","盘后辅助；晚间辅助；盘前关注过滤"
"sh600887","600887.SH","伊利股份","上交所","食品饮料","乳制品","大消费","用户补充全行业龙头样本池_20260501","","","重点关注股票池","盘后辅助；晚间辅助；盘前关注过滤"
"sh600900","600900.SH","长江电力","上交所","电力","水电","大消费","用户补充全行业龙头样本池_20260501","","","重点关注股票池","盘后辅助；晚间辅助；盘前关注过滤"
"sh601318","601318.SH","中国平安","上交所","金融","保险","金融","用户补充全行业龙头样本池_20260501","","","重点关注股票池","盘后辅助；晚间辅助；盘前关注过滤"
"sh600036","600036.SH","招商银行","上交所","金融","银行","金融","用户补充全行业龙头样本池_20260501","","","重点关注股票池","盘后辅助；晚间辅助；盘前关注过滤"
"sz300059","300059.SZ","东方财富","深交所","金融","互联网券商","金融","用户补充全行业龙头样本池_20260501","","","重点关注股票池","盘后辅助；晚间辅助；盘前关注过滤"
"sh601899","601899.SH","紫金矿业","上交所","有色金属","铜金矿","资源/材料","用户补充全行业龙头样本池_20260501","","","重点关注股票池","盘后辅助；晚间辅助；盘前关注过滤"
"sh600111","600111.SH","北方稀土","上交所","有色金属","稀土","资源/材料","用户补充全行业龙头样本池_20260501","","","重点关注股票池","盘后辅助；晚间辅助；盘前关注过滤"
"sz002466","002466.SZ","天齐锂业","深交所","有色金属","锂矿","资源/材料","用户补充全行业龙头样本池_20260501","","","重点关注股票池","盘后辅助；晚间辅助；盘前关注过滤"
"sz000792","000792.SZ","盐湖股份","深交所","有色金属","盐湖提锂","资源/材料","用户补充全行业龙头样本池_20260501","","","重点关注股票池","盘后辅助；晚间辅助；盘前关注过滤"
"sh600188","600188.SH","兖矿能源","上交所","煤炭","煤炭","资源/材料","用户补充全行业龙头样本池_20260501","","","重点关注股票池","盘后辅助；晚间辅助；盘前关注过滤"
"sh600760","600760.SH","中航沈飞","上交所","军工","战斗机","军工/航空航天","用户补充全行业龙头样本池_20260501","","","重点关注股票池","盘后辅助；晚间辅助；盘前关注过滤"
"sh600501","600501.SH","航天晨光","上交所","军工","航天装备","军工/航空航天","用户补充全行业龙头样本池_20260501","","","重点关注股票池","盘后辅助；晚间辅助；盘前关注过滤"
"sh600585","600585.SH","海螺水泥","上交所","建筑材料","水泥","基建/建材/地产","用户补充全行业龙头样本池_20260501","","","重点关注股票池","盘后辅助；晚间辅助；盘前关注过滤"
"sh600048","600048.SH","保利发展","上交所","房地产","房地产开发","基建/建材/地产","用户补充全行业龙头样本池_20260501","","","重点关注股票池","盘后辅助；晚间辅助；盘前关注过滤"
"sz000002","000002.SZ","万科A","深交所","房地产","房地产开发","基建/建材/地产","用户补充全行业龙头样本池_20260501","","","重点关注股票池","盘后辅助；晚间辅助；盘前关注过滤"
"sh688111","688111.SH","金山办公","上交所","软件互联网","办公软件","软件/互联网","用户补充全行业龙头样本池_20260501","","","重点关注股票池","盘后辅助；晚间辅助；盘前关注过滤"
"sz002230","002230.SZ","科大讯飞","深交所","软件互联网","AI语音","软件/互联网","用户补充全行业龙头样本池_20260501","","","重点关注股票池","盘后辅助；晚间辅助；盘前关注过滤"
"sh600309","600309.SH","万华化学","上交所","基础化工","MDI聚氨酯","基础化工","用户补充全行业龙头样本池_20260501","","","重点关注股票池","盘后辅助；晚间辅助；盘前关注过滤"
"sh600426","600426.SH","华鲁恒升","上交所","基础化工","煤化工","基础化工","用户补充全行业龙头样本池_20260501","","","重点关注股票池","盘后辅助；晚间辅助；盘前关注过滤"
"sz002493","002493.SZ","荣盛石化","深交所","石油石化","炼化一体化","基础化工","用户补充全行业龙头样本池_20260501","","","重点关注股票池","盘后辅助；晚间辅助；盘前关注过滤"
"sh600160","600160.SH","巨化股份","上交所","基础化工","制冷剂","基础化工","用户补充全行业龙头样本池_20260501","","","重点关注股票池","盘后辅助；晚间辅助；盘前关注过滤"
"sz002001","002001.SZ","新和成","深交所","基础化工","维生素/氨基酸","基础化工","用户补充全行业龙头样本池_20260501","","","重点关注股票池","盘后辅助；晚间辅助；盘前关注过滤"
"sh603993","603993.SH","洛阳钼业","上交所","有色金属","铜钴钼","有色金属","用户补充全行业龙头样本池_20260501","","","重点关注股票池","盘后辅助；晚间辅助；盘前关注过滤"
"sh600547","600547.SH","山东黄金","上交所","有色金属","黄金","有色金属","用户补充全行业龙头样本池_20260501","","","重点关注股票池","盘后辅助；晚间辅助；盘前关注过滤"
"sz000807","000807.SZ","云铝股份","深交所","有色金属","电解铝","有色金属","用户补充全行业龙头样本池_20260501","","","重点关注股票池","盘后辅助；晚间辅助；盘前关注过滤"
"sh600938","600938.SH","中国海油","上交所","石油石化","海上油气","石油石化","用户补充全行业龙头样本池_20260501","","","重点关注股票池","盘后辅助；晚间辅助；盘前关注过滤"
"sh600028","600028.SH","中国石化","上交所","石油石化","炼油化工","石油石化","用户补充全行业龙头样本池_20260501","","","重点关注股票池","盘后辅助；晚间辅助；盘前关注过滤"
"sh601857","601857.SH","中国石油","上交所","石油石化","油气+天然气","石油石化","用户补充全行业龙头样本池_20260501","","","重点关注股票池","盘后辅助；晚间辅助；盘前关注过滤"
"sh600019","600019.SH","宝钢股份","上交所","钢铁","普钢龙头","钢铁","用户补充全行业龙头样本池_20260501","","","重点关注股票池","盘后辅助；晚间辅助；盘前关注过滤"
"sz000708","000708.SZ","中信特钢","深交所","钢铁","特钢龙头","钢铁","用户补充全行业龙头样本池_20260501","","","重点关注股票池","盘后辅助；晚间辅助；盘前关注过滤"
"sz000932","000932.SZ","华菱钢铁","深交所","钢铁","高端板材","钢铁","用户补充全行业龙头样本池_20260501","","","重点关注股票池","盘后辅助；晚间辅助；盘前关注过滤"
"sh688305","688305.SH","科德数控","上交所","机械设备","五轴联动龙门","机械设备","用户补充全行业龙头样本池_20260501","","","重点关注股票池","盘后辅助；晚间辅助；盘前关注过滤"
"sh601882","601882.SH","海天精工","上交所","机械设备","大型龙门加工中心","机械设备","用户补充全行业龙头样本池_20260501","","","重点关注股票池","盘后辅助；晚间辅助；盘前关注过滤"
"sz000837","000837.SZ","秦川机床","深交所","机械设备","精密磨床+主轴","机械设备","用户补充全行业龙头样本池_20260501","","","重点关注股票池","盘后辅助；晚间辅助；盘前关注过滤"
"sz000063","000063.SZ","中兴通讯","深交所","通信","通信设备+6G","通信","用户补充全行业龙头样本池_20260501","","","重点关注股票池","盘后辅助；晚间辅助；盘前关注过滤"
"sz300394","300394.SZ","天孚通信","深交所","通信","光器件","通信","用户补充全行业龙头样本池_20260501","","","重点关注股票池","盘后辅助；晚间辅助；盘前关注过滤"
"sh600941","600941.SH","中国移动","上交所","通信","电信运营商","通信","用户补充全行业龙头样本池_20260501","","","重点关注股票池","盘后辅助；晚间辅助；盘前关注过滤"
"sh601633","601633.SH","长城汽车","上交所","汽车","整车","汽车","用户补充全行业龙头样本池_20260501","","","重点关注股票池","盘后辅助；晚间辅助；盘前关注过滤"
"sh600104","600104.SH","上汽集团","上交所","汽车","整车","汽车","用户补充全行业龙头样本池_20260501","","","重点关注股票池","盘后辅助；晚间辅助；盘前关注过滤"
"sz002920","002920.SZ","德赛西威","深交所","汽车","智能驾驶域控制器","汽车","用户补充全行业龙头样本池_20260501","","","重点关注股票池","盘后辅助；晚间辅助；盘前关注过滤"
"sh600660","600660.SH","福耀玻璃","上交所","汽车","汽车玻璃","汽车","用户补充全行业龙头样本池_20260501","","","重点关注股票池","盘后辅助；晚间辅助；盘前关注过滤"
"sz000338","000338.SZ","潍柴动力","深交所","汽车","重卡发动机","汽车","用户补充全行业龙头样本池_20260501","","","重点关注股票池","盘后辅助；晚间辅助；盘前关注过滤"
"sz002714","002714.SZ","牧原股份","深交所","农林牧渔","生猪养殖","农林牧渔","用户补充全行业龙头样本池_20260501","","","重点关注股票池","盘后辅助；晚间辅助；盘前关注过滤"
"sz300498","300498.SZ","温氏股份","深交所","农林牧渔","生猪+黄羽鸡","农林牧渔","用户补充全行业龙头样本池_20260501","","","重点关注股票池","盘后辅助；晚间辅助；盘前关注过滤"
"sz002311","002311.SZ","海大集团","深交所","农林牧渔","饲料","农林牧渔","用户补充全行业龙头样本池_20260501","","","重点关注股票池","盘后辅助；晚间辅助；盘前关注过滤"
"sh601111","601111.SH","中国国航","上交所","交通运输","航空","交通运输","用户补充全行业龙头样本池_20260501","","","重点关注股票池","盘后辅助；晚间辅助；盘前关注过滤"
"sz002352","002352.SZ","顺丰控股","深交所","交通运输","综合物流","交通运输","用户补充全行业龙头样本池_20260501","","","重点关注股票池","盘后辅助；晚间辅助；盘前关注过滤"
"sz001965","001965.SZ","招商公路","深交所","交通运输","高速公路","交通运输","用户补充全行业龙头样本池_20260501","","","重点关注股票池","盘后辅助；晚间辅助；盘前关注过滤"
"sh601668","601668.SH","中国建筑","上交所","建筑装饰","建筑央国企","建筑装饰","用户补充全行业龙头样本池_20260501","","","重点关注股票池","盘后辅助；晚间辅助；盘前关注过滤"
"sh601800","601800.SH","中国交建","上交所","建筑装饰","基建+运河经济","建筑装饰","用户补充全行业龙头样本池_20260501","","","重点关注股票池","盘后辅助；晚间辅助；盘前关注过滤"
"sz002051","002051.SZ","中工国际","深交所","建筑装饰","国际工程","建筑装饰","用户补充全行业龙头样本池_20260501","","","重点关注股票池","盘后辅助；晚间辅助；盘前关注过滤"
"sh603568","603568.SH","伟明环保","上交所","环保","固废处理+垃圾焚烧","环保","用户补充全行业龙头样本池_20260501","","","重点关注股票池","盘后辅助；晚间辅助；盘前关注过滤"
"sh603588","603588.SH","高能环境","上交所","环保","生态修复","环保","用户补充全行业龙头样本池_20260501","","","重点关注股票池","盘后辅助；晚间辅助；盘前关注过滤"
"sz002973","002973.SZ","侨银股份","深交所","环保","环卫服务","环保","用户补充全行业龙头样本池_20260501","","","重点关注股票池","盘后辅助；晚间辅助；盘前关注过滤"
"sz002555","002555.SZ","三七互娱","深交所","传媒","游戏","传媒","用户补充全行业龙头样本池_20260501","","","重点关注股票池","盘后辅助；晚间辅助；盘前关注过滤"
"sz002602","002602.SZ","世纪华通","深交所","传媒","游戏+IDC","传媒","用户补充全行业龙头样本池_20260501","","","重点关注股票池","盘后辅助；晚间辅助；盘前关注过滤"
"sz300364","300364.SZ","中文在线","深交所","传媒","数字阅读+IP","传媒","用户补充全行业龙头样本池_20260501","","","重点关注股票池","盘后辅助；晚间辅助；盘前关注过滤"
"sz002345","002345.SZ","潮宏基","深交所","商贸零售","黄金珠宝","商贸零售","用户补充全行业龙头样本池_20260501","","","重点关注股票池","盘后辅助；晚间辅助；盘前关注过滤"
"sh600612","600612.SH","老凤祥","上交所","商贸零售","黄金珠宝","商贸零售","用户补充全行业龙头样本池_20260501","","","重点关注股票池","盘后辅助；晚间辅助；盘前关注过滤"
"sz002867","002867.SZ","周大生","深交所","商贸零售","黄金珠宝","商贸零售","用户补充全行业龙头样本池_20260501","","","重点关注股票池","盘后辅助；晚间辅助；盘前关注过滤"
"sh600795","600795.SH","国电电力","上交所","电力","火水并举+弹性装机","电力","用户补充全行业龙头样本池_20260501","","","重点关注股票池","盘后辅助；晚间辅助；盘前关注过滤"
"sh601985","601985.SH","中国核电","上交所","电力","核电","电力","用户补充全行业龙头样本池_20260501","","","重点关注股票池","盘后辅助；晚间辅助；盘前关注过滤"
"sz003816","003816.SZ","中国广核","深交所","电力","核电","电力","用户补充全行业龙头样本池_20260501","","","重点关注股票池","盘后辅助；晚间辅助；盘前关注过滤"
"sh600483","600483.SH","福能股份","上交所","电力","海风+气电","电力","用户补充全行业龙头样本池_20260501","","","重点关注股票池","盘后辅助；晚间辅助；盘前关注过滤"
"sz002003","002003.SZ","伟星股份","深交所","纺织服饰","拉链纽扣辅料","纺织服饰","用户补充全行业龙头样本池_20260501","","","重点关注股票池","盘后辅助；晚间辅助；盘前关注过滤"
"sz300979","300979.SZ","华利集团","深交所","纺织服饰","运动鞋履","纺织服饰","用户补充全行业龙头样本池_20260501","","","重点关注股票池","盘后辅助；晚间辅助；盘前关注过滤"
"sh600398","600398.SH","海澜之家","上交所","纺织服饰","大众男装","纺织服饰","用户补充全行业龙头样本池_20260501","","","重点关注股票池","盘后辅助；晚间辅助；盘前关注过滤"
"sz000651","000651.SZ","格力电器","深交所","家用电器","空调","家用电器","用户补充全行业龙头样本池_20260501","","","重点关注股票池","盘后辅助；晚间辅助；盘前关注过滤"
"sz002050","002050.SZ","三花智控","深交所","家用电器","制冷元器件+汽零","家用电器","用户补充全行业龙头样本池_20260501","","","重点关注股票池","盘后辅助；晚间辅助；盘前关注过滤"
"sz000906","000906.SZ","浙商中拓","深交所","主板","","","深交所官方证券列表","重点关注池强制保留","999.0","300只试运行池","盘后主输入；指标扩面目标"
"sz300641","300641.SZ","正丹股份","深交所","创业板","","","深交所官方证券列表","重点关注池强制保留","999.0","300只试运行池","盘后主输入；指标扩面目标"
"sz300502","300502.SZ","新易盛","深交所","创业板","","","深交所官方证券列表","重点关注池强制保留","999.0","300只试运行池","盘后主输入；指标扩面目标"
"sz000657","000657.SZ","中钨高新","深交所","主板","","","深交所官方证券列表","重点关注池强制保留","999.0","300只试运行池","盘后主输入；指标扩面目标"
"sz300871","300871.SZ","回盛生物","深交所","创业板","","","深交所官方证券列表","重点关注池强制保留","999.0","300只试运行池","盘后主输入；指标扩面目标"
"sh603259","603259.SH","药明康德","上交所","","","","重点关注池","重点关注池强制保留","999.0","300只试运行池","盘后主输入；指标扩面目标"
"sh600326","600326.SH","西藏天路","上交所","","","","重点关注池","重点关注池强制保留","999.0","300只试运行池","盘后主输入；指标扩面目标"
"sh603501","603501.SH","豪威集团","上交所","","","","重点关注池","重点关注池强制保留","999.0","300只试运行池","盘后主输入；指标扩面目标"
"sz002812","002812.SZ","恩捷股份","深交所","主板","","","深交所官方证券列表","重点关注池强制保留","999.0","300只试运行池","盘后主输入；指标扩面目标"
"sz002049","002049.SZ","紫光国微","深交所","主板","","","深交所官方证券列表","重点关注池强制保留","999.0","300只试运行池","盘后主输入；指标扩面目标"
"sz002028","002028.SZ","思源电气","深交所","主板","","","深交所官方证券列表","重点关注池强制保留","999.0","300只试运行池","盘后主输入；指标扩面目标"
"sh600580","600580.SH","卧龙电驱","上交所","","","","重点关注池","重点关注池强制保留","999.0","300只试运行池","盘后主输入；指标扩面目标"
"sh688041","688041.SH","海光信息","上交所","","","","重点关注池","重点关注池强制保留","999.0","300只试运行池","盘后主输入；指标扩面目标"
"sh603986","603986.SH","兆易创新","上交所","","","","重点关注池","重点关注池强制保留","999.0","300只试运行池","盘后主输入；指标扩面目标"
"sz300724","300724.SZ","捷佳伟创","深交所","创业板","","","深交所官方证券列表","重点关注池强制保留","999.0","300只试运行池","盘后主输入；指标扩面目标"
"sh688235","688235.SH","百济神州","上交所","","","","重点关注池","重点关注池强制保留","999.0","300只试运行池","盘后主输入；指标扩面目标"
"sz300308","300308.SZ","中际旭创","深交所","创业板","","","深交所官方证券列表","重点关注池强制保留","999.0","300只试运行池","盘后主输入；指标扩面目标"
"sh600198","600198.SH","大唐电信","上交所","","","","重点关注池","重点关注池强制保留","999.0","300只试运行池","盘后主输入；指标扩面目标"
"sz002281","002281.SZ","光迅科技","深交所","主板","","","深交所官方证券列表","重点关注池强制保留","999.0","300只试运行池","盘后主输入；指标扩面目标"
"sh600519","600519.SH","贵州茅台","上交所","","","","当前合并股票池","当前合并股票池强制保留","999.0","300只试运行池","盘后主输入；指标扩面目标"
"sz300750","300750.SZ","宁德时代","深交所","创业板","","","深交所官方证券列表","当前合并股票池强制保留","999.0","300只试运行池","盘后主输入；指标扩面目标"
"sz002594","002594.SZ","比亚迪","深交所","主板","","","深交所官方证券列表","当前合并股票池强制保留","999.0","300只试运行池","盘后主输入；指标扩面目标"
"sz000001","000001.SZ","平安银行","深交所","主板","","","深交所官方证券列表","成交活跃、市值代表性和行业覆盖综合入池","40.0","300只试运行池","盘后主输入；指标扩面目标"
"sz000002","000002.SZ","万科Ａ","深交所","主板","","","深交所官方证券列表","成交活跃、市值代表性和行业覆盖综合入池","40.0","300只试运行池","盘后主输入；指标扩面目标"
"sz000006","000006.SZ","深振业Ａ","深交所","主板","","","深交所官方证券列表","成交活跃、市值代表性和行业覆盖综合入池","40.0","300只试运行池","盘后主输入；指标扩面目标"
"sz000007","000007.SZ","全新好","深交所","主板","","","深交所官方证券列表","成交活跃、市值代表性和行业覆盖综合入池","40.0","300只试运行池","盘后主输入；指标扩面目标"
"sz000008","000008.SZ","神州高铁","深交所","主板","","","深交所官方证券列表","成交活跃、市值代表性和行业覆盖综合入池","40.0","300只试运行池","盘后主输入；指标扩面目标"
"sz000009","000009.SZ","中国宝安","深交所","主板","","","深交所官方证券列表","成交活跃、市值代表性和行业覆盖综合入池","40.0","300只试运行池","盘后主输入；指标扩面目标"
"sz000011","000011.SZ","深物业A","深交所","主板","","","深交所官方证券列表","成交活跃、市值代表性和行业覆盖综合入池","40.0","300只试运行池","盘后主输入；指标扩面目标"
"sz000012","000012.SZ","南玻Ａ","深交所","主板","","","深交所官方证券列表","成交活跃、市值代表性和行业覆盖综合入池","40.0","300只试运行池","盘后主输入；指标扩面目标"
"sz000014","000014.SZ","沙河股份","深交所","主板","","","深交所官方证券列表","成交活跃、市值代表性和行业覆盖综合入池","40.0","300只试运行池","盘后主输入；指标扩面目标"
"sz000017","000017.SZ","深中华A","深交所","主板","","","深交所官方证券列表","成交活跃、市值代表性和行业覆盖综合入池","40.0","300只试运行池","盘后主输入；指标扩面目标"
"sz000019","000019.SZ","深粮控股","深交所","主板","","","深交所官方证券列表","成交活跃、市值代表性和行业覆盖综合入池","40.0","300只试运行池","盘后主输入；指标扩面目标"
"sz000020","000020.SZ","深华发Ａ","深交所","主板","","","深交所官方证券列表","成交活跃、市值代表性和行业覆盖综合入池","40.0","300只试运行池","盘后主输入；指标扩面目标"
"sz000021","000021.SZ","深科技","深交所","主板","","","深交所官方证券列表","成交活跃、市值代表性和行业覆盖综合入池","40.0","300只试运行池","盘后主输入；指标扩面目标"
"sz000025","000025.SZ","特力Ａ","深交所","主板","","","深交所官方证券列表","成交活跃、市值代表性和行业覆盖综合入池","40.0","300只试运行池","盘后主输入；指标扩面目标"
"sz000026","000026.SZ","飞亚达","深交所","主板","","","深交所官方证券列表","成交活跃、市值代表性和行业覆盖综合入池","40.0","300只试运行池","盘后主输入；指标扩面目标"
"sz000027","000027.SZ","深圳能源","深交所","主板","","","深交所官方证券列表","成交活跃、市值代表性和行业覆盖综合入池","40.0","300只试运行池","盘后主输入；指标扩面目标"
"sz000028","000028.SZ","国药一致","深交所","主板","","","深交所官方证券列表","成交活跃、市值代表性和行业覆盖综合入池","40.0","300只试运行池","盘后主输入；指标扩面目标"
"sz000029","000029.SZ","深深房Ａ","深交所","主板","","","深交所官方证券列表","成交活跃、市值代表性和行业覆盖综合入池","40.0","300只试运行池","盘后主输入；指标扩面目标"
"sz300001","300001.SZ","特锐德","深交所","创业板","","","深交所官方证券列表","成交活跃、市值代表性和行业覆盖综合入池","40.0","300只试运行池","盘后主输入；指标扩面目标"
"sz300002","300002.SZ","神州泰岳","深交所","创业板","","","深交所官方证券列表","成交活跃、市值代表性和行业覆盖综合入池","40.0","300只试运行池","盘后主输入；指标扩面目标"
"sz300003","300003.SZ","乐普医疗","深交所","创业板","","","深交所官方证券列表","成交活跃、市值代表性和行业覆盖综合入池","40.0","300只试运行池","盘后主输入；指标扩面目标"
"sz300004","300004.SZ","南风股份","深交所","创业板","","","深交所官方证券列表","成交活跃、市值代表性和行业覆盖综合入池","40.0","300只试运行池","盘后主输入；指标扩面目标"
"sz300005","300005.SZ","探路者","深交所","创业板","","","深交所官方证券列表","成交活跃、市值代表性和行业覆盖综合入池","40.0","300只试运行池","盘后主输入；指标扩面目标"
"sz300006","300006.SZ","莱美药业","深交所","创业板","","","深交所官方证券列表","成交活跃、市值代表性和行业覆盖综合入池","40.0","300只试运行池","盘后主输入；指标扩面目标"
"sz300007","300007.SZ","汉威科技","深交所","创业板","","","深交所官方证券列表","成交活跃、市值代表性和行业覆盖综合入池","40.0","300只试运行池","盘后主输入；指标扩面目标"
"sz300008","300008.SZ","天海防务","深交所","创业板","","","深交所官方证券列表","成交活跃、市值代表性和行业覆盖综合入池","40.0","300只试运行池","盘后主输入；指标扩面目标"
"sz300009","300009.SZ","安科生物","深交所","创业板","","","深交所官方证券列表","成交活跃、市值代表性和行业覆盖综合入池","40.0","300只试运行池","盘后主输入；指标扩面目标"
"sz300010","300010.SZ","豆神教育","深交所","创业板","","","深交所官方证券列表","成交活跃、市值代表性和行业覆盖综合入池","40.0","300只试运行池","盘后主输入；指标扩面目标"
"sz300011","300011.SZ","鼎汉技术","深交所","创业板","","","深交所官方证券列表","成交活跃、市值代表性和行业覆盖综合入池","40.0","300只试运行池","盘后主输入；指标扩面目标"
"sz300012","300012.SZ","华测检测","深交所","创业板","","","深交所官方证券列表","成交活跃、市值代表性和行业覆盖综合入池","40.0","300只试运行池","盘后主输入；指标扩面目标"
"sz300013","300013.SZ","新宁物流","深交所","创业板","","","深交所官方证券列表","成交活跃、市值代表性和行业覆盖综合入池","40.0","300只试运行池","盘后主输入；指标扩面目标"
"sz300014","300014.SZ","亿纬锂能","深交所","创业板","","","深交所官方证券列表","成交活跃、市值代表性和行业覆盖综合入池","40.0","300只试运行池","盘后主输入；指标扩面目标"
"sz300015","300015.SZ","爱尔眼科","深交所","创业板","","","深交所官方证券列表","成交活跃、市值代表性和行业覆盖综合入池","40.0","300只试运行池","盘后主输入；指标扩面目标"
"sz300016","300016.SZ","北陆药业","深交所","创业板","","","深交所官方证券列表","成交活跃、市值代表性和行业覆盖综合入池","40.0","300只试运行池","盘后主输入；指标扩面目标"
"sz300017","300017.SZ","网宿科技","深交所","创业板","","","深交所官方证券列表","成交活跃、市值代表性和行业覆盖综合入池","40.0","300只试运行池","盘后主输入；指标扩面目标"
"sz300018","300018.SZ","中元股份","深交所","创业板","","","深交所官方证券列表","成交活跃、市值代表性和行业覆盖综合入池","40.0","300只试运行池","盘后主输入；指标扩面目标"
"sz000030","000030.SZ","富奥股份","深交所","主板","","","深交所官方证券列表","行业分散后补齐试运行池规模","40.0","300只试运行池","盘后主输入；指标扩面目标"
"sz000031","000031.SZ","大悦城","深交所","主板","","","深交所官方证券列表","行业分散后补齐试运行池规模","40.0","300只试运行池","盘后主输入；指标扩面目标"
"sz000032","000032.SZ","深桑达Ａ","深交所","主板","","","深交所官方证券列表","行业分散后补齐试运行池规模","40.0","300只试运行池","盘后主输入；指标扩面目标"
"sz000034","000034.SZ","神州数码","深交所","主板","","","深交所官方证券列表","行业分散后补齐试运行池规模","40.0","300只试运行池","盘后主输入；指标扩面目标"
"sz000035","000035.SZ","中国天楹","深交所","主板","","","深交所官方证券列表","行业分散后补齐试运行池规模","40.0","300只试运行池","盘后主输入；指标扩面目标"
"sz000036","000036.SZ","华联控股","深交所","主板","","","深交所官方证券列表","行业分散后补齐试运行池规模","40.0","300只试运行池","盘后主输入；指标扩面目标"
"sz000037","000037.SZ","深南电A","深交所","主板","","","深交所官方证券列表","行业分散后补齐试运行池规模","40.0","300只试运行池","盘后主输入；指标扩面目标"
"sz000039","000039.SZ","中集集团","深交所","主板","","","深交所官方证券列表","行业分散后补齐试运行池规模","40.0","300只试运行池","盘后主输入；指标扩面目标"
"sz000042","000042.SZ","中洲控股","深交所","主板","","","深交所官方证券列表","行业分散后补齐试运行池规模","40.0","300只试运行池","盘后主输入；指标扩面目标"
"sz000045","000045.SZ","深纺织Ａ","深交所","主板","","","深交所官方证券列表","行业分散后补齐试运行池规模","40.0","300只试运行池","盘后主输入；指标扩面目标"
"sz000048","000048.SZ","京基智农","深交所","主板","","","深交所官方证券列表","行业分散后补齐试运行池规模","40.0","300只试运行池","盘后主输入；指标扩面目标"
"sz000049","000049.SZ","德赛电池","深交所","主板","","","深交所官方证券列表","行业分散后补齐试运行池规模","40.0","300只试运行池","盘后主输入；指标扩面目标"
"sz000050","000050.SZ","深天马Ａ","深交所","主板","","","深交所官方证券列表","行业分散后补齐试运行池规模","40.0","300只试运行池","盘后主输入；指标扩面目标"
"sz000055","000055.SZ","方大集团","深交所","主板","","","深交所官方证券列表","行业分散后补齐试运行池规模","40.0","300只试运行池","盘后主输入；指标扩面目标"
"sz000058","000058.SZ","深赛格","深交所","主板","","","深交所官方证券列表","行业分散后补齐试运行池规模","40.0","300只试运行池","盘后主输入；指标扩面目标"
"sz000059","000059.SZ","华锦股份","深交所","主板","","","深交所官方证券列表","行业分散后补齐试运行池规模","40.0","300只试运行池","盘后主输入；指标扩面目标"
"sz000060","000060.SZ","中金岭南","深交所","主板","","","深交所官方证券列表","行业分散后补齐试运行池规模","40.0","300只试运行池","盘后主输入；指标扩面目标"
"sz000061","000061.SZ","农产品","深交所","主板","","","深交所官方证券列表","行业分散后补齐试运行池规模","40.0","300只试运行池","盘后主输入；指标扩面目标"
"sz000062","000062.SZ","深圳华强","深交所","主板","","","深交所官方证券列表","行业分散后补齐试运行池规模","40.0","300只试运行池","盘后主输入；指标扩面目标"
"sz000063","000063.SZ","中兴通讯","深交所","主板","","","深交所官方证券列表","行业分散后补齐试运行池规模","40.0","300只试运行池","盘后主输入；指标扩面目标"
"sz000065","000065.SZ","北方国际","深交所","主板","","","深交所官方证券列表","行业分散后补齐试运行池规模","40.0","300只试运行池","盘后主输入；指标扩面目标"
"sz000066","000066.SZ","中国长城","深交所","主板","","","深交所官方证券列表","行业分散后补齐试运行池规模","40.0","300只试运行池","盘后主输入；指标扩面目标"
"sz000068","000068.SZ","华控赛格","深交所","主板","","","深交所官方证券列表","行业分散后补齐试运行池规模","40.0","300只试运行池","盘后主输入；指标扩面目标"
"sz000069","000069.SZ","华侨城Ａ","深交所","主板","","","深交所官方证券列表","行业分散后补齐试运行池规模","40.0","300只试运行池","盘后主输入；指标扩面目标"
"sz000070","000070.SZ","特发信息","深交所","主板","","","深交所官方证券列表","行业分散后补齐试运行池规模","40.0","300只试运行池","盘后主输入；指标扩面目标"
"sz000078","000078.SZ","海王生物","深交所","主板","","","深交所官方证券列表","行业分散后补齐试运行池规模","40.0","300只试运行池","盘后主输入；指标扩面目标"
"sz000088","000088.SZ","盐田港","深交所","主板","","","深交所官方证券列表","行业分散后补齐试运行池规模","40.0","300只试运行池","盘后主输入；指标扩面目标"
"sz000089","000089.SZ","深圳机场","深交所","主板","","","深交所官方证券列表","行业分散后补齐试运行池规模","40.0","300只试运行池","盘后主输入；指标扩面目标"
"sz000090","000090.SZ","天健集团","深交所","主板","","","深交所官方证券列表","行业分散后补齐试运行池规模","40.0","300只试运行池","盘后主输入；指标扩面目标"
"sz000096","000096.SZ","广聚能源","深交所","主板","","","深交所官方证券列表","行业分散后补齐试运行池规模","40.0","300只试运行池","盘后主输入；指标扩面目标"
"sz000099","000099.SZ","中信海直","深交所","主板","","","深交所官方证券列表","行业分散后补齐试运行池规模","40.0","300只试运行池","盘后主输入；指标扩面目标"
"sz000100","000100.SZ","TCL科技","深交所","主板","","","深交所官方证券列表","行业分散后补齐试运行池规模","40.0","300只试运行池","盘后主输入；指标扩面目标"
"sz000151","000151.SZ","中成股份","深交所","主板","","","深交所官方证券列表","行业分散后补齐试运行池规模","40.0","300只试运行池","盘后主输入；指标扩面目标"
"sz000153","000153.SZ","丰原药业","深交所","主板","","","深交所官方证券列表","行业分散后补齐试运行池规模","40.0","300只试运行池","盘后主输入；指标扩面目标"
"sz000155","000155.SZ","川能动力","深交所","主板","","","深交所官方证券列表","行业分散后补齐试运行池规模","40.0","300只试运行池","盘后主输入；指标扩面目标"
"sz000156","000156.SZ","华数传媒","深交所","主板","","","深交所官方证券列表","行业分散后补齐试运行池规模","40.0","300只试运行池","盘后主输入；指标扩面目标"
"sz000157","000157.SZ","中联重科","深交所","主板","","","深交所官方证券列表","行业分散后补齐试运行池规模","40.0","300只试运行池","盘后主输入；指标扩面目标"
"sz000158","000158.SZ","常山北明","深交所","主板","","","深交所官方证券列表","行业分散后补齐试运行池规模","40.0","300只试运行池","盘后主输入；指标扩面目标"
"sz000159","000159.SZ","国际实业","深交所","主板","","","深交所官方证券列表","行业分散后补齐试运行池规模","40.0","300只试运行池","盘后主输入；指标扩面目标"
"sz000166","000166.SZ","申万宏源","深交所","主板","","","深交所官方证券列表","行业分散后补齐试运行池规模","40.0","300只试运行池","盘后主输入；指标扩面目标"
"sz000301","000301.SZ","东方盛虹","深交所","主板","","","深交所官方证券列表","行业分散后补齐试运行池规模","40.0","300只试运行池","盘后主输入；指标扩面目标"
"sz000333","000333.SZ","美的集团","深交所","主板","","","深交所官方证券列表","行业分散后补齐试运行池规模","40.0","300只试运行池","盘后主输入；指标扩面目标"
"sz000338","000338.SZ","潍柴动力","深交所","主板","","","深交所官方证券列表","行业分散后补齐试运行池规模","40.0","300只试运行池","盘后主输入；指标扩面目标"
"sz000400","000400.SZ","许继电气","深交所","主板","","","深交所官方证券列表","行业分散后补齐试运行池规模","40.0","300只试运行池","盘后主输入；指标扩面目标"
"sz000401","000401.SZ","金隅冀东","深交所","主板","","","深交所官方证券列表","行业分散后补齐试运行池规模","40.0","300只试运行池","盘后主输入；指标扩面目标"
"sz000402","000402.SZ","金融街","深交所","主板","","","深交所官方证券列表","行业分散后补齐试运行池规模","40.0","300只试运行池","盘后主输入；指标扩面目标"
"sz000403","000403.SZ","派林生物","深交所","主板","","","深交所官方证券列表","行业分散后补齐试运行池规模","40.0","300只试运行池","盘后主输入；指标扩面目标"
"sz000404","000404.SZ","长虹华意","深交所","主板","","","深交所官方证券列表","行业分散后补齐试运行池规模","40.0","300只试运行池","盘后主输入；指标扩面目标"
"sz000407","000407.SZ","胜利股份","深交所","主板","","","深交所官方证券列表","行业分散后补齐试运行池规模","40.0","300只试运行池","盘后主输入；指标扩面目标"
"sz000408","000408.SZ","藏格矿业","深交所","主板","","","深交所官方证券列表","行业分散后补齐试运行池规模","40.0","300只试运行池","盘后主输入；指标扩面目标"
"sz000409","000409.SZ","云鼎科技","深交所","主板","","","深交所官方证券列表","行业分散后补齐试运行池规模","40.0","300只试运行池","盘后主输入；指标扩面目标"
"sz000410","000410.SZ","沈阳机床","深交所","主板","","","深交所官方证券列表","行业分散后补齐试运行池规模","40.0","300只试运行池","盘后主输入；指标扩面目标"
"sz000411","000411.SZ","英特集团","深交所","主板","","","深交所官方证券列表","行业分散后补齐试运行池规模","40.0","300只试运行池","盘后主输入；指标扩面目标"
"sz000415","000415.SZ","渤海租赁","深交所","主板","","","深交所官方证券列表","行业分散后补齐试运行池规模","40.0","300只试运行池","盘后主输入；指标扩面目标"
"sz000417","000417.SZ","合百集团","深交所","主板","","","深交所官方证券列表","行业分散后补齐试运行池规模","40.0","300只试运行池","盘后主输入；指标扩面目标"
"sz000419","000419.SZ","通程控股","深交所","主板","","","深交所官方证券列表","行业分散后补齐试运行池规模","40.0","300只试运行池","盘后主输入；指标扩面目标"
"sz000420","000420.SZ","吉林化纤","深交所","主板","","","深交所官方证券列表","行业分散后补齐试运行池规模","40.0","300只试运行池","盘后主输入；指标扩面目标"
"sz000421","000421.SZ","南京公用","深交所","主板","","","深交所官方证券列表","行业分散后补齐试运行池规模","40.0","300只试运行池","盘后主输入；指标扩面目标"
"sz000422","000422.SZ","湖北宜化","深交所","主板","","","深交所官方证券列表","行业分散后补齐试运行池规模","40.0","300只试运行池","盘后主输入；指标扩面目标"
"sz000423","000423.SZ","东阿阿胶","深交所","主板","","","深交所官方证券列表","行业分散后补齐试运行池规模","40.0","300只试运行池","盘后主输入；指标扩面目标"
"sz000425","000425.SZ","徐工机械","深交所","主板","","","深交所官方证券列表","行业分散后补齐试运行池规模","40.0","300只试运行池","盘后主输入；指标扩面目标"
"sz000426","000426.SZ","兴业银锡","深交所","主板","","","深交所官方证券列表","行业分散后补齐试运行池规模","40.0","300只试运行池","盘后主输入；指标扩面目标"
"sz000428","000428.SZ","华天酒店","深交所","主板","","","深交所官方证券列表","行业分散后补齐试运行池规模","40.0","300只试运行池","盘后主输入；指标扩面目标"
"sz000429","000429.SZ","粤高速Ａ","深交所","主板","","","深交所官方证券列表","行业分散后补齐试运行池规模","40.0","300只试运行池","盘后主输入；指标扩面目标"
"sz000498","000498.SZ","山东路桥","深交所","主板","","","深交所官方证券列表","行业分散后补齐试运行池规模","40.0","300只试运行池","盘后主输入；指标扩面目标"
"sz000501","000501.SZ","武商集团","深交所","主板","","","深交所官方证券列表","行业分散后补齐试运行池规模","40.0","300只试运行池","盘后主输入；指标扩面目标"
"sz000503","000503.SZ","国新健康","深交所","主板","","","深交所官方证券列表","行业分散后补齐试运行池规模","40.0","300只试运行池","盘后主输入；指标扩面目标"
"sz000505","000505.SZ","京粮控股","深交所","主板","","","深交所官方证券列表","行业分散后补齐试运行池规模","40.0","300只试运行池","盘后主输入；指标扩面目标"
"sz000506","000506.SZ","招金黄金","深交所","主板","","","深交所官方证券列表","行业分散后补齐试运行池规模","40.0","300只试运行池","盘后主输入；指标扩面目标"
"sz000507","000507.SZ","珠海港","深交所","主板","","","深交所官方证券列表","行业分散后补齐试运行池规模","40.0","300只试运行池","盘后主输入；指标扩面目标"
"sz000509","000509.SZ","华塑控股","深交所","主板","","","深交所官方证券列表","行业分散后补齐试运行池规模","40.0","300只试运行池","盘后主输入；指标扩面目标"
"sz000510","000510.SZ","新金路","深交所","主板","","","深交所官方证券列表","行业分散后补齐试运行池规模","40.0","300只试运行池","盘后主输入；指标扩面目标"
"sz000513","000513.SZ","丽珠集团","深交所","主板","","","深交所官方证券列表","行业分散后补齐试运行池规模","40.0","300只试运行池","盘后主输入；指标扩面目标"
"sz000514","000514.SZ","渝开发","深交所","主板","","","深交所官方证券列表","行业分散后补齐试运行池规模","40.0","300只试运行池","盘后主输入；指标扩面目标"
"sz000516","000516.SZ","国际医学","深交所","主板","","","深交所官方证券列表","行业分散后补齐试运行池规模","40.0","300只试运行池","盘后主输入；指标扩面目标"
"sz000517","000517.SZ","荣安地产","深交所","主板","","","深交所官方证券列表","行业分散后补齐试运行池规模","40.0","300只试运行池","盘后主输入；指标扩面目标"
"sz000519","000519.SZ","中兵红箭","深交所","主板","","","深交所官方证券列表","行业分散后补齐试运行池规模","40.0","300只试运行池","盘后主输入；指标扩面目标"
"sz000520","000520.SZ","凤凰航运","深交所","主板","","","深交所官方证券列表","行业分散后补齐试运行池规模","40.0","300只试运行池","盘后主输入；指标扩面目标"
"sz000521","000521.SZ","长虹美菱","深交所","主板","","","深交所官方证券列表","行业分散后补齐试运行池规模","40.0","300只试运行池","盘后主输入；指标扩面目标"
"sz000523","000523.SZ","红棉股份","深交所","主板","","","深交所官方证券列表","行业分散后补齐试运行池规模","40.0","300只试运行池","盘后主输入；指标扩面目标"
"sz000524","000524.SZ","岭南控股","深交所","主板","","","深交所官方证券列表","行业分散后补齐试运行池规模","40.0","300只试运行池","盘后主输入；指标扩面目标"
"sz000525","000525.SZ","红太阳","深交所","主板","","","深交所官方证券列表","行业分散后补齐试运行池规模","40.0","300只试运行池","盘后主输入；指标扩面目标"
"sz000526","000526.SZ","学大教育","深交所","主板","","","深交所官方证券列表","行业分散后补齐试运行池规模","40.0","300只试运行池","盘后主输入；指标扩面目标"
"sz000528","000528.SZ","柳工","深交所","主板","","","深交所官方证券列表","行业分散后补齐试运行池规模","40.0","300只试运行池","盘后主输入；指标扩面目标"
"sz000529","000529.SZ","广弘控股","深交所","主板","","","深交所官方证券列表","行业分散后补齐试运行池规模","40.0","300只试运行池","盘后主输入；指标扩面目标"
"sz000530","000530.SZ","冰山冷热","深交所","主板","","","深交所官方证券列表","行业分散后补齐试运行池规模","40.0","300只试运行池","盘后主输入；指标扩面目标"
"sz000531","000531.SZ","穗恒运Ａ","深交所","主板","","","深交所官方证券列表","行业分散后补齐试运行池规模","40.0","300只试运行池","盘后主输入；指标扩面目标"
"sz000532","000532.SZ","华金资本","深交所","主板","","","深交所官方证券列表","行业分散后补齐试运行池规模","40.0","300只试运行池","盘后主输入；指标扩面目标"
"sz000533","000533.SZ","顺钠股份","深交所","主板","","","深交所官方证券列表","行业分散后补齐试运行池规模","40.0","300只试运行池","盘后主输入；指标扩面目标"
"sz000534","000534.SZ","万泽股份","深交所","主板","","","深交所官方证券列表","行业分散后补齐试运行池规模","40.0","300只试运行池","盘后主输入；指标扩面目标"
"sz000536","000536.SZ","华映科技","深交所","主板","","","深交所官方证券列表","行业分散后补齐试运行池规模","40.0","300只试运行池","盘后主输入；指标扩面目标"
"sz000537","000537.SZ","绿发电力","深交所","主板","","","深交所官方证券列表","行业分散后补齐试运行池规模","40.0","300只试运行池","盘后主输入；指标扩面目标"
"sz000538","000538.SZ","云南白药","深交所","主板","","","深交所官方证券列表","行业分散后补齐试运行池规模","40.0","300只试运行池","盘后主输入；指标扩面目标"
"sz000539","000539.SZ","粤电力Ａ","深交所","主板","","","深交所官方证券列表","行业分散后补齐试运行池规模","40.0","300只试运行池","盘后主输入；指标扩面目标"
"sz000541","000541.SZ","佛山照明","深交所","主板","","","深交所官方证券列表","行业分散后补齐试运行池规模","40.0","300只试运行池","盘后主输入；指标扩面目标"
"sz000543","000543.SZ","皖能电力","深交所","主板","","","深交所官方证券列表","行业分散后补齐试运行池规模","40.0","300只试运行池","盘后主输入；指标扩面目标"
"sz000544","000544.SZ","中原环保","深交所","主板","","","深交所官方证券列表","行业分散后补齐试运行池规模","40.0","300只试运行池","盘后主输入；指标扩面目标"
"sz000545","000545.SZ","金浦钛业","深交所","主板","","","深交所官方证券列表","行业分散后补齐试运行池规模","40.0","300只试运行池","盘后主输入；指标扩面目标"
"sz000546","000546.SZ","金圆股份","深交所","主板","","","深交所官方证券列表","行业分散后补齐试运行池规模","40.0","300只试运行池","盘后主输入；指标扩面目标"
"sz000547","000547.SZ","航天发展","深交所","主板","","","深交所官方证券列表","行业分散后补齐试运行池规模","40.0","300只试运行池","盘后主输入；指标扩面目标"
"sz000548","000548.SZ","湖南投资","深交所","主板","","","深交所官方证券列表","行业分散后补齐试运行池规模","40.0","300只试运行池","盘后主输入；指标扩面目标"
"sz000550","000550.SZ","江铃汽车","深交所","主板","","","深交所官方证券列表","行业分散后补齐试运行池规模","40.0","300只试运行池","盘后主输入；指标扩面目标"
"sz000551","000551.SZ","创元科技","深交所","主板","","","深交所官方证券列表","行业分散后补齐试运行池规模","40.0","300只试运行池","盘后主输入；指标扩面目标"
"sz000552","000552.SZ","甘肃能化","深交所","主板","","","深交所官方证券列表","行业分散后补齐试运行池规模","40.0","300只试运行池","盘后主输入；指标扩面目标"
"sz000553","000553.SZ","安道麦A","深交所","主板","","","深交所官方证券列表","行业分散后补齐试运行池规模","40.0","300只试运行池","盘后主输入；指标扩面目标"
"sz000554","000554.SZ","泰山石油","深交所","主板","","","深交所官方证券列表","行业分散后补齐试运行池规模","40.0","300只试运行池","盘后主输入；指标扩面目标"
"sz000555","000555.SZ","神州信息","深交所","主板","","","深交所官方证券列表","行业分散后补齐试运行池规模","40.0","300只试运行池","盘后主输入；指标扩面目标"
"sz000557","000557.SZ","西部创业","深交所","主板","","","深交所官方证券列表","行业分散后补齐试运行池规模","40.0","300只试运行池","盘后主输入；指标扩面目标"
"sz000558","000558.SZ","天府文旅","深交所","主板","","","深交所官方证券列表","行业分散后补齐试运行池规模","40.0","300只试运行池","盘后主输入；指标扩面目标"
"sz000559","000559.SZ","万向钱潮","深交所","主板","","","深交所官方证券列表","行业分散后补齐试运行池规模","40.0","300只试运行池","盘后主输入；指标扩面目标"
"sz000560","000560.SZ","我爱我家","深交所","主板","","","深交所官方证券列表","行业分散后补齐试运行池规模","40.0","300只试运行池","盘后主输入；指标扩面目标"
"sz000561","000561.SZ","烽火电子","深交所","主板","","","深交所官方证券列表","行业分散后补齐试运行池规模","40.0","300只试运行池","盘后主输入；指标扩面目标"
"sz000563","000563.SZ","陕国投Ａ","深交所","主板","","","深交所官方证券列表","行业分散后补齐试运行池规模","40.0","300只试运行池","盘后主输入；指标扩面目标"
"sz000564","000564.SZ","供销大集","深交所","主板","","","深交所官方证券列表","行业分散后补齐试运行池规模","40.0","300只试运行池","盘后主输入；指标扩面目标"
"sz000565","000565.SZ","渝三峡Ａ","深交所","主板","","","深交所官方证券列表","行业分散后补齐试运行池规模","40.0","300只试运行池","盘后主输入；指标扩面目标"
"sz000566","000566.SZ","海南海药","深交所","主板","","","深交所官方证券列表","行业分散后补齐试运行池规模","40.0","300只试运行池","盘后主输入；指标扩面目标"
"sz000567","000567.SZ","海德股份","深交所","主板","","","深交所官方证券列表","行业分散后补齐试运行池规模","40.0","300只试运行池","盘后主输入；指标扩面目标"
"sz000568","000568.SZ","泸州老窖","深交所","主板","","","深交所官方证券列表","行业分散后补齐试运行池规模","40.0","300只试运行池","盘后主输入；指标扩面目标"
"sz000570","000570.SZ","苏常柴Ａ","深交所","主板","","","深交所官方证券列表","行业分散后补齐试运行池规模","40.0","300只试运行池","盘后主输入；指标扩面目标"
"sz000571","000571.SZ","新大洲A","深交所","主板","","","深交所官方证券列表","行业分散后补齐试运行池规模","40.0","300只试运行池","盘后主输入；指标扩面目标"
"sz000572","000572.SZ","海马汽车","深交所","主板","","","深交所官方证券列表","行业分散后补齐试运行池规模","40.0","300只试运行池","盘后主输入；指标扩面目标"
"sz000573","000573.SZ","粤宏远Ａ","深交所","主板","","","深交所官方证券列表","行业分散后补齐试运行池规模","40.0","300只试运行池","盘后主输入；指标扩面目标"
"sz000576","000576.SZ","甘化科工","深交所","主板","","","深交所官方证券列表","行业分散后补齐试运行池规模","40.0","300只试运行池","盘后主输入；指标扩面目标"
"sz000581","000581.SZ","威孚高科","深交所","主板","","","深交所官方证券列表","行业分散后补齐试运行池规模","40.0","300只试运行池","盘后主输入；指标扩面目标"
"sz000582","000582.SZ","北部湾港","深交所","主板","","","深交所官方证券列表","行业分散后补齐试运行池规模","40.0","300只试运行池","盘后主输入；指标扩面目标"
"sz000586","000586.SZ","汇源通信","深交所","主板","","","深交所官方证券列表","行业分散后补齐试运行池规模","40.0","300只试运行池","盘后主输入；指标扩面目标"
"sz000589","000589.SZ","贵州轮胎","深交所","主板","","","深交所官方证券列表","行业分散后补齐试运行池规模","40.0","300只试运行池","盘后主输入；指标扩面目标"
"sz000590","000590.SZ","古汉医药","深交所","主板","","","深交所官方证券列表","行业分散后补齐试运行池规模","40.0","300只试运行池","盘后主输入；指标扩面目标"
"sz000591","000591.SZ","太阳能","深交所","主板","","","深交所官方证券列表","行业分散后补齐试运行池规模","40.0","300只试运行池","盘后主输入；指标扩面目标"
"sz000592","000592.SZ","平潭发展","深交所","主板","","","深交所官方证券列表","行业分散后补齐试运行池规模","40.0","300只试运行池","盘后主输入；指标扩面目标"
"sz000593","000593.SZ","德龙汇能","深交所","主板","","","深交所官方证券列表","行业分散后补齐试运行池规模","40.0","300只试运行池","盘后主输入；指标扩面目标"
"sz000596","000596.SZ","古井贡酒","深交所","主板","","","深交所官方证券列表","行业分散后补齐试运行池规模","40.0","300只试运行池","盘后主输入；指标扩面目标"
"sz000597","000597.SZ","东北制药","深交所","主板","","","深交所官方证券列表","行业分散后补齐试运行池规模","40.0","300只试运行池","盘后主输入；指标扩面目标"
"sz000598","000598.SZ","兴蓉环境","深交所","主板","","","深交所官方证券列表","行业分散后补齐试运行池规模","40.0","300只试运行池","盘后主输入；指标扩面目标"
"sz000599","000599.SZ","青岛双星","深交所","主板","","","深交所官方证券列表","行业分散后补齐试运行池规模","40.0","300只试运行池","盘后主输入；指标扩面目标"
"sz000600","000600.SZ","建投能源","深交所","主板","","","深交所官方证券列表","行业分散后补齐试运行池规模","40.0","300只试运行池","盘后主输入；指标扩面目标"
"sz000601","000601.SZ","韶能股份","深交所","主板","","","深交所官方证券列表","行业分散后补齐试运行池规模","40.0","300只试运行池","盘后主输入；指标扩面目标"
"sz000603","000603.SZ","盛达资源","深交所","主板","","","深交所官方证券列表","行业分散后补齐试运行池规模","40.0","300只试运行池","盘后主输入；指标扩面目标"
"sz000605","000605.SZ","渤海股份","深交所","主板","","","深交所官方证券列表","行业分散后补齐试运行池规模","40.0","300只试运行池","盘后主输入；指标扩面目标"
"sz000607","000607.SZ","华媒控股","深交所","主板","","","深交所官方证券列表","行业分散后补齐试运行池规模","40.0","300只试运行池","盘后主输入；指标扩面目标"
"sz000612","000612.SZ","焦作万方","深交所","主板","","","深交所官方证券列表","行业分散后补齐试运行池规模","40.0","300只试运行池","盘后主输入；指标扩面目标"
"sz000617","000617.SZ","中油资本","深交所","主板","","","深交所官方证券列表","行业分散后补齐试运行池规模","40.0","300只试运行池","盘后主输入；指标扩面目标"
"sz000619","000619.SZ","海螺新材","深交所","主板","","","深交所官方证券列表","行业分散后补齐试运行池规模","40.0","300只试运行池","盘后主输入；指标扩面目标"
"sz000620","000620.SZ","盈新发展","深交所","主板","","","深交所官方证券列表","行业分散后补齐试运行池规模","40.0","300只试运行池","盘后主输入；指标扩面目标"
"sz000623","000623.SZ","吉林敖东","深交所","主板","","","深交所官方证券列表","行业分散后补齐试运行池规模","40.0","300只试运行池","盘后主输入；指标扩面目标"
"sz000625","000625.SZ","长安汽车","深交所","主板","","","深交所官方证券列表","行业分散后补齐试运行池规模","40.0","300只试运行池","盘后主输入；指标扩面目标"
"sz000626","000626.SZ","远大控股","深交所","主板","","","深交所官方证券列表","行业分散后补齐试运行池规模","40.0","300只试运行池","盘后主输入；指标扩面目标"
"sz000628","000628.SZ","高新发展","深交所","主板","","","深交所官方证券列表","行业分散后补齐试运行池规模","40.0","300只试运行池","盘后主输入；指标扩面目标"
"sz000629","000629.SZ","钒钛股份","深交所","主板","","","深交所官方证券列表","行业分散后补齐试运行池规模","40.0","300只试运行池","盘后主输入；指标扩面目标"
"sz000630","000630.SZ","铜陵有色","深交所","主板","","","深交所官方证券列表","行业分散后补齐试运行池规模","40.0","300只试运行池","盘后主输入；指标扩面目标"
"sz000631","000631.SZ","顺发恒能","深交所","主板","","","深交所官方证券列表","行业分散后补齐试运行池规模","40.0","300只试运行池","盘后主输入；指标扩面目标"
"sz000633","000633.SZ","合金投资","深交所","主板","","","深交所官方证券列表","行业分散后补齐试运行池规模","40.0","300只试运行池","盘后主输入；指标扩面目标"
"sz000635","000635.SZ","英力特","深交所","主板","","","深交所官方证券列表","行业分散后补齐试运行池规模","40.0","300只试运行池","盘后主输入；指标扩面目标"
"sz000636","000636.SZ","风华高科","深交所","主板","","","深交所官方证券列表","行业分散后补齐试运行池规模","40.0","300只试运行池","盘后主输入；指标扩面目标"
"sz000637","000637.SZ","茂化实华","深交所","主板","","","深交所官方证券列表","行业分散后补齐试运行池规模","40.0","300只试运行池","盘后主输入；指标扩面目标"
"sz000650","000650.SZ","仁和药业","深交所","主板","","","深交所官方证券列表","行业分散后补齐试运行池规模","40.0","300只试运行池","盘后主输入；指标扩面目标"
"sz000651","000651.SZ","格力电器","深交所","主板","","","深交所官方证券列表","行业分散后补齐试运行池规模","40.0","300只试运行池","盘后主输入；指标扩面目标"
"sz000652","000652.SZ","泰达股份","深交所","主板","","","深交所官方证券列表","行业分散后补齐试运行池规模","40.0","300只试运行池","盘后主输入；指标扩面目标"
"sz000655","000655.SZ","金岭矿业","深交所","主板","","","深交所官方证券列表","行业分散后补齐试运行池规模","40.0","300只试运行池","盘后主输入；指标扩面目标"
"sz000659","000659.SZ","珠海中富","深交所","主板","","","深交所官方证券列表","行业分散后补齐试运行池规模","40.0","300只试运行池","盘后主输入；指标扩面目标"
"sz000661","000661.SZ","长春高新","深交所","主板","","","深交所官方证券列表","行业分散后补齐试运行池规模","40.0","300只试运行池","盘后主输入；指标扩面目标"
"sz000663","000663.SZ","永安林业","深交所","主板","","","深交所官方证券列表","行业分散后补齐试运行池规模","40.0","300只试运行池","盘后主输入；指标扩面目标"
"sz000665","000665.SZ","湖北广电","深交所","主板","","","深交所官方证券列表","行业分散后补齐试运行池规模","40.0","300只试运行池","盘后主输入；指标扩面目标"
"sz000670","000670.SZ","盈方微","深交所","主板","","","深交所官方证券列表","行业分散后补齐试运行池规模","40.0","300只试运行池","盘后主输入；指标扩面目标"
"sz000672","000672.SZ","上峰水泥","深交所","主板","","","深交所官方证券列表","行业分散后补齐试运行池规模","40.0","300只试运行池","盘后主输入；指标扩面目标"
"sz000676","000676.SZ","智度股份","深交所","主板","","","深交所官方证券列表","行业分散后补齐试运行池规模","40.0","300只试运行池","盘后主输入；指标扩面目标"
"sz000677","000677.SZ","恒天海龙","深交所","主板","","","深交所官方证券列表","行业分散后补齐试运行池规模","40.0","300只试运行池","盘后主输入；指标扩面目标"
"sz000678","000678.SZ","襄阳轴承","深交所","主板","","","深交所官方证券列表","行业分散后补齐试运行池规模","40.0","300只试运行池","盘后主输入；指标扩面目标"
"sz000679","000679.SZ","大连友谊","深交所","主板","","","深交所官方证券列表","行业分散后补齐试运行池规模","40.0","300只试运行池","盘后主输入；指标扩面目标"
"sz000680","000680.SZ","山推股份","深交所","主板","","","深交所官方证券列表","行业分散后补齐试运行池规模","40.0","300只试运行池","盘后主输入；指标扩面目标"
"sz000681","000681.SZ","视觉中国","深交所","主板","","","深交所官方证券列表","行业分散后补齐试运行池规模","40.0","300只试运行池","盘后主输入；指标扩面目标"
"sz000682","000682.SZ","东方电子","深交所","主板","","","深交所官方证券列表","行业分散后补齐试运行池规模","40.0","300只试运行池","盘后主输入；指标扩面目标"
"sz000683","000683.SZ","博源化工","深交所","主板","","","深交所官方证券列表","行业分散后补齐试运行池规模","40.0","300只试运行池","盘后主输入；指标扩面目标"
"sz000685","000685.SZ","中山公用","深交所","主板","","","深交所官方证券列表","行业分散后补齐试运行池规模","40.0","300只试运行池","盘后主输入；指标扩面目标"
"sz000686","000686.SZ","东北证券","深交所","主板","","","深交所官方证券列表","行业分散后补齐试运行池规模","40.0","300只试运行池","盘后主输入；指标扩面目标"
"sz000688","000688.SZ","国城矿业","深交所","主板","","","深交所官方证券列表","行业分散后补齐试运行池规模","40.0","300只试运行池","盘后主输入；指标扩面目标"
"sz000690","000690.SZ","宝新能源","深交所","主板","","","深交所官方证券列表","行业分散后补齐试运行池规模","40.0","300只试运行池","盘后主输入；指标扩面目标"
"sz000692","000692.SZ","惠天热电","深交所","主板","","","深交所官方证券列表","行业分散后补齐试运行池规模","40.0","300只试运行池","盘后主输入；指标扩面目标"
"sz000695","000695.SZ","滨海能源","深交所","主板","","","深交所官方证券列表","行业分散后补齐试运行池规模","40.0","300只试运行池","盘后主输入；指标扩面目标"
"sz000700","000700.SZ","模塑科技","深交所","主板","","","深交所官方证券列表","行业分散后补齐试运行池规模","40.0","300只试运行池","盘后主输入；指标扩面目标"
"sz000701","000701.SZ","厦门信达","深交所","主板","","","深交所官方证券列表","行业分散后补齐试运行池规模","40.0","300只试运行池","盘后主输入；指标扩面目标"
"sz000702","000702.SZ","正虹科技","深交所","主板","","","深交所官方证券列表","行业分散后补齐试运行池规模","40.0","300只试运行池","盘后主输入；指标扩面目标"
"sz000703","000703.SZ","恒逸石化","深交所","主板","","","深交所官方证券列表","行业分散后补齐试运行池规模","40.0","300只试运行池","盘后主输入；指标扩面目标"
"sz000705","000705.SZ","浙江震元","深交所","主板","","","深交所官方证券列表","行业分散后补齐试运行池规模","40.0","300只试运行池","盘后主输入；指标扩面目标"
"sz000707","000707.SZ","双环科技","深交所","主板","","","深交所官方证券列表","行业分散后补齐试运行池规模","40.0","300只试运行池","盘后主输入；指标扩面目标"
"sz000708","000708.SZ","中信特钢","深交所","主板","","","深交所官方证券列表","行业分散后补齐试运行池规模","40.0","300只试运行池","盘后主输入；指标扩面目标"
"sz000709","000709.SZ","河钢股份","深交所","主板","","","深交所官方证券列表","行业分散后补齐试运行池规模","40.0","300只试运行池","盘后主输入；指标扩面目标"
"sz000710","000710.SZ","贝瑞基因","深交所","主板","","","深交所官方证券列表","行业分散后补齐试运行池规模","40.0","300只试运行池","盘后主输入；指标扩面目标"
"sz000712","000712.SZ","锦龙股份","深交所","主板","","","深交所官方证券列表","行业分散后补齐试运行池规模","40.0","300只试运行池","盘后主输入；指标扩面目标"
"sz000713","000713.SZ","国投丰乐","深交所","主板","","","深交所官方证券列表","行业分散后补齐试运行池规模","40.0","300只试运行池","盘后主输入；指标扩面目标"
"sz000715","000715.SZ","中兴商业","深交所","主板","","","深交所官方证券列表","行业分散后补齐试运行池规模","40.0","300只试运行池","盘后主输入；指标扩面目标"
"sz000716","000716.SZ","黑芝麻","深交所","主板","","","深交所官方证券列表","行业分散后补齐试运行池规模","40.0","300只试运行池","盘后主输入；指标扩面目标"
"sz000717","000717.SZ","中南股份","深交所","主板","","","深交所官方证券列表","行业分散后补齐试运行池规模","40.0","300只试运行池","盘后主输入；指标扩面目标"
"sz000718","000718.SZ","苏宁环球","深交所","主板","","","深交所官方证券列表","行业分散后补齐试运行池规模","40.0","300只试运行池","盘后主输入；指标扩面目标"
"sz000719","000719.SZ","中原传媒","深交所","主板","","","深交所官方证券列表","行业分散后补齐试运行池规模","40.0","300只试运行池","盘后主输入；指标扩面目标"
"sz000720","000720.SZ","新能泰山","深交所","主板","","","深交所官方证券列表","行业分散后补齐试运行池规模","40.0","300只试运行池","盘后主输入；指标扩面目标"
"sz000721","000721.SZ","西安饮食","深交所","主板","","","深交所官方证券列表","行业分散后补齐试运行池规模","40.0","300只试运行池","盘后主输入；指标扩面目标"
"sz000722","000722.SZ","湖南发展","深交所","主板","","","深交所官方证券列表","行业分散后补齐试运行池规模","40.0","300只试运行池","盘后主输入；指标扩面目标"
"sz000723","000723.SZ","美锦能源","深交所","主板","","","深交所官方证券列表","行业分散后补齐试运行池规模","40.0","300只试运行池","盘后主输入；指标扩面目标"
"sz000725","000725.SZ","京东方Ａ","深交所","主板","","","深交所官方证券列表","行业分散后补齐试运行池规模","40.0","300只试运行池","盘后主输入；指标扩面目标"
"sz000726","000726.SZ","鲁泰Ａ","深交所","主板","","","深交所官方证券列表","行业分散后补齐试运行池规模","40.0","300只试运行池","盘后主输入；指标扩面目标"
"sz000727","000727.SZ","冠捷科技","深交所","主板","","","深交所官方证券列表","行业分散后补齐试运行池规模","40.0","300只试运行池","盘后主输入；指标扩面目标"
"sz000728","000728.SZ","国元证券","深交所","主板","","","深交所官方证券列表","行业分散后补齐试运行池规模","40.0","300只试运行池","盘后主输入；指标扩面目标"
"sz000729","000729.SZ","燕京啤酒","深交所","主板","","","深交所官方证券列表","行业分散后补齐试运行池规模","40.0","300只试运行池","盘后主输入；指标扩面目标"
"sz000731","000731.SZ","四川美丰","深交所","主板","","","深交所官方证券列表","行业分散后补齐试运行池规模","40.0","300只试运行池","盘后主输入；指标扩面目标"
"sz000733","000733.SZ","振华科技","深交所","主板","","","深交所官方证券列表","行业分散后补齐试运行池规模","40.0","300只试运行池","盘后主输入；指标扩面目标"
"sz000735","000735.SZ","罗牛山","深交所","主板","","","深交所官方证券列表","行业分散后补齐试运行池规模","40.0","300只试运行池","盘后主输入；指标扩面目标"
"sz000737","000737.SZ","北方铜业","深交所","主板","","","深交所官方证券列表","行业分散后补齐试运行池规模","40.0","300只试运行池","盘后主输入；指标扩面目标"
"sz000738","000738.SZ","航发控制","深交所","主板","","","深交所官方证券列表","行业分散后补齐试运行池规模","40.0","300只试运行池","盘后主输入；指标扩面目标"
"sz000739","000739.SZ","普洛药业","深交所","主板","","","深交所官方证券列表","行业分散后补齐试运行池规模","40.0","300只试运行池","盘后主输入；指标扩面目标"
"sz000750","000750.SZ","国海证券","深交所","主板","","","深交所官方证券列表","行业分散后补齐试运行池规模","40.0","300只试运行池","盘后主输入；指标扩面目标"
"sz000751","000751.SZ","锌业股份","深交所","主板","","","深交所官方证券列表","行业分散后补齐试运行池规模","40.0","300只试运行池","盘后主输入；指标扩面目标"
"sz000753","000753.SZ","漳州发展","深交所","主板","","","深交所官方证券列表","行业分散后补齐试运行池规模","40.0","300只试运行池","盘后主输入；指标扩面目标"
"sz000755","000755.SZ","山西高速","深交所","主板","","","深交所官方证券列表","行业分散后补齐试运行池规模","40.0","300只试运行池","盘后主输入；指标扩面目标"
"sz000756","000756.SZ","新华制药","深交所","主板","","","深交所官方证券列表","行业分散后补齐试运行池规模","40.0","300只试运行池","盘后主输入；指标扩面目标"
"sz000757","000757.SZ","浩物股份","深交所","主板","","","深交所官方证券列表","行业分散后补齐试运行池规模","40.0","300只试运行池","盘后主输入；指标扩面目标"
"sz000758","000758.SZ","中色股份","深交所","主板","","","深交所官方证券列表","行业分散后补齐试运行池规模","40.0","300只试运行池","盘后主输入；指标扩面目标"
"sz000759","000759.SZ","中百集团","深交所","主板","","","深交所官方证券列表","行业分散后补齐试运行池规模","40.0","300只试运行池","盘后主输入；指标扩面目标"
"sz000761","000761.SZ","本钢板材","深交所","主板","","","深交所官方证券列表","行业分散后补齐试运行池规模","40.0","300只试运行池","盘后主输入；指标扩面目标"
"sz000762","000762.SZ","西藏矿业","深交所","主板","","","深交所官方证券列表","行业分散后补齐试运行池规模","40.0","300只试运行池","盘后主输入；指标扩面目标"
"sz000766","000766.SZ","通化金马","深交所","主板","","","深交所官方证券列表","行业分散后补齐试运行池规模","40.0","300只试运行池","盘后主输入；指标扩面目标"
"sz000767","000767.SZ","晋控电力","深交所","主板","","","深交所官方证券列表","行业分散后补齐试运行池规模","40.0","300只试运行池","盘后主输入；指标扩面目标"
"sz000768","000768.SZ","中航西飞","深交所","主板","","","深交所官方证券列表","行业分散后补齐试运行池规模","40.0","300只试运行池","盘后主输入；指标扩面目标"
"sz000776","000776.SZ","广发证券","深交所","主板","","","深交所官方证券列表","行业分散后补齐试运行池规模","40.0","300只试运行池","盘后主输入；指标扩面目标"
"sz000777","000777.SZ","中核科技","深交所","主板","","","深交所官方证券列表","行业分散后补齐试运行池规模","40.0","300只试运行池","盘后主输入；指标扩面目标"
"sz000778","000778.SZ","新兴铸管","深交所","主板","","","深交所官方证券列表","行业分散后补齐试运行池规模","40.0","300只试运行池","盘后主输入；指标扩面目标"
"sz000779","000779.SZ","甘咨询","深交所","主板","","","深交所官方证券列表","行业分散后补齐试运行池规模","40.0","300只试运行池","盘后主输入；指标扩面目标"
"sz000782","000782.SZ","恒申新材","深交所","主板","","","深交所官方证券列表","行业分散后补齐试运行池规模","40.0","300只试运行池","盘后主输入；指标扩面目标"
"sz000783","000783.SZ","长江证券","深交所","主板","","","深交所官方证券列表","行业分散后补齐试运行池规模","40.0","300只试运行池","盘后主输入；指标扩面目标"
"sz000785","000785.SZ","居然智家","深交所","主板","","","深交所官方证券列表","行业分散后补齐试运行池规模","40.0","300只试运行池","盘后主输入；指标扩面目标"
"sz000786","000786.SZ","北新建材","深交所","主板","","","深交所官方证券列表","行业分散后补齐试运行池规模","40.0","300只试运行池","盘后主输入；指标扩面目标"
"sz000788","000788.SZ","北大医药","深交所","主板","","","深交所官方证券列表","行业分散后补齐试运行池规模","40.0","300只试运行池","盘后主输入；指标扩面目标"
"sz000789","000789.SZ","万年青","深交所","主板","","","深交所官方证券列表","行业分散后补齐试运行池规模","40.0","300只试运行池","盘后主输入；指标扩面目标"
"sz000790","000790.SZ","华神科技","深交所","主板","","","深交所官方证券列表","行业分散后补齐试运行池规模","40.0","300只试运行池","盘后主输入；指标扩面目标"
"sz000791","000791.SZ","甘肃能源","深交所","主板","","","深交所官方证券列表","行业分散后补齐试运行池规模","40.0","300只试运行池","盘后主输入；指标扩面目标"
"sz000792","000792.SZ","盐湖股份","深交所","主板","","","深交所官方证券列表","行业分散后补齐试运行池规模","40.0","300只试运行池","盘后主输入；指标扩面目标"
"sz000795","000795.SZ","英洛华","深交所","主板","","","深交所官方证券列表","行业分散后补齐试运行池规模","40.0","300只试运行池","盘后主输入；指标扩面目标"
"sz000796","000796.SZ","凯撒旅业","深交所","主板","","","深交所官方证券列表","行业分散后补齐试运行池规模","40.0","300只试运行池","盘后主输入；指标扩面目标"
"sz000797","000797.SZ","中国武夷","深交所","主板","","","深交所官方证券列表","行业分散后补齐试运行池规模","40.0","300只试运行池","盘后主输入；指标扩面目标"
"sz000798","000798.SZ","中水渔业","深交所","主板","","","深交所官方证券列表","行业分散后补齐试运行池规模","40.0","300只试运行池","盘后主输入；指标扩面目标"
"sz000799","000799.SZ","酒鬼酒","深交所","主板","","","深交所官方证券列表","行业分散后补齐试运行池规模","40.0","300只试运行池","盘后主输入；指标扩面目标"
"sz000800","000800.SZ","一汽解放","深交所","主板","","","深交所官方证券列表","行业分散后补齐试运行池规模","40.0","300只试运行池","盘后主输入；指标扩面目标"
"sh600000","600000.SH","浦发银行","","","","沪深300","index_base","","","L8X综合候选池","上游样本底座；后续扩展目标"
"sh600004","600004.SH","白云机场","","","","中证500","index_base","","","L8X综合候选池","上游样本底座；后续扩展目标"
"sh600007","600007.SH","中国国贸","","","","中证500","index_base","","","L8X综合候选池","上游样本底座；后续扩展目标"
"sh600008","600008.SH","首创环保","","","","中证500","index_base","","","L8X综合候选池","上游样本底座；后续扩展目标"
"sh600009","600009.SH","上海机场","","","","沪深300","index_base","","","L8X综合候选池","上游样本底座；后续扩展目标"
"sh600010","600010.SH","包钢股份","","","","沪深300","index_base","","","L8X综合候选池","上游样本底座；后续扩展目标"
"sh600011","600011.SH","华能国际","","","","沪深300","index_base","","","L8X综合候选池","上游样本底座；后续扩展目标"
"sh600015","600015.SH","华夏银行","","","","沪深300","index_base","","","L8X综合候选池","上游样本底座；后续扩展目标"
"sh600016","600016.SH","民生银行","","","","沪深300","index_base","","","L8X综合候选池","上游样本底座；后续扩展目标"
"sh600018","600018.SH","上港集团","","","","沪深300","index_base","","","L8X综合候选池","上游样本底座；后续扩展目标"
"sh600019","600019.SH","宝钢股份","上交所","钢铁","普钢龙头","钢铁","""user_enhance""；""index_base""","","","L8X综合候选池","上游样本底座；后续扩展目标"
"sh600021","600021.SH","上海电力","","","","中证500","index_base","","","L8X综合候选池","上游样本底座；后续扩展目标"
"sh600023","600023.SH","浙能电力","","","","沪深300","index_base","","","L8X综合候选池","上游样本底座；后续扩展目标"
"sh600025","600025.SH","华能水电","","","","沪深300","index_base","","","L8X综合候选池","上游样本底座；后续扩展目标"
"sh600026","600026.SH","中远海能","","","","沪深300","index_base","","","L8X综合候选池","上游样本底座；后续扩展目标"
"sh600027","600027.SH","华电国际","","","","沪深300","index_base","","","L8X综合候选池","上游样本底座；后续扩展目标"
"sh600028","600028.SH","中国石化","上交所","石油石化","炼油化工","石油石化","""user_enhance""；""index_base""","","","L8X综合候选池","上游样本底座；后续扩展目标"
"sh600029","600029.SH","南方航空","","","","沪深300","index_base","","","L8X综合候选池","上游样本底座；后续扩展目标"
"sh600030","600030.SH","中信证券","","","","沪深300","index_base","","","L8X综合候选池","上游样本底座；后续扩展目标"
"sh600031","600031.SH","三一重工","","","","沪深300","index_base","","","L8X综合候选池","上游样本底座；后续扩展目标"
"sh600032","600032.SH","浙江新能","","","","中证500","index_base","","","L8X综合候选池","上游样本底座；后续扩展目标"
"sh600036","600036.SH","招商银行","上交所","金融","银行","金融","""user_enhance""；""index_base""","","","L8X综合候选池","上游样本底座；后续扩展目标"
"sh600038","600038.SH","中直股份","","","","中证500","index_base","","","L8X综合候选池","上游样本底座；后续扩展目标"
"sh600039","600039.SH","四川路桥","","","","沪深300","index_base","","","L8X综合候选池","上游样本底座；后续扩展目标"
"sh600048","600048.SH","保利发展","上交所","房地产","房地产开发","基建/建材/地产","""user_enhance""；""index_base""","","","L8X综合候选池","上游样本底座；后续扩展目标"
"sh600050","600050.SH","中国联通","","","","沪深300","index_base","","","L8X综合候选池","上游样本底座；后续扩展目标"
"sh600060","600060.SH","海信视像","","","","中证500","index_base","","","L8X综合候选池","上游样本底座；后续扩展目标"
"sh600061","600061.SH","国投资本","","","","沪深300","index_base","","","L8X综合候选池","上游样本底座；后续扩展目标"
"sh600062","600062.SH","华润双鹤","","","","中证500","index_base","","","L8X综合候选池","上游样本底座；后续扩展目标"
"sh600066","600066.SH","宇通客车","","","","沪深300","index_base","","","L8X综合候选池","上游样本底座；后续扩展目标"
"sh600085","600085.SH","同仁堂","","","","沪深300","index_base","","","L8X综合候选池","上游样本底座；后续扩展目标"
"sh600089","600089.SH","特变电工","","","","沪深300","index_base","","","L8X综合候选池","上游样本底座；后续扩展目标"
"sh600095","600095.SH","湘财股份","","","","中证500","index_base","","","L8X综合候选池","上游样本底座；后续扩展目标"
"sh600096","600096.SH","云天化","","","","中证500","index_base","","","L8X综合候选池","上游样本底座；后续扩展目标"
"sh600098","600098.SH","广州发展","","","","中证500","index_base","","","L8X综合候选池","上游样本底座；后续扩展目标"
"sh600104","600104.SH","上汽集团","上交所","汽车","整车","汽车","""user_enhance""；""index_base""","","","L8X综合候选池","上游样本底座；后续扩展目标"
"sh600109","600109.SH","国金证券","","","","中证500","index_base","","","L8X综合候选池","上游样本底座；后续扩展目标"
"sh600111","600111.SH","北方稀土","上交所","有色金属","稀土","资源/材料","""user_enhance""；""index_base""","","","L8X综合候选池","上游样本底座；后续扩展目标"
"sh600115","600115.SH","中国东航","","","","沪深300","index_base","","","L8X综合候选池","上游样本底座；后续扩展目标"
"sh600118","600118.SH","中国卫星","","","","中证500","index_base","","","L8X综合候选池","上游样本底座；后续扩展目标"
"sh600126","600126.SH","杭钢股份","","","","中证500","index_base","","","L8X综合候选池","上游样本底座；后续扩展目标"
"sh600131","600131.SH","国网信通","","","","中证500","index_base","","","L8X综合候选池","上游样本底座；后续扩展目标"
"sh600132","600132.SH","重庆啤酒","","","","中证500","index_base","","","L8X综合候选池","上游样本底座；后续扩展目标"
"sh600141","600141.SH","兴发集团","","","","中证500","index_base","","","L8X综合候选池","上游样本底座；后续扩展目标"
"sh600143","600143.SH","金发科技","","","","中证500","index_base","","","L8X综合候选池","上游样本底座；后续扩展目标"
"sh600150","600150.SH","中国船舶","","","","沪深300","index_base","","","L8X综合候选池","上游样本底座；后续扩展目标"
"sh600153","600153.SH","建发股份","","","","中证500","index_base","","","L8X综合候选池","上游样本底座；后续扩展目标"
"sh600157","600157.SH","永泰能源","","","","中证500","index_base","","","L8X综合候选池","上游样本底座；后续扩展目标"
"sh600160","600160.SH","巨化股份","上交所","基础化工","制冷剂","基础化工","""user_enhance""；""index_base""","","","L8X综合候选池","上游样本底座；后续扩展目标"
"sh600161","600161.SH","天坛生物","","","","沪深300","index_base","","","L8X综合候选池","上游样本底座；后续扩展目标"
"sh600166","600166.SH","福田汽车","","","","中证500","index_base","","","L8X综合候选池","上游样本底座；后续扩展目标"
"sh600170","600170.SH","上海建工","","","","中证500","index_base","","","L8X综合候选池","上游样本底座；后续扩展目标"
"sh600171","600171.SH","上海贝岭","","","","中证500","index_base","","","L8X综合候选池","上游样本底座；后续扩展目标"
"sh600176","600176.SH","中国巨石","","","","沪深300","index_base","","","L8X综合候选池","上游样本底座；后续扩展目标"
"sh600177","600177.SH","雅戈尔","","","","中证500","index_base","","","L8X综合候选池","上游样本底座；后续扩展目标"
"sh600183","600183.SH","生益科技","","","","沪深300","index_base","","","L8X综合候选池","上游样本底座；后续扩展目标"
"sh600188","600188.SH","兖矿能源","上交所","煤炭","煤炭","资源/材料","""user_enhance""；""index_base""","","","L8X综合候选池","上游样本底座；后续扩展目标"
"sh600196","600196.SH","复星医药","","","","沪深300","index_base","","","L8X综合候选池","上游样本底座；后续扩展目标"
"sh600198","600198.SH","大唐电信","上交所","待补充","待补充","历史重点关注","""user_enhance""；""strategic""","用户增强观察池重点关注；未纳入L8指数基底池","","L8X综合候选池","上游样本底座；后续扩展目标"
"sh600208","600208.SH","衢州发展","","","","中证500","index_base","","","L8X综合候选池","上游样本底座；后续扩展目标"
"sh600219","600219.SH","南山铝业","","","","沪深300","index_base","","","L8X综合候选池","上游样本底座；后续扩展目标"
"sh600233","600233.SH","圆通速递","","","","沪深300","index_base","","","L8X综合候选池","上游样本底座；后续扩展目标"
"sh600276","600276.SH","恒瑞医药","上交所","医药医疗","创新药研发","医药/医疗","""user_enhance""；""index_base""","","","L8X综合候选池","上游样本底座；后续扩展目标"
"sh600282","600282.SH","南钢股份","","","","中证500","index_base","","","L8X综合候选池","上游样本底座；后续扩展目标"
"sh600295","600295.SH","鄂尔多斯","","","","中证500","index_base","","","L8X综合候选池","上游样本底座；后续扩展目标"
"sh600298","600298.SH","安琪酵母","","","","中证500","index_base","","","L8X综合候选池","上游样本底座；后续扩展目标"
"sh600299","600299.SH","安迪苏","","","","中证500","index_base","","","L8X综合候选池","上游样本底座；后续扩展目标"
"sh600309","600309.SH","万华化学","上交所","基础化工","MDI聚氨酯","基础化工","""user_enhance""；""index_base""","","","L8X综合候选池","上游样本底座；后续扩展目标"
"sh600312","600312.SH","平高电气","","","","中证500","index_base","","","L8X综合候选池","上游样本底座；后续扩展目标"
"sh600316","600316.SH","洪都航空","","","","中证500","index_base","","","L8X综合候选池","上游样本底座；后续扩展目标"
"sh600326","600326.SH","西藏天路","上交所","待补充","待补充","历史重点关注","""user_enhance""；""strategic""","用户增强观察池重点关注；未纳入L8指数基底池","","L8X综合候选池","上游样本底座；后续扩展目标"
"sh600329","600329.SH","达仁堂","","","","中证500","index_base","","","L8X综合候选池","上游样本底座；后续扩展目标"
"sh600332","600332.SH","白云山","","","","中证500","index_base","","","L8X综合候选池","上游样本底座；后续扩展目标"
"sh600339","600339.SH","中油工程","","","","中证500","index_base","","","L8X综合候选池","上游样本底座；后续扩展目标"
"sh600346","600346.SH","恒力石化","","","","沪深300","index_base","","","L8X综合候选池","上游样本底座；后续扩展目标"
"sh600348","600348.SH","华阳股份","","","","中证500","index_base","","","L8X综合候选池","上游样本底座；后续扩展目标"
"sh600352","600352.SH","浙江龙盛","","","","中证500","index_base","","","L8X综合候选池","上游样本底座；后续扩展目标"
"sh600362","600362.SH","江西铜业","","","","沪深300","index_base","","","L8X综合候选池","上游样本底座；后续扩展目标"
"sh600363","600363.SH","联创光电","","","","中证500","index_base","","","L8X综合候选池","上游样本底座；后续扩展目标"
"sh600369","600369.SH","西南证券","","","","中证500","index_base","","","L8X综合候选池","上游样本底座；后续扩展目标"
"sh600372","600372.SH","中航机载","","","","沪深300","index_base","","","L8X综合候选池","上游样本底座；后续扩展目标"
"sh600377","600377.SH","宁沪高速","","","","沪深300","index_base","","","L8X综合候选池","上游样本底座；后续扩展目标"
"sh600378","600378.SH","昊华科技","","","","中证500","index_base","","","L8X综合候选池","上游样本底座；后续扩展目标"
"sh600380","600380.SH","健康元","","","","中证500","index_base","","","L8X综合候选池","上游样本底座；后续扩展目标"
"sh600390","600390.SH","五矿资本","","","","中证500","index_base","","","L8X综合候选池","上游样本底座；后续扩展目标"
"sh600392","600392.SH","盛和资源","","","","中证500","index_base","","","L8X综合候选池","上游样本底座；后续扩展目标"
"sh600398","600398.SH","海澜之家","上交所","纺织服饰","大众男装","纺织服饰","""user_enhance""；""index_base""","","","L8X综合候选池","上游样本底座；后续扩展目标"
"sh600406","600406.SH","国电南瑞","","","","沪深300","index_base","","","L8X综合候选池","上游样本底座；后续扩展目标"
"sh600415","600415.SH","小商品城","","","","沪深300","index_base","","","L8X综合候选池","上游样本底座；后续扩展目标"
"sh600426","600426.SH","华鲁恒升","上交所","基础化工","煤化工","基础化工","""user_enhance""；""index_base""","","","L8X综合候选池","上游样本底座；后续扩展目标"
"sh600435","600435.SH","北方导航","","","","中证500","index_base","","","L8X综合候选池","上游样本底座；后续扩展目标"
"sh600436","600436.SH","片仔癀","上交所","医药医疗","中药稀缺龙头","医药/医疗","""user_enhance""；""index_base""","","","L8X综合候选池","上游样本底座；后续扩展目标"
"sh600438","600438.SH","通威股份","上交所","新能源","光伏硅料+电池","新能源","""user_enhance""；""index_base""","","","L8X综合候选池","上游样本底座；后续扩展目标"
"sh600460","600460.SH","士兰微","","","","沪深300","index_base","","","L8X综合候选池","上游样本底座；后续扩展目标"
"sh600482","600482.SH","中国动力","","","","沪深300","index_base","","","L8X综合候选池","上游样本底座；后续扩展目标"
"sh600483","600483.SH","福能股份","上交所","电力","海风+气电","电力","""user_enhance""；""index_base""","","","L8X综合候选池","上游样本底座；后续扩展目标"
"sh600486","600486.SH","扬农化工","","","","中证500","index_base","","","L8X综合候选池","上游样本底座；后续扩展目标"
"sh600487","600487.SH","亨通光电","","","","中证500","index_base","","","L8X综合候选池","上游样本底座；后续扩展目标"
"sh600489","600489.SH","中金黄金","","","","沪深300","index_base","","","L8X综合候选池","上游样本底座；后续扩展目标"
"sh600497","600497.SH","驰宏锌锗","","","","中证500","index_base","","","L8X综合候选池","上游样本底座；后续扩展目标"
"sh600498","600498.SH","烽火通信","","","","中证500","index_base","","","L8X综合候选池","上游样本底座；后续扩展目标"
"sh600499","600499.SH","科达制造","","","","中证500","index_base","","","L8X综合候选池","上游样本底座；后续扩展目标"
"sh600501","600501.SH","航天晨光","上交所","军工","航天装备","军工/航空航天","""user_enhance""；""strategic""","用户增强观察池重点关注；未纳入L8指数基底池；军工/航空航天；航天装备","","L8X综合候选池","上游样本底座；后续扩展目标"
"sh600511","600511.SH","国药股份","","","","中证500","index_base","","","L8X综合候选池","上游样本底座；后续扩展目标"
"sh600515","600515.SH","海南机场","","","","沪深300","index_base","","","L8X综合候选池","上游样本底座；后续扩展目标"
"sh600516","600516.SH","方大炭素","","","","中证500","index_base","","","L8X综合候选池","上游样本底座；后续扩展目标"
"sh600517","600517.SH","国网英大","","","","中证500","index_base","","","L8X综合候选池","上游样本底座；后续扩展目标"
"sh600519","600519.SH","贵州茅台","上交所","食品饮料","白酒","大消费","""user_enhance""；""index_base""","","","L8X综合候选池","上游样本底座；后续扩展目标"
"sh600521","600521.SH","华海药业","","","","中证500","index_base","","","L8X综合候选池","上游样本底座；后续扩展目标"
"sh600522","600522.SH","中天科技","","","","沪深300","index_base","","","L8X综合候选池","上游样本底座；后续扩展目标"
"sh600528","600528.SH","中铁工业","","","","中证500","index_base","","","L8X综合候选池","上游样本底座；后续扩展目标"
"sh600535","600535.SH","天士力","","","","中证500","index_base","","","L8X综合候选池","上游样本底座；后续扩展目标"
"sh600536","600536.SH","中国软件","","","","中证500","index_base","","","L8X综合候选池","上游样本底座；后续扩展目标"
"sh600546","600546.SH","山煤国际","","","","中证500","index_base","","","L8X综合候选池","上游样本底座；后续扩展目标"
"sh600547","600547.SH","山东黄金","上交所","有色金属","黄金","有色金属","""user_enhance""；""index_base""","","","L8X综合候选池","上游样本底座；后续扩展目标"
"sh600549","600549.SH","厦门钨业","","","","中证500","index_base","","","L8X综合候选池","上游样本底座；后续扩展目标"
"sh600562","600562.SH","国睿科技","","","","中证500","index_base","","","L8X综合候选池","上游样本底座；后续扩展目标"
"sh600563","600563.SH","法拉电子","","","","中证500","index_base","","","L8X综合候选池","上游样本底座；后续扩展目标"
"sh600566","600566.SH","济川药业","","","","中证500","index_base","","","L8X综合候选池","上游样本底座；后续扩展目标"
"sh600570","600570.SH","恒生电子","","","","沪深300","index_base","","","L8X综合候选池","上游样本底座；后续扩展目标"
"sh600578","600578.SH","京能电力","","","","中证500","index_base","","","L8X综合候选池","上游样本底座；后续扩展目标"
"sh600580","600580.SH","卧龙电驱","上交所","","","历史重点关注","""user_enhance""；""index_base""","","","L8X综合候选池","上游样本底座；后续扩展目标"
"sh600582","600582.SH","天地科技","","","","中证500","index_base","","","L8X综合候选池","上游样本底座；后续扩展目标"
"sh600583","600583.SH","海油工程","","","","中证500","index_base","","","L8X综合候选池","上游样本底座；后续扩展目标"
"sh600584","600584.SH","长电科技","上交所","半导体","封装测试","半导体","""user_enhance""；""index_base""","","","L8X综合候选池","上游样本底座；后续扩展目标"
"sh600585","600585.SH","海螺水泥","上交所","建筑材料","水泥","基建/建材/地产","""user_enhance""；""index_base""","","","L8X综合候选池","上游样本底座；后续扩展目标"
"sh600588","600588.SH","用友网络","","","","沪深300","index_base","","","L8X综合候选池","上游样本底座；后续扩展目标"
"sh600598","600598.SH","北大荒","","","","中证500","index_base","","","L8X综合候选池","上游样本底座；后续扩展目标"
"sh600600","600600.SH","青岛啤酒","","","","沪深300","index_base","","","L8X综合候选池","上游样本底座；后续扩展目标"
"sh600601","600601.SH","方正科技","","","","中证500","index_base","","","L8X综合候选池","上游样本底座；后续扩展目标"
"sh600602","600602.SH","云赛智联","","","","中证500","index_base","","","L8X综合候选池","上游样本底座；后续扩展目标"
"sh600606","600606.SH","绿地控股","","","","中证500","index_base","","","L8X综合候选池","上游样本底座；后续扩展目标"
"sh600612","600612.SH","老凤祥","上交所","商贸零售","黄金珠宝","商贸零售","""user_enhance""；""strategic""","用户增强观察池重点关注；未纳入L8指数基底池；商贸零售；黄金珠宝","","L8X综合候选池","上游样本底座；后续扩展目标"
"sh600637","600637.SH","东方明珠","","","","中证500","index_base","","","L8X综合候选池","上游样本底座；后续扩展目标"
"sh600642","600642.SH","申能股份","","","","中证500","index_base","","","L8X综合候选池","上游样本底座；后续扩展目标"
"sh600655","600655.SH","豫园股份","","","","中证500","index_base","","","L8X综合候选池","上游样本底座；后续扩展目标"
"sh600660","600660.SH","福耀玻璃","上交所","汽车","汽车玻璃","汽车","""user_enhance""；""index_base""","","","L8X综合候选池","上游样本底座；后续扩展目标"
"sh600663","600663.SH","陆家嘴","","","","中证500","index_base","","","L8X综合候选池","上游样本底座；后续扩展目标"
"sh600673","600673.SH","东阳光","","","","中证500","index_base","","","L8X综合候选池","上游样本底座；后续扩展目标"
"sh600674","600674.SH","川投能源","","","","沪深300","index_base","","","L8X综合候选池","上游样本底座；后续扩展目标"
"sh600685","600685.SH","中船防务","","","","中证500","index_base","","","L8X综合候选池","上游样本底座；后续扩展目标"
"sh600688","600688.SH","上海石化","","","","中证500","index_base","","","L8X综合候选池","上游样本底座；后续扩展目标"
"sh600690","600690.SH","海尔智家","","","","沪深300","index_base","","","L8X综合候选池","上游样本底座；后续扩展目标"
"sh600699","600699.SH","均胜电子","","","","中证500","index_base","","","L8X综合候选池","上游样本底座；后续扩展目标"
"sh600704","600704.SH","物产中大","","","","中证500","index_base","","","L8X综合候选池","上游样本底座；后续扩展目标"
"sh600707","600707.SH","彩虹股份","","","","中证500","index_base","","","L8X综合候选池","上游样本底座；后续扩展目标"
"sh600720","600720.SH","中交设计","","","","中证500","index_base","","","L8X综合候选池","上游样本底座；后续扩展目标"
"sh600737","600737.SH","中粮糖业","","","","中证500","index_base","","","L8X综合候选池","上游样本底座；后续扩展目标"
"sh600739","600739.SH","辽宁成大","","","","中证500","index_base","","","L8X综合候选池","上游样本底座；后续扩展目标"
"sh600741","600741.SH","华域汽车","","","","沪深300","index_base","","","L8X综合候选池","上游样本底座；后续扩展目标"
"sh600754","600754.SH","锦江酒店","","","","中证500","index_base","","","L8X综合候选池","上游样本底座；后续扩展目标"
"sh600760","600760.SH","中航沈飞","上交所","军工","战斗机","军工/航空航天","""user_enhance""；""index_base""","","","L8X综合候选池","上游样本底座；后续扩展目标"
"sh600763","600763.SH","通策医疗","","","","中证500","index_base","","","L8X综合候选池","上游样本底座；后续扩展目标"
"sh600764","600764.SH","中国海防","","","","中证500","index_base","","","L8X综合候选池","上游样本底座；后续扩展目标"
"sh600765","600765.SH","中航重机","","","","中证500","index_base","","","L8X综合候选池","上游样本底座；后续扩展目标"
"sh600795","600795.SH","国电电力","上交所","电力","火水并举+弹性装机","电力","""user_enhance""；""index_base""","","","L8X综合候选池","上游样本底座；后续扩展目标"
"sh600801","600801.SH","华新建材","","","","中证500","index_base","","","L8X综合候选池","上游样本底座；后续扩展目标"
"sh600803","600803.SH","新奥股份","","","","沪深300","index_base","","","L8X综合候选池","上游样本底座；后续扩展目标"
"sh600808","600808.SH","马钢股份","","","","中证500","index_base","","","L8X综合候选池","上游样本底座；后续扩展目标"
"sh600809","600809.SH","山西汾酒","","","","沪深300","index_base","","","L8X综合候选池","上游样本底座；后续扩展目标"
"sh600816","600816.SH","建元信托","","","","中证500","index_base","","","L8X综合候选池","上游样本底座；后续扩展目标"
"sh600820","600820.SH","隧道股份","","","","中证500","index_base","","","L8X综合候选池","上游样本底座；后续扩展目标"
"sh600845","600845.SH","宝信软件","","","","沪深300","index_base","","","L8X综合候选池","上游样本底座；后续扩展目标"
"sh600848","600848.SH","上海临港","","","","中证500","index_base","","","L8X综合候选池","上游样本底座；后续扩展目标"
"sh600862","600862.SH","中航高科","","","","中证500","index_base","","","L8X综合候选池","上游样本底座；后续扩展目标"
"sh600863","600863.SH","华能蒙电","","","","中证500","index_base","","","L8X综合候选池","上游样本底座；后续扩展目标"
"sh600871","600871.SH","石化油服","","","","中证500","index_base","","","L8X综合候选池","上游样本底座；后续扩展目标"
"sh600873","600873.SH","梅花生物","","","","中证500","index_base","","","L8X综合候选池","上游样本底座；后续扩展目标"
"sh600875","600875.SH","东方电气","","","","沪深300","index_base","","","L8X综合候选池","上游样本底座；后续扩展目标"
"sh600879","600879.SH","航天电子","","","","中证500","index_base","","","L8X综合候选池","上游样本底座；后续扩展目标"
"sh600884","600884.SH","杉杉股份","","","","中证500","index_base","","","L8X综合候选池","上游样本底座；后续扩展目标"
"sh600885","600885.SH","宏发股份","","","","中证500","index_base","","","L8X综合候选池","上游样本底座；后续扩展目标"
"sh600886","600886.SH","国投电力","","","","沪深300","index_base","","","L8X综合候选池","上游样本底座；后续扩展目标"
"sh600887","600887.SH","伊利股份","上交所","食品饮料","乳制品","大消费","""user_enhance""；""index_base""","","","L8X综合候选池","上游样本底座；后续扩展目标"
"sh600893","600893.SH","航发动力","","","","沪深300","index_base","","","L8X综合候选池","上游样本底座；后续扩展目标"
"sh600900","600900.SH","长江电力","上交所","电力","水电","大消费","""user_enhance""；""index_base""","","","L8X综合候选池","上游样本底座；后续扩展目标"
"sh600901","600901.SH","江苏金租","","","","中证500","index_base","","","L8X综合候选池","上游样本底座；后续扩展目标"
"sh600905","600905.SH","三峡能源","","","","沪深300","index_base","","","L8X综合候选池","上游样本底座；后续扩展目标"
"sh600906","600906.SH","财达证券","","","","中证500","index_base","","","L8X综合候选池","上游样本底座；后续扩展目标"
"sh600909","600909.SH","华安证券","","","","中证500","index_base","","","L8X综合候选池","上游样本底座；后续扩展目标"
"sh600918","600918.SH","中泰证券","","","","沪深300","index_base","","","L8X综合候选池","上游样本底座；后续扩展目标"
"sh600919","600919.SH","江苏银行","","","","沪深300","index_base","","","L8X综合候选池","上游样本底座；后续扩展目标"
"sh600926","600926.SH","杭州银行","","","","沪深300","index_base","","","L8X综合候选池","上游样本底座；后续扩展目标"
"sh600927","600927.SH","永安期货","","","","中证500","index_base","","","L8X综合候选池","上游样本底座；后续扩展目标"
"sh600930","600930.SH","华电新能","","","","沪深300","index_base","","","L8X综合候选池","上游样本底座；后续扩展目标"
"sh600938","600938.SH","中国海油","上交所","石油石化","海上油气","石油石化","""user_enhance""；""index_base""","","","L8X综合候选池","上游样本底座；后续扩展目标"
"sh600941","600941.SH","中国移动","上交所","通信","电信运营商","通信","""user_enhance""；""index_base""","","","L8X综合候选池","上游样本底座；后续扩展目标"
"sh600958","600958.SH","东方证券","","","","沪深300","index_base","","","L8X综合候选池","上游样本底座；后续扩展目标"
"sh600959","600959.SH","江苏有线","","","","中证500","index_base","","","L8X综合候选池","上游样本底座；后续扩展目标"
"sh600967","600967.SH","内蒙一机","","","","中证500","index_base","","","L8X综合候选池","上游样本底座；后续扩展目标"
"sh600968","600968.SH","海油发展","","","","中证500","index_base","","","L8X综合候选池","上游样本底座；后续扩展目标"
"sh600970","600970.SH","中材国际","","","","中证500","index_base","","","L8X综合候选池","上游样本底座；后续扩展目标"
"sh600977","600977.SH","中国电影","","","","中证500","index_base","","","L8X综合候选池","上游样本底座；后续扩展目标"
"sh600985","600985.SH","淮北矿业","","","","中证500","index_base","","","L8X综合候选池","上游样本底座；后续扩展目标"
"sh600988","600988.SH","赤峰黄金","","","","中证500","index_base","","","L8X综合候选池","上游样本底座；后续扩展目标"
"sh600989","600989.SH","宝丰能源","","","","沪深300","index_base","","","L8X综合候选池","上游样本底座；后续扩展目标"
"sh600995","600995.SH","南网储能","","","","中证500","index_base","","","L8X综合候选池","上游样本底座；后续扩展目标"
"sh600998","600998.SH","九州通","","","","中证500","index_base","","","L8X综合候选池","上游样本底座；后续扩展目标"
"sh600999","600999.SH","招商证券","","","","沪深300","index_base","","","L8X综合候选池","上游样本底座；后续扩展目标"
"sh601000","601000.SH","唐山港","","","","中证500","index_base","","","L8X综合候选池","上游样本底座；后续扩展目标"
"sh601001","601001.SH","晋控煤业","","","","中证500","index_base","","","L8X综合候选池","上游样本底座；后续扩展目标"
"sh601006","601006.SH","大秦铁路","","","","沪深300","index_base","","","L8X综合候选池","上游样本底座；后续扩展目标"
"sh601009","601009.SH","南京银行","","","","沪深300","index_base","","","L8X综合候选池","上游样本底座；后续扩展目标"
"sh601012","601012.SH","隆基绿能","上交所","新能源","光伏硅片+组件","新能源","""user_enhance""；""index_base""","","","L8X综合候选池","上游样本底座；后续扩展目标"
"sh601016","601016.SH","节能风电","","","","中证500","index_base","","","L8X综合候选池","上游样本底座；后续扩展目标"
"sh601018","601018.SH","宁波港","","","","沪深300","index_base","","","L8X综合候选池","上游样本底座；后续扩展目标"
"sh601019","601019.SH","山东出版","","","","中证500","index_base","","","L8X综合候选池","上游样本底座；后续扩展目标"
"sh601021","601021.SH","春秋航空","","","","沪深300","index_base","","","L8X综合候选池","上游样本底座；后续扩展目标"
"sh601058","601058.SH","赛轮轮胎","","","","沪深300","index_base","","","L8X综合候选池","上游样本底座；后续扩展目标"
"sh601059","601059.SH","信达证券","","","","沪深300","index_base","","","L8X综合候选池","上游样本底座；后续扩展目标"
"sh601061","601061.SH","中信金属","","","","中证500","index_base","","","L8X综合候选池","上游样本底座；后续扩展目标"
"sh601066","601066.SH","中信建投","","","","沪深300","index_base","","","L8X综合候选池","上游样本底座；后续扩展目标"
"sh601077","601077.SH","渝农商行","","","","沪深300","index_base","","","L8X综合候选池","上游样本底座；后续扩展目标"
"sh601088","601088.SH","中国神华","","","","沪深300","index_base","","","L8X综合候选池","上游样本底座；后续扩展目标"
"sh601098","601098.SH","中南传媒","","","","中证500","index_base","","","L8X综合候选池","上游样本底座；后续扩展目标"
"sh601099","601099.SH","太平洋","","","","中证500","index_base","","","L8X综合候选池","上游样本底座；后续扩展目标"
"sh601100","601100.SH","恒立液压","","","","沪深300","index_base","","","L8X综合候选池","上游样本底座；后续扩展目标"
"sh601106","601106.SH","中国一重","","","","中证500","index_base","","","L8X综合候选池","上游样本底座；后续扩展目标"
"sh601108","601108.SH","财通证券","","","","中证500","index_base","","","L8X综合候选池","上游样本底座；后续扩展目标"
"sh601111","601111.SH","中国国航","上交所","交通运输","航空","交通运输","""user_enhance""；""index_base""","","","L8X综合候选池","上游样本底座；后续扩展目标"
"sh601117","601117.SH","中国化学","","","","沪深300","index_base","","","L8X综合候选池","上游样本底座；后续扩展目标"
"sh601118","601118.SH","海南橡胶","","","","中证500","index_base","","","L8X综合候选池","上游样本底座；后续扩展目标"
"sh601127","601127.SH","赛力斯","","","","沪深300","index_base","","","L8X综合候选池","上游样本底座；后续扩展目标"
"sh601128","601128.SH","常熟银行","","","","中证500","index_base","","","L8X综合候选池","上游样本底座；后续扩展目标"
"sh601136","601136.SH","首创证券","","","","沪深300","index_base","","","L8X综合候选池","上游样本底座；后续扩展目标"
"sh601138","601138.SH","工业富联","上交所","电子制造","AI服务器","AI算力","""user_enhance""；""index_base""","","","L8X综合候选池","上游样本底座；后续扩展目标"
"sh601139","601139.SH","深圳燃气","","","","中证500","index_base","","","L8X综合候选池","上游样本底座；后续扩展目标"
"sh601155","601155.SH","新城控股","","","","中证500","index_base","","","L8X综合候选池","上游样本底座；后续扩展目标"
"sh601156","601156.SH","东航物流","","","","中证500","index_base","","","L8X综合候选池","上游样本底座；后续扩展目标"
"sh601162","601162.SH","天风证券","","","","中证500","index_base","","","L8X综合候选池","上游样本底座；后续扩展目标"
"sh601166","601166.SH","兴业银行","","","","沪深300","index_base","","","L8X综合候选池","上游样本底座；后续扩展目标"
"sh601168","601168.SH","西部矿业","","","","中证500","index_base","","","L8X综合候选池","上游样本底座；后续扩展目标"
"sh601169","601169.SH","北京银行","","","","沪深300","index_base","","","L8X综合候选池","上游样本底座；后续扩展目标"
"sh601179","601179.SH","中国西电","","","","中证500","index_base","","","L8X综合候选池","上游样本底座；后续扩展目标"
"sh601186","601186.SH","中国铁建","","","","沪深300","index_base","","","L8X综合候选池","上游样本底座；后续扩展目标"
"sh601198","601198.SH","东兴证券","","","","中证500","index_base","","","L8X综合候选池","上游样本底座；后续扩展目标"
"sh601211","601211.SH","国泰海通","","","","沪深300","index_base","","","L8X综合候选池","上游样本底座；后续扩展目标"
"sh601212","601212.SH","白银有色","","","","中证500","index_base","","","L8X综合候选池","上游样本底座；后续扩展目标"
"sh601216","601216.SH","君正集团","","","","中证500","index_base","","","L8X综合候选池","上游样本底座；后续扩展目标"
"sh601225","601225.SH","陕西煤业","","","","沪深300","index_base","","","L8X综合候选池","上游样本底座；后续扩展目标"
"sh601228","601228.SH","广州港","","","","中证500","index_base","","","L8X综合候选池","上游样本底座；后续扩展目标"
"sh601229","601229.SH","上海银行","","","","沪深300","index_base","","","L8X综合候选池","上游样本底座；后续扩展目标"
"sh601231","601231.SH","环旭电子","","","","中证500","index_base","","","L8X综合候选池","上游样本底座；后续扩展目标"
"sh601233","601233.SH","桐昆股份","","","","中证500","index_base","","","L8X综合候选池","上游样本底座；后续扩展目标"
"sh601236","601236.SH","红塔证券","","","","沪深300","index_base","","","L8X综合候选池","上游样本底座；后续扩展目标"
"sh601238","601238.SH","广汽集团","","","","沪深300","index_base","","","L8X综合候选池","上游样本底座；后续扩展目标"
"sh601288","601288.SH","农业银行","","","","沪深300","index_base","","","L8X综合候选池","上游样本底座；后续扩展目标"
"sh601298","601298.SH","青岛港","","","","沪深300","index_base","","","L8X综合候选池","上游样本底座；后续扩展目标"
"sh601318","601318.SH","中国平安","上交所","金融","保险","金融","""user_enhance""；""index_base""","","","L8X综合候选池","上游样本底座；后续扩展目标"
"sh601319","601319.SH","中国人保","","","","沪深300","index_base","","","L8X综合候选池","上游样本底座；后续扩展目标"
"sh601328","601328.SH","交通银行","","","","沪深300","index_base","","","L8X综合候选池","上游样本底座；后续扩展目标"
"sh601333","601333.SH","广深铁路","","","","中证500","index_base","","","L8X综合候选池","上游样本底座；后续扩展目标"
"sh601336","601336.SH","新华保险","","","","沪深300","index_base","","","L8X综合候选池","上游样本底座；后续扩展目标"
"sh601360","601360.SH","三六零","","","","沪深300","index_base","","","L8X综合候选池","上游样本底座；后续扩展目标"
"sh601377","601377.SH","兴业证券","","","","沪深300","index_base","","","L8X综合候选池","上游样本底座；后续扩展目标"
"sh601390","601390.SH","中国中铁","","","","沪深300","index_base","","","L8X综合候选池","上游样本底座；后续扩展目标"
"sh601398","601398.SH","工商银行","","","","沪深300","index_base","","","L8X综合候选池","上游样本底座；后续扩展目标"
"sh601399","601399.SH","国机重装","","","","中证500","index_base","","","L8X综合候选池","上游样本底座；后续扩展目标"
"sh601456","601456.SH","国联民生","","","","沪深300","index_base","","","L8X综合候选池","上游样本底座；后续扩展目标"
"sh601555","601555.SH","东吴证券","","","","中证500","index_base","","","L8X综合候选池","上游样本底座；后续扩展目标"
"sh601567","601567.SH","三星电气","","","","中证500","index_base","","","L8X综合候选池","上游样本底座；后续扩展目标"
"sh601577","601577.SH","长沙银行","","","","中证500","index_base","","","L8X综合候选池","上游样本底座；后续扩展目标"
"sh601598","601598.SH","中国外运","","","","中证500","index_base","","","L8X综合候选池","上游样本底座；后续扩展目标"
"sh601600","601600.SH","中国铝业","","","","沪深300","index_base","","","L8X综合候选池","上游样本底座；后续扩展目标"
"sh601601","601601.SH","中国太保","","","","沪深300","index_base","","","L8X综合候选池","上游样本底座；后续扩展目标"
"sh601607","601607.SH","上海医药","","","","沪深300","index_base","","","L8X综合候选池","上游样本底座；后续扩展目标"
"sh601608","601608.SH","中信重工","","","","中证500","index_base","","","L8X综合候选池","上游样本底座；后续扩展目标"
"sh601611","601611.SH","中国核建","","","","中证500","index_base","","","L8X综合候选池","上游样本底座；后续扩展目标"
"sh601615","601615.SH","明阳智能","","","","中证500","index_base","","","L8X综合候选池","上游样本底座；后续扩展目标"
"sh601618","601618.SH","中国中冶","","","","沪深300","index_base","","","L8X综合候选池","上游样本底座；后续扩展目标"
"sh601628","601628.SH","中国人寿","","","","沪深300","index_base","","","L8X综合候选池","上游样本底座；后续扩展目标"
"sh601633","601633.SH","长城汽车","上交所","汽车","整车","汽车","""user_enhance""；""index_base""","","","L8X综合候选池","上游样本底座；后续扩展目标"
"sh601658","601658.SH","邮储银行","","","","沪深300","index_base","","","L8X综合候选池","上游样本底座；后续扩展目标"
"sh601665","601665.SH","齐鲁银行","","","","中证500","index_base","","","L8X综合候选池","上游样本底座；后续扩展目标"
"sh601666","601666.SH","平煤股份","","","","中证500","index_base","","","L8X综合候选池","上游样本底座；后续扩展目标"
"sh601668","601668.SH","中国建筑","上交所","建筑装饰","建筑央国企","建筑装饰","""user_enhance""；""index_base""","","","L8X综合候选池","上游样本底座；后续扩展目标"
"sh601669","601669.SH","中国电建","","","","沪深300","index_base","","","L8X综合候选池","上游样本底座；后续扩展目标"
"sh601688","601688.SH","华泰证券","","","","沪深300","index_base","","","L8X综合候选池","上游样本底座；后续扩展目标"
"sh601689","601689.SH","拓普集团","","","","沪深300","index_base","","","L8X综合候选池","上游样本底座；后续扩展目标"
"sh601696","601696.SH","中银证券","","","","中证500","index_base","","","L8X综合候选池","上游样本底座；后续扩展目标"
"sh601698","601698.SH","中国卫通","","","","沪深300","index_base","","","L8X综合候选池","上游样本底座；后续扩展目标"
"sh601699","601699.SH","潞安环能","","","","中证500","index_base","","","L8X综合候选池","上游样本底座；后续扩展目标"
"sh601717","601717.SH","中创智领","","","","中证500","index_base","","","L8X综合候选池","上游样本底座；后续扩展目标"
"sh601728","601728.SH","中国电信","","","","沪深300","index_base","","","L8X综合候选池","上游样本底座；后续扩展目标"
"sh601766","601766.SH","中国中车","","","","沪深300","index_base","","","L8X综合候选池","上游样本底座；后续扩展目标"
"sh601788","601788.SH","光大证券","","","","沪深300","index_base","","","L8X综合候选池","上游样本底座；后续扩展目标"
"sh601799","601799.SH","星宇股份","","","","中证500","index_base","","","L8X综合候选池","上游样本底座；后续扩展目标"
"sh601800","601800.SH","中国交建","上交所","建筑装饰","基建+运河经济","建筑装饰","""user_enhance""；""index_base""","","","L8X综合候选池","上游样本底座；后续扩展目标"
"sh601808","601808.SH","中海油服","","","","沪深300","index_base","","","L8X综合候选池","上游样本底座；后续扩展目标"
"sh601816","601816.SH","京沪高铁","","","","沪深300","index_base","","","L8X综合候选池","上游样本底座；后续扩展目标"
"sh601818","601818.SH","光大银行","","","","沪深300","index_base","","","L8X综合候选池","上游样本底座；后续扩展目标"
"sh601825","601825.SH","沪农商行","","","","沪深300","index_base","","","L8X综合候选池","上游样本底座；后续扩展目标"
"sh601838","601838.SH","成都银行","","","","沪深300","index_base","","","L8X综合候选池","上游样本底座；后续扩展目标"
"sh601857","601857.SH","中国石油","上交所","石油石化","油气+天然气","石油石化","""user_enhance""；""index_base""","","","L8X综合候选池","上游样本底座；后续扩展目标"
"sh601865","601865.SH","福莱特","","","","中证500","index_base","","","L8X综合候选池","上游样本底座；后续扩展目标"
"sh601866","601866.SH","中远海发","","","","中证500","index_base","","","L8X综合候选池","上游样本底座；后续扩展目标"
"sh601868","601868.SH","中国能建","","","","沪深300","index_base","","","L8X综合候选池","上游样本底座；后续扩展目标"
"sh601872","601872.SH","招商轮船","","","","沪深300","index_base","","","L8X综合候选池","上游样本底座；后续扩展目标"
"sh601877","601877.SH","正泰电器","","","","沪深300","index_base","","","L8X综合候选池","上游样本底座；后续扩展目标"
"sh601878","601878.SH","浙商证券","","","","沪深300","index_base","","","L8X综合候选池","上游样本底座；后续扩展目标"
"sh601880","601880.SH","辽港股份","","","","中证500","index_base","","","L8X综合候选池","上游样本底座；后续扩展目标"
"sh601881","601881.SH","中国银河","","","","沪深300","index_base","","","L8X综合候选池","上游样本底座；后续扩展目标"
"sh601882","601882.SH","海天精工","上交所","机械设备","大型龙门加工中心","机械设备","""user_enhance""；""strategic""","用户增强观察池重点关注；未纳入L8指数基底池；机械设备；大型龙门加工中心","","L8X综合候选池","上游样本底座；后续扩展目标"
"sh601888","601888.SH","中国中免","","","","沪深300","index_base","","","L8X综合候选池","上游样本底座；后续扩展目标"
"sh601898","601898.SH","中煤能源","","","","沪深300","index_base","","","L8X综合候选池","上游样本底座；后续扩展目标"
"sh601899","601899.SH","紫金矿业","上交所","有色金属","铜金矿","资源/材料","""user_enhance""；""index_base""","","","L8X综合候选池","上游样本底座；后续扩展目标"
"sh601901","601901.SH","方正证券","","","","沪深300","index_base","","","L8X综合候选池","上游样本底座；后续扩展目标"
"sh601916","601916.SH","浙商银行","","","","沪深300","index_base","","","L8X综合候选池","上游样本底座；后续扩展目标"
"sh601918","601918.SH","新集能源","","","","中证500","index_base","","","L8X综合候选池","上游样本底座；后续扩展目标"
"sh601919","601919.SH","中远海控","","","","沪深300","index_base","","","L8X综合候选池","上游样本底座；后续扩展目标"
"sh601921","601921.SH","浙版传媒","","","","中证500","index_base","","","L8X综合候选池","上游样本底座；后续扩展目标"
"sh601928","601928.SH","凤凰传媒","","","","中证500","index_base","","","L8X综合候选池","上游样本底座；后续扩展目标"
"sh601939","601939.SH","建设银行","","","","沪深300","index_base","","","L8X综合候选池","上游样本底座；后续扩展目标"
"sh601958","601958.SH","金钼股份","","","","中证500","index_base","","","L8X综合候选池","上游样本底座；后续扩展目标"
"sh601965","601965.SH","中国汽研","","","","中证500","index_base","","","L8X综合候选池","上游样本底座；后续扩展目标"
"sh601966","601966.SH","玲珑轮胎","","","","中证500","index_base","","","L8X综合候选池","上游样本底座；后续扩展目标"
"sh601985","601985.SH","中国核电","上交所","电力","核电","电力","""user_enhance""；""index_base""","","","L8X综合候选池","上游样本底座；后续扩展目标"
"sh601988","601988.SH","中国银行","","","","沪深300","index_base","","","L8X综合候选池","上游样本底座；后续扩展目标"
"sh601990","601990.SH","南京证券","","","","中证500","index_base","","","L8X综合候选池","上游样本底座；后续扩展目标"
"sh601991","601991.SH","大唐发电","","","","中证500","index_base","","","L8X综合候选池","上游样本底座；后续扩展目标"
"sh601995","601995.SH","中金公司","","","","沪深300","index_base","","","L8X综合候选池","上游样本底座；后续扩展目标"
"sh601997","601997.SH","贵阳银行","","","","中证500","index_base","","","L8X综合候选池","上游样本底座；后续扩展目标"
"sh601998","601998.SH","中信银行","","","","沪深300","index_base","","","L8X综合候选池","上游样本底座；后续扩展目标"
"sh603000","603000.SH","人民网","","","","中证500","index_base","","","L8X综合候选池","上游样本底座；后续扩展目标"
"sh603019","603019.SH","中科曙光","","","","沪深300","index_base","","","L8X综合候选池","上游样本底座；后续扩展目标"
"sh603049","603049.SH","中策橡胶","","","","中证500","index_base","","","L8X综合候选池","上游样本底座；后续扩展目标"
"sh603077","603077.SH","和邦生物","","","","中证500","index_base","","","L8X综合候选池","上游样本底座；后续扩展目标"
"sh603087","603087.SH","甘李药业","","","","中证500","index_base","","","L8X综合候选池","上游样本底座；后续扩展目标"
"sh603129","603129.SH","春风动力","","","","中证500","index_base","","","L8X综合候选池","上游样本底座；后续扩展目标"
"sh603156","603156.SH","养元饮品","","","","中证500","index_base","","","L8X综合候选池","上游样本底座；后续扩展目标"
"sh603160","603160.SH","汇顶科技","","","","中证500","index_base","","","L8X综合候选池","上游样本底座；后续扩展目标"
"sh603179","603179.SH","新泉股份","","","","中证500","index_base","","","L8X综合候选池","上游样本底座；后续扩展目标"
"sh603195","603195.SH","公牛集团","","","","沪深300","index_base","","","L8X综合候选池","上游样本底座；后续扩展目标"
"sh603225","603225.SH","新凤鸣","","","","中证500","index_base","","","L8X综合候选池","上游样本底座；后续扩展目标"
"sh603228","603228.SH","景旺电子","","","","中证500","index_base","","","L8X综合候选池","上游样本底座；后续扩展目标"
"sh603233","603233.SH","大参林","","","","中证500","index_base","","","L8X综合候选池","上游样本底座；后续扩展目标"
"sh603259","603259.SH","药明康德","上交所","医药医疗","CXO","医药/医疗","""user_enhance""；""index_base""","","","L8X综合候选池","上游样本底座；后续扩展目标"
"sh603260","603260.SH","合盛硅业","","","","沪深300","index_base","","","L8X综合候选池","上游样本底座；后续扩展目标"
"sh603288","603288.SH","海天味业","","","","沪深300","index_base","","","L8X综合候选池","上游样本底座；后续扩展目标"
"sh603290","603290.SH","斯达半导","","","","中证500","index_base","","","L8X综合候选池","上游样本底座；后续扩展目标"
"sh603296","603296.SH","华勤技术","","","","沪深300","index_base","","","L8X综合候选池","上游样本底座；后续扩展目标"
"sh603298","603298.SH","杭叉集团","","","","中证500","index_base","","","L8X综合候选池","上游样本底座；后续扩展目标"
"sh603338","603338.SH","浙江鼎力","","","","中证500","index_base","","","L8X综合候选池","上游样本底座；后续扩展目标"
"sh603341","603341.SH","龙旗科技","","","","中证500","index_base","","","L8X综合候选池","上游样本底座；后续扩展目标"
"sh603345","603345.SH","安井食品","","","","中证500","index_base","","","L8X综合候选池","上游样本底座；后续扩展目标"
"sh603369","603369.SH","今世缘","","","","沪深300","index_base","","","L8X综合候选池","上游样本底座；后续扩展目标"
"sh603379","603379.SH","三美股份","","","","中证500","index_base","","","L8X综合候选池","上游样本底座；后续扩展目标"
"sh603392","603392.SH","万泰生物","","","","沪深300","index_base","","","L8X综合候选池","上游样本底座；后续扩展目标"
"sh603444","603444.SH","吉比特","","","","中证500","index_base","","","L8X综合候选池","上游样本底座；后续扩展目标"
"sh603486","603486.SH","科沃斯","","","","中证500","index_base","","","L8X综合候选池","上游样本底座；后续扩展目标"
"sh603501","603501.SH","韦尔股份","上交所","半导体","CMOS图像传感器","半导体","""user_enhance""；""index_base""","","","L8X综合候选池","上游样本底座；后续扩展目标"
"sh603529","603529.SH","爱玛科技","","","","中证500","index_base","","","L8X综合候选池","上游样本底座；后续扩展目标"
"sh603565","603565.SH","中谷物流","","","","中证500","index_base","","","L8X综合候选池","上游样本底座；后续扩展目标"
"sh603568","603568.SH","伟明环保","上交所","环保","固废处理+垃圾焚烧","环保","""user_enhance""；""index_base""","","","L8X综合候选池","上游样本底座；后续扩展目标"
"sh603588","603588.SH","高能环境","上交所","环保","生态修复","环保","""user_enhance""；""strategic""","用户增强观察池重点关注；未纳入L8指数基底池；环保；生态修复","","L8X综合候选池","上游样本底座；后续扩展目标"
"sh603589","603589.SH","口子窖","","","","中证500","index_base","","","L8X综合候选池","上游样本底座；后续扩展目标"
"sh603596","603596.SH","伯特利","","","","中证500","index_base","","","L8X综合候选池","上游样本底座；后续扩展目标"
"sh603605","603605.SH","珀莱雅","","","","中证500","index_base","","","L8X综合候选池","上游样本底座；后续扩展目标"
"sh603606","603606.SH","东方电缆","","","","中证500","index_base","","","L8X综合候选池","上游样本底座；后续扩展目标"
"sh603650","603650.SH","彤程新材","","","","中证500","index_base","","","L8X综合候选池","上游样本底座；后续扩展目标"
"sh603658","603658.SH","安图生物","","","","中证500","index_base","","","L8X综合候选池","上游样本底座；后续扩展目标"
"sh603659","603659.SH","璞泰来","","","","中证500","index_base","","","L8X综合候选池","上游样本底座；后续扩展目标"
"sh603688","603688.SH","石英股份","","","","中证500","index_base","","","L8X综合候选池","上游样本底座；后续扩展目标"
"sh603699","603699.SH","纽威股份","","","","中证500","index_base","","","L8X综合候选池","上游样本底座；后续扩展目标"
"sh603707","603707.SH","健友股份","","","","中证500","index_base","","","L8X综合候选池","上游样本底座；后续扩展目标"
"sh603728","603728.SH","鸣志电器","","","","中证500","index_base","","","L8X综合候选池","上游样本底座；后续扩展目标"
"sh603737","603737.SH","三棵树","","","","中证500","index_base","","","L8X综合候选池","上游样本底座；后续扩展目标"
"sh603766","603766.SH","隆鑫通用","","","","中证500","index_base","","","L8X综合候选池","上游样本底座；后续扩展目标"
"sh603786","603786.SH","科博达","","","","中证500","index_base","","","L8X综合候选池","上游样本底座；后续扩展目标"
"sh603799","603799.SH","华友钴业","","","","沪深300","index_base","","","L8X综合候选池","上游样本底座；后续扩展目标"
"sh603806","603806.SH","福斯特","","","","中证500","index_base","","","L8X综合候选池","上游样本底座；后续扩展目标"
"sh603816","603816.SH","顾家家居","","","","中证500","index_base","","","L8X综合候选池","上游样本底座；后续扩展目标"
"sh603833","603833.SH","欧派家居","","","","中证500","index_base","","","L8X综合候选池","上游样本底座；后续扩展目标"
"sh603858","603858.SH","步长制药","","","","中证500","index_base","","","L8X综合候选池","上游样本底座；后续扩展目标"
"sh603885","603885.SH","吉祥航空","","","","中证500","index_base","","","L8X综合候选池","上游样本底座；后续扩展目标"
"sh603893","603893.SH","瑞芯微","","","","沪深300","index_base","","","L8X综合候选池","上游样本底座；后续扩展目标"
"sh603899","603899.SH","晨光股份","","","","中证500","index_base","","","L8X综合候选池","上游样本底座；后续扩展目标"
"sh603920","603920.SH","世运电路","","","","中证500","index_base","","","L8X综合候选池","上游样本底座；后续扩展目标"
"sh603927","603927.SH","中科软","","","","中证500","index_base","","","L8X综合候选池","上游样本底座；后续扩展目标"
"sh603939","603939.SH","益丰药房","","","","中证500","index_base","","","L8X综合候选池","上游样本底座；后续扩展目标"
"sh603979","603979.SH","金诚信","","","","中证500","index_base","","","L8X综合候选池","上游样本底座；后续扩展目标"
"sh603986","603986.SH","兆易创新","上交所","半导体","存储芯片、MCU","半导体","""user_enhance""；""index_base""","","","L8X综合候选池","上游样本底座；后续扩展目标"
"sh603993","603993.SH","洛阳钼业","上交所","有色金属","铜钴钼","有色金属","""user_enhance""；""index_base""","","","L8X综合候选池","上游样本底座；后续扩展目标"
"sh605117","605117.SH","德业股份","","","","沪深300","index_base","","","L8X综合候选池","上游样本底座；后续扩展目标"
"sh605358","605358.SH","立昂微","","","","中证500","index_base","","","L8X综合候选池","上游样本底座；后续扩展目标"
"sh605499","605499.SH","东鹏饮料","","","","沪深300","index_base","","","L8X综合候选池","上游样本底座；后续扩展目标"
"sh605589","605589.SH","圣泉集团","","","","中证500","index_base","","","L8X综合候选池","上游样本底座；后续扩展目标"
"sh688002","688002.SH","睿创微纳","","","","中证500","index_base","","","L8X综合候选池","上游样本底座；后续扩展目标"
"sh688008","688008.SH","澜起科技","上交所","半导体","内存接口芯片","半导体","""user_enhance""；""index_base""","","","L8X综合候选池","上游样本底座；后续扩展目标"
"sh688009","688009.SH","中国通号","","","","沪深300","index_base","","","L8X综合候选池","上游样本底座；后续扩展目标"
"sh688012","688012.SH","中微公司","上交所","半导体","刻蚀设备","半导体","""user_enhance""；""index_base""","","","L8X综合候选池","上游样本底座；后续扩展目标"
"sh688017","688017.SH","绿的谐波","","","","中证500","index_base","","","L8X综合候选池","上游样本底座；后续扩展目标"
"sh688018","688018.SH","乐鑫科技","","","","中证500","index_base","","","L8X综合候选池","上游样本底座；后续扩展目标"
"sh688019","688019.SH","安集科技","","","","中证500","index_base","","","L8X综合候选池","上游样本底座；后续扩展目标"
"sh688027","688027.SH","国盾量子","","","","中证500","index_base","","","L8X综合候选池","上游样本底座；后续扩展目标"
"sh688036","688036.SH","传音控股","","","","沪深300","index_base","","","L8X综合候选池","上游样本底座；后续扩展目标"
"sh688037","688037.SH","芯源微","","","","中证500","index_base","","","L8X综合候选池","上游样本底座；后续扩展目标"
"sh688041","688041.SH","海光信息","上交所","半导体","高端处理器(CPU/DCU)","AI算力","""user_enhance""；""index_base""","","","L8X综合候选池","上游样本底座；后续扩展目标"
"sh688047","688047.SH","龙芯中科","上交所","半导体","国产CPU","半导体","""user_enhance""；""index_base""","","","L8X综合候选池","上游样本底座；后续扩展目标"
"sh688052","688052.SH","纳芯微","","","","中证500","index_base","","","L8X综合候选池","上游样本底座；后续扩展目标"
"sh688065","688065.SH","凯赛生物","","","","中证500","index_base","","","L8X综合候选池","上游样本底座；后续扩展目标"
"sh688082","688082.SH","盛美上海","上交所","半导体","清洗设备","半导体","""user_enhance""；""index_base""","","","L8X综合候选池","上游样本底座；后续扩展目标"
"sh688099","688099.SH","晶晨股份","","","","中证500","index_base","","","L8X综合候选池","上游样本底座；后续扩展目标"
"sh688100","688100.SH","威胜信息","","","","中证500","index_base","","","L8X综合候选池","上游样本底座；后续扩展目标"
"sh688111","688111.SH","金山办公","上交所","软件互联网","办公软件","软件/互联网","""user_enhance""；""index_base""","","","L8X综合候选池","上游样本底座；后续扩展目标"
"sh688114","688114.SH","华大智造","","","","中证500","index_base","","","L8X综合候选池","上游样本底座；后续扩展目标"
"sh688120","688120.SH","华海清科","","","","中证500","index_base","","","L8X综合候选池","上游样本底座；后续扩展目标"
"sh688122","688122.SH","西部超导","","","","中证500","index_base","","","L8X综合候选池","上游样本底座；后续扩展目标"
"sh688126","688126.SH","沪硅产业","","","","沪深300","index_base","","","L8X综合候选池","上游样本底座；后续扩展目标"
"sh688166","688166.SH","博瑞医药","","","","中证500","index_base","","","L8X综合候选池","上游样本底座；后续扩展目标"
"sh688169","688169.SH","石头科技","","","","沪深300","index_base","","","L8X综合候选池","上游样本底座；后续扩展目标"
"sh688172","688172.SH","燕东微","","","","中证500","index_base","","","L8X综合候选池","上游样本底座；后续扩展目标"
"sh688180","688180.SH","君实生物","","","","中证500","index_base","","","L8X综合候选池","上游样本底座；后续扩展目标"
"sh688183","688183.SH","生益电子","","","","中证500","index_base","","","L8X综合候选池","上游样本底座；后续扩展目标"
"sh688187","688187.SH","时代电气","","","","沪深300","index_base","","","L8X综合候选池","上游样本底座；后续扩展目标"
"sh688188","688188.SH","柏楚电子","","","","中证500","index_base","","","L8X综合候选池","上游样本底座；后续扩展目标"
"sh688192","688192.SH","迪哲医药","","","","中证500","index_base","","","L8X综合候选池","上游样本底座；后续扩展目标"
"sh688213","688213.SH","思特威","","","","中证500","index_base","","","L8X综合候选池","上游样本底座；后续扩展目标"
"sh688220","688220.SH","翱捷科技","","","","中证500","index_base","","","L8X综合候选池","上游样本底座；后续扩展目标"
"sh688223","688223.SH","晶科能源","","","","沪深300","index_base","","","L8X综合候选池","上游样本底座；后续扩展目标"
"sh688234","688234.SH","天岳先进","上交所","半导体","第三代半导体材料","半导体","""user_enhance""；""index_base""","","","L8X综合候选池","上游样本底座；后续扩展目标"
"sh688235","688235.SH","百济神州","上交所","医药医疗","抗肿瘤创新药","医药/医疗","""user_enhance""；""index_base""","","","L8X综合候选池","上游样本底座；后续扩展目标"
"sh688248","688248.SH","南网科技","","","","中证500","index_base","","","L8X综合候选池","上游样本底座；后续扩展目标"
"sh688256","688256.SH","寒武纪","上交所","半导体","AI芯片、智能处理器","AI算力","""user_enhance""；""index_base""","","","L8X综合候选池","上游样本底座；后续扩展目标"
"sh688266","688266.SH","泽璟制药","","","","中证500","index_base","","","L8X综合候选池","上游样本底座；后续扩展目标"
"sh688271","688271.SH","联影医疗","","","","沪深300","index_base","","","L8X综合候选池","上游样本底座；后续扩展目标"
"sh688278","688278.SH","特宝生物","","","","中证500","index_base","","","L8X综合候选池","上游样本底座；后续扩展目标"
"sh688281","688281.SH","华秦科技","","","","中证500","index_base","","","L8X综合候选池","上游样本底座；后续扩展目标"
"sh688295","688295.SH","中复神鹰","","","","中证500","index_base","","","L8X综合候选池","上游样本底座；后续扩展目标"
"sh688297","688297.SH","中无人机","","","","中证500","index_base","","","L8X综合候选池","上游样本底座；后续扩展目标"
"sh688301","688301.SH","奕瑞科技","","","","中证500","index_base","","","L8X综合候选池","上游样本底座；后续扩展目标"
"sh688303","688303.SH","大全能源","","","","沪深300","index_base","","","L8X综合候选池","上游样本底座；后续扩展目标"
"sh688305","688305.SH","科德数控","上交所","机械设备","五轴联动龙门","机械设备","""user_enhance""；""strategic""","用户增强观察池重点关注；未纳入L8指数基底池；机械设备；五轴联动龙门","","L8X综合候选池","上游样本底座；后续扩展目标"
"sh688318","688318.SH","财富趋势","","","","中证500","index_base","","","L8X综合候选池","上游样本底座；后续扩展目标"
"sh688322","688322.SH","奥比中光","","","","中证500","index_base","","","L8X综合候选池","上游样本底座；后续扩展目标"
"sh688336","688336.SH","三生国健","","","","中证500","index_base","","","L8X综合候选池","上游样本底座；后续扩展目标"
"sh688347","688347.SH","华虹公司","","","","中证500","index_base","","","L8X综合候选池","上游样本底座；后续扩展目标"
"sh688349","688349.SH","三一重能","","","","中证500","index_base","","","L8X综合候选池","上游样本底座；后续扩展目标"
"sh688361","688361.SH","中科飞测","","","","中证500","index_base","","","L8X综合候选池","上游样本底座；后续扩展目标"
"sh688363","688363.SH","华熙生物","","","","中证500","index_base","","","L8X综合候选池","上游样本底座；后续扩展目标"
"sh688375","688375.SH","国博电子","","","","中证500","index_base","","","L8X综合候选池","上游样本底座；后续扩展目标"
"sh688385","688385.SH","复旦微电","","","","中证500","index_base","","","L8X综合候选池","上游样本底座；后续扩展目标"
"sh688387","688387.SH","信科移动","","","","中证500","index_base","","","L8X综合候选池","上游样本底座；后续扩展目标"
"sh688396","688396.SH","华润微","","","","沪深300","index_base","","","L8X综合候选池","上游样本底座；后续扩展目标"
"sh688425","688425.SH","铁建重工","","","","中证500","index_base","","","L8X综合候选池","上游样本底座；后续扩展目标"
"sh688469","688469.SH","芯联集成","","","","中证500","index_base","","","L8X综合候选池","上游样本底座；后续扩展目标"
"sh688472","688472.SH","阿特斯","","","","沪深300","index_base","","","L8X综合候选池","上游样本底座；后续扩展目标"
"sh688475","688475.SH","萤石网络","","","","中证500","index_base","","","L8X综合候选池","上游样本底座；后续扩展目标"
"sh688498","688498.SH","源杰科技","上交所","半导体","光通信芯片(IDM)","半导体","""user_enhance""；""strategic""","用户增强观察池重点关注；未纳入L8指数基底池；半导体；光通信芯片(IDM)","","L8X综合候选池","上游样本底座；后续扩展目标"
"sh688506","688506.SH","百利天恒","","","","沪深300","index_base","","","L8X综合候选池","上游样本底座；后续扩展目标"
"sh688520","688520.SH","神州细胞","","","","中证500","index_base","","","L8X综合候选池","上游样本底座；后续扩展目标"
"sh688521","688521.SH","芯原股份","上交所","半导体","芯片设计服务、IP授权","AI算力","""user_enhance""；""strategic""","用户增强观察池重点关注；未纳入L8指数基底池；AI算力；芯片设计服务、IP授权","","L8X综合候选池","上游样本底座；后续扩展目标"
"sh688525","688525.SH","佰维存储","上交所","半导体","存储芯片","半导体","""user_enhance""；""index_base""","","","L8X综合候选池","上游样本底座；后续扩展目标"
"sh688538","688538.SH","和辉光电","","","","中证500","index_base","","","L8X综合候选池","上游样本底座；后续扩展目标"
"sh688561","688561.SH","奇安信","","","","中证500","index_base","","","L8X综合候选池","上游样本底座；后续扩展目标"
"sh688563","688563.SH","航材股份","","","","中证500","index_base","","","L8X综合候选池","上游样本底座；后续扩展目标"
"sh688568","688568.SH","中科星图","","","","中证500","index_base","","","L8X综合候选池","上游样本底座；后续扩展目标"
"sh688578","688578.SH","艾力斯","","","","中证500","index_base","","","L8X综合候选池","上游样本底座；后续扩展目标"
"sh688582","688582.SH","芯动联科","","","","中证500","index_base","","","L8X综合候选池","上游样本底座；后续扩展目标"
"sh688599","688599.SH","天合光能","上交所","新能源","光伏组件","新能源","""user_enhance""；""index_base""","","","L8X综合候选池","上游样本底座；后续扩展目标"
"sh688608","688608.SH","恒玄科技","","","","中证500","index_base","","","L8X综合候选池","上游样本底座；后续扩展目标"
"sh688615","688615.SH","合合信息","","","","中证500","index_base","","","L8X综合候选池","上游样本底座；后续扩展目标"
"sh688617","688617.SH","惠泰医疗","","","","中证500","index_base","","","L8X综合候选池","上游样本底座；后续扩展目标"
"sh688629","688629.SH","华丰科技","","","","中证500","index_base","","","L8X综合候选池","上游样本底座；后续扩展目标"
"sh688676","688676.SH","金盘科技","","","","中证500","index_base","","","L8X综合候选池","上游样本底座；后续扩展目标"
"sh688692","688692.SH","达梦数据","","","","中证500","index_base","","","L8X综合候选池","上游样本底座；后续扩展目标"
"sh688702","688702.SH","盛科通信","","","","中证500","index_base","","","L8X综合候选池","上游样本底座；后续扩展目标"
"sh688709","688709.SH","成都华微","","","","中证500","index_base","","","L8X综合候选池","上游样本底座；后续扩展目标"
"sh688728","688728.SH","格科微","","","","中证500","index_base","","","L8X综合候选池","上游样本底座；后续扩展目标"
"sh688772","688772.SH","珠海冠宇","","","","中证500","index_base","","","L8X综合候选池","上游样本底座；后续扩展目标"
"sh688777","688777.SH","中控技术","","","","中证500","index_base","","","L8X综合候选池","上游样本底座；后续扩展目标"
"sh688778","688778.SH","厦钨新能","","","","中证500","index_base","","","L8X综合候选池","上游样本底座；后续扩展目标"
"sh688795","688795.SH","摩尔线程","上交所","半导体","全功能GPU","AI算力","""user_enhance""；""strategic""","用户增强观察池重点关注；未纳入L8指数基底池；AI算力；全功能GPU","","L8X综合候选池","上游样本底座；后续扩展目标"
"sh688802","688802.SH","沐曦股份","上交所","半导体","GPU训练+推理","AI算力","""user_enhance""；""strategic""","用户增强观察池重点关注；未纳入L8指数基底池；AI算力；GPU训练+推理","","L8X综合候选池","上游样本底座；后续扩展目标"
"sh688819","688819.SH","天能股份","","","","中证500","index_base","","","L8X综合候选池","上游样本底座；后续扩展目标"
"sh688981","688981.SH","中芯国际","上交所","半导体","晶圆代工","半导体","""user_enhance""；""index_base""","","","L8X综合候选池","上游样本底座；后续扩展目标"
"sh689009","689009.SH","九号公司","","","","中证500","index_base","","","L8X综合候选池","上游样本底座；后续扩展目标"
"sz000001","000001.SZ","平安银行","","","","沪深300","index_base","","","L8X综合候选池","上游样本底座；后续扩展目标"
"sz000002","000002.SZ","万科A","深交所","房地产","房地产开发","基建/建材/地产","""user_enhance""；""index_base""","","","L8X综合候选池","上游样本底座；后续扩展目标"
"sz000009","000009.SZ","中国宝安","","","","中证500","index_base","","","L8X综合候选池","上游样本底座；后续扩展目标"
"sz000021","000021.SZ","深科技","","","","中证500","index_base","","","L8X综合候选池","上游样本底座；后续扩展目标"
"sz000027","000027.SZ","深圳能源","","","","中证500","index_base","","","L8X综合候选池","上游样本底座；后续扩展目标"
"sz000032","000032.SZ","深桑达A","","","","中证500","index_base","","","L8X综合候选池","上游样本底座；后续扩展目标"
"sz000034","000034.SZ","神州数码","","","","中证500","index_base","","","L8X综合候选池","上游样本底座；后续扩展目标"
"sz000039","000039.SZ","中集集团","","","","中证500","index_base","","","L8X综合候选池","上游样本底座；后续扩展目标"
"sz000050","000050.SZ","深天马A","","","","中证500","index_base","","","L8X综合候选池","上游样本底座；后续扩展目标"
"sz000060","000060.SZ","中金岭南","","","","中证500","index_base","","","L8X综合候选池","上游样本底座；后续扩展目标"
"sz000062","000062.SZ","深圳华强","","","","中证500","index_base","","","L8X综合候选池","上游样本底座；后续扩展目标"
"sz000063","000063.SZ","中兴通讯","深交所","通信","通信设备+6G","通信","""user_enhance""；""index_base""","","","L8X综合候选池","上游样本底座；后续扩展目标"
"sz000088","000088.SZ","盐田港","","","","中证500","index_base","","","L8X综合候选池","上游样本底座；后续扩展目标"
"sz000100","000100.SZ","TCL科技","","","","沪深300","index_base","","","L8X综合候选池","上游样本底座；后续扩展目标"
"sz000155","000155.SZ","川能动力","","","","中证500","index_base","","","L8X综合候选池","上游样本底座；后续扩展目标"
"sz000157","000157.SZ","中联重科","","","","沪深300","index_base","","","L8X综合候选池","上游样本底座；后续扩展目标"
"sz000166","000166.SZ","申万宏源","","","","沪深300","index_base","","","L8X综合候选池","上游样本底座；后续扩展目标"
"sz000301","000301.SZ","东方盛虹","","","","沪深300","index_base","","","L8X综合候选池","上游样本底座；后续扩展目标"
"sz000333","000333.SZ","美的集团","深交所","家用电器","白色家电","大消费","""user_enhance""；""index_base""","","","L8X综合候选池","上游样本底座；后续扩展目标"
"sz000338","000338.SZ","潍柴动力","深交所","汽车","重卡发动机","汽车","""user_enhance""；""index_base""","","","L8X综合候选池","上游样本底座；后续扩展目标"
"sz000400","000400.SZ","许继电气","","","","中证500","index_base","","","L8X综合候选池","上游样本底座；后续扩展目标"
"sz000408","000408.SZ","藏格矿业","","","","沪深300","index_base","","","L8X综合候选池","上游样本底座；后续扩展目标"
"sz000415","000415.SZ","渤海租赁","","","","中证500","index_base","","","L8X综合候选池","上游样本底座；后续扩展目标"
"sz000423","000423.SZ","东阿阿胶","","","","中证500","index_base","","","L8X综合候选池","上游样本底座；后续扩展目标"
"sz000425","000425.SZ","徐工机械","","","","沪深300","index_base","","","L8X综合候选池","上游样本底座；后续扩展目标"
"sz000426","000426.SZ","兴业银锡","","","","中证500","index_base","","","L8X综合候选池","上游样本底座；后续扩展目标"
"sz000429","000429.SZ","粤高速A","","","","中证500","index_base","","","L8X综合候选池","上游样本底座；后续扩展目标"
"sz000513","000513.SZ","丽珠集团","","","","中证500","index_base","","","L8X综合候选池","上游样本底座；后续扩展目标"
"sz000519","000519.SZ","中兵红箭","","","","中证500","index_base","","","L8X综合候选池","上游样本底座；后续扩展目标"
"sz000528","000528.SZ","柳工","","","","中证500","index_base","","","L8X综合候选池","上游样本底座；后续扩展目标"
"sz000537","000537.SZ","绿发电力","","","","中证500","index_base","","","L8X综合候选池","上游样本底座；后续扩展目标"
"sz000538","000538.SZ","云南白药","深交所","医药医疗","中药","医药/医疗","""user_enhance""；""index_base""","","","L8X综合候选池","上游样本底座；后续扩展目标"
"sz000539","000539.SZ","粤电力A","","","","中证500","index_base","","","L8X综合候选池","上游样本底座；后续扩展目标"
"sz000559","000559.SZ","万向钱潮","","","","中证500","index_base","","","L8X综合候选池","上游样本底座；后续扩展目标"
"sz000563","000563.SZ","陕国投A","","","","中证500","index_base","","","L8X综合候选池","上游样本底座；后续扩展目标"
"sz000568","000568.SZ","泸州老窖","深交所","食品饮料","白酒","大消费","""user_enhance""；""index_base""","","","L8X综合候选池","上游样本底座；后续扩展目标"
"sz000582","000582.SZ","北部湾港","","","","中证500","index_base","","","L8X综合候选池","上游样本底座；后续扩展目标"
"sz000591","000591.SZ","太阳能","","","","中证500","index_base","","","L8X综合候选池","上游样本底座；后续扩展目标"
"sz000596","000596.SZ","古井贡酒","","","","沪深300","index_base","","","L8X综合候选池","上游样本底座；后续扩展目标"
"sz000598","000598.SZ","兴蓉环境","","","","中证500","index_base","","","L8X综合候选池","上游样本底座；后续扩展目标"
"sz000617","000617.SZ","中油资本","","","","沪深300","index_base","","","L8X综合候选池","上游样本底座；后续扩展目标"
"sz000623","000623.SZ","吉林敖东","","","","中证500","index_base","","","L8X综合候选池","上游样本底座；后续扩展目标"
"sz000625","000625.SZ","长安汽车","","","","沪深300","index_base","","","L8X综合候选池","上游样本底座；后续扩展目标"
"sz000629","000629.SZ","钒钛股份","","","","中证500","index_base","","","L8X综合候选池","上游样本底座；后续扩展目标"
"sz000630","000630.SZ","铜陵有色","","","","沪深300","index_base","","","L8X综合候选池","上游样本底座；后续扩展目标"
"sz000651","000651.SZ","格力电器","深交所","家用电器","空调","家用电器","""user_enhance""；""index_base""","","","L8X综合候选池","上游样本底座；后续扩展目标"
"sz000657","000657.SZ","中钨高新","深交所","","","历史重点关注","""user_enhance""；""index_base""","","","L8X综合候选池","上游样本底座；后续扩展目标"
"sz000661","000661.SZ","长春高新","","","","沪深300","index_base","","","L8X综合候选池","上游样本底座；后续扩展目标"
"sz000683","000683.SZ","博源化工","","","","中证500","index_base","","","L8X综合候选池","上游样本底座；后续扩展目标"
"sz000703","000703.SZ","恒逸石化","","","","中证500","index_base","","","L8X综合候选池","上游样本底座；后续扩展目标"
"sz000708","000708.SZ","中信特钢","深交所","钢铁","特钢龙头","钢铁","""user_enhance""；""index_base""","","","L8X综合候选池","上游样本底座；后续扩展目标"
"sz000709","000709.SZ","河钢股份","","","","中证500","index_base","","","L8X综合候选池","上游样本底座；后续扩展目标"
"sz000723","000723.SZ","美锦能源","","","","中证500","index_base","","","L8X综合候选池","上游样本底座；后续扩展目标"
"sz000725","000725.SZ","京东方A","","","","沪深300","index_base","","","L8X综合候选池","上游样本底座；后续扩展目标"
"sz000728","000728.SZ","国元证券","","","","中证500","index_base","","","L8X综合候选池","上游样本底座；后续扩展目标"
"sz000729","000729.SZ","燕京啤酒","","","","中证500","index_base","","","L8X综合候选池","上游样本底座；后续扩展目标"
"sz000733","000733.SZ","振华科技","","","","中证500","index_base","","","L8X综合候选池","上游样本底座；后续扩展目标"
"sz000738","000738.SZ","航发控制","","","","中证500","index_base","","","L8X综合候选池","上游样本底座；后续扩展目标"
"sz000739","000739.SZ","普洛药业","","","","中证500","index_base","","","L8X综合候选池","上游样本底座；后续扩展目标"
"sz000750","000750.SZ","国海证券","","","","中证500","index_base","","","L8X综合候选池","上游样本底座；后续扩展目标"
"sz000768","000768.SZ","中航西飞","","","","沪深300","index_base","","","L8X综合候选池","上游样本底座；后续扩展目标"
"sz000776","000776.SZ","广发证券","","","","沪深300","index_base","","","L8X综合候选池","上游样本底座；后续扩展目标"
"sz000783","000783.SZ","长江证券","","","","中证500","index_base","","","L8X综合候选池","上游样本底座；后续扩展目标"
"sz000785","000785.SZ","居然智家","","","","中证500","index_base","","","L8X综合候选池","上游样本底座；后续扩展目标"
"sz000786","000786.SZ","北新建材","","","","沪深300","index_base","","","L8X综合候选池","上游样本底座；后续扩展目标"
"sz000792","000792.SZ","盐湖股份","深交所","有色金属","盐湖提锂","资源/材料","""user_enhance""；""index_base""","","","L8X综合候选池","上游样本底座；后续扩展目标"
"sz000807","000807.SZ","云铝股份","深交所","有色金属","电解铝","有色金属","""user_enhance""；""index_base""","","","L8X综合候选池","上游样本底座；后续扩展目标"
"sz000825","000825.SZ","太钢不锈","","","","中证500","index_base","","","L8X综合候选池","上游样本底座；后续扩展目标"
"sz000830","000830.SZ","鲁西化工","","","","中证500","index_base","","","L8X综合候选池","上游样本底座；后续扩展目标"
"sz000831","000831.SZ","中国稀土","","","","中证500","index_base","","","L8X综合候选池","上游样本底座；后续扩展目标"
"sz000837","000837.SZ","秦川机床","深交所","机械设备","精密磨床+主轴","机械设备","""user_enhance""；""strategic""","用户增强观察池重点关注；未纳入L8指数基底池；机械设备；精密磨床+主轴","","L8X综合候选池","上游样本底座；后续扩展目标"
"sz000858","000858.SZ","五粮液","深交所","食品饮料","白酒","大消费","""user_enhance""；""index_base""","","","L8X综合候选池","上游样本底座；后续扩展目标"
"sz000876","000876.SZ","新 希 望","","","","沪深300","index_base","","","L8X综合候选池","上游样本底座；后续扩展目标"
"sz000878","000878.SZ","云南铜业","","","","中证500","index_base","","","L8X综合候选池","上游样本底座；后续扩展目标"
"sz000883","000883.SZ","湖北能源","","","","中证500","index_base","","","L8X综合候选池","上游样本底座；后续扩展目标"
"sz000887","000887.SZ","中鼎股份","","","","中证500","index_base","","","L8X综合候选池","上游样本底座；后续扩展目标"
"sz000893","000893.SZ","亚钾国际","","","","中证500","index_base","","","L8X综合候选池","上游样本底座；后续扩展目标"
"sz000895","000895.SZ","双汇发展","","","","沪深300","index_base","","","L8X综合候选池","上游样本底座；后续扩展目标"
"sz000898","000898.SZ","鞍钢股份","","","","中证500","index_base","","","L8X综合候选池","上游样本底座；后续扩展目标"
"sz000906","000906.SZ","浙商中拓","深交所","待补充","待补充","历史重点关注","""user_enhance""；""strategic""","用户增强观察池重点关注；未纳入L8指数基底池","","L8X综合候选池","上游样本底座；后续扩展目标"
"sz000921","000921.SZ","海信家电","","","","中证500","index_base","","","L8X综合候选池","上游样本底座；后续扩展目标"
"sz000932","000932.SZ","华菱钢铁","深交所","钢铁","高端板材","钢铁","""user_enhance""；""index_base""","","","L8X综合候选池","上游样本底座；后续扩展目标"
"sz000933","000933.SZ","神火股份","","","","中证500","index_base","","","L8X综合候选池","上游样本底座；后续扩展目标"
"sz000937","000937.SZ","冀中能源","","","","中证500","index_base","","","L8X综合候选池","上游样本底座；后续扩展目标"
"sz000938","000938.SZ","紫光股份","","","","沪深300","index_base","","","L8X综合候选池","上游样本底座；后续扩展目标"
"sz000951","000951.SZ","中国重汽","","","","中证500","index_base","","","L8X综合候选池","上游样本底座；后续扩展目标"
"sz000958","000958.SZ","电投产融","","","","中证500","index_base","","","L8X综合候选池","上游样本底座；后续扩展目标"
"sz000959","000959.SZ","首钢股份","","","","中证500","index_base","","","L8X综合候选池","上游样本底座；后续扩展目标"
"sz000960","000960.SZ","锡业股份","","","","中证500","index_base","","","L8X综合候选池","上游样本底座；后续扩展目标"
"sz000963","000963.SZ","华东医药","","","","沪深300","index_base","","","L8X综合候选池","上游样本底座；后续扩展目标"
"sz000967","000967.SZ","盈峰环境","","","","中证500","index_base","","","L8X综合候选池","上游样本底座；后续扩展目标"
"sz000975","000975.SZ","山金国际","","","","沪深300","index_base","","","L8X综合候选池","上游样本底座；后续扩展目标"
"sz000977","000977.SZ","浪潮信息","深交所","计算机设备","服务器","AI算力","""user_enhance""；""index_base""","","","L8X综合候选池","上游样本底座；后续扩展目标"
"sz000983","000983.SZ","山西焦煤","","","","沪深300","index_base","","","L8X综合候选池","上游样本底座；后续扩展目标"
"sz000987","000987.SZ","越秀资本","","","","中证500","index_base","","","L8X综合候选池","上游样本底座；后续扩展目标"
"sz000997","000997.SZ","新 大 陆","","","","中证500","index_base","","","L8X综合候选池","上游样本底座；后续扩展目标"
"sz000999","000999.SZ","华润三九","","","","沪深300","index_base","","","L8X综合候选池","上游样本底座；后续扩展目标"
"sz001213","001213.SZ","中铁特货","","","","中证500","index_base","","","L8X综合候选池","上游样本底座；后续扩展目标"
"sz001221","001221.SZ","悍高集团","","","","中证500","index_base","","","L8X综合候选池","上游样本底座；后续扩展目标"
"sz001286","001286.SZ","陕西能源","","","","中证500","index_base","","","L8X综合候选池","上游样本底座；后续扩展目标"
"sz001389","001389.SZ","广合科技","","","","中证500","index_base","","","L8X综合候选池","上游样本底座；后续扩展目标"
"sz001391","001391.SZ","国货航","","","","沪深300","index_base","","","L8X综合候选池","上游样本底座；后续扩展目标"
"sz001696","001696.SZ","宗申动力","","","","中证500","index_base","","","L8X综合候选池","上游样本底座；后续扩展目标"
"sz001965","001965.SZ","招商公路","深交所","交通运输","高速公路","交通运输","""user_enhance""；""index_base""","","","L8X综合候选池","上游样本底座；后续扩展目标"
"sz001979","001979.SZ","招商蛇口","","","","沪深300","index_base","","","L8X综合候选池","上游样本底座；后续扩展目标"
"sz002001","002001.SZ","新和成","深交所","基础化工","维生素/氨基酸","基础化工","""user_enhance""；""index_base""","","","L8X综合候选池","上游样本底座；后续扩展目标"
"sz002003","002003.SZ","伟星股份","深交所","纺织服饰","拉链纽扣辅料","纺织服饰","""user_enhance""；""strategic""","用户增强观察池重点关注；未纳入L8指数基底池；纺织服饰；拉链纽扣辅料","","L8X综合候选池","上游样本底座；后续扩展目标"
"sz002007","002007.SZ","华兰生物","","","","中证500","index_base","","","L8X综合候选池","上游样本底座；后续扩展目标"
"sz002008","002008.SZ","大族激光","","","","中证500","index_base","","","L8X综合候选池","上游样本底座；后续扩展目标"
"sz002025","002025.SZ","航天电器","","","","中证500","index_base","","","L8X综合候选池","上游样本底座；后续扩展目标"
"sz002027","002027.SZ","分众传媒","","","","沪深300","index_base","","","L8X综合候选池","上游样本底座；后续扩展目标"
"sz002028","002028.SZ","思源电气","深交所","","","历史重点关注","""user_enhance""；""index_base""","","","L8X综合候选池","上游样本底座；后续扩展目标"
"sz002032","002032.SZ","苏泊尔","","","","中证500","index_base","","","L8X综合候选池","上游样本底座；后续扩展目标"
"sz002044","002044.SZ","美年健康","","","","中证500","index_base","","","L8X综合候选池","上游样本底座；后续扩展目标"
"sz002049","002049.SZ","紫光国微","深交所","半导体","特种集成电路、安全芯片","半导体","""user_enhance""；""index_base""","","","L8X综合候选池","上游样本底座；后续扩展目标"
"sz002050","002050.SZ","三花智控","深交所","家用电器","制冷元器件+汽零","家用电器","""user_enhance""；""index_base""","","","L8X综合候选池","上游样本底座；后续扩展目标"
"sz002051","002051.SZ","中工国际","深交所","建筑装饰","国际工程","建筑装饰","""user_enhance""；""strategic""","用户增强观察池重点关注；未纳入L8指数基底池；建筑装饰；国际工程","","L8X综合候选池","上游样本底座；后续扩展目标"
"sz002056","002056.SZ","横店东磁","","","","中证500","index_base","","","L8X综合候选池","上游样本底座；后续扩展目标"
"sz002064","002064.SZ","华峰化学","","","","中证500","index_base","","","L8X综合候选池","上游样本底座；后续扩展目标"
"sz002065","002065.SZ","东华软件","","","","中证500","index_base","","","L8X综合候选池","上游样本底座；后续扩展目标"
"sz002074","002074.SZ","国轩高科","","","","沪深300","index_base","","","L8X综合候选池","上游样本底座；后续扩展目标"
"sz002078","002078.SZ","太阳纸业","","","","中证500","index_base","","","L8X综合候选池","上游样本底座；后续扩展目标"
"sz002080","002080.SZ","中材科技","","","","中证500","index_base","","","L8X综合候选池","上游样本底座；后续扩展目标"
"sz002085","002085.SZ","万丰奥威","","","","中证500","index_base","","","L8X综合候选池","上游样本底座；后续扩展目标"
"sz002120","002120.SZ","韵达股份","","","","中证500","index_base","","","L8X综合候选池","上游样本底座；后续扩展目标"
"sz002126","002126.SZ","银轮股份","","","","中证500","index_base","","","L8X综合候选池","上游样本底座；后续扩展目标"
"sz002128","002128.SZ","电投能源","","","","中证500","index_base","","","L8X综合候选池","上游样本底座；后续扩展目标"
"sz002130","002130.SZ","沃尔核材","","","","中证500","index_base","","","L8X综合候选池","上游样本底座；后续扩展目标"
"sz002131","002131.SZ","利欧股份","","","","中证500","index_base","","","L8X综合候选池","上游样本底座；后续扩展目标"
"sz002138","002138.SZ","顺络电子","","","","中证500","index_base","","","L8X综合候选池","上游样本底座；后续扩展目标"
"sz002142","002142.SZ","宁波银行","","","","沪深300","index_base","","","L8X综合候选池","上游样本底座；后续扩展目标"
"sz002152","002152.SZ","广电运通","","","","中证500","index_base","","","L8X综合候选池","上游样本底座；后续扩展目标"
"sz002153","002153.SZ","石基信息","","","","中证500","index_base","","","L8X综合候选池","上游样本底座；后续扩展目标"
"sz002155","002155.SZ","湖南黄金","","","","中证500","index_base","","","L8X综合候选池","上游样本底座；后续扩展目标"
"sz002156","002156.SZ","通富微电","深交所","半导体","封装测试","半导体","""user_enhance""；""index_base""","","","L8X综合候选池","上游样本底座；后续扩展目标"
"sz002157","002157.SZ","正邦科技","","","","中证500","index_base","","","L8X综合候选池","上游样本底座；后续扩展目标"
"sz002179","002179.SZ","中航光电","","","","沪深300","index_base","","","L8X综合候选池","上游样本底座；后续扩展目标"
"sz002185","002185.SZ","华天科技","","","","中证500","index_base","","","L8X综合候选池","上游样本底座；后续扩展目标"
"sz002195","002195.SZ","岩山科技","","","","中证500","index_base","","","L8X综合候选池","上游样本底座；后续扩展目标"
"sz002202","002202.SZ","金风科技","","","","中证500","index_base","","","L8X综合候选池","上游样本底座；后续扩展目标"
"sz002203","002203.SZ","海亮股份","","","","中证500","index_base","","","L8X综合候选池","上游样本底座；后续扩展目标"
"sz002223","002223.SZ","鱼跃医疗","","","","中证500","index_base","","","L8X综合候选池","上游样本底座；后续扩展目标"
"sz002230","002230.SZ","科大讯飞","深交所","软件互联网","AI语音","软件/互联网","""user_enhance""；""index_base""","","","L8X综合候选池","上游样本底座；后续扩展目标"
"sz002236","002236.SZ","大华股份","","","","沪深300","index_base","","","L8X综合候选池","上游样本底座；后续扩展目标"
"sz002241","002241.SZ","歌尔股份","","","","沪深300","index_base","","","L8X综合候选池","上游样本底座；后续扩展目标"
"sz002244","002244.SZ","滨江集团","","","","中证500","index_base","","","L8X综合候选池","上游样本底座；后续扩展目标"
"sz002252","002252.SZ","上海莱士","","","","沪深300","index_base","","","L8X综合候选池","上游样本底座；后续扩展目标"
"sz002261","002261.SZ","拓维信息","","","","中证500","index_base","","","L8X综合候选池","上游样本底座；后续扩展目标"
"sz002262","002262.SZ","恩华药业","","","","中证500","index_base","","","L8X综合候选池","上游样本底座；后续扩展目标"
"sz002265","002265.SZ","建设工业","","","","中证500","index_base","","","L8X综合候选池","上游样本底座；后续扩展目标"
"sz002266","002266.SZ","浙富控股","","","","中证500","index_base","","","L8X综合候选池","上游样本底座；后续扩展目标"
"sz002271","002271.SZ","东方雨虹","","","","中证500","index_base","","","L8X综合候选池","上游样本底座；后续扩展目标"
"sz002273","002273.SZ","水晶光电","","","","中证500","index_base","","","L8X综合候选池","上游样本底座；后续扩展目标"
"sz002281","002281.SZ","光迅科技","深交所","","","历史重点关注","""user_enhance""；""index_base""","","","L8X综合候选池","上游样本底座；后续扩展目标"
"sz002294","002294.SZ","信立泰","","","","中证500","index_base","","","L8X综合候选池","上游样本底座；后续扩展目标"
"sz002299","002299.SZ","圣农发展","","","","中证500","index_base","","","L8X综合候选池","上游样本底座；后续扩展目标"
"sz002304","002304.SZ","洋河股份","","","","沪深300","index_base","","","L8X综合候选池","上游样本底座；后续扩展目标"
"sz002311","002311.SZ","海大集团","深交所","农林牧渔","饲料","农林牧渔","""user_enhance""；""index_base""","","","L8X综合候选池","上游样本底座；后续扩展目标"
"sz002312","002312.SZ","川发龙蟒","","","","中证500","index_base","","","L8X综合候选池","上游样本底座；后续扩展目标"
"sz002318","002318.SZ","久立特材","","","","中证500","index_base","","","L8X综合候选池","上游样本底座；后续扩展目标"
"sz002335","002335.SZ","科华数据","","","","中证500","index_base","","","L8X综合候选池","上游样本底座；后续扩展目标"
"sz002340","002340.SZ","格林美","","","","中证500","index_base","","","L8X综合候选池","上游样本底座；后续扩展目标"
"sz002345","002345.SZ","潮宏基","深交所","商贸零售","黄金珠宝","商贸零售","""user_enhance""；""strategic""","用户增强观察池重点关注；未纳入L8指数基底池；商贸零售；黄金珠宝","","L8X综合候选池","上游样本底座；后续扩展目标"
"sz002352","002352.SZ","顺丰控股","深交所","交通运输","综合物流","交通运输","""user_enhance""；""index_base""","","","L8X综合候选池","上游样本底座；后续扩展目标"
"sz002353","002353.SZ","杰瑞股份","","","","中证500","index_base","","","L8X综合候选池","上游样本底座；后续扩展目标"
"sz002371","002371.SZ","北方华创","深交所","半导体","半导体设备全品类","半导体","""user_enhance""；""index_base""","","","L8X综合候选池","上游样本底座；后续扩展目标"
"sz002372","002372.SZ","伟星新材","","","","中证500","index_base","","","L8X综合候选池","上游样本底座；后续扩展目标"
"sz002384","002384.SZ","东山精密","","","","沪深300","index_base","","","L8X综合候选池","上游样本底座；后续扩展目标"
"sz002385","002385.SZ","大北农","","","","中证500","index_base","","","L8X综合候选池","上游样本底座；后续扩展目标"
"sz002402","002402.SZ","和而泰","","","","中证500","index_base","","","L8X综合候选池","上游样本底座；后续扩展目标"
"sz002409","002409.SZ","雅克科技","","","","中证500","index_base","","","L8X综合候选池","上游样本底座；后续扩展目标"
"sz002410","002410.SZ","广联达","","","","中证500","index_base","","","L8X综合候选池","上游样本底座；后续扩展目标"
"sz002414","002414.SZ","高德红外","","","","中证500","index_base","","","L8X综合候选池","上游样本底座；后续扩展目标"
"sz002415","002415.SZ","海康威视","","","","沪深300","index_base","","","L8X综合候选池","上游样本底座；后续扩展目标"
"sz002422","002422.SZ","科伦药业","","","","沪深300","index_base","","","L8X综合候选池","上游样本底座；后续扩展目标"
"sz002423","002423.SZ","中粮资本","","","","中证500","index_base","","","L8X综合候选池","上游样本底座；后续扩展目标"
"sz002429","002429.SZ","兆驰股份","","","","中证500","index_base","","","L8X综合候选池","上游样本底座；后续扩展目标"
"sz002430","002430.SZ","杭氧股份","","","","中证500","index_base","","","L8X综合候选池","上游样本底座；后续扩展目标"
"sz002432","002432.SZ","九安医疗","","","","中证500","index_base","","","L8X综合候选池","上游样本底座；后续扩展目标"
"sz002436","002436.SZ","兴森科技","","","","中证500","index_base","","","L8X综合候选池","上游样本底座；后续扩展目标"
"sz002439","002439.SZ","启明星辰","","","","中证500","index_base","","","L8X综合候选池","上游样本底座；后续扩展目标"
"sz002444","002444.SZ","巨星科技","","","","中证500","index_base","","","L8X综合候选池","上游样本底座；后续扩展目标"
"sz002459","002459.SZ","晶澳科技","","","","沪深300","index_base","","","L8X综合候选池","上游样本底座；后续扩展目标"
"sz002460","002460.SZ","赣锋锂业","深交所","有色金属","锂资源","新能源","""user_enhance""；""index_base""","","","L8X综合候选池","上游样本底座；后续扩展目标"
"sz002461","002461.SZ","珠江啤酒","","","","中证500","index_base","","","L8X综合候选池","上游样本底座；后续扩展目标"
"sz002463","002463.SZ","沪电股份","","","","沪深300","index_base","","","L8X综合候选池","上游样本底座；后续扩展目标"
"sz002465","002465.SZ","海格通信","","","","中证500","index_base","","","L8X综合候选池","上游样本底座；后续扩展目标"
"sz002466","002466.SZ","天齐锂业","深交所","有色金属","锂矿","资源/材料","""user_enhance""；""index_base""","","","L8X综合候选池","上游样本底座；后续扩展目标"
"sz002472","002472.SZ","双环传动","","","","中证500","index_base","","","L8X综合候选池","上游样本底座；后续扩展目标"
"sz002475","002475.SZ","立讯精密","","","","沪深300","index_base","","","L8X综合候选池","上游样本底座；后续扩展目标"
"sz002493","002493.SZ","荣盛石化","深交所","石油石化","炼化一体化","基础化工","""user_enhance""；""index_base""","","","L8X综合候选池","上游样本底座；后续扩展目标"
"sz002500","002500.SZ","山西证券","","","","中证500","index_base","","","L8X综合候选池","上游样本底座；后续扩展目标"
"sz002508","002508.SZ","老板电器","","","","中证500","index_base","","","L8X综合候选池","上游样本底座；后续扩展目标"
"sz002517","002517.SZ","恺英网络","","","","中证500","index_base","","","L8X综合候选池","上游样本底座；后续扩展目标"
"sz002532","002532.SZ","天山铝业","","","","中证500","index_base","","","L8X综合候选池","上游样本底座；后续扩展目标"
"sz002555","002555.SZ","三七互娱","深交所","传媒","游戏","传媒","""user_enhance""；""strategic""","用户增强观察池重点关注；未纳入L8指数基底池；传媒；游戏","","L8X综合候选池","上游样本底座；后续扩展目标"
"sz002558","002558.SZ","巨人网络","","","","中证500","index_base","","","L8X综合候选池","上游样本底座；后续扩展目标"
"sz002568","002568.SZ","百润股份","","","","中证500","index_base","","","L8X综合候选池","上游样本底座；后续扩展目标"
"sz002583","002583.SZ","海能达","","","","中证500","index_base","","","L8X综合候选池","上游样本底座；后续扩展目标"
"sz002594","002594.SZ","比亚迪","深交所","新能源","新能源整车+电池","新能源","""user_enhance""；""index_base""","","","L8X综合候选池","上游样本底座；后续扩展目标"
"sz002595","002595.SZ","豪迈科技","","","","中证500","index_base","","","L8X综合候选池","上游样本底座；后续扩展目标"
"sz002600","002600.SZ","领益智造","","","","沪深300","index_base","","","L8X综合候选池","上游样本底座；后续扩展目标"
"sz002601","002601.SZ","龙佰集团","","","","沪深300","index_base","","","L8X综合候选池","上游样本底座；后续扩展目标"
"sz002602","002602.SZ","世纪华通","深交所","传媒","游戏+IDC","传媒","""user_enhance""；""strategic""","用户增强观察池重点关注；未纳入L8指数基底池；传媒；游戏+IDC","","L8X综合候选池","上游样本底座；后续扩展目标"
"sz002603","002603.SZ","以岭药业","","","","中证500","index_base","","","L8X综合候选池","上游样本底座；后续扩展目标"
"sz002607","002607.SZ","中公教育","","","","中证500","index_base","","","L8X综合候选池","上游样本底座；后续扩展目标"
"sz002608","002608.SZ","江苏国信","","","","中证500","index_base","","","L8X综合候选池","上游样本底座；后续扩展目标"
"sz002624","002624.SZ","完美世界","","","","中证500","index_base","","","L8X综合候选池","上游样本底座；后续扩展目标"
"sz002625","002625.SZ","光启技术","","","","沪深300","index_base","","","L8X综合候选池","上游样本底座；后续扩展目标"
"sz002648","002648.SZ","卫星化学","","","","沪深300","index_base","","","L8X综合候选池","上游样本底座；后续扩展目标"
"sz002670","002670.SZ","国盛证券","","","","中证500","index_base","","","L8X综合候选池","上游样本底座；后续扩展目标"
"sz002673","002673.SZ","西部证券","","","","中证500","index_base","","","L8X综合候选池","上游样本底座；后续扩展目标"
"sz002683","002683.SZ","广东宏大","","","","中证500","index_base","","","L8X综合候选池","上游样本底座；后续扩展目标"
"sz002709","002709.SZ","天赐材料","","","","沪深300","index_base","","","L8X综合候选池","上游样本底座；后续扩展目标"
"sz002714","002714.SZ","牧原股份","深交所","农林牧渔","生猪养殖","农林牧渔","""user_enhance""；""index_base""","","","L8X综合候选池","上游样本底座；后续扩展目标"
"sz002736","002736.SZ","国信证券","","","","沪深300","index_base","","","L8X综合候选池","上游样本底座；后续扩展目标"
"sz002738","002738.SZ","中矿资源","","","","中证500","index_base","","","L8X综合候选池","上游样本底座；后续扩展目标"
"sz002739","002739.SZ","儒意电影","","","","中证500","index_base","","","L8X综合候选池","上游样本底座；后续扩展目标"
"sz002756","002756.SZ","永兴材料","","","","中证500","index_base","","","L8X综合候选池","上游样本底座；后续扩展目标"
"sz002773","002773.SZ","康弘药业","","","","中证500","index_base","","","L8X综合候选池","上游样本底座；后续扩展目标"
"sz002797","002797.SZ","第一创业","","","","中证500","index_base","","","L8X综合候选池","上游样本底座；后续扩展目标"
"sz002812","002812.SZ","恩捷股份","深交所","待补充","待补充","历史重点关注","""user_enhance""；""strategic""","用户增强观察池重点关注；未纳入L8指数基底池","","L8X综合候选池","上游样本底座；后续扩展目标"
"sz002821","002821.SZ","凯莱英","","","","中证500","index_base","","","L8X综合候选池","上游样本底座；后续扩展目标"
"sz002831","002831.SZ","裕同科技","","","","中证500","index_base","","","L8X综合候选池","上游样本底座；后续扩展目标"
"sz002837","002837.SZ","英维克","","","","中证500","index_base","","","L8X综合候选池","上游样本底座；后续扩展目标"
"sz002841","002841.SZ","视源股份","","","","中证500","index_base","","","L8X综合候选池","上游样本底座；后续扩展目标"
"sz002850","002850.SZ","科达利","","","","中证500","index_base","","","L8X综合候选池","上游样本底座；后续扩展目标"
"sz002851","002851.SZ","麦格米特","","","","中证500","index_base","","","L8X综合候选池","上游样本底座；后续扩展目标"
"sz002867","002867.SZ","周大生","深交所","商贸零售","黄金珠宝","商贸零售","""user_enhance""；""strategic""","用户增强观察池重点关注；未纳入L8指数基底池；商贸零售；黄金珠宝","","L8X综合候选池","上游样本底座；后续扩展目标"
"sz002916","002916.SZ","深南电路","","","","沪深300","index_base","","","L8X综合候选池","上游样本底座；后续扩展目标"
"sz002920","002920.SZ","德赛西威","深交所","汽车","智能驾驶域控制器","汽车","""user_enhance""；""index_base""","","","L8X综合候选池","上游样本底座；后续扩展目标"
"sz002926","002926.SZ","华西证券","","","","中证500","index_base","","","L8X综合候选池","上游样本底座；后续扩展目标"
"sz002938","002938.SZ","鹏鼎控股","","","","沪深300","index_base","","","L8X综合候选池","上游样本底座；后续扩展目标"
"sz002939","002939.SZ","长城证券","","","","中证500","index_base","","","L8X综合候选池","上游样本底座；后续扩展目标"
"sz002945","002945.SZ","华林证券","","","","中证500","index_base","","","L8X综合候选池","上游样本底座；后续扩展目标"
"sz002958","002958.SZ","青农商行","","","","中证500","index_base","","","L8X综合候选池","上游样本底座；后续扩展目标"
"sz002966","002966.SZ","苏州银行","","","","中证500","index_base","","","L8X综合候选池","上游样本底座；后续扩展目标"
"sz002973","002973.SZ","侨银股份","深交所","环保","环卫服务","环保","""user_enhance""；""strategic""","用户增强观察池重点关注；未纳入L8指数基底池；环保；环卫服务","","L8X综合候选池","上游样本底座；后续扩展目标"
"sz002984","002984.SZ","森麒麟","","","","中证500","index_base","","","L8X综合候选池","上游样本底座；后续扩展目标"
"sz003021","003021.SZ","兆威机电","","","","中证500","index_base","","","L8X综合候选池","上游样本底座；后续扩展目标"
"sz003022","003022.SZ","联泓新科","","","","中证500","index_base","","","L8X综合候选池","上游样本底座；后续扩展目标"
"sz003031","003031.SZ","中瓷电子","","","","中证500","index_base","","","L8X综合候选池","上游样本底座；后续扩展目标"
"sz003035","003035.SZ","南网能源","","","","中证500","index_base","","","L8X综合候选池","上游样本底座；后续扩展目标"
"sz003816","003816.SZ","中国广核","深交所","电力","核电","电力","""user_enhance""；""index_base""","","","L8X综合候选池","上游样本底座；后续扩展目标"
"sz300001","300001.SZ","特锐德","","","","中证500","index_base","","","L8X综合候选池","上游样本底座；后续扩展目标"
"sz300002","300002.SZ","神州泰岳","","","","中证500","index_base","","","L8X综合候选池","上游样本底座；后续扩展目标"
"sz300003","300003.SZ","乐普医疗","","","","中证500","index_base","","","L8X综合候选池","上游样本底座；后续扩展目标"
"sz300012","300012.SZ","华测检测","","","","中证500","index_base","","","L8X综合候选池","上游样本底座；后续扩展目标"
"sz300014","300014.SZ","亿纬锂能","深交所","新能源","储能+动力电池","新能源","""user_enhance""；""index_base""","","","L8X综合候选池","上游样本底座；后续扩展目标"
"sz300015","300015.SZ","爱尔眼科","深交所","医药医疗","眼科医疗","医药/医疗","""user_enhance""；""index_base""","","","L8X综合候选池","上游样本底座；后续扩展目标"
"sz300017","300017.SZ","网宿科技","","","","中证500","index_base","","","L8X综合候选池","上游样本底座；后续扩展目标"
"sz300024","300024.SZ","机器人","","","","中证500","index_base","","","L8X综合候选池","上游样本底座；后续扩展目标"
"sz300033","300033.SZ","同花顺","","","","沪深300","index_base","","","L8X综合候选池","上游样本底座；后续扩展目标"
"sz300037","300037.SZ","新宙邦","","","","中证500","index_base","","","L8X综合候选池","上游样本底座；后续扩展目标"
"sz300054","300054.SZ","鼎龙股份","","","","中证500","index_base","","","L8X综合候选池","上游样本底座；后续扩展目标"
"sz300058","300058.SZ","蓝色光标","","","","中证500","index_base","","","L8X综合候选池","上游样本底座；后续扩展目标"
"sz300059","300059.SZ","东方财富","深交所","金融","互联网券商","金融","""user_enhance""；""index_base""","","","L8X综合候选池","上游样本底座；后续扩展目标"
"sz300070","300070.SZ","碧水源","","","","中证500","index_base","","","L8X综合候选池","上游样本底座；后续扩展目标"
"sz300073","300073.SZ","当升科技","","","","中证500","index_base","","","L8X综合候选池","上游样本底座；后续扩展目标"
"sz300100","300100.SZ","双林股份","","","","中证500","index_base","","","L8X综合候选池","上游样本底座；后续扩展目标"
"sz300115","300115.SZ","长盈精密","","","","中证500","index_base","","","L8X综合候选池","上游样本底座；后续扩展目标"
"sz300122","300122.SZ","智飞生物","","","","沪深300","index_base","","","L8X综合候选池","上游样本底座；后续扩展目标"
"sz300124","300124.SZ","汇川技术","","","","沪深300","index_base","","","L8X综合候选池","上游样本底座；后续扩展目标"
"sz300136","300136.SZ","信维通信","","","","中证500","index_base","","","L8X综合候选池","上游样本底座；后续扩展目标"
"sz300140","300140.SZ","节能环境","","","","中证500","index_base","","","L8X综合候选池","上游样本底座；后续扩展目标"
"sz300142","300142.SZ","沃森生物","","","","中证500","index_base","","","L8X综合候选池","上游样本底座；后续扩展目标"
"sz300144","300144.SZ","宋城演艺","","","","中证500","index_base","","","L8X综合候选池","上游样本底座；后续扩展目标"
"sz300146","300146.SZ","汤臣倍健","","","","中证500","index_base","","","L8X综合候选池","上游样本底座；后续扩展目标"
"sz300207","300207.SZ","欣旺达","","","","中证500","index_base","","","L8X综合候选池","上游样本底座；后续扩展目标"
"sz300223","300223.SZ","北京君正","","","","中证500","index_base","","","L8X综合候选池","上游样本底座；后续扩展目标"
"sz300251","300251.SZ","光线传媒","","","","沪深300","index_base","","","L8X综合候选池","上游样本底座；后续扩展目标"
"sz300274","300274.SZ","阳光电源","深交所","新能源","逆变器+储能","新能源","""user_enhance""；""index_base""","","","L8X综合候选池","上游样本底座；后续扩展目标"
"sz300285","300285.SZ","国瓷材料","","","","中证500","index_base","","","L8X综合候选池","上游样本底座；后续扩展目标"
"sz300308","300308.SZ","中际旭创","深交所","通信","光模块","AI算力","""user_enhance""；""index_base""","","","L8X综合候选池","上游样本底座；后续扩展目标"
"sz300316","300316.SZ","晶盛机电","","","","沪深300","index_base","","","L8X综合候选池","上游样本底座；后续扩展目标"
"sz300339","300339.SZ","润和软件","","","","中证500","index_base","","","L8X综合候选池","上游样本底座；后续扩展目标"
"sz300346","300346.SZ","南大光电","","","","中证500","index_base","","","L8X综合候选池","上游样本底座；后续扩展目标"
"sz300347","300347.SZ","泰格医药","","","","沪深300","index_base","","","L8X综合候选池","上游样本底座；后续扩展目标"
"sz300364","300364.SZ","中文在线","深交所","传媒","数字阅读+IP","传媒","""user_enhance""；""strategic""","用户增强观察池重点关注；未纳入L8指数基底池；传媒；数字阅读+IP","","L8X综合候选池","上游样本底座；后续扩展目标"
"sz300373","300373.SZ","扬杰科技","","","","中证500","index_base","","","L8X综合候选池","上游样本底座；后续扩展目标"
"sz300383","300383.SZ","光环新网","","","","中证500","index_base","","","L8X综合候选池","上游样本底座；后续扩展目标"
"sz300390","300390.SZ","天华新能","","","","中证500","index_base","","","L8X综合候选池","上游样本底座；后续扩展目标"
"sz300394","300394.SZ","天孚通信","深交所","通信","光器件","通信","""user_enhance""；""index_base""","","","L8X综合候选池","上游样本底座；后续扩展目标"
"sz300395","300395.SZ","菲利华","","","","中证500","index_base","","","L8X综合候选池","上游样本底座；后续扩展目标"
"sz300408","300408.SZ","三环集团","","","","沪深300","index_base","","","L8X综合候选池","上游样本底座；后续扩展目标"
"sz300413","300413.SZ","芒果超媒","","","","沪深300","index_base","","","L8X综合候选池","上游样本底座；后续扩展目标"
"sz300418","300418.SZ","昆仑万维","","","","沪深300","index_base","","","L8X综合候选池","上游样本底座；后续扩展目标"
"sz300432","300432.SZ","富临精工","","","","中证500","index_base","","","L8X综合候选池","上游样本底座；后续扩展目标"
"sz300433","300433.SZ","蓝思科技","","","","沪深300","index_base","","","L8X综合候选池","上游样本底座；后续扩展目标"
"sz300442","300442.SZ","润泽科技","","","","沪深300","index_base","","","L8X综合候选池","上游样本底座；后续扩展目标"
"sz300450","300450.SZ","先导智能","","","","中证500","index_base","","","L8X综合候选池","上游样本底座；后续扩展目标"
"sz300454","300454.SZ","深信服","","","","中证500","index_base","","","L8X综合候选池","上游样本底座；后续扩展目标"
"sz300458","300458.SZ","全志科技","","","","中证500","index_base","","","L8X综合候选池","上游样本底座；后续扩展目标"
"sz300474","300474.SZ","景嘉微","","","","中证500","index_base","","","L8X综合候选池","上游样本底座；后续扩展目标"
"sz300476","300476.SZ","胜宏科技","","","","沪深300","index_base","","","L8X综合候选池","上游样本底座；后续扩展目标"
"sz300487","300487.SZ","蓝晓科技","","","","中证500","index_base","","","L8X综合候选池","上游样本底座；后续扩展目标"
"sz300496","300496.SZ","中科创达","","","","中证500","index_base","","","L8X综合候选池","上游样本底座；后续扩展目标"
"sz300498","300498.SZ","温氏股份","深交所","农林牧渔","生猪+黄羽鸡","农林牧渔","""user_enhance""；""index_base""","","","L8X综合候选池","上游样本底座；后续扩展目标"
"sz300502","300502.SZ","新易盛","深交所","","","历史重点关注","""user_enhance""；""index_base""","","","L8X综合候选池","上游样本底座；后续扩展目标"
"sz300529","300529.SZ","健帆生物","","","","中证500","index_base","","","L8X综合候选池","上游样本底座；后续扩展目标"
"sz300558","300558.SZ","贝达药业","","","","中证500","index_base","","","L8X综合候选池","上游样本底座；后续扩展目标"
"sz300567","300567.SZ","精测电子","","","","中证500","index_base","","","L8X综合候选池","上游样本底座；后续扩展目标"
"sz300570","300570.SZ","太辰光","","","","中证500","index_base","","","L8X综合候选池","上游样本底座；后续扩展目标"
"sz300601","300601.SZ","康泰生物","","","","中证500","index_base","","","L8X综合候选池","上游样本底座；后续扩展目标"
"sz300604","300604.SZ","长川科技","","","","中证500","index_base","","","L8X综合候选池","上游样本底座；后续扩展目标"
"sz300623","300623.SZ","捷捷微电","","","","中证500","index_base","","","L8X综合候选池","上游样本底座；后续扩展目标"
"sz300627","300627.SZ","华测导航","","","","中证500","index_base","","","L8X综合候选池","上游样本底座；后续扩展目标"
"sz300628","300628.SZ","亿联网络","","","","沪深300","index_base","","","L8X综合候选池","上游样本底座；后续扩展目标"
"sz300641","300641.SZ","正丹股份","深交所","待补充","待补充","历史重点关注","""user_enhance""；""strategic""","用户增强观察池重点关注；未纳入L8指数基底池","","L8X综合候选池","上游样本底座；后续扩展目标"
"sz300661","300661.SZ","圣邦股份","","","","沪深300","index_base","","","L8X综合候选池","上游样本底座；后续扩展目标"
"sz300676","300676.SZ","华大基因","","","","中证500","index_base","","","L8X综合候选池","上游样本底座；后续扩展目标"
"sz300677","300677.SZ","英科医疗","","","","中证500","index_base","","","L8X综合候选池","上游样本底座；后续扩展目标"
"sz300679","300679.SZ","电连技术","","","","中证500","index_base","","","L8X综合候选池","上游样本底座；后续扩展目标"
"sz300699","300699.SZ","光威复材","","","","中证500","index_base","","","L8X综合候选池","上游样本底座；后续扩展目标"
"sz300718","300718.SZ","长盛轴承","","","","中证500","index_base","","","L8X综合候选池","上游样本底座；后续扩展目标"
"sz300724","300724.SZ","捷佳伟创","深交所","","","历史重点关注","""user_enhance""；""index_base""","","","L8X综合候选池","上游样本底座；后续扩展目标"
"sz300735","300735.SZ","光弘科技","","","","中证500","index_base","","","L8X综合候选池","上游样本底座；后续扩展目标"
"sz300748","300748.SZ","金力永磁","","","","中证500","index_base","","","L8X综合候选池","上游样本底座；后续扩展目标"
"sz300750","300750.SZ","宁德时代","深交所","新能源","动力电池+储能","新能源","""user_enhance""；""index_base""","","","L8X综合候选池","上游样本底座；后续扩展目标"
"sz300751","300751.SZ","迈为股份","","","","中证500","index_base","","","L8X综合候选池","上游样本底座；后续扩展目标"
"sz300757","300757.SZ","罗博特科","","","","中证500","index_base","","","L8X综合候选池","上游样本底座；后续扩展目标"
"sz300759","300759.SZ","康龙化成","","","","沪深300","index_base","","","L8X综合候选池","上游样本底座；后续扩展目标"
"sz300760","300760.SZ","迈瑞医疗","深交所","医药医疗","高端医疗器械","医药/医疗","""user_enhance""；""index_base""","","","L8X综合候选池","上游样本底座；后续扩展目标"
"sz300763","300763.SZ","锦浪科技","","","","中证500","index_base","","","L8X综合候选池","上游样本底座；后续扩展目标"
"sz300782","300782.SZ","卓胜微","深交所","半导体","射频前端芯片","半导体","""user_enhance""；""index_base""","","","L8X综合候选池","上游样本底座；后续扩展目标"
"sz300803","300803.SZ","指南针","","","","沪深300","index_base","","","L8X综合候选池","上游样本底座；后续扩展目标"
"sz300832","300832.SZ","新产业","","","","沪深300","index_base","","","L8X综合候选池","上游样本底座；后续扩展目标"
"sz300857","300857.SZ","协创数据","","","","中证500","index_base","","","L8X综合候选池","上游样本底座；后续扩展目标"
"sz300866","300866.SZ","安克创新","","","","沪深300","index_base","","","L8X综合候选池","上游样本底座；后续扩展目标"
"sz300871","300871.SZ","回盛生物","深交所","待补充","待补充","历史重点关注","""user_enhance""；""strategic""","用户增强观察池重点关注；未纳入L8指数基底池","","L8X综合候选池","上游样本底座；后续扩展目标"
"sz300888","300888.SZ","稳健医疗","","","","中证500","index_base","","","L8X综合候选池","上游样本底座；后续扩展目标"
"sz300896","300896.SZ","爱美客","","","","沪深300","index_base","","","L8X综合候选池","上游样本底座；后续扩展目标"
"sz300919","300919.SZ","中伟新材","","","","中证500","index_base","","","L8X综合候选池","上游样本底座；后续扩展目标"
"sz300957","300957.SZ","贝泰妮","","","","中证500","index_base","","","L8X综合候选池","上游样本底座；后续扩展目标"
"sz300972","300972.SZ","万辰集团","","","","中证500","index_base","","","L8X综合候选池","上游样本底座；后续扩展目标"
"sz300979","300979.SZ","华利集团","深交所","纺织服饰","运动鞋履","纺织服饰","""user_enhance""；""index_base""","","","L8X综合候选池","上游样本底座；后续扩展目标"
"sz300999","300999.SZ","金龙鱼","","","","沪深300","index_base","","","L8X综合候选池","上游样本底座；后续扩展目标"
"sz301200","301200.SZ","大族数控","","","","中证500","index_base","","","L8X综合候选池","上游样本底座；后续扩展目标"
"sz301236","301236.SZ","软通动力","","","","沪深300","index_base","","","L8X综合候选池","上游样本底座；后续扩展目标"
"sz301269","301269.SZ","华大九天","","","","沪深300","index_base","","","L8X综合候选池","上游样本底座；后续扩展目标"
"sz301301","301301.SZ","川宁生物","","","","中证500","index_base","","","L8X综合候选池","上游样本底座；后续扩展目标"
"sz301308","301308.SZ","江波龙","","","","中证500","index_base","","","L8X综合候选池","上游样本底座；后续扩展目标"
"sz301358","301358.SZ","湖南裕能","","","","中证500","index_base","","","L8X综合候选池","上游样本底座；后续扩展目标"
"sz301498","301498.SZ","乖宝宠物","","","","中证500","index_base","","","L8X综合候选池","上游样本底座；后续扩展目标"
"sz301536","301536.SZ","星宸科技","","","","中证500","index_base","","","L8X综合候选池","上游样本底座；后续扩展目标"
"sz301611","301611.SZ","珂玛科技","","","","中证500","index_base","","","L8X综合候选池","上游样本底座；后续扩展目标"
"sz302132","302132.SZ","中航成飞","","","","沪深300","index_base","","","L8X综合候选池","上游样本底座；后续扩展目标"
"sz000906","000906.SZ","浙商中拓","深交所","待补充","待补充","历史重点关注","","","","L8B扩展战略样本池","上游增强样本；用户偏好增强"
"sz300641","300641.SZ","正丹股份","深交所","待补充","待补充","历史重点关注","","","","L8B扩展战略样本池","上游增强样本；用户偏好增强"
"sz300871","300871.SZ","回盛生物","深交所","待补充","待补充","历史重点关注","","","","L8B扩展战略样本池","上游增强样本；用户偏好增强"
"sh600326","600326.SH","西藏天路","上交所","待补充","待补充","历史重点关注","","","","L8B扩展战略样本池","上游增强样本；用户偏好增强"
"sz002812","002812.SZ","恩捷股份","深交所","待补充","待补充","历史重点关注","","","","L8B扩展战略样本池","上游增强样本；用户偏好增强"
"sh600198","600198.SH","大唐电信","上交所","待补充","待补充","历史重点关注","","","","L8B扩展战略样本池","上游增强样本；用户偏好增强"
"sh688498","688498.SH","源杰科技","上交所","半导体","光通信芯片(IDM)","半导体","","","","L8B扩展战略样本池","上游增强样本；用户偏好增强"
"sh688521","688521.SH","芯原股份","上交所","半导体","芯片设计服务、IP授权","AI算力","","","","L8B扩展战略样本池","上游增强样本；用户偏好增强"
"sh688802","688802.SH","沐曦股份","上交所","半导体","GPU训练+推理","AI算力","","","","L8B扩展战略样本池","上游增强样本；用户偏好增强"
"sh688795","688795.SH","摩尔线程","上交所","半导体","全功能GPU","AI算力","","","","L8B扩展战略样本池","上游增强样本；用户偏好增强"
"sh600501","600501.SH","航天晨光","上交所","军工","航天装备","军工/航空航天","","","","L8B扩展战略样本池","上游增强样本；用户偏好增强"
"sh688305","688305.SH","科德数控","上交所","机械设备","五轴联动龙门","机械设备","","","","L8B扩展战略样本池","上游增强样本；用户偏好增强"
"sh601882","601882.SH","海天精工","上交所","机械设备","大型龙门加工中心","机械设备","","","","L8B扩展战略样本池","上游增强样本；用户偏好增强"
"sz000837","000837.SZ","秦川机床","深交所","机械设备","精密磨床+主轴","机械设备","","","","L8B扩展战略样本池","上游增强样本；用户偏好增强"
"sz002051","002051.SZ","中工国际","深交所","建筑装饰","国际工程","建筑装饰","","","","L8B扩展战略样本池","上游增强样本；用户偏好增强"
"sh603588","603588.SH","高能环境","上交所","环保","生态修复","环保","","","","L8B扩展战略样本池","上游增强样本；用户偏好增强"
"sz002973","002973.SZ","侨银股份","深交所","环保","环卫服务","环保","","","","L8B扩展战略样本池","上游增强样本；用户偏好增强"
"sz002555","002555.SZ","三七互娱","深交所","传媒","游戏","传媒","","","","L8B扩展战略样本池","上游增强样本；用户偏好增强"
"sz002602","002602.SZ","世纪华通","深交所","传媒","游戏+IDC","传媒","","","","L8B扩展战略样本池","上游增强样本；用户偏好增强"
"sz300364","300364.SZ","中文在线","深交所","传媒","数字阅读+IP","传媒","","","","L8B扩展战略样本池","上游增强样本；用户偏好增强"
"sz002345","002345.SZ","潮宏基","深交所","商贸零售","黄金珠宝","商贸零售","","","","L8B扩展战略样本池","上游增强样本；用户偏好增强"
"sh600612","600612.SH","老凤祥","上交所","商贸零售","黄金珠宝","商贸零售","","","","L8B扩展战略样本池","上游增强样本；用户偏好增强"
"sz002867","002867.SZ","周大生","深交所","商贸零售","黄金珠宝","商贸零售","","","","L8B扩展战略样本池","上游增强样本；用户偏好增强"
"sz002003","002003.SZ","伟星股份","深交所","纺织服饰","拉链纽扣辅料","纺织服饰","","","","L8B扩展战略样本池","上游增强样本；用户偏好增强"
"sh600000","600000.SH","浦发银行","","主板","","沪深300","index_base","","","L7可交易过滤池","盘后辅助；大样本过滤入口"
"sh600004","600004.SH","白云机场","","主板","","中证500","index_base","","","L7可交易过滤池","盘后辅助；大样本过滤入口"
"sh600007","600007.SH","中国国贸","","主板","","中证500","index_base","","","L7可交易过滤池","盘后辅助；大样本过滤入口"
"sh600008","600008.SH","首创环保","","主板","","中证500","index_base","","","L7可交易过滤池","盘后辅助；大样本过滤入口"
"sh600009","600009.SH","上海机场","","主板","","沪深300","index_base","","","L7可交易过滤池","盘后辅助；大样本过滤入口"
"sh600010","600010.SH","包钢股份","","主板","","沪深300","index_base","","","L7可交易过滤池","盘后辅助；大样本过滤入口"
"sh600011","600011.SH","华能国际","","主板","","沪深300","index_base","","","L7可交易过滤池","盘后辅助；大样本过滤入口"
"sh600015","600015.SH","华夏银行","","主板","","沪深300","index_base","","","L7可交易过滤池","盘后辅助；大样本过滤入口"
"sh600016","600016.SH","民生银行","","主板","","沪深300","index_base","","","L7可交易过滤池","盘后辅助；大样本过滤入口"
"sh600018","600018.SH","上港集团","","主板","","沪深300","index_base","","","L7可交易过滤池","盘后辅助；大样本过滤入口"
"sh600019","600019.SH","宝钢股份","","钢铁","普钢龙头","钢铁","""user_enhance""；""index_base""","","","L7可交易过滤池","盘后辅助；大样本过滤入口"
"sh600021","600021.SH","上海电力","","主板","","中证500","index_base","","","L7可交易过滤池","盘后辅助；大样本过滤入口"
"sh600023","600023.SH","浙能电力","","主板","","沪深300","index_base","","","L7可交易过滤池","盘后辅助；大样本过滤入口"
"sh600025","600025.SH","华能水电","","主板","","沪深300","index_base","","","L7可交易过滤池","盘后辅助；大样本过滤入口"
"sh600026","600026.SH","中远海能","","主板","","沪深300","index_base","","","L7可交易过滤池","盘后辅助；大样本过滤入口"
"sh600027","600027.SH","华电国际","","主板","","沪深300","index_base","","","L7可交易过滤池","盘后辅助；大样本过滤入口"
"sh600028","600028.SH","中国石化","","石油石化","炼油化工","石油石化","""user_enhance""；""index_base""","","","L7可交易过滤池","盘后辅助；大样本过滤入口"
"sh600029","600029.SH","南方航空","","主板","","沪深300","index_base","","","L7可交易过滤池","盘后辅助；大样本过滤入口"
"sh600030","600030.SH","中信证券","","主板","","沪深300","index_base","","","L7可交易过滤池","盘后辅助；大样本过滤入口"
"sh600031","600031.SH","三一重工","","主板","","沪深300","index_base","","","L7可交易过滤池","盘后辅助；大样本过滤入口"
"sh600032","600032.SH","浙江新能","","主板","","中证500","index_base","","","L7可交易过滤池","盘后辅助；大样本过滤入口"
"sh600036","600036.SH","招商银行","","金融","银行","金融","""user_enhance""；""index_base""","","","L7可交易过滤池","盘后辅助；大样本过滤入口"
"sh600038","600038.SH","中直股份","","主板","","中证500","index_base","","","L7可交易过滤池","盘后辅助；大样本过滤入口"
"sh600039","600039.SH","四川路桥","","主板","","沪深300","index_base","","","L7可交易过滤池","盘后辅助；大样本过滤入口"
"sh600048","600048.SH","保利发展","","房地产","房地产开发","基建/建材/地产","""user_enhance""；""index_base""","","","L7可交易过滤池","盘后辅助；大样本过滤入口"
"sh600050","600050.SH","中国联通","","主板","","沪深300","index_base","","","L7可交易过滤池","盘后辅助；大样本过滤入口"
"sh600060","600060.SH","海信视像","","主板","","中证500","index_base","","","L7可交易过滤池","盘后辅助；大样本过滤入口"
"sh600061","600061.SH","国投资本","","主板","","沪深300","index_base","","","L7可交易过滤池","盘后辅助；大样本过滤入口"
"sh600062","600062.SH","华润双鹤","","主板","","中证500","index_base","","","L7可交易过滤池","盘后辅助；大样本过滤入口"
"sh600066","600066.SH","宇通客车","","主板","","沪深300","index_base","","","L7可交易过滤池","盘后辅助；大样本过滤入口"
"sh600085","600085.SH","同仁堂","","主板","","沪深300","index_base","","","L7可交易过滤池","盘后辅助；大样本过滤入口"
"sh600089","600089.SH","特变电工","","主板","","沪深300","index_base","","","L7可交易过滤池","盘后辅助；大样本过滤入口"
"sh600095","600095.SH","湘财股份","","主板","","中证500","index_base","","","L7可交易过滤池","盘后辅助；大样本过滤入口"
"sh600096","600096.SH","云天化","","主板","","中证500","index_base","","","L7可交易过滤池","盘后辅助；大样本过滤入口"
"sh600098","600098.SH","广州发展","","主板","","中证500","index_base","","","L7可交易过滤池","盘后辅助；大样本过滤入口"
"sh600104","600104.SH","上汽集团","","汽车","整车","汽车","""user_enhance""；""index_base""","","","L7可交易过滤池","盘后辅助；大样本过滤入口"
"sh600109","600109.SH","国金证券","","主板","","中证500","index_base","","","L7可交易过滤池","盘后辅助；大样本过滤入口"
"sh600111","600111.SH","北方稀土","","有色金属","稀土","资源/材料","""user_enhance""；""index_base""","","","L7可交易过滤池","盘后辅助；大样本过滤入口"
"sh600115","600115.SH","中国东航","","主板","","沪深300","index_base","","","L7可交易过滤池","盘后辅助；大样本过滤入口"
"sh600118","600118.SH","中国卫星","","主板","","中证500","index_base","","","L7可交易过滤池","盘后辅助；大样本过滤入口"
"sh600126","600126.SH","杭钢股份","","主板","","中证500","index_base","","","L7可交易过滤池","盘后辅助；大样本过滤入口"
"sh600131","600131.SH","国网信通","","主板","","中证500","index_base","","","L7可交易过滤池","盘后辅助；大样本过滤入口"
"sh600132","600132.SH","重庆啤酒","","主板","","中证500","index_base","","","L7可交易过滤池","盘后辅助；大样本过滤入口"
"sh600141","600141.SH","兴发集团","","主板","","中证500","index_base","","","L7可交易过滤池","盘后辅助；大样本过滤入口"
"sh600143","600143.SH","金发科技","","主板","","中证500","index_base","","","L7可交易过滤池","盘后辅助；大样本过滤入口"
"sh600150","600150.SH","中国船舶","","主板","","沪深300","index_base","","","L7可交易过滤池","盘后辅助；大样本过滤入口"
"sh600153","600153.SH","建发股份","","主板","","中证500","index_base","","","L7可交易过滤池","盘后辅助；大样本过滤入口"
"sh600157","600157.SH","永泰能源","","主板","","中证500","index_base","","","L7可交易过滤池","盘后辅助；大样本过滤入口"
"sh600160","600160.SH","巨化股份","","基础化工","制冷剂","基础化工","""user_enhance""；""index_base""","","","L7可交易过滤池","盘后辅助；大样本过滤入口"
"sh600161","600161.SH","天坛生物","","主板","","沪深300","index_base","","","L7可交易过滤池","盘后辅助；大样本过滤入口"
"sh600166","600166.SH","福田汽车","","主板","","中证500","index_base","","","L7可交易过滤池","盘后辅助；大样本过滤入口"
"sh600170","600170.SH","上海建工","","主板","","中证500","index_base","","","L7可交易过滤池","盘后辅助；大样本过滤入口"
"sh600171","600171.SH","上海贝岭","","主板","","中证500","index_base","","","L7可交易过滤池","盘后辅助；大样本过滤入口"
"sh600176","600176.SH","中国巨石","","主板","","沪深300","index_base","","","L7可交易过滤池","盘后辅助；大样本过滤入口"
"sh600177","600177.SH","雅戈尔","","主板","","中证500","index_base","","","L7可交易过滤池","盘后辅助；大样本过滤入口"
"sh600183","600183.SH","生益科技","","主板","","沪深300","index_base","","","L7可交易过滤池","盘后辅助；大样本过滤入口"
"sh600188","600188.SH","兖矿能源","","煤炭","煤炭","资源/材料","""user_enhance""；""index_base""","","","L7可交易过滤池","盘后辅助；大样本过滤入口"
"sh600196","600196.SH","复星医药","","主板","","沪深300","index_base","","","L7可交易过滤池","盘后辅助；大样本过滤入口"
"sh600198","600198.SH","大唐电信","","待补充","待补充","历史重点关注","""user_enhance""；""strategic""","用户增强观察池重点关注；未纳入L8指数基底池","","L7可交易过滤池","盘后辅助；大样本过滤入口"
"sh600208","600208.SH","衢州发展","","主板","","中证500","index_base","","","L7可交易过滤池","盘后辅助；大样本过滤入口"
"sh600219","600219.SH","南山铝业","","主板","","沪深300","index_base","","","L7可交易过滤池","盘后辅助；大样本过滤入口"
"sh600233","600233.SH","圆通速递","","主板","","沪深300","index_base","","","L7可交易过滤池","盘后辅助；大样本过滤入口"
"sh600276","600276.SH","恒瑞医药","","医药医疗","创新药研发","医药/医疗","""user_enhance""；""index_base""","","","L7可交易过滤池","盘后辅助；大样本过滤入口"
"sh600282","600282.SH","南钢股份","","主板","","中证500","index_base","","","L7可交易过滤池","盘后辅助；大样本过滤入口"
"sh600295","600295.SH","鄂尔多斯","","主板","","中证500","index_base","","","L7可交易过滤池","盘后辅助；大样本过滤入口"
"sh600298","600298.SH","安琪酵母","","主板","","中证500","index_base","","","L7可交易过滤池","盘后辅助；大样本过滤入口"
"sh600299","600299.SH","安迪苏","","主板","","中证500","index_base","","","L7可交易过滤池","盘后辅助；大样本过滤入口"
"sh600309","600309.SH","万华化学","","基础化工","MDI聚氨酯","基础化工","""user_enhance""；""index_base""","","","L7可交易过滤池","盘后辅助；大样本过滤入口"
"sh600312","600312.SH","平高电气","","主板","","中证500","index_base","","","L7可交易过滤池","盘后辅助；大样本过滤入口"
"sh600316","600316.SH","洪都航空","","主板","","中证500","index_base","","","L7可交易过滤池","盘后辅助；大样本过滤入口"
"sh600326","600326.SH","西藏天路","","待补充","待补充","历史重点关注","""user_enhance""；""strategic""","用户增强观察池重点关注；未纳入L8指数基底池","","L7可交易过滤池","盘后辅助；大样本过滤入口"
"sh600329","600329.SH","达仁堂","","主板","","中证500","index_base","","","L7可交易过滤池","盘后辅助；大样本过滤入口"
"sh600332","600332.SH","白云山","","主板","","中证500","index_base","","","L7可交易过滤池","盘后辅助；大样本过滤入口"
"sh600339","600339.SH","中油工程","","主板","","中证500","index_base","","","L7可交易过滤池","盘后辅助；大样本过滤入口"
"sh600346","600346.SH","恒力石化","","主板","","沪深300","index_base","","","L7可交易过滤池","盘后辅助；大样本过滤入口"
"sh600348","600348.SH","华阳股份","","主板","","中证500","index_base","","","L7可交易过滤池","盘后辅助；大样本过滤入口"
"sh600352","600352.SH","浙江龙盛","","主板","","中证500","index_base","","","L7可交易过滤池","盘后辅助；大样本过滤入口"
"sh600362","600362.SH","江西铜业","","主板","","沪深300","index_base","","","L7可交易过滤池","盘后辅助；大样本过滤入口"
"sh600363","600363.SH","联创光电","","主板","","中证500","index_base","","","L7可交易过滤池","盘后辅助；大样本过滤入口"
"sh600369","600369.SH","西南证券","","主板","","中证500","index_base","","","L7可交易过滤池","盘后辅助；大样本过滤入口"
"sh600372","600372.SH","中航机载","","主板","","沪深300","index_base","","","L7可交易过滤池","盘后辅助；大样本过滤入口"
"sh600377","600377.SH","宁沪高速","","主板","","沪深300","index_base","","","L7可交易过滤池","盘后辅助；大样本过滤入口"
"sh600378","600378.SH","昊华科技","","主板","","中证500","index_base","","","L7可交易过滤池","盘后辅助；大样本过滤入口"
"sh600380","600380.SH","健康元","","主板","","中证500","index_base","","","L7可交易过滤池","盘后辅助；大样本过滤入口"
"sh600390","600390.SH","五矿资本","","主板","","中证500","index_base","","","L7可交易过滤池","盘后辅助；大样本过滤入口"
"sh600392","600392.SH","盛和资源","","主板","","中证500","index_base","","","L7可交易过滤池","盘后辅助；大样本过滤入口"
"sh600398","600398.SH","海澜之家","","纺织服饰","大众男装","纺织服饰","""user_enhance""；""index_base""","","","L7可交易过滤池","盘后辅助；大样本过滤入口"
"sh600406","600406.SH","国电南瑞","","主板","","沪深300","index_base","","","L7可交易过滤池","盘后辅助；大样本过滤入口"
"sh600415","600415.SH","小商品城","","主板","","沪深300","index_base","","","L7可交易过滤池","盘后辅助；大样本过滤入口"
"sh600426","600426.SH","华鲁恒升","","基础化工","煤化工","基础化工","""user_enhance""；""index_base""","","","L7可交易过滤池","盘后辅助；大样本过滤入口"
"sh600435","600435.SH","北方导航","","主板","","中证500","index_base","","","L7可交易过滤池","盘后辅助；大样本过滤入口"
"sh600436","600436.SH","片仔癀","","医药医疗","中药稀缺龙头","医药/医疗","""user_enhance""；""index_base""","","","L7可交易过滤池","盘后辅助；大样本过滤入口"
"sh600438","600438.SH","通威股份","","新能源","光伏硅料+电池","新能源","""user_enhance""；""index_base""","","","L7可交易过滤池","盘后辅助；大样本过滤入口"
"sh600460","600460.SH","士兰微","","主板","","沪深300","index_base","","","L7可交易过滤池","盘后辅助；大样本过滤入口"
"sh600482","600482.SH","中国动力","","主板","","沪深300","index_base","","","L7可交易过滤池","盘后辅助；大样本过滤入口"
"sh600483","600483.SH","福能股份","","电力","海风+气电","电力","""user_enhance""；""index_base""","","","L7可交易过滤池","盘后辅助；大样本过滤入口"
"sh600486","600486.SH","扬农化工","","主板","","中证500","index_base","","","L7可交易过滤池","盘后辅助；大样本过滤入口"
"sh600487","600487.SH","亨通光电","","主板","","中证500","index_base","","","L7可交易过滤池","盘后辅助；大样本过滤入口"
"sh600489","600489.SH","中金黄金","","主板","","沪深300","index_base","","","L7可交易过滤池","盘后辅助；大样本过滤入口"
"sh600497","600497.SH","驰宏锌锗","","主板","","中证500","index_base","","","L7可交易过滤池","盘后辅助；大样本过滤入口"
"sh600498","600498.SH","烽火通信","","主板","","中证500","index_base","","","L7可交易过滤池","盘后辅助；大样本过滤入口"
"sh600499","600499.SH","科达制造","","主板","","中证500","index_base","","","L7可交易过滤池","盘后辅助；大样本过滤入口"
"sh600501","600501.SH","航天晨光","","军工","航天装备","军工/航空航天","""user_enhance""；""strategic""","用户增强观察池重点关注；未纳入L8指数基底池；军工/航空航天；航天装备","","L7可交易过滤池","盘后辅助；大样本过滤入口"
"sh600511","600511.SH","国药股份","","主板","","中证500","index_base","","","L7可交易过滤池","盘后辅助；大样本过滤入口"
"sh600515","600515.SH","海南机场","","主板","","沪深300","index_base","","","L7可交易过滤池","盘后辅助；大样本过滤入口"
"sh600516","600516.SH","方大炭素","","主板","","中证500","index_base","","","L7可交易过滤池","盘后辅助；大样本过滤入口"
"sh600517","600517.SH","国网英大","","主板","","中证500","index_base","","","L7可交易过滤池","盘后辅助；大样本过滤入口"
"sh600519","600519.SH","贵州茅台","","食品饮料","白酒","大消费","""user_enhance""；""index_base""","","","L7可交易过滤池","盘后辅助；大样本过滤入口"
"sh600521","600521.SH","华海药业","","主板","","中证500","index_base","","","L7可交易过滤池","盘后辅助；大样本过滤入口"
"sh600522","600522.SH","中天科技","","主板","","沪深300","index_base","","","L7可交易过滤池","盘后辅助；大样本过滤入口"
"sh600528","600528.SH","中铁工业","","主板","","中证500","index_base","","","L7可交易过滤池","盘后辅助；大样本过滤入口"
"sh600535","600535.SH","天士力","","主板","","中证500","index_base","","","L7可交易过滤池","盘后辅助；大样本过滤入口"
"sh600536","600536.SH","中国软件","","主板","","中证500","index_base","","","L7可交易过滤池","盘后辅助；大样本过滤入口"
"sh600546","600546.SH","山煤国际","","主板","","中证500","index_base","","","L7可交易过滤池","盘后辅助；大样本过滤入口"
"sh600547","600547.SH","山东黄金","","有色金属","黄金","有色金属","""user_enhance""；""index_base""","","","L7可交易过滤池","盘后辅助；大样本过滤入口"
"sh600549","600549.SH","厦门钨业","","主板","","中证500","index_base","","","L7可交易过滤池","盘后辅助；大样本过滤入口"
"sh600562","600562.SH","国睿科技","","主板","","中证500","index_base","","","L7可交易过滤池","盘后辅助；大样本过滤入口"
"sh600563","600563.SH","法拉电子","","主板","","中证500","index_base","","","L7可交易过滤池","盘后辅助；大样本过滤入口"
"sh600566","600566.SH","济川药业","","主板","","中证500","index_base","","","L7可交易过滤池","盘后辅助；大样本过滤入口"
"sh600570","600570.SH","恒生电子","","主板","","沪深300","index_base","","","L7可交易过滤池","盘后辅助；大样本过滤入口"
"sh600578","600578.SH","京能电力","","主板","","中证500","index_base","","","L7可交易过滤池","盘后辅助；大样本过滤入口"
"sh600580","600580.SH","卧龙电驱","","主板","","历史重点关注","""user_enhance""；""index_base""","","","L7可交易过滤池","盘后辅助；大样本过滤入口"
"sh600582","600582.SH","天地科技","","主板","","中证500","index_base","","","L7可交易过滤池","盘后辅助；大样本过滤入口"
"sh600583","600583.SH","海油工程","","主板","","中证500","index_base","","","L7可交易过滤池","盘后辅助；大样本过滤入口"
"sh600584","600584.SH","长电科技","","半导体","封装测试","半导体","""user_enhance""；""index_base""","","","L7可交易过滤池","盘后辅助；大样本过滤入口"
"sh600585","600585.SH","海螺水泥","","建筑材料","水泥","基建/建材/地产","""user_enhance""；""index_base""","","","L7可交易过滤池","盘后辅助；大样本过滤入口"
"sh600588","600588.SH","用友网络","","主板","","沪深300","index_base","","","L7可交易过滤池","盘后辅助；大样本过滤入口"
"sh600598","600598.SH","北大荒","","主板","","中证500","index_base","","","L7可交易过滤池","盘后辅助；大样本过滤入口"
"sh600600","600600.SH","青岛啤酒","","主板","","沪深300","index_base","","","L7可交易过滤池","盘后辅助；大样本过滤入口"
"sh600601","600601.SH","方正科技","","主板","","中证500","index_base","","","L7可交易过滤池","盘后辅助；大样本过滤入口"
"sh600602","600602.SH","云赛智联","","主板","","中证500","index_base","","","L7可交易过滤池","盘后辅助；大样本过滤入口"
"sh600606","600606.SH","绿地控股","","主板","","中证500","index_base","","","L7可交易过滤池","盘后辅助；大样本过滤入口"
"sh600612","600612.SH","老凤祥","","商贸零售","黄金珠宝","商贸零售","""user_enhance""；""strategic""","用户增强观察池重点关注；未纳入L8指数基底池；商贸零售；黄金珠宝","","L7可交易过滤池","盘后辅助；大样本过滤入口"
"sh600637","600637.SH","东方明珠","","主板","","中证500","index_base","","","L7可交易过滤池","盘后辅助；大样本过滤入口"
"sh600642","600642.SH","申能股份","","主板","","中证500","index_base","","","L7可交易过滤池","盘后辅助；大样本过滤入口"
"sh600655","600655.SH","豫园股份","","主板","","中证500","index_base","","","L7可交易过滤池","盘后辅助；大样本过滤入口"
"sh600660","600660.SH","福耀玻璃","","汽车","汽车玻璃","汽车","""user_enhance""；""index_base""","","","L7可交易过滤池","盘后辅助；大样本过滤入口"
"sh600663","600663.SH","陆家嘴","","主板","","中证500","index_base","","","L7可交易过滤池","盘后辅助；大样本过滤入口"
"sh600673","600673.SH","东阳光","","主板","","中证500","index_base","","","L7可交易过滤池","盘后辅助；大样本过滤入口"
"sh600674","600674.SH","川投能源","","主板","","沪深300","index_base","","","L7可交易过滤池","盘后辅助；大样本过滤入口"
"sh600685","600685.SH","中船防务","","主板","","中证500","index_base","","","L7可交易过滤池","盘后辅助；大样本过滤入口"
"sh600688","600688.SH","上海石化","","主板","","中证500","index_base","","","L7可交易过滤池","盘后辅助；大样本过滤入口"
"sh600690","600690.SH","海尔智家","","主板","","沪深300","index_base","","","L7可交易过滤池","盘后辅助；大样本过滤入口"
"sh600699","600699.SH","均胜电子","","主板","","中证500","index_base","","","L7可交易过滤池","盘后辅助；大样本过滤入口"
"sh600704","600704.SH","物产中大","","主板","","中证500","index_base","","","L7可交易过滤池","盘后辅助；大样本过滤入口"
"sh600707","600707.SH","彩虹股份","","主板","","中证500","index_base","","","L7可交易过滤池","盘后辅助；大样本过滤入口"
"sh600720","600720.SH","中交设计","","主板","","中证500","index_base","","","L7可交易过滤池","盘后辅助；大样本过滤入口"
"sh600737","600737.SH","中粮糖业","","主板","","中证500","index_base","","","L7可交易过滤池","盘后辅助；大样本过滤入口"
"sh600739","600739.SH","辽宁成大","","主板","","中证500","index_base","","","L7可交易过滤池","盘后辅助；大样本过滤入口"
"sh600741","600741.SH","华域汽车","","主板","","沪深300","index_base","","","L7可交易过滤池","盘后辅助；大样本过滤入口"
"sh600754","600754.SH","锦江酒店","","主板","","中证500","index_base","","","L7可交易过滤池","盘后辅助；大样本过滤入口"
"sh600760","600760.SH","中航沈飞","","军工","战斗机","军工/航空航天","""user_enhance""；""index_base""","","","L7可交易过滤池","盘后辅助；大样本过滤入口"
"sh600763","600763.SH","通策医疗","","主板","","中证500","index_base","","","L7可交易过滤池","盘后辅助；大样本过滤入口"
"sh600764","600764.SH","中国海防","","主板","","中证500","index_base","","","L7可交易过滤池","盘后辅助；大样本过滤入口"
"sh600765","600765.SH","中航重机","","主板","","中证500","index_base","","","L7可交易过滤池","盘后辅助；大样本过滤入口"
"sh600795","600795.SH","国电电力","","电力","火水并举+弹性装机","电力","""user_enhance""；""index_base""","","","L7可交易过滤池","盘后辅助；大样本过滤入口"
"sh600801","600801.SH","华新建材","","主板","","中证500","index_base","","","L7可交易过滤池","盘后辅助；大样本过滤入口"
"sh600803","600803.SH","新奥股份","","主板","","沪深300","index_base","","","L7可交易过滤池","盘后辅助；大样本过滤入口"
"sh600808","600808.SH","马钢股份","","主板","","中证500","index_base","","","L7可交易过滤池","盘后辅助；大样本过滤入口"
"sh600809","600809.SH","山西汾酒","","主板","","沪深300","index_base","","","L7可交易过滤池","盘后辅助；大样本过滤入口"
"sh600816","600816.SH","建元信托","","主板","","中证500","index_base","","","L7可交易过滤池","盘后辅助；大样本过滤入口"
"sh600820","600820.SH","隧道股份","","主板","","中证500","index_base","","","L7可交易过滤池","盘后辅助；大样本过滤入口"
"sh600845","600845.SH","宝信软件","","主板","","沪深300","index_base","","","L7可交易过滤池","盘后辅助；大样本过滤入口"
"sh600848","600848.SH","上海临港","","主板","","中证500","index_base","","","L7可交易过滤池","盘后辅助；大样本过滤入口"
"sh600862","600862.SH","中航高科","","主板","","中证500","index_base","","","L7可交易过滤池","盘后辅助；大样本过滤入口"
"sh600863","600863.SH","华能蒙电","","主板","","中证500","index_base","","","L7可交易过滤池","盘后辅助；大样本过滤入口"
"sh600871","600871.SH","石化油服","","主板","","中证500","index_base","","","L7可交易过滤池","盘后辅助；大样本过滤入口"
"sh600873","600873.SH","梅花生物","","主板","","中证500","index_base","","","L7可交易过滤池","盘后辅助；大样本过滤入口"
"sh600875","600875.SH","东方电气","","主板","","沪深300","index_base","","","L7可交易过滤池","盘后辅助；大样本过滤入口"
"sh600879","600879.SH","航天电子","","主板","","中证500","index_base","","","L7可交易过滤池","盘后辅助；大样本过滤入口"
"sh600884","600884.SH","杉杉股份","","主板","","中证500","index_base","","","L7可交易过滤池","盘后辅助；大样本过滤入口"
"sh600885","600885.SH","宏发股份","","主板","","中证500","index_base","","","L7可交易过滤池","盘后辅助；大样本过滤入口"
"sh600886","600886.SH","国投电力","","主板","","沪深300","index_base","","","L7可交易过滤池","盘后辅助；大样本过滤入口"
"sh600887","600887.SH","伊利股份","","食品饮料","乳制品","大消费","""user_enhance""；""index_base""","","","L7可交易过滤池","盘后辅助；大样本过滤入口"
"sh600893","600893.SH","航发动力","","主板","","沪深300","index_base","","","L7可交易过滤池","盘后辅助；大样本过滤入口"
"sh600900","600900.SH","长江电力","","电力","水电","大消费","""user_enhance""；""index_base""","","","L7可交易过滤池","盘后辅助；大样本过滤入口"
"sh600901","600901.SH","江苏金租","","主板","","中证500","index_base","","","L7可交易过滤池","盘后辅助；大样本过滤入口"
"sh600905","600905.SH","三峡能源","","主板","","沪深300","index_base","","","L7可交易过滤池","盘后辅助；大样本过滤入口"
"sh600906","600906.SH","财达证券","","主板","","中证500","index_base","","","L7可交易过滤池","盘后辅助；大样本过滤入口"
"sh600909","600909.SH","华安证券","","主板","","中证500","index_base","","","L7可交易过滤池","盘后辅助；大样本过滤入口"
"sh600918","600918.SH","中泰证券","","主板","","沪深300","index_base","","","L7可交易过滤池","盘后辅助；大样本过滤入口"
"sh600919","600919.SH","江苏银行","","主板","","沪深300","index_base","","","L7可交易过滤池","盘后辅助；大样本过滤入口"
"sh600926","600926.SH","杭州银行","","主板","","沪深300","index_base","","","L7可交易过滤池","盘后辅助；大样本过滤入口"
"sh600927","600927.SH","永安期货","","主板","","中证500","index_base","","","L7可交易过滤池","盘后辅助；大样本过滤入口"
"sh600930","600930.SH","华电新能","","主板","","沪深300","index_base","","","L7可交易过滤池","盘后辅助；大样本过滤入口"
"sh600938","600938.SH","中国海油","","石油石化","海上油气","石油石化","""user_enhance""；""index_base""","","","L7可交易过滤池","盘后辅助；大样本过滤入口"
"sh600941","600941.SH","中国移动","","通信","电信运营商","通信","""user_enhance""；""index_base""","","","L7可交易过滤池","盘后辅助；大样本过滤入口"
"sh600959","600959.SH","江苏有线","","主板","","中证500","index_base","","","L7可交易过滤池","盘后辅助；大样本过滤入口"
"sh600967","600967.SH","内蒙一机","","主板","","中证500","index_base","","","L7可交易过滤池","盘后辅助；大样本过滤入口"
"sh600968","600968.SH","海油发展","","主板","","中证500","index_base","","","L7可交易过滤池","盘后辅助；大样本过滤入口"
"sh600970","600970.SH","中材国际","","主板","","中证500","index_base","","","L7可交易过滤池","盘后辅助；大样本过滤入口"
"sh600977","600977.SH","中国电影","","主板","","中证500","index_base","","","L7可交易过滤池","盘后辅助；大样本过滤入口"
"sh600985","600985.SH","淮北矿业","","主板","","中证500","index_base","","","L7可交易过滤池","盘后辅助；大样本过滤入口"
"sh600988","600988.SH","赤峰黄金","","主板","","中证500","index_base","","","L7可交易过滤池","盘后辅助；大样本过滤入口"
"sh600989","600989.SH","宝丰能源","","主板","","沪深300","index_base","","","L7可交易过滤池","盘后辅助；大样本过滤入口"
"sh600995","600995.SH","南网储能","","主板","","中证500","index_base","","","L7可交易过滤池","盘后辅助；大样本过滤入口"
"sh600998","600998.SH","九州通","","主板","","中证500","index_base","","","L7可交易过滤池","盘后辅助；大样本过滤入口"
"sh600999","600999.SH","招商证券","","主板","","沪深300","index_base","","","L7可交易过滤池","盘后辅助；大样本过滤入口"
"sh601000","601000.SH","唐山港","","主板","","中证500","index_base","","","L7可交易过滤池","盘后辅助；大样本过滤入口"
"sh601001","601001.SH","晋控煤业","","主板","","中证500","index_base","","","L7可交易过滤池","盘后辅助；大样本过滤入口"
"sh601006","601006.SH","大秦铁路","","主板","","沪深300","index_base","","","L7可交易过滤池","盘后辅助；大样本过滤入口"
"sh601009","601009.SH","南京银行","","主板","","沪深300","index_base","","","L7可交易过滤池","盘后辅助；大样本过滤入口"
"sh601012","601012.SH","隆基绿能","","新能源","光伏硅片+组件","新能源","""user_enhance""；""index_base""","","","L7可交易过滤池","盘后辅助；大样本过滤入口"
"sh601016","601016.SH","节能风电","","主板","","中证500","index_base","","","L7可交易过滤池","盘后辅助；大样本过滤入口"
"sh601018","601018.SH","宁波港","","主板","","沪深300","index_base","","","L7可交易过滤池","盘后辅助；大样本过滤入口"
"sh601019","601019.SH","山东出版","","主板","","中证500","index_base","","","L7可交易过滤池","盘后辅助；大样本过滤入口"
"sh601021","601021.SH","春秋航空","","主板","","沪深300","index_base","","","L7可交易过滤池","盘后辅助；大样本过滤入口"
"sh601058","601058.SH","赛轮轮胎","","主板","","沪深300","index_base","","","L7可交易过滤池","盘后辅助；大样本过滤入口"
"sh601059","601059.SH","信达证券","","主板","","沪深300","index_base","","","L7可交易过滤池","盘后辅助；大样本过滤入口"
"sh601061","601061.SH","中信金属","","主板","","中证500","index_base","","","L7可交易过滤池","盘后辅助；大样本过滤入口"
"sh601066","601066.SH","中信建投","","主板","","沪深300","index_base","","","L7可交易过滤池","盘后辅助；大样本过滤入口"
"sh601077","601077.SH","渝农商行","","主板","","沪深300","index_base","","","L7可交易过滤池","盘后辅助；大样本过滤入口"
"sh601088","601088.SH","中国神华","","主板","","沪深300","index_base","","","L7可交易过滤池","盘后辅助；大样本过滤入口"
"sh601098","601098.SH","中南传媒","","主板","","中证500","index_base","","","L7可交易过滤池","盘后辅助；大样本过滤入口"
"sh601099","601099.SH","太平洋","","主板","","中证500","index_base","","","L7可交易过滤池","盘后辅助；大样本过滤入口"
"sh601100","601100.SH","恒立液压","","主板","","沪深300","index_base","","","L7可交易过滤池","盘后辅助；大样本过滤入口"
"sh601106","601106.SH","中国一重","","主板","","中证500","index_base","","","L7可交易过滤池","盘后辅助；大样本过滤入口"
"sh601108","601108.SH","财通证券","","主板","","中证500","index_base","","","L7可交易过滤池","盘后辅助；大样本过滤入口"
"sh601111","601111.SH","中国国航","","交通运输","航空","交通运输","""user_enhance""；""index_base""","","","L7可交易过滤池","盘后辅助；大样本过滤入口"
"sh601117","601117.SH","中国化学","","主板","","沪深300","index_base","","","L7可交易过滤池","盘后辅助；大样本过滤入口"
"sh601118","601118.SH","海南橡胶","","主板","","中证500","index_base","","","L7可交易过滤池","盘后辅助；大样本过滤入口"
"sh601127","601127.SH","赛力斯","","主板","","沪深300","index_base","","","L7可交易过滤池","盘后辅助；大样本过滤入口"
"sh601128","601128.SH","常熟银行","","主板","","中证500","index_base","","","L7可交易过滤池","盘后辅助；大样本过滤入口"
"sh601136","601136.SH","首创证券","","主板","","沪深300","index_base","","","L7可交易过滤池","盘后辅助；大样本过滤入口"
"sh601138","601138.SH","工业富联","","电子制造","AI服务器","AI算力","""user_enhance""；""index_base""","","","L7可交易过滤池","盘后辅助；大样本过滤入口"
"sh601139","601139.SH","深圳燃气","","主板","","中证500","index_base","","","L7可交易过滤池","盘后辅助；大样本过滤入口"
"sh601155","601155.SH","新城控股","","主板","","中证500","index_base","","","L7可交易过滤池","盘后辅助；大样本过滤入口"
"sh601156","601156.SH","东航物流","","主板","","中证500","index_base","","","L7可交易过滤池","盘后辅助；大样本过滤入口"
"sh601162","601162.SH","天风证券","","主板","","中证500","index_base","","","L7可交易过滤池","盘后辅助；大样本过滤入口"
"sh601166","601166.SH","兴业银行","","主板","","沪深300","index_base","","","L7可交易过滤池","盘后辅助；大样本过滤入口"
"sh601168","601168.SH","西部矿业","","主板","","中证500","index_base","","","L7可交易过滤池","盘后辅助；大样本过滤入口"
"sh601169","601169.SH","北京银行","","主板","","沪深300","index_base","","","L7可交易过滤池","盘后辅助；大样本过滤入口"
"sh601179","601179.SH","中国西电","","主板","","中证500","index_base","","","L7可交易过滤池","盘后辅助；大样本过滤入口"
"sh601186","601186.SH","中国铁建","","主板","","沪深300","index_base","","","L7可交易过滤池","盘后辅助；大样本过滤入口"
"sh601198","601198.SH","东兴证券","","主板","","中证500","index_base","","","L7可交易过滤池","盘后辅助；大样本过滤入口"
"sh601211","601211.SH","国泰海通","","主板","","沪深300","index_base","","","L7可交易过滤池","盘后辅助；大样本过滤入口"
"sh601212","601212.SH","白银有色","","主板","","中证500","index_base","","","L7可交易过滤池","盘后辅助；大样本过滤入口"
"sh601216","601216.SH","君正集团","","主板","","中证500","index_base","","","L7可交易过滤池","盘后辅助；大样本过滤入口"
"sh601225","601225.SH","陕西煤业","","主板","","沪深300","index_base","","","L7可交易过滤池","盘后辅助；大样本过滤入口"
"sh601228","601228.SH","广州港","","主板","","中证500","index_base","","","L7可交易过滤池","盘后辅助；大样本过滤入口"
"sh601229","601229.SH","上海银行","","主板","","沪深300","index_base","","","L7可交易过滤池","盘后辅助；大样本过滤入口"
"sh601231","601231.SH","环旭电子","","主板","","中证500","index_base","","","L7可交易过滤池","盘后辅助；大样本过滤入口"
"sh601233","601233.SH","桐昆股份","","主板","","中证500","index_base","","","L7可交易过滤池","盘后辅助；大样本过滤入口"
"sh601236","601236.SH","红塔证券","","主板","","沪深300","index_base","","","L7可交易过滤池","盘后辅助；大样本过滤入口"
"sh601238","601238.SH","广汽集团","","主板","","沪深300","index_base","","","L7可交易过滤池","盘后辅助；大样本过滤入口"
"sh601288","601288.SH","农业银行","","主板","","沪深300","index_base","","","L7可交易过滤池","盘后辅助；大样本过滤入口"
"sh601298","601298.SH","青岛港","","主板","","沪深300","index_base","","","L7可交易过滤池","盘后辅助；大样本过滤入口"
"sh601318","601318.SH","中国平安","","金融","保险","金融","""user_enhance""；""index_base""","","","L7可交易过滤池","盘后辅助；大样本过滤入口"
"sh601319","601319.SH","中国人保","","主板","","沪深300","index_base","","","L7可交易过滤池","盘后辅助；大样本过滤入口"
"sh601328","601328.SH","交通银行","","主板","","沪深300","index_base","","","L7可交易过滤池","盘后辅助；大样本过滤入口"
"sh601333","601333.SH","广深铁路","","主板","","中证500","index_base","","","L7可交易过滤池","盘后辅助；大样本过滤入口"
"sh601336","601336.SH","新华保险","","主板","","沪深300","index_base","","","L7可交易过滤池","盘后辅助；大样本过滤入口"
"sh601360","601360.SH","三六零","","主板","","沪深300","index_base","","","L7可交易过滤池","盘后辅助；大样本过滤入口"
"sh601377","601377.SH","兴业证券","","主板","","沪深300","index_base","","","L7可交易过滤池","盘后辅助；大样本过滤入口"
"sh601390","601390.SH","中国中铁","","主板","","沪深300","index_base","","","L7可交易过滤池","盘后辅助；大样本过滤入口"
"sh601398","601398.SH","工商银行","","主板","","沪深300","index_base","","","L7可交易过滤池","盘后辅助；大样本过滤入口"
"sh601399","601399.SH","国机重装","","主板","","中证500","index_base","","","L7可交易过滤池","盘后辅助；大样本过滤入口"
"sh601456","601456.SH","国联民生","","主板","","沪深300","index_base","","","L7可交易过滤池","盘后辅助；大样本过滤入口"
"sh601555","601555.SH","东吴证券","","主板","","中证500","index_base","","","L7可交易过滤池","盘后辅助；大样本过滤入口"
"sh601567","601567.SH","三星电气","","主板","","中证500","index_base","","","L7可交易过滤池","盘后辅助；大样本过滤入口"
"sh601577","601577.SH","长沙银行","","主板","","中证500","index_base","","","L7可交易过滤池","盘后辅助；大样本过滤入口"
"sh601598","601598.SH","中国外运","","主板","","中证500","index_base","","","L7可交易过滤池","盘后辅助；大样本过滤入口"
"sh601600","601600.SH","中国铝业","","主板","","沪深300","index_base","","","L7可交易过滤池","盘后辅助；大样本过滤入口"
"sh601601","601601.SH","中国太保","","主板","","沪深300","index_base","","","L7可交易过滤池","盘后辅助；大样本过滤入口"
"sh601607","601607.SH","上海医药","","主板","","沪深300","index_base","","","L7可交易过滤池","盘后辅助；大样本过滤入口"
"sh601608","601608.SH","中信重工","","主板","","中证500","index_base","","","L7可交易过滤池","盘后辅助；大样本过滤入口"
"sh601611","601611.SH","中国核建","","主板","","中证500","index_base","","","L7可交易过滤池","盘后辅助；大样本过滤入口"
"sh601615","601615.SH","明阳智能","","主板","","中证500","index_base","","","L7可交易过滤池","盘后辅助；大样本过滤入口"
"sh601618","601618.SH","中国中冶","","主板","","沪深300","index_base","","","L7可交易过滤池","盘后辅助；大样本过滤入口"
"sh601628","601628.SH","中国人寿","","主板","","沪深300","index_base","","","L7可交易过滤池","盘后辅助；大样本过滤入口"
"sh601633","601633.SH","长城汽车","","汽车","整车","汽车","""user_enhance""；""index_base""","","","L7可交易过滤池","盘后辅助；大样本过滤入口"
"sh601658","601658.SH","邮储银行","","主板","","沪深300","index_base","","","L7可交易过滤池","盘后辅助；大样本过滤入口"
"sh601665","601665.SH","齐鲁银行","","主板","","中证500","index_base","","","L7可交易过滤池","盘后辅助；大样本过滤入口"
"sh601666","601666.SH","平煤股份","","主板","","中证500","index_base","","","L7可交易过滤池","盘后辅助；大样本过滤入口"
"sh601668","601668.SH","中国建筑","","建筑装饰","建筑央国企","建筑装饰","""user_enhance""；""index_base""","","","L7可交易过滤池","盘后辅助；大样本过滤入口"
"sh601669","601669.SH","中国电建","","主板","","沪深300","index_base","","","L7可交易过滤池","盘后辅助；大样本过滤入口"
"sh601688","601688.SH","华泰证券","","主板","","沪深300","index_base","","","L7可交易过滤池","盘后辅助；大样本过滤入口"
"sh601689","601689.SH","拓普集团","","主板","","沪深300","index_base","","","L7可交易过滤池","盘后辅助；大样本过滤入口"
"sh601696","601696.SH","中银证券","","主板","","中证500","index_base","","","L7可交易过滤池","盘后辅助；大样本过滤入口"
"sh601698","601698.SH","中国卫通","","主板","","沪深300","index_base","","","L7可交易过滤池","盘后辅助；大样本过滤入口"
"sh601699","601699.SH","潞安环能","","主板","","中证500","index_base","","","L7可交易过滤池","盘后辅助；大样本过滤入口"
"sh601717","601717.SH","中创智领","","主板","","中证500","index_base","","","L7可交易过滤池","盘后辅助；大样本过滤入口"
"sh601728","601728.SH","中国电信","","主板","","沪深300","index_base","","","L7可交易过滤池","盘后辅助；大样本过滤入口"
"sh601766","601766.SH","中国中车","","主板","","沪深300","index_base","","","L7可交易过滤池","盘后辅助；大样本过滤入口"
"sh601788","601788.SH","光大证券","","主板","","沪深300","index_base","","","L7可交易过滤池","盘后辅助；大样本过滤入口"
"sh601799","601799.SH","星宇股份","","主板","","中证500","index_base","","","L7可交易过滤池","盘后辅助；大样本过滤入口"
"sh601800","601800.SH","中国交建","","建筑装饰","基建+运河经济","建筑装饰","""user_enhance""；""index_base""","","","L7可交易过滤池","盘后辅助；大样本过滤入口"
"sh601808","601808.SH","中海油服","","主板","","沪深300","index_base","","","L7可交易过滤池","盘后辅助；大样本过滤入口"
"sh601816","601816.SH","京沪高铁","","主板","","沪深300","index_base","","","L7可交易过滤池","盘后辅助；大样本过滤入口"
"sh601818","601818.SH","光大银行","","主板","","沪深300","index_base","","","L7可交易过滤池","盘后辅助；大样本过滤入口"
"sh601825","601825.SH","沪农商行","","主板","","沪深300","index_base","","","L7可交易过滤池","盘后辅助；大样本过滤入口"
"sh601838","601838.SH","成都银行","","主板","","沪深300","index_base","","","L7可交易过滤池","盘后辅助；大样本过滤入口"
"sh601857","601857.SH","中国石油","","石油石化","油气+天然气","石油石化","""user_enhance""；""index_base""","","","L7可交易过滤池","盘后辅助；大样本过滤入口"
"sh601865","601865.SH","福莱特","","主板","","中证500","index_base","","","L7可交易过滤池","盘后辅助；大样本过滤入口"
"sh601866","601866.SH","中远海发","","主板","","中证500","index_base","","","L7可交易过滤池","盘后辅助；大样本过滤入口"
"sh601868","601868.SH","中国能建","","主板","","沪深300","index_base","","","L7可交易过滤池","盘后辅助；大样本过滤入口"
"sh601872","601872.SH","招商轮船","","主板","","沪深300","index_base","","","L7可交易过滤池","盘后辅助；大样本过滤入口"
"sh601877","601877.SH","正泰电器","","主板","","沪深300","index_base","","","L7可交易过滤池","盘后辅助；大样本过滤入口"
"sh601878","601878.SH","浙商证券","","主板","","沪深300","index_base","","","L7可交易过滤池","盘后辅助；大样本过滤入口"
"sh601880","601880.SH","辽港股份","","主板","","中证500","index_base","","","L7可交易过滤池","盘后辅助；大样本过滤入口"
"sh601881","601881.SH","中国银河","","主板","","沪深300","index_base","","","L7可交易过滤池","盘后辅助；大样本过滤入口"
"sh601882","601882.SH","海天精工","","机械设备","大型龙门加工中心","机械设备","""user_enhance""；""strategic""","用户增强观察池重点关注；未纳入L8指数基底池；机械设备；大型龙门加工中心","","L7可交易过滤池","盘后辅助；大样本过滤入口"
"sh601888","601888.SH","中国中免","","主板","","沪深300","index_base","","","L7可交易过滤池","盘后辅助；大样本过滤入口"
"sh601898","601898.SH","中煤能源","","主板","","沪深300","index_base","","","L7可交易过滤池","盘后辅助；大样本过滤入口"
"sh601899","601899.SH","紫金矿业","","有色金属","铜金矿","资源/材料","""user_enhance""；""index_base""","","","L7可交易过滤池","盘后辅助；大样本过滤入口"
"sh601901","601901.SH","方正证券","","主板","","沪深300","index_base","","","L7可交易过滤池","盘后辅助；大样本过滤入口"
"sh601916","601916.SH","浙商银行","","主板","","沪深300","index_base","","","L7可交易过滤池","盘后辅助；大样本过滤入口"
"sh601918","601918.SH","新集能源","","主板","","中证500","index_base","","","L7可交易过滤池","盘后辅助；大样本过滤入口"
"sh601919","601919.SH","中远海控","","主板","","沪深300","index_base","","","L7可交易过滤池","盘后辅助；大样本过滤入口"
"sh601921","601921.SH","浙版传媒","","主板","","中证500","index_base","","","L7可交易过滤池","盘后辅助；大样本过滤入口"
"sh601928","601928.SH","凤凰传媒","","主板","","中证500","index_base","","","L7可交易过滤池","盘后辅助；大样本过滤入口"
"sh601939","601939.SH","建设银行","","主板","","沪深300","index_base","","","L7可交易过滤池","盘后辅助；大样本过滤入口"
"sh601958","601958.SH","金钼股份","","主板","","中证500","index_base","","","L7可交易过滤池","盘后辅助；大样本过滤入口"
"sh601965","601965.SH","中国汽研","","主板","","中证500","index_base","","","L7可交易过滤池","盘后辅助；大样本过滤入口"
"sh601966","601966.SH","玲珑轮胎","","主板","","中证500","index_base","","","L7可交易过滤池","盘后辅助；大样本过滤入口"
"sh601985","601985.SH","中国核电","","电力","核电","电力","""user_enhance""；""index_base""","","","L7可交易过滤池","盘后辅助；大样本过滤入口"
"sh601988","601988.SH","中国银行","","主板","","沪深300","index_base","","","L7可交易过滤池","盘后辅助；大样本过滤入口"
"sh601990","601990.SH","南京证券","","主板","","中证500","index_base","","","L7可交易过滤池","盘后辅助；大样本过滤入口"
"sh601991","601991.SH","大唐发电","","主板","","中证500","index_base","","","L7可交易过滤池","盘后辅助；大样本过滤入口"
"sh601995","601995.SH","中金公司","","主板","","沪深300","index_base","","","L7可交易过滤池","盘后辅助；大样本过滤入口"
"sh601997","601997.SH","贵阳银行","","主板","","中证500","index_base","","","L7可交易过滤池","盘后辅助；大样本过滤入口"
"sh601998","601998.SH","中信银行","","主板","","沪深300","index_base","","","L7可交易过滤池","盘后辅助；大样本过滤入口"
"sh603000","603000.SH","人民网","","主板","","中证500","index_base","","","L7可交易过滤池","盘后辅助；大样本过滤入口"
"sh603019","603019.SH","中科曙光","","主板","","沪深300","index_base","","","L7可交易过滤池","盘后辅助；大样本过滤入口"
"sh603049","603049.SH","中策橡胶","","主板","","中证500","index_base","","","L7可交易过滤池","盘后辅助；大样本过滤入口"
"sh603077","603077.SH","和邦生物","","主板","","中证500","index_base","","","L7可交易过滤池","盘后辅助；大样本过滤入口"
"sh603087","603087.SH","甘李药业","","主板","","中证500","index_base","","","L7可交易过滤池","盘后辅助；大样本过滤入口"
"sh603129","603129.SH","春风动力","","主板","","中证500","index_base","","","L7可交易过滤池","盘后辅助；大样本过滤入口"
"sh603156","603156.SH","养元饮品","","主板","","中证500","index_base","","","L7可交易过滤池","盘后辅助；大样本过滤入口"
"sh603160","603160.SH","汇顶科技","","主板","","中证500","index_base","","","L7可交易过滤池","盘后辅助；大样本过滤入口"
"sh603179","603179.SH","新泉股份","","主板","","中证500","index_base","","","L7可交易过滤池","盘后辅助；大样本过滤入口"
"sh603195","603195.SH","公牛集团","","主板","","沪深300","index_base","","","L7可交易过滤池","盘后辅助；大样本过滤入口"
"sh603225","603225.SH","新凤鸣","","主板","","中证500","index_base","","","L7可交易过滤池","盘后辅助；大样本过滤入口"
"sh603228","603228.SH","景旺电子","","主板","","中证500","index_base","","","L7可交易过滤池","盘后辅助；大样本过滤入口"
"sh603233","603233.SH","大参林","","主板","","中证500","index_base","","","L7可交易过滤池","盘后辅助；大样本过滤入口"
"sh603259","603259.SH","药明康德","","医药医疗","CXO","医药/医疗","""user_enhance""；""index_base""","","","L7可交易过滤池","盘后辅助；大样本过滤入口"
"sh603260","603260.SH","合盛硅业","","主板","","沪深300","index_base","","","L7可交易过滤池","盘后辅助；大样本过滤入口"
"sh603288","603288.SH","海天味业","","主板","","沪深300","index_base","","","L7可交易过滤池","盘后辅助；大样本过滤入口"
"sh603290","603290.SH","斯达半导","","主板","","中证500","index_base","","","L7可交易过滤池","盘后辅助；大样本过滤入口"
"sh603296","603296.SH","华勤技术","","主板","","沪深300","index_base","","","L7可交易过滤池","盘后辅助；大样本过滤入口"
"sh603298","603298.SH","杭叉集团","","主板","","中证500","index_base","","","L7可交易过滤池","盘后辅助；大样本过滤入口"
"sh603338","603338.SH","浙江鼎力","","主板","","中证500","index_base","","","L7可交易过滤池","盘后辅助；大样本过滤入口"
"sh603341","603341.SH","龙旗科技","","主板","","中证500","index_base","","","L7可交易过滤池","盘后辅助；大样本过滤入口"
"sh603345","603345.SH","安井食品","","主板","","中证500","index_base","","","L7可交易过滤池","盘后辅助；大样本过滤入口"
"sh603369","603369.SH","今世缘","","主板","","沪深300","index_base","","","L7可交易过滤池","盘后辅助；大样本过滤入口"
"sh603379","603379.SH","三美股份","","主板","","中证500","index_base","","","L7可交易过滤池","盘后辅助；大样本过滤入口"
"sh603392","603392.SH","万泰生物","","主板","","沪深300","index_base","","","L7可交易过滤池","盘后辅助；大样本过滤入口"
"sh603444","603444.SH","吉比特","","主板","","中证500","index_base","","","L7可交易过滤池","盘后辅助；大样本过滤入口"
"sh603486","603486.SH","科沃斯","","主板","","中证500","index_base","","","L7可交易过滤池","盘后辅助；大样本过滤入口"
"sh603501","603501.SH","韦尔股份","","半导体","CMOS图像传感器","半导体","""user_enhance""；""index_base""","","","L7可交易过滤池","盘后辅助；大样本过滤入口"
"sh603529","603529.SH","爱玛科技","","主板","","中证500","index_base","","","L7可交易过滤池","盘后辅助；大样本过滤入口"
"sh603565","603565.SH","中谷物流","","主板","","中证500","index_base","","","L7可交易过滤池","盘后辅助；大样本过滤入口"
"sh603568","603568.SH","伟明环保","","环保","固废处理+垃圾焚烧","环保","""user_enhance""；""index_base""","","","L7可交易过滤池","盘后辅助；大样本过滤入口"
"sh603588","603588.SH","高能环境","","环保","生态修复","环保","""user_enhance""；""strategic""","用户增强观察池重点关注；未纳入L8指数基底池；环保；生态修复","","L7可交易过滤池","盘后辅助；大样本过滤入口"
"sh603589","603589.SH","口子窖","","主板","","中证500","index_base","","","L7可交易过滤池","盘后辅助；大样本过滤入口"
"sh603596","603596.SH","伯特利","","主板","","中证500","index_base","","","L7可交易过滤池","盘后辅助；大样本过滤入口"
"sh603605","603605.SH","珀莱雅","","主板","","中证500","index_base","","","L7可交易过滤池","盘后辅助；大样本过滤入口"
"sh603606","603606.SH","东方电缆","","主板","","中证500","index_base","","","L7可交易过滤池","盘后辅助；大样本过滤入口"
"sh603650","603650.SH","彤程新材","","主板","","中证500","index_base","","","L7可交易过滤池","盘后辅助；大样本过滤入口"
"sh603658","603658.SH","安图生物","","主板","","中证500","index_base","","","L7可交易过滤池","盘后辅助；大样本过滤入口"
"sh603659","603659.SH","璞泰来","","主板","","中证500","index_base","","","L7可交易过滤池","盘后辅助；大样本过滤入口"
"sh603688","603688.SH","石英股份","","主板","","中证500","index_base","","","L7可交易过滤池","盘后辅助；大样本过滤入口"
"sh603699","603699.SH","纽威股份","","主板","","中证500","index_base","","","L7可交易过滤池","盘后辅助；大样本过滤入口"
"sh603707","603707.SH","健友股份","","主板","","中证500","index_base","","","L7可交易过滤池","盘后辅助；大样本过滤入口"
"sh603728","603728.SH","鸣志电器","","主板","","中证500","index_base","","","L7可交易过滤池","盘后辅助；大样本过滤入口"
"sh603737","603737.SH","三棵树","","主板","","中证500","index_base","","","L7可交易过滤池","盘后辅助；大样本过滤入口"
"sh603766","603766.SH","隆鑫通用","","主板","","中证500","index_base","","","L7可交易过滤池","盘后辅助；大样本过滤入口"
"sh603786","603786.SH","科博达","","主板","","中证500","index_base","","","L7可交易过滤池","盘后辅助；大样本过滤入口"
"sh603799","603799.SH","华友钴业","","主板","","沪深300","index_base","","","L7可交易过滤池","盘后辅助；大样本过滤入口"
"sh603806","603806.SH","福斯特","","主板","","中证500","index_base","","","L7可交易过滤池","盘后辅助；大样本过滤入口"
"sh603816","603816.SH","顾家家居","","主板","","中证500","index_base","","","L7可交易过滤池","盘后辅助；大样本过滤入口"
"sh603833","603833.SH","欧派家居","","主板","","中证500","index_base","","","L7可交易过滤池","盘后辅助；大样本过滤入口"
"sh603858","603858.SH","步长制药","","主板","","中证500","index_base","","","L7可交易过滤池","盘后辅助；大样本过滤入口"
"sh603885","603885.SH","吉祥航空","","主板","","中证500","index_base","","","L7可交易过滤池","盘后辅助；大样本过滤入口"
"sh603893","603893.SH","瑞芯微","","主板","","沪深300","index_base","","","L7可交易过滤池","盘后辅助；大样本过滤入口"
"sh603899","603899.SH","晨光股份","","主板","","中证500","index_base","","","L7可交易过滤池","盘后辅助；大样本过滤入口"
"sh603920","603920.SH","世运电路","","主板","","中证500","index_base","","","L7可交易过滤池","盘后辅助；大样本过滤入口"
"sh603927","603927.SH","中科软","","主板","","中证500","index_base","","","L7可交易过滤池","盘后辅助；大样本过滤入口"
"sh603939","603939.SH","益丰药房","","主板","","中证500","index_base","","","L7可交易过滤池","盘后辅助；大样本过滤入口"
"sh603979","603979.SH","金诚信","","主板","","中证500","index_base","","","L7可交易过滤池","盘后辅助；大样本过滤入口"
"sh603986","603986.SH","兆易创新","","半导体","存储芯片、MCU","半导体","""user_enhance""；""index_base""","","","L7可交易过滤池","盘后辅助；大样本过滤入口"
"sh603993","603993.SH","洛阳钼业","","有色金属","铜钴钼","有色金属","""user_enhance""；""index_base""","","","L7可交易过滤池","盘后辅助；大样本过滤入口"
"sh605117","605117.SH","德业股份","","主板","","沪深300","index_base","","","L7可交易过滤池","盘后辅助；大样本过滤入口"
"sh605358","605358.SH","立昂微","","主板","","中证500","index_base","","","L7可交易过滤池","盘后辅助；大样本过滤入口"
"sh605499","605499.SH","东鹏饮料","","主板","","沪深300","index_base","","","L7可交易过滤池","盘后辅助；大样本过滤入口"
"sh605589","605589.SH","圣泉集团","","主板","","中证500","index_base","","","L7可交易过滤池","盘后辅助；大样本过滤入口"
"sh688002","688002.SH","睿创微纳","","科创板","","中证500","index_base","","","L7可交易过滤池","盘后辅助；大样本过滤入口"
"sh688008","688008.SH","澜起科技","","半导体","内存接口芯片","半导体","""user_enhance""；""index_base""","","","L7可交易过滤池","盘后辅助；大样本过滤入口"
"sh688009","688009.SH","中国通号","","科创板","","沪深300","index_base","","","L7可交易过滤池","盘后辅助；大样本过滤入口"
"sh688012","688012.SH","中微公司","","半导体","刻蚀设备","半导体","""user_enhance""；""index_base""","","","L7可交易过滤池","盘后辅助；大样本过滤入口"
"sh688017","688017.SH","绿的谐波","","科创板","","中证500","index_base","","","L7可交易过滤池","盘后辅助；大样本过滤入口"
"sh688018","688018.SH","乐鑫科技","","科创板","","中证500","index_base","","","L7可交易过滤池","盘后辅助；大样本过滤入口"
"sh688019","688019.SH","安集科技","","科创板","","中证500","index_base","","","L7可交易过滤池","盘后辅助；大样本过滤入口"
"sh688027","688027.SH","国盾量子","","科创板","","中证500","index_base","","","L7可交易过滤池","盘后辅助；大样本过滤入口"
"sh688036","688036.SH","传音控股","","科创板","","沪深300","index_base","","","L7可交易过滤池","盘后辅助；大样本过滤入口"
"sh688037","688037.SH","芯源微","","科创板","","中证500","index_base","","","L7可交易过滤池","盘后辅助；大样本过滤入口"
"sh688041","688041.SH","海光信息","","半导体","高端处理器(CPU/DCU)","AI算力","""user_enhance""；""index_base""","","","L7可交易过滤池","盘后辅助；大样本过滤入口"
"sh688047","688047.SH","龙芯中科","","半导体","国产CPU","半导体","""user_enhance""；""index_base""","","","L7可交易过滤池","盘后辅助；大样本过滤入口"
"sh688052","688052.SH","纳芯微","","科创板","","中证500","index_base","","","L7可交易过滤池","盘后辅助；大样本过滤入口"
"sh688065","688065.SH","凯赛生物","","科创板","","中证500","index_base","","","L7可交易过滤池","盘后辅助；大样本过滤入口"
"sh688082","688082.SH","盛美上海","","半导体","清洗设备","半导体","""user_enhance""；""index_base""","","","L7可交易过滤池","盘后辅助；大样本过滤入口"
"sh688099","688099.SH","晶晨股份","","科创板","","中证500","index_base","","","L7可交易过滤池","盘后辅助；大样本过滤入口"
"sh688100","688100.SH","威胜信息","","科创板","","中证500","index_base","","","L7可交易过滤池","盘后辅助；大样本过滤入口"
"sh688111","688111.SH","金山办公","","软件互联网","办公软件","软件/互联网","""user_enhance""；""index_base""","","","L7可交易过滤池","盘后辅助；大样本过滤入口"
"sh688114","688114.SH","华大智造","","科创板","","中证500","index_base","","","L7可交易过滤池","盘后辅助；大样本过滤入口"
"sh688120","688120.SH","华海清科","","科创板","","中证500","index_base","","","L7可交易过滤池","盘后辅助；大样本过滤入口"
"sh688122","688122.SH","西部超导","","科创板","","中证500","index_base","","","L7可交易过滤池","盘后辅助；大样本过滤入口"
"sh688126","688126.SH","沪硅产业","","科创板","","沪深300","index_base","","","L7可交易过滤池","盘后辅助；大样本过滤入口"
"sh688166","688166.SH","博瑞医药","","科创板","","中证500","index_base","","","L7可交易过滤池","盘后辅助；大样本过滤入口"
"sh688169","688169.SH","石头科技","","科创板","","沪深300","index_base","","","L7可交易过滤池","盘后辅助；大样本过滤入口"
"sh688172","688172.SH","燕东微","","科创板","","中证500","index_base","","","L7可交易过滤池","盘后辅助；大样本过滤入口"
"sh688180","688180.SH","君实生物","","科创板","","中证500","index_base","","","L7可交易过滤池","盘后辅助；大样本过滤入口"
"sh688183","688183.SH","生益电子","","科创板","","中证500","index_base","","","L7可交易过滤池","盘后辅助；大样本过滤入口"
"sh688187","688187.SH","时代电气","","科创板","","沪深300","index_base","","","L7可交易过滤池","盘后辅助；大样本过滤入口"
"sh688188","688188.SH","柏楚电子","","科创板","","中证500","index_base","","","L7可交易过滤池","盘后辅助；大样本过滤入口"
"sh688192","688192.SH","迪哲医药","","科创板","","中证500","index_base","","","L7可交易过滤池","盘后辅助；大样本过滤入口"
"sh688213","688213.SH","思特威","","科创板","","中证500","index_base","","","L7可交易过滤池","盘后辅助；大样本过滤入口"
"sh688220","688220.SH","翱捷科技","","科创板","","中证500","index_base","","","L7可交易过滤池","盘后辅助；大样本过滤入口"
"sh688223","688223.SH","晶科能源","","科创板","","沪深300","index_base","","","L7可交易过滤池","盘后辅助；大样本过滤入口"
"sh688234","688234.SH","天岳先进","","半导体","第三代半导体材料","半导体","""user_enhance""；""index_base""","","","L7可交易过滤池","盘后辅助；大样本过滤入口"
"sh688235","688235.SH","百济神州","","医药医疗","抗肿瘤创新药","医药/医疗","""user_enhance""；""index_base""","","","L7可交易过滤池","盘后辅助；大样本过滤入口"
"sh688248","688248.SH","南网科技","","科创板","","中证500","index_base","","","L7可交易过滤池","盘后辅助；大样本过滤入口"
"sh688256","688256.SH","寒武纪","","半导体","AI芯片、智能处理器","AI算力","""user_enhance""；""index_base""","","","L7可交易过滤池","盘后辅助；大样本过滤入口"
"sh688266","688266.SH","泽璟制药","","科创板","","中证500","index_base","","","L7可交易过滤池","盘后辅助；大样本过滤入口"
"sh688271","688271.SH","联影医疗","","科创板","","沪深300","index_base","","","L7可交易过滤池","盘后辅助；大样本过滤入口"
"sh688278","688278.SH","特宝生物","","科创板","","中证500","index_base","","","L7可交易过滤池","盘后辅助；大样本过滤入口"
"sh688281","688281.SH","华秦科技","","科创板","","中证500","index_base","","","L7可交易过滤池","盘后辅助；大样本过滤入口"
"sh688295","688295.SH","中复神鹰","","科创板","","中证500","index_base","","","L7可交易过滤池","盘后辅助；大样本过滤入口"
"sh688297","688297.SH","中无人机","","科创板","","中证500","index_base","","","L7可交易过滤池","盘后辅助；大样本过滤入口"
"sh688301","688301.SH","奕瑞科技","","科创板","","中证500","index_base","","","L7可交易过滤池","盘后辅助；大样本过滤入口"
"sh688303","688303.SH","大全能源","","科创板","","沪深300","index_base","","","L7可交易过滤池","盘后辅助；大样本过滤入口"
"sh688305","688305.SH","科德数控","","机械设备","五轴联动龙门","机械设备","""user_enhance""；""strategic""","用户增强观察池重点关注；未纳入L8指数基底池；机械设备；五轴联动龙门","","L7可交易过滤池","盘后辅助；大样本过滤入口"
"sh688318","688318.SH","财富趋势","","科创板","","中证500","index_base","","","L7可交易过滤池","盘后辅助；大样本过滤入口"
"sh688322","688322.SH","奥比中光","","科创板","","中证500","index_base","","","L7可交易过滤池","盘后辅助；大样本过滤入口"
"sh688336","688336.SH","三生国健","","科创板","","中证500","index_base","","","L7可交易过滤池","盘后辅助；大样本过滤入口"
"sh688347","688347.SH","华虹公司","","科创板","","中证500","index_base","","","L7可交易过滤池","盘后辅助；大样本过滤入口"
"sh688349","688349.SH","三一重能","","科创板","","中证500","index_base","","","L7可交易过滤池","盘后辅助；大样本过滤入口"
"sh688361","688361.SH","中科飞测","","科创板","","中证500","index_base","","","L7可交易过滤池","盘后辅助；大样本过滤入口"
"sh688363","688363.SH","华熙生物","","科创板","","中证500","index_base","","","L7可交易过滤池","盘后辅助；大样本过滤入口"
"sh688375","688375.SH","国博电子","","科创板","","中证500","index_base","","","L7可交易过滤池","盘后辅助；大样本过滤入口"
"sh688385","688385.SH","复旦微电","","科创板","","中证500","index_base","","","L7可交易过滤池","盘后辅助；大样本过滤入口"
"sh688387","688387.SH","信科移动","","科创板","","中证500","index_base","","","L7可交易过滤池","盘后辅助；大样本过滤入口"
"sh688396","688396.SH","华润微","","科创板","","沪深300","index_base","","","L7可交易过滤池","盘后辅助；大样本过滤入口"
"sh688425","688425.SH","铁建重工","","科创板","","中证500","index_base","","","L7可交易过滤池","盘后辅助；大样本过滤入口"
"sh688469","688469.SH","芯联集成","","科创板","","中证500","index_base","","","L7可交易过滤池","盘后辅助；大样本过滤入口"
"sh688472","688472.SH","阿特斯","","科创板","","沪深300","index_base","","","L7可交易过滤池","盘后辅助；大样本过滤入口"
"sh688475","688475.SH","萤石网络","","科创板","","中证500","index_base","","","L7可交易过滤池","盘后辅助；大样本过滤入口"
"sh688498","688498.SH","源杰科技","","半导体","光通信芯片(IDM)","半导体","""user_enhance""；""strategic""","用户增强观察池重点关注；未纳入L8指数基底池；半导体；光通信芯片(IDM)","","L7可交易过滤池","盘后辅助；大样本过滤入口"
"sh688506","688506.SH","百利天恒","","科创板","","沪深300","index_base","","","L7可交易过滤池","盘后辅助；大样本过滤入口"
"sh688520","688520.SH","神州细胞","","科创板","","中证500","index_base","","","L7可交易过滤池","盘后辅助；大样本过滤入口"
"sh688521","688521.SH","芯原股份","","半导体","芯片设计服务、IP授权","AI算力","""user_enhance""；""strategic""","用户增强观察池重点关注；未纳入L8指数基底池；AI算力；芯片设计服务、IP授权","","L7可交易过滤池","盘后辅助；大样本过滤入口"
"sh688525","688525.SH","佰维存储","","半导体","存储芯片","半导体","""user_enhance""；""index_base""","","","L7可交易过滤池","盘后辅助；大样本过滤入口"
"sh688538","688538.SH","和辉光电","","科创板","","中证500","index_base","","","L7可交易过滤池","盘后辅助；大样本过滤入口"
"sh688561","688561.SH","奇安信","","科创板","","中证500","index_base","","","L7可交易过滤池","盘后辅助；大样本过滤入口"
"sh688563","688563.SH","航材股份","","科创板","","中证500","index_base","","","L7可交易过滤池","盘后辅助；大样本过滤入口"
"sh688568","688568.SH","中科星图","","科创板","","中证500","index_base","","","L7可交易过滤池","盘后辅助；大样本过滤入口"
"sh688578","688578.SH","艾力斯","","科创板","","中证500","index_base","","","L7可交易过滤池","盘后辅助；大样本过滤入口"
"sh688582","688582.SH","芯动联科","","科创板","","中证500","index_base","","","L7可交易过滤池","盘后辅助；大样本过滤入口"
"sh688599","688599.SH","天合光能","","新能源","光伏组件","新能源","""user_enhance""；""index_base""","","","L7可交易过滤池","盘后辅助；大样本过滤入口"
"sh688608","688608.SH","恒玄科技","","科创板","","中证500","index_base","","","L7可交易过滤池","盘后辅助；大样本过滤入口"
"sh688615","688615.SH","合合信息","","科创板","","中证500","index_base","","","L7可交易过滤池","盘后辅助；大样本过滤入口"
"sh688617","688617.SH","惠泰医疗","","科创板","","中证500","index_base","","","L7可交易过滤池","盘后辅助；大样本过滤入口"
"sh688629","688629.SH","华丰科技","","科创板","","中证500","index_base","","","L7可交易过滤池","盘后辅助；大样本过滤入口"
"sh688676","688676.SH","金盘科技","","科创板","","中证500","index_base","","","L7可交易过滤池","盘后辅助；大样本过滤入口"
"sh688692","688692.SH","达梦数据","","科创板","","中证500","index_base","","","L7可交易过滤池","盘后辅助；大样本过滤入口"
"sh688702","688702.SH","盛科通信","","科创板","","中证500","index_base","","","L7可交易过滤池","盘后辅助；大样本过滤入口"
"sh688709","688709.SH","成都华微","","科创板","","中证500","index_base","","","L7可交易过滤池","盘后辅助；大样本过滤入口"
"sh688728","688728.SH","格科微","","科创板","","中证500","index_base","","","L7可交易过滤池","盘后辅助；大样本过滤入口"
"sh688772","688772.SH","珠海冠宇","","科创板","","中证500","index_base","","","L7可交易过滤池","盘后辅助；大样本过滤入口"
"sh688777","688777.SH","中控技术","","科创板","","中证500","index_base","","","L7可交易过滤池","盘后辅助；大样本过滤入口"
"sh688778","688778.SH","厦钨新能","","科创板","","中证500","index_base","","","L7可交易过滤池","盘后辅助；大样本过滤入口"
"sh688795","688795.SH","摩尔线程","","半导体","全功能GPU","AI算力","""user_enhance""；""strategic""","用户增强观察池重点关注；未纳入L8指数基底池；AI算力；全功能GPU","","L7可交易过滤池","盘后辅助；大样本过滤入口"
"sh688802","688802.SH","沐曦股份","","半导体","GPU训练+推理","AI算力","""user_enhance""；""strategic""","用户增强观察池重点关注；未纳入L8指数基底池；AI算力；GPU训练+推理","","L7可交易过滤池","盘后辅助；大样本过滤入口"
"sh688819","688819.SH","天能股份","","科创板","","中证500","index_base","","","L7可交易过滤池","盘后辅助；大样本过滤入口"
"sh688981","688981.SH","中芯国际","","半导体","晶圆代工","半导体","""user_enhance""；""index_base""","","","L7可交易过滤池","盘后辅助；大样本过滤入口"
"sh689009","689009.SH","九号公司","","主板","","中证500","index_base","","","L7可交易过滤池","盘后辅助；大样本过滤入口"
"sz000001","000001.SZ","平安银行","","主板","","沪深300","index_base","","","L7可交易过滤池","盘后辅助；大样本过滤入口"
"sz000002","000002.SZ","万科A","","房地产","房地产开发","基建/建材/地产","""user_enhance""；""index_base""","","","L7可交易过滤池","盘后辅助；大样本过滤入口"
"sz000009","000009.SZ","中国宝安","","主板","","中证500","index_base","","","L7可交易过滤池","盘后辅助；大样本过滤入口"
"sz000021","000021.SZ","深科技","","主板","","中证500","index_base","","","L7可交易过滤池","盘后辅助；大样本过滤入口"
"sz000027","000027.SZ","深圳能源","","主板","","中证500","index_base","","","L7可交易过滤池","盘后辅助；大样本过滤入口"
"sz000032","000032.SZ","深桑达A","","主板","","中证500","index_base","","","L7可交易过滤池","盘后辅助；大样本过滤入口"
"sz000034","000034.SZ","神州数码","","主板","","中证500","index_base","","","L7可交易过滤池","盘后辅助；大样本过滤入口"
"sz000039","000039.SZ","中集集团","","主板","","中证500","index_base","","","L7可交易过滤池","盘后辅助；大样本过滤入口"
"sz000050","000050.SZ","深天马A","","主板","","中证500","index_base","","","L7可交易过滤池","盘后辅助；大样本过滤入口"
"sz000060","000060.SZ","中金岭南","","主板","","中证500","index_base","","","L7可交易过滤池","盘后辅助；大样本过滤入口"
"sz000062","000062.SZ","深圳华强","","主板","","中证500","index_base","","","L7可交易过滤池","盘后辅助；大样本过滤入口"
"sz000063","000063.SZ","中兴通讯","","通信","通信设备+6G","通信","""user_enhance""；""index_base""","","","L7可交易过滤池","盘后辅助；大样本过滤入口"
"sz000088","000088.SZ","盐田港","","主板","","中证500","index_base","","","L7可交易过滤池","盘后辅助；大样本过滤入口"
"sz000100","000100.SZ","TCL科技","","主板","","沪深300","index_base","","","L7可交易过滤池","盘后辅助；大样本过滤入口"
"sz000155","000155.SZ","川能动力","","主板","","中证500","index_base","","","L7可交易过滤池","盘后辅助；大样本过滤入口"
"sz000157","000157.SZ","中联重科","","主板","","沪深300","index_base","","","L7可交易过滤池","盘后辅助；大样本过滤入口"
"sz000166","000166.SZ","申万宏源","","主板","","沪深300","index_base","","","L7可交易过滤池","盘后辅助；大样本过滤入口"
"sz000301","000301.SZ","东方盛虹","","主板","","沪深300","index_base","","","L7可交易过滤池","盘后辅助；大样本过滤入口"
"sz000333","000333.SZ","美的集团","","家用电器","白色家电","大消费","""user_enhance""；""index_base""","","","L7可交易过滤池","盘后辅助；大样本过滤入口"
"sz000338","000338.SZ","潍柴动力","","汽车","重卡发动机","汽车","""user_enhance""；""index_base""","","","L7可交易过滤池","盘后辅助；大样本过滤入口"
"sz000400","000400.SZ","许继电气","","主板","","中证500","index_base","","","L7可交易过滤池","盘后辅助；大样本过滤入口"
"sz000408","000408.SZ","藏格矿业","","主板","","沪深300","index_base","","","L7可交易过滤池","盘后辅助；大样本过滤入口"
"sz000415","000415.SZ","渤海租赁","","主板","","中证500","index_base","","","L7可交易过滤池","盘后辅助；大样本过滤入口"
"sz000423","000423.SZ","东阿阿胶","","主板","","中证500","index_base","","","L7可交易过滤池","盘后辅助；大样本过滤入口"
"sz000425","000425.SZ","徐工机械","","主板","","沪深300","index_base","","","L7可交易过滤池","盘后辅助；大样本过滤入口"
"sz000426","000426.SZ","兴业银锡","","主板","","中证500","index_base","","","L7可交易过滤池","盘后辅助；大样本过滤入口"
"sz000429","000429.SZ","粤高速A","","主板","","中证500","index_base","","","L7可交易过滤池","盘后辅助；大样本过滤入口"
"sz000513","000513.SZ","丽珠集团","","主板","","中证500","index_base","","","L7可交易过滤池","盘后辅助；大样本过滤入口"
"sz000519","000519.SZ","中兵红箭","","主板","","中证500","index_base","","","L7可交易过滤池","盘后辅助；大样本过滤入口"
"sz000528","000528.SZ","柳工","","主板","","中证500","index_base","","","L7可交易过滤池","盘后辅助；大样本过滤入口"
"sz000537","000537.SZ","绿发电力","","主板","","中证500","index_base","","","L7可交易过滤池","盘后辅助；大样本过滤入口"
"sz000538","000538.SZ","云南白药","","医药医疗","中药","医药/医疗","""user_enhance""；""index_base""","","","L7可交易过滤池","盘后辅助；大样本过滤入口"
"sz000539","000539.SZ","粤电力A","","主板","","中证500","index_base","","","L7可交易过滤池","盘后辅助；大样本过滤入口"
"sz000559","000559.SZ","万向钱潮","","主板","","中证500","index_base","","","L7可交易过滤池","盘后辅助；大样本过滤入口"
"sz000563","000563.SZ","陕国投A","","主板","","中证500","index_base","","","L7可交易过滤池","盘后辅助；大样本过滤入口"
"sz000568","000568.SZ","泸州老窖","","食品饮料","白酒","大消费","""user_enhance""；""index_base""","","","L7可交易过滤池","盘后辅助；大样本过滤入口"
"sz000582","000582.SZ","北部湾港","","主板","","中证500","index_base","","","L7可交易过滤池","盘后辅助；大样本过滤入口"
"sz000591","000591.SZ","太阳能","","主板","","中证500","index_base","","","L7可交易过滤池","盘后辅助；大样本过滤入口"
"sz000596","000596.SZ","古井贡酒","","主板","","沪深300","index_base","","","L7可交易过滤池","盘后辅助；大样本过滤入口"
"sz000598","000598.SZ","兴蓉环境","","主板","","中证500","index_base","","","L7可交易过滤池","盘后辅助；大样本过滤入口"
"sz000617","000617.SZ","中油资本","","主板","","沪深300","index_base","","","L7可交易过滤池","盘后辅助；大样本过滤入口"
"sz000623","000623.SZ","吉林敖东","","主板","","中证500","index_base","","","L7可交易过滤池","盘后辅助；大样本过滤入口"
"sz000625","000625.SZ","长安汽车","","主板","","沪深300","index_base","","","L7可交易过滤池","盘后辅助；大样本过滤入口"
"sz000629","000629.SZ","钒钛股份","","主板","","中证500","index_base","","","L7可交易过滤池","盘后辅助；大样本过滤入口"
"sz000630","000630.SZ","铜陵有色","","主板","","沪深300","index_base","","","L7可交易过滤池","盘后辅助；大样本过滤入口"
"sz000651","000651.SZ","格力电器","","家用电器","空调","家用电器","""user_enhance""；""index_base""","","","L7可交易过滤池","盘后辅助；大样本过滤入口"
"sz000657","000657.SZ","中钨高新","","主板","","历史重点关注","""user_enhance""；""index_base""","","","L7可交易过滤池","盘后辅助；大样本过滤入口"
"sz000661","000661.SZ","长春高新","","主板","","沪深300","index_base","","","L7可交易过滤池","盘后辅助；大样本过滤入口"
"sz000683","000683.SZ","博源化工","","主板","","中证500","index_base","","","L7可交易过滤池","盘后辅助；大样本过滤入口"
"sz000703","000703.SZ","恒逸石化","","主板","","中证500","index_base","","","L7可交易过滤池","盘后辅助；大样本过滤入口"
"sz000708","000708.SZ","中信特钢","","钢铁","特钢龙头","钢铁","""user_enhance""；""index_base""","","","L7可交易过滤池","盘后辅助；大样本过滤入口"
"sz000709","000709.SZ","河钢股份","","主板","","中证500","index_base","","","L7可交易过滤池","盘后辅助；大样本过滤入口"
"sz000723","000723.SZ","美锦能源","","主板","","中证500","index_base","","","L7可交易过滤池","盘后辅助；大样本过滤入口"
"sz000725","000725.SZ","京东方A","","主板","","沪深300","index_base","","","L7可交易过滤池","盘后辅助；大样本过滤入口"
"sz000728","000728.SZ","国元证券","","主板","","中证500","index_base","","","L7可交易过滤池","盘后辅助；大样本过滤入口"
"sz000729","000729.SZ","燕京啤酒","","主板","","中证500","index_base","","","L7可交易过滤池","盘后辅助；大样本过滤入口"
"sz000733","000733.SZ","振华科技","","主板","","中证500","index_base","","","L7可交易过滤池","盘后辅助；大样本过滤入口"
"sz000738","000738.SZ","航发控制","","主板","","中证500","index_base","","","L7可交易过滤池","盘后辅助；大样本过滤入口"
"sz000739","000739.SZ","普洛药业","","主板","","中证500","index_base","","","L7可交易过滤池","盘后辅助；大样本过滤入口"
"sz000750","000750.SZ","国海证券","","主板","","中证500","index_base","","","L7可交易过滤池","盘后辅助；大样本过滤入口"
"sz000768","000768.SZ","中航西飞","","主板","","沪深300","index_base","","","L7可交易过滤池","盘后辅助；大样本过滤入口"
"sz000776","000776.SZ","广发证券","","主板","","沪深300","index_base","","","L7可交易过滤池","盘后辅助；大样本过滤入口"
"sz000783","000783.SZ","长江证券","","主板","","中证500","index_base","","","L7可交易过滤池","盘后辅助；大样本过滤入口"
"sz000785","000785.SZ","居然智家","","主板","","中证500","index_base","","","L7可交易过滤池","盘后辅助；大样本过滤入口"
"sz000786","000786.SZ","北新建材","","主板","","沪深300","index_base","","","L7可交易过滤池","盘后辅助；大样本过滤入口"
"sz000792","000792.SZ","盐湖股份","","有色金属","盐湖提锂","资源/材料","""user_enhance""；""index_base""","","","L7可交易过滤池","盘后辅助；大样本过滤入口"
"sz000807","000807.SZ","云铝股份","","有色金属","电解铝","有色金属","""user_enhance""；""index_base""","","","L7可交易过滤池","盘后辅助；大样本过滤入口"
"sz000825","000825.SZ","太钢不锈","","主板","","中证500","index_base","","","L7可交易过滤池","盘后辅助；大样本过滤入口"
"sz000830","000830.SZ","鲁西化工","","主板","","中证500","index_base","","","L7可交易过滤池","盘后辅助；大样本过滤入口"
"sz000831","000831.SZ","中国稀土","","主板","","中证500","index_base","","","L7可交易过滤池","盘后辅助；大样本过滤入口"
"sz000837","000837.SZ","秦川机床","","机械设备","精密磨床+主轴","机械设备","""user_enhance""；""strategic""","用户增强观察池重点关注；未纳入L8指数基底池；机械设备；精密磨床+主轴","","L7可交易过滤池","盘后辅助；大样本过滤入口"
"sz000858","000858.SZ","五粮液","","食品饮料","白酒","大消费","""user_enhance""；""index_base""","","","L7可交易过滤池","盘后辅助；大样本过滤入口"
"sz000876","000876.SZ","新 希 望","","主板","","沪深300","index_base","","","L7可交易过滤池","盘后辅助；大样本过滤入口"
"sz000878","000878.SZ","云南铜业","","主板","","中证500","index_base","","","L7可交易过滤池","盘后辅助；大样本过滤入口"
"sz000883","000883.SZ","湖北能源","","主板","","中证500","index_base","","","L7可交易过滤池","盘后辅助；大样本过滤入口"
"sz000887","000887.SZ","中鼎股份","","主板","","中证500","index_base","","","L7可交易过滤池","盘后辅助；大样本过滤入口"
"sz000893","000893.SZ","亚钾国际","","主板","","中证500","index_base","","","L7可交易过滤池","盘后辅助；大样本过滤入口"
"sz000895","000895.SZ","双汇发展","","主板","","沪深300","index_base","","","L7可交易过滤池","盘后辅助；大样本过滤入口"
"sz000898","000898.SZ","鞍钢股份","","主板","","中证500","index_base","","","L7可交易过滤池","盘后辅助；大样本过滤入口"
"sz000906","000906.SZ","浙商中拓","","待补充","待补充","历史重点关注","""user_enhance""；""strategic""","用户增强观察池重点关注；未纳入L8指数基底池","","L7可交易过滤池","盘后辅助；大样本过滤入口"
"sz000921","000921.SZ","海信家电","","主板","","中证500","index_base","","","L7可交易过滤池","盘后辅助；大样本过滤入口"
"sz000932","000932.SZ","华菱钢铁","","钢铁","高端板材","钢铁","""user_enhance""；""index_base""","","","L7可交易过滤池","盘后辅助；大样本过滤入口"
"sz000933","000933.SZ","神火股份","","主板","","中证500","index_base","","","L7可交易过滤池","盘后辅助；大样本过滤入口"
"sz000937","000937.SZ","冀中能源","","主板","","中证500","index_base","","","L7可交易过滤池","盘后辅助；大样本过滤入口"
"sz000938","000938.SZ","紫光股份","","主板","","沪深300","index_base","","","L7可交易过滤池","盘后辅助；大样本过滤入口"
"sz000951","000951.SZ","中国重汽","","主板","","中证500","index_base","","","L7可交易过滤池","盘后辅助；大样本过滤入口"
"sz000958","000958.SZ","电投产融","","主板","","中证500","index_base","","","L7可交易过滤池","盘后辅助；大样本过滤入口"
"sz000959","000959.SZ","首钢股份","","主板","","中证500","index_base","","","L7可交易过滤池","盘后辅助；大样本过滤入口"
"sz000960","000960.SZ","锡业股份","","主板","","中证500","index_base","","","L7可交易过滤池","盘后辅助；大样本过滤入口"
"sz000963","000963.SZ","华东医药","","主板","","沪深300","index_base","","","L7可交易过滤池","盘后辅助；大样本过滤入口"
"sz000967","000967.SZ","盈峰环境","","主板","","中证500","index_base","","","L7可交易过滤池","盘后辅助；大样本过滤入口"
"sz000975","000975.SZ","山金国际","","主板","","沪深300","index_base","","","L7可交易过滤池","盘后辅助；大样本过滤入口"
"sz000977","000977.SZ","浪潮信息","","计算机设备","服务器","AI算力","""user_enhance""；""index_base""","","","L7可交易过滤池","盘后辅助；大样本过滤入口"
"sz000983","000983.SZ","山西焦煤","","主板","","沪深300","index_base","","","L7可交易过滤池","盘后辅助；大样本过滤入口"
"sz000987","000987.SZ","越秀资本","","主板","","中证500","index_base","","","L7可交易过滤池","盘后辅助；大样本过滤入口"
"sz000997","000997.SZ","新 大 陆","","主板","","中证500","index_base","","","L7可交易过滤池","盘后辅助；大样本过滤入口"
"sz000999","000999.SZ","华润三九","","主板","","沪深300","index_base","","","L7可交易过滤池","盘后辅助；大样本过滤入口"
"sz001213","001213.SZ","中铁特货","","主板","","中证500","index_base","","","L7可交易过滤池","盘后辅助；大样本过滤入口"
"sz001221","001221.SZ","悍高集团","","主板","","中证500","index_base","","","L7可交易过滤池","盘后辅助；大样本过滤入口"
"sz001286","001286.SZ","陕西能源","","主板","","中证500","index_base","","","L7可交易过滤池","盘后辅助；大样本过滤入口"
"sz001389","001389.SZ","广合科技","","主板","","中证500","index_base","","","L7可交易过滤池","盘后辅助；大样本过滤入口"
"sz001391","001391.SZ","国货航","","主板","","沪深300","index_base","","","L7可交易过滤池","盘后辅助；大样本过滤入口"
"sz001696","001696.SZ","宗申动力","","主板","","中证500","index_base","","","L7可交易过滤池","盘后辅助；大样本过滤入口"
"sz001965","001965.SZ","招商公路","","交通运输","高速公路","交通运输","""user_enhance""；""index_base""","","","L7可交易过滤池","盘后辅助；大样本过滤入口"
"sz001979","001979.SZ","招商蛇口","","主板","","沪深300","index_base","","","L7可交易过滤池","盘后辅助；大样本过滤入口"
"sz002001","002001.SZ","新和成","","基础化工","维生素/氨基酸","基础化工","""user_enhance""；""index_base""","","","L7可交易过滤池","盘后辅助；大样本过滤入口"
"sz002003","002003.SZ","伟星股份","","纺织服饰","拉链纽扣辅料","纺织服饰","""user_enhance""；""strategic""","用户增强观察池重点关注；未纳入L8指数基底池；纺织服饰；拉链纽扣辅料","","L7可交易过滤池","盘后辅助；大样本过滤入口"
"sz002007","002007.SZ","华兰生物","","主板","","中证500","index_base","","","L7可交易过滤池","盘后辅助；大样本过滤入口"
"sz002008","002008.SZ","大族激光","","主板","","中证500","index_base","","","L7可交易过滤池","盘后辅助；大样本过滤入口"
"sz002025","002025.SZ","航天电器","","主板","","中证500","index_base","","","L7可交易过滤池","盘后辅助；大样本过滤入口"
"sz002027","002027.SZ","分众传媒","","主板","","沪深300","index_base","","","L7可交易过滤池","盘后辅助；大样本过滤入口"
"sz002028","002028.SZ","思源电气","","主板","","历史重点关注","""user_enhance""；""index_base""","","","L7可交易过滤池","盘后辅助；大样本过滤入口"
"sz002032","002032.SZ","苏泊尔","","主板","","中证500","index_base","","","L7可交易过滤池","盘后辅助；大样本过滤入口"
"sz002044","002044.SZ","美年健康","","主板","","中证500","index_base","","","L7可交易过滤池","盘后辅助；大样本过滤入口"
"sz002049","002049.SZ","紫光国微","","半导体","特种集成电路、安全芯片","半导体","""user_enhance""；""index_base""","","","L7可交易过滤池","盘后辅助；大样本过滤入口"
"sz002050","002050.SZ","三花智控","","家用电器","制冷元器件+汽零","家用电器","""user_enhance""；""index_base""","","","L7可交易过滤池","盘后辅助；大样本过滤入口"
"sz002051","002051.SZ","中工国际","","建筑装饰","国际工程","建筑装饰","""user_enhance""；""strategic""","用户增强观察池重点关注；未纳入L8指数基底池；建筑装饰；国际工程","","L7可交易过滤池","盘后辅助；大样本过滤入口"
"sz002056","002056.SZ","横店东磁","","主板","","中证500","index_base","","","L7可交易过滤池","盘后辅助；大样本过滤入口"
"sz002064","002064.SZ","华峰化学","","主板","","中证500","index_base","","","L7可交易过滤池","盘后辅助；大样本过滤入口"
"sz002065","002065.SZ","东华软件","","主板","","中证500","index_base","","","L7可交易过滤池","盘后辅助；大样本过滤入口"
"sz002074","002074.SZ","国轩高科","","主板","","沪深300","index_base","","","L7可交易过滤池","盘后辅助；大样本过滤入口"
"sz002078","002078.SZ","太阳纸业","","主板","","中证500","index_base","","","L7可交易过滤池","盘后辅助；大样本过滤入口"
"sz002080","002080.SZ","中材科技","","主板","","中证500","index_base","","","L7可交易过滤池","盘后辅助；大样本过滤入口"
"sz002085","002085.SZ","万丰奥威","","主板","","中证500","index_base","","","L7可交易过滤池","盘后辅助；大样本过滤入口"
"sz002120","002120.SZ","韵达股份","","主板","","中证500","index_base","","","L7可交易过滤池","盘后辅助；大样本过滤入口"
"sz002126","002126.SZ","银轮股份","","主板","","中证500","index_base","","","L7可交易过滤池","盘后辅助；大样本过滤入口"
"sz002128","002128.SZ","电投能源","","主板","","中证500","index_base","","","L7可交易过滤池","盘后辅助；大样本过滤入口"
"sz002130","002130.SZ","沃尔核材","","主板","","中证500","index_base","","","L7可交易过滤池","盘后辅助；大样本过滤入口"
"sz002131","002131.SZ","利欧股份","","主板","","中证500","index_base","","","L7可交易过滤池","盘后辅助；大样本过滤入口"
"sz002138","002138.SZ","顺络电子","","主板","","中证500","index_base","","","L7可交易过滤池","盘后辅助；大样本过滤入口"
"sz002142","002142.SZ","宁波银行","","主板","","沪深300","index_base","","","L7可交易过滤池","盘后辅助；大样本过滤入口"
"sz002152","002152.SZ","广电运通","","主板","","中证500","index_base","","","L7可交易过滤池","盘后辅助；大样本过滤入口"
"sz002153","002153.SZ","石基信息","","主板","","中证500","index_base","","","L7可交易过滤池","盘后辅助；大样本过滤入口"
"sz002155","002155.SZ","湖南黄金","","主板","","中证500","index_base","","","L7可交易过滤池","盘后辅助；大样本过滤入口"
"sz002156","002156.SZ","通富微电","","半导体","封装测试","半导体","""user_enhance""；""index_base""","","","L7可交易过滤池","盘后辅助；大样本过滤入口"
"sz002157","002157.SZ","正邦科技","","主板","","中证500","index_base","","","L7可交易过滤池","盘后辅助；大样本过滤入口"
"sz002179","002179.SZ","中航光电","","主板","","沪深300","index_base","","","L7可交易过滤池","盘后辅助；大样本过滤入口"
"sz002185","002185.SZ","华天科技","","主板","","中证500","index_base","","","L7可交易过滤池","盘后辅助；大样本过滤入口"
"sz002195","002195.SZ","岩山科技","","主板","","中证500","index_base","","","L7可交易过滤池","盘后辅助；大样本过滤入口"
"sz002202","002202.SZ","金风科技","","主板","","中证500","index_base","","","L7可交易过滤池","盘后辅助；大样本过滤入口"
"sz002203","002203.SZ","海亮股份","","主板","","中证500","index_base","","","L7可交易过滤池","盘后辅助；大样本过滤入口"
"sz002223","002223.SZ","鱼跃医疗","","主板","","中证500","index_base","","","L7可交易过滤池","盘后辅助；大样本过滤入口"
"sz002230","002230.SZ","科大讯飞","","软件互联网","AI语音","软件/互联网","""user_enhance""；""index_base""","","","L7可交易过滤池","盘后辅助；大样本过滤入口"
"sz002236","002236.SZ","大华股份","","主板","","沪深300","index_base","","","L7可交易过滤池","盘后辅助；大样本过滤入口"
"sz002241","002241.SZ","歌尔股份","","主板","","沪深300","index_base","","","L7可交易过滤池","盘后辅助；大样本过滤入口"
"sz002244","002244.SZ","滨江集团","","主板","","中证500","index_base","","","L7可交易过滤池","盘后辅助；大样本过滤入口"
"sz002252","002252.SZ","上海莱士","","主板","","沪深300","index_base","","","L7可交易过滤池","盘后辅助；大样本过滤入口"
"sz002261","002261.SZ","拓维信息","","主板","","中证500","index_base","","","L7可交易过滤池","盘后辅助；大样本过滤入口"
"sz002262","002262.SZ","恩华药业","","主板","","中证500","index_base","","","L7可交易过滤池","盘后辅助；大样本过滤入口"
"sz002265","002265.SZ","建设工业","","主板","","中证500","index_base","","","L7可交易过滤池","盘后辅助；大样本过滤入口"
"sz002266","002266.SZ","浙富控股","","主板","","中证500","index_base","","","L7可交易过滤池","盘后辅助；大样本过滤入口"
"sz002271","002271.SZ","东方雨虹","","主板","","中证500","index_base","","","L7可交易过滤池","盘后辅助；大样本过滤入口"
"sz002273","002273.SZ","水晶光电","","主板","","中证500","index_base","","","L7可交易过滤池","盘后辅助；大样本过滤入口"
"sz002281","002281.SZ","光迅科技","","主板","","历史重点关注","""user_enhance""；""index_base""","","","L7可交易过滤池","盘后辅助；大样本过滤入口"
"sz002294","002294.SZ","信立泰","","主板","","中证500","index_base","","","L7可交易过滤池","盘后辅助；大样本过滤入口"
"sz002299","002299.SZ","圣农发展","","主板","","中证500","index_base","","","L7可交易过滤池","盘后辅助；大样本过滤入口"
"sz002304","002304.SZ","洋河股份","","主板","","沪深300","index_base","","","L7可交易过滤池","盘后辅助；大样本过滤入口"
"sz002311","002311.SZ","海大集团","","农林牧渔","饲料","农林牧渔","""user_enhance""；""index_base""","","","L7可交易过滤池","盘后辅助；大样本过滤入口"
"sz002312","002312.SZ","川发龙蟒","","主板","","中证500","index_base","","","L7可交易过滤池","盘后辅助；大样本过滤入口"
"sz002318","002318.SZ","久立特材","","主板","","中证500","index_base","","","L7可交易过滤池","盘后辅助；大样本过滤入口"
"sz002335","002335.SZ","科华数据","","主板","","中证500","index_base","","","L7可交易过滤池","盘后辅助；大样本过滤入口"
"sz002340","002340.SZ","格林美","","主板","","中证500","index_base","","","L7可交易过滤池","盘后辅助；大样本过滤入口"
"sz002345","002345.SZ","潮宏基","","商贸零售","黄金珠宝","商贸零售","""user_enhance""；""strategic""","用户增强观察池重点关注；未纳入L8指数基底池；商贸零售；黄金珠宝","","L7可交易过滤池","盘后辅助；大样本过滤入口"
"sz002352","002352.SZ","顺丰控股","","交通运输","综合物流","交通运输","""user_enhance""；""index_base""","","","L7可交易过滤池","盘后辅助；大样本过滤入口"
"sz002353","002353.SZ","杰瑞股份","","主板","","中证500","index_base","","","L7可交易过滤池","盘后辅助；大样本过滤入口"
"sz002371","002371.SZ","北方华创","","半导体","半导体设备全品类","半导体","""user_enhance""；""index_base""","","","L7可交易过滤池","盘后辅助；大样本过滤入口"
"sz002372","002372.SZ","伟星新材","","主板","","中证500","index_base","","","L7可交易过滤池","盘后辅助；大样本过滤入口"
"sz002384","002384.SZ","东山精密","","主板","","沪深300","index_base","","","L7可交易过滤池","盘后辅助；大样本过滤入口"
"sz002385","002385.SZ","大北农","","主板","","中证500","index_base","","","L7可交易过滤池","盘后辅助；大样本过滤入口"
"sz002402","002402.SZ","和而泰","","主板","","中证500","index_base","","","L7可交易过滤池","盘后辅助；大样本过滤入口"
"sz002409","002409.SZ","雅克科技","","主板","","中证500","index_base","","","L7可交易过滤池","盘后辅助；大样本过滤入口"
"sz002410","002410.SZ","广联达","","主板","","中证500","index_base","","","L7可交易过滤池","盘后辅助；大样本过滤入口"
"sz002414","002414.SZ","高德红外","","主板","","中证500","index_base","","","L7可交易过滤池","盘后辅助；大样本过滤入口"
"sz002415","002415.SZ","海康威视","","主板","","沪深300","index_base","","","L7可交易过滤池","盘后辅助；大样本过滤入口"
"sz002422","002422.SZ","科伦药业","","主板","","沪深300","index_base","","","L7可交易过滤池","盘后辅助；大样本过滤入口"
"sz002423","002423.SZ","中粮资本","","主板","","中证500","index_base","","","L7可交易过滤池","盘后辅助；大样本过滤入口"
"sz002429","002429.SZ","兆驰股份","","主板","","中证500","index_base","","","L7可交易过滤池","盘后辅助；大样本过滤入口"
"sz002430","002430.SZ","杭氧股份","","主板","","中证500","index_base","","","L7可交易过滤池","盘后辅助；大样本过滤入口"
"sz002432","002432.SZ","九安医疗","","主板","","中证500","index_base","","","L7可交易过滤池","盘后辅助；大样本过滤入口"
"sz002436","002436.SZ","兴森科技","","主板","","中证500","index_base","","","L7可交易过滤池","盘后辅助；大样本过滤入口"
"sz002439","002439.SZ","启明星辰","","主板","","中证500","index_base","","","L7可交易过滤池","盘后辅助；大样本过滤入口"
"sz002444","002444.SZ","巨星科技","","主板","","中证500","index_base","","","L7可交易过滤池","盘后辅助；大样本过滤入口"
"sz002459","002459.SZ","晶澳科技","","主板","","沪深300","index_base","","","L7可交易过滤池","盘后辅助；大样本过滤入口"
"sz002460","002460.SZ","赣锋锂业","","有色金属","锂资源","新能源","""user_enhance""；""index_base""","","","L7可交易过滤池","盘后辅助；大样本过滤入口"
"sz002461","002461.SZ","珠江啤酒","","主板","","中证500","index_base","","","L7可交易过滤池","盘后辅助；大样本过滤入口"
"sz002463","002463.SZ","沪电股份","","主板","","沪深300","index_base","","","L7可交易过滤池","盘后辅助；大样本过滤入口"
"sz002465","002465.SZ","海格通信","","主板","","中证500","index_base","","","L7可交易过滤池","盘后辅助；大样本过滤入口"
"sz002466","002466.SZ","天齐锂业","","有色金属","锂矿","资源/材料","""user_enhance""；""index_base""","","","L7可交易过滤池","盘后辅助；大样本过滤入口"
"sz002472","002472.SZ","双环传动","","主板","","中证500","index_base","","","L7可交易过滤池","盘后辅助；大样本过滤入口"
"sz002475","002475.SZ","立讯精密","","主板","","沪深300","index_base","","","L7可交易过滤池","盘后辅助；大样本过滤入口"
"sz002493","002493.SZ","荣盛石化","","石油石化","炼化一体化","基础化工","""user_enhance""；""index_base""","","","L7可交易过滤池","盘后辅助；大样本过滤入口"
"sz002500","002500.SZ","山西证券","","主板","","中证500","index_base","","","L7可交易过滤池","盘后辅助；大样本过滤入口"
"sz002508","002508.SZ","老板电器","","主板","","中证500","index_base","","","L7可交易过滤池","盘后辅助；大样本过滤入口"
"sz002517","002517.SZ","恺英网络","","主板","","中证500","index_base","","","L7可交易过滤池","盘后辅助；大样本过滤入口"
"sz002532","002532.SZ","天山铝业","","主板","","中证500","index_base","","","L7可交易过滤池","盘后辅助；大样本过滤入口"
"sz002555","002555.SZ","三七互娱","","传媒","游戏","传媒","""user_enhance""；""strategic""","用户增强观察池重点关注；未纳入L8指数基底池；传媒；游戏","","L7可交易过滤池","盘后辅助；大样本过滤入口"
"sz002558","002558.SZ","巨人网络","","主板","","中证500","index_base","","","L7可交易过滤池","盘后辅助；大样本过滤入口"
"sz002568","002568.SZ","百润股份","","主板","","中证500","index_base","","","L7可交易过滤池","盘后辅助；大样本过滤入口"
"sz002583","002583.SZ","海能达","","主板","","中证500","index_base","","","L7可交易过滤池","盘后辅助；大样本过滤入口"
"sz002594","002594.SZ","比亚迪","","新能源","新能源整车+电池","新能源","""user_enhance""；""index_base""","","","L7可交易过滤池","盘后辅助；大样本过滤入口"
"sz002595","002595.SZ","豪迈科技","","主板","","中证500","index_base","","","L7可交易过滤池","盘后辅助；大样本过滤入口"
"sz002600","002600.SZ","领益智造","","主板","","沪深300","index_base","","","L7可交易过滤池","盘后辅助；大样本过滤入口"
"sz002601","002601.SZ","龙佰集团","","主板","","沪深300","index_base","","","L7可交易过滤池","盘后辅助；大样本过滤入口"
"sz002602","002602.SZ","世纪华通","","传媒","游戏+IDC","传媒","""user_enhance""；""strategic""","用户增强观察池重点关注；未纳入L8指数基底池；传媒；游戏+IDC","","L7可交易过滤池","盘后辅助；大样本过滤入口"
"sz002603","002603.SZ","以岭药业","","主板","","中证500","index_base","","","L7可交易过滤池","盘后辅助；大样本过滤入口"
"sz002607","002607.SZ","中公教育","","主板","","中证500","index_base","","","L7可交易过滤池","盘后辅助；大样本过滤入口"
"sz002608","002608.SZ","江苏国信","","主板","","中证500","index_base","","","L7可交易过滤池","盘后辅助；大样本过滤入口"
"sz002624","002624.SZ","完美世界","","主板","","中证500","index_base","","","L7可交易过滤池","盘后辅助；大样本过滤入口"
"sz002625","002625.SZ","光启技术","","主板","","沪深300","index_base","","","L7可交易过滤池","盘后辅助；大样本过滤入口"
"sz002648","002648.SZ","卫星化学","","主板","","沪深300","index_base","","","L7可交易过滤池","盘后辅助；大样本过滤入口"
"sz002670","002670.SZ","国盛证券","","主板","","中证500","index_base","","","L7可交易过滤池","盘后辅助；大样本过滤入口"
"sz002673","002673.SZ","西部证券","","主板","","中证500","index_base","","","L7可交易过滤池","盘后辅助；大样本过滤入口"
"sz002683","002683.SZ","广东宏大","","主板","","中证500","index_base","","","L7可交易过滤池","盘后辅助；大样本过滤入口"
"sz002709","002709.SZ","天赐材料","","主板","","沪深300","index_base","","","L7可交易过滤池","盘后辅助；大样本过滤入口"
"sz002714","002714.SZ","牧原股份","","农林牧渔","生猪养殖","农林牧渔","""user_enhance""；""index_base""","","","L7可交易过滤池","盘后辅助；大样本过滤入口"
"sz002736","002736.SZ","国信证券","","主板","","沪深300","index_base","","","L7可交易过滤池","盘后辅助；大样本过滤入口"
"sz002738","002738.SZ","中矿资源","","主板","","中证500","index_base","","","L7可交易过滤池","盘后辅助；大样本过滤入口"
"sz002739","002739.SZ","儒意电影","","主板","","中证500","index_base","","","L7可交易过滤池","盘后辅助；大样本过滤入口"
"sz002756","002756.SZ","永兴材料","","主板","","中证500","index_base","","","L7可交易过滤池","盘后辅助；大样本过滤入口"
"sz002773","002773.SZ","康弘药业","","主板","","中证500","index_base","","","L7可交易过滤池","盘后辅助；大样本过滤入口"
"sz002797","002797.SZ","第一创业","","主板","","中证500","index_base","","","L7可交易过滤池","盘后辅助；大样本过滤入口"
"sz002812","002812.SZ","恩捷股份","","待补充","待补充","历史重点关注","""user_enhance""；""strategic""","用户增强观察池重点关注；未纳入L8指数基底池","","L7可交易过滤池","盘后辅助；大样本过滤入口"
"sz002821","002821.SZ","凯莱英","","主板","","中证500","index_base","","","L7可交易过滤池","盘后辅助；大样本过滤入口"
"sz002831","002831.SZ","裕同科技","","主板","","中证500","index_base","","","L7可交易过滤池","盘后辅助；大样本过滤入口"
"sz002837","002837.SZ","英维克","","主板","","中证500","index_base","","","L7可交易过滤池","盘后辅助；大样本过滤入口"
"sz002841","002841.SZ","视源股份","","主板","","中证500","index_base","","","L7可交易过滤池","盘后辅助；大样本过滤入口"
"sz002850","002850.SZ","科达利","","主板","","中证500","index_base","","","L7可交易过滤池","盘后辅助；大样本过滤入口"
"sz002851","002851.SZ","麦格米特","","主板","","中证500","index_base","","","L7可交易过滤池","盘后辅助；大样本过滤入口"
"sz002867","002867.SZ","周大生","","商贸零售","黄金珠宝","商贸零售","""user_enhance""；""strategic""","用户增强观察池重点关注；未纳入L8指数基底池；商贸零售；黄金珠宝","","L7可交易过滤池","盘后辅助；大样本过滤入口"
"sz002916","002916.SZ","深南电路","","主板","","沪深300","index_base","","","L7可交易过滤池","盘后辅助；大样本过滤入口"
"sz002920","002920.SZ","德赛西威","","汽车","智能驾驶域控制器","汽车","""user_enhance""；""index_base""","","","L7可交易过滤池","盘后辅助；大样本过滤入口"
"sz002926","002926.SZ","华西证券","","主板","","中证500","index_base","","","L7可交易过滤池","盘后辅助；大样本过滤入口"
"sz002938","002938.SZ","鹏鼎控股","","主板","","沪深300","index_base","","","L7可交易过滤池","盘后辅助；大样本过滤入口"
"sz002939","002939.SZ","长城证券","","主板","","中证500","index_base","","","L7可交易过滤池","盘后辅助；大样本过滤入口"
"sz002945","002945.SZ","华林证券","","主板","","中证500","index_base","","","L7可交易过滤池","盘后辅助；大样本过滤入口"
"sz002958","002958.SZ","青农商行","","主板","","中证500","index_base","","","L7可交易过滤池","盘后辅助；大样本过滤入口"
"sz002966","002966.SZ","苏州银行","","主板","","中证500","index_base","","","L7可交易过滤池","盘后辅助；大样本过滤入口"
"sz002973","002973.SZ","侨银股份","","环保","环卫服务","环保","""user_enhance""；""strategic""","用户增强观察池重点关注；未纳入L8指数基底池；环保；环卫服务","","L7可交易过滤池","盘后辅助；大样本过滤入口"
"sz002984","002984.SZ","森麒麟","","主板","","中证500","index_base","","","L7可交易过滤池","盘后辅助；大样本过滤入口"
"sz003021","003021.SZ","兆威机电","","主板","","中证500","index_base","","","L7可交易过滤池","盘后辅助；大样本过滤入口"
"sz003022","003022.SZ","联泓新科","","主板","","中证500","index_base","","","L7可交易过滤池","盘后辅助；大样本过滤入口"
"sz003031","003031.SZ","中瓷电子","","主板","","中证500","index_base","","","L7可交易过滤池","盘后辅助；大样本过滤入口"
"sz003035","003035.SZ","南网能源","","主板","","中证500","index_base","","","L7可交易过滤池","盘后辅助；大样本过滤入口"
"sz003816","003816.SZ","中国广核","","电力","核电","电力","""user_enhance""；""index_base""","","","L7可交易过滤池","盘后辅助；大样本过滤入口"
"sz300001","300001.SZ","特锐德","","创业板","","中证500","index_base","","","L7可交易过滤池","盘后辅助；大样本过滤入口"
"sz300002","300002.SZ","神州泰岳","","创业板","","中证500","index_base","","","L7可交易过滤池","盘后辅助；大样本过滤入口"
"sz300003","300003.SZ","乐普医疗","","创业板","","中证500","index_base","","","L7可交易过滤池","盘后辅助；大样本过滤入口"
"sz300012","300012.SZ","华测检测","","创业板","","中证500","index_base","","","L7可交易过滤池","盘后辅助；大样本过滤入口"
"sz300014","300014.SZ","亿纬锂能","","新能源","储能+动力电池","新能源","""user_enhance""；""index_base""","","","L7可交易过滤池","盘后辅助；大样本过滤入口"
"sz300015","300015.SZ","爱尔眼科","","医药医疗","眼科医疗","医药/医疗","""user_enhance""；""index_base""","","","L7可交易过滤池","盘后辅助；大样本过滤入口"
"sz300017","300017.SZ","网宿科技","","创业板","","中证500","index_base","","","L7可交易过滤池","盘后辅助；大样本过滤入口"
"sz300024","300024.SZ","机器人","","创业板","","中证500","index_base","","","L7可交易过滤池","盘后辅助；大样本过滤入口"
"sz300033","300033.SZ","同花顺","","创业板","","沪深300","index_base","","","L7可交易过滤池","盘后辅助；大样本过滤入口"
"sz300037","300037.SZ","新宙邦","","创业板","","中证500","index_base","","","L7可交易过滤池","盘后辅助；大样本过滤入口"
"sz300054","300054.SZ","鼎龙股份","","创业板","","中证500","index_base","","","L7可交易过滤池","盘后辅助；大样本过滤入口"
"sz300058","300058.SZ","蓝色光标","","创业板","","中证500","index_base","","","L7可交易过滤池","盘后辅助；大样本过滤入口"
"sz300059","300059.SZ","东方财富","","金融","互联网券商","金融","""user_enhance""；""index_base""","","","L7可交易过滤池","盘后辅助；大样本过滤入口"
"sz300070","300070.SZ","碧水源","","创业板","","中证500","index_base","","","L7可交易过滤池","盘后辅助；大样本过滤入口"
"sz300073","300073.SZ","当升科技","","创业板","","中证500","index_base","","","L7可交易过滤池","盘后辅助；大样本过滤入口"
"sz300100","300100.SZ","双林股份","","创业板","","中证500","index_base","","","L7可交易过滤池","盘后辅助；大样本过滤入口"
"sz300115","300115.SZ","长盈精密","","创业板","","中证500","index_base","","","L7可交易过滤池","盘后辅助；大样本过滤入口"
"sz300122","300122.SZ","智飞生物","","创业板","","沪深300","index_base","","","L7可交易过滤池","盘后辅助；大样本过滤入口"
"sz300124","300124.SZ","汇川技术","","创业板","","沪深300","index_base","","","L7可交易过滤池","盘后辅助；大样本过滤入口"
"sz300136","300136.SZ","信维通信","","创业板","","中证500","index_base","","","L7可交易过滤池","盘后辅助；大样本过滤入口"
"sz300140","300140.SZ","节能环境","","创业板","","中证500","index_base","","","L7可交易过滤池","盘后辅助；大样本过滤入口"
"sz300142","300142.SZ","沃森生物","","创业板","","中证500","index_base","","","L7可交易过滤池","盘后辅助；大样本过滤入口"
"sz300144","300144.SZ","宋城演艺","","创业板","","中证500","index_base","","","L7可交易过滤池","盘后辅助；大样本过滤入口"
"sz300146","300146.SZ","汤臣倍健","","创业板","","中证500","index_base","","","L7可交易过滤池","盘后辅助；大样本过滤入口"
"sz300207","300207.SZ","欣旺达","","创业板","","中证500","index_base","","","L7可交易过滤池","盘后辅助；大样本过滤入口"
"sz300223","300223.SZ","北京君正","","创业板","","中证500","index_base","","","L7可交易过滤池","盘后辅助；大样本过滤入口"
"sz300251","300251.SZ","光线传媒","","创业板","","沪深300","index_base","","","L7可交易过滤池","盘后辅助；大样本过滤入口"
"sz300274","300274.SZ","阳光电源","","新能源","逆变器+储能","新能源","""user_enhance""；""index_base""","","","L7可交易过滤池","盘后辅助；大样本过滤入口"
"sz300285","300285.SZ","国瓷材料","","创业板","","中证500","index_base","","","L7可交易过滤池","盘后辅助；大样本过滤入口"
"sz300308","300308.SZ","中际旭创","","通信","光模块","AI算力","""user_enhance""；""index_base""","","","L7可交易过滤池","盘后辅助；大样本过滤入口"
"sz300316","300316.SZ","晶盛机电","","创业板","","沪深300","index_base","","","L7可交易过滤池","盘后辅助；大样本过滤入口"
"sz300339","300339.SZ","润和软件","","创业板","","中证500","index_base","","","L7可交易过滤池","盘后辅助；大样本过滤入口"
"sz300346","300346.SZ","南大光电","","创业板","","中证500","index_base","","","L7可交易过滤池","盘后辅助；大样本过滤入口"
"sz300347","300347.SZ","泰格医药","","创业板","","沪深300","index_base","","","L7可交易过滤池","盘后辅助；大样本过滤入口"
"sz300364","300364.SZ","中文在线","","传媒","数字阅读+IP","传媒","""user_enhance""；""strategic""","用户增强观察池重点关注；未纳入L8指数基底池；传媒；数字阅读+IP","","L7可交易过滤池","盘后辅助；大样本过滤入口"
"sz300373","300373.SZ","扬杰科技","","创业板","","中证500","index_base","","","L7可交易过滤池","盘后辅助；大样本过滤入口"
"sz300383","300383.SZ","光环新网","","创业板","","中证500","index_base","","","L7可交易过滤池","盘后辅助；大样本过滤入口"
"sz300390","300390.SZ","天华新能","","创业板","","中证500","index_base","","","L7可交易过滤池","盘后辅助；大样本过滤入口"
"sz300394","300394.SZ","天孚通信","","通信","光器件","通信","""user_enhance""；""index_base""","","","L7可交易过滤池","盘后辅助；大样本过滤入口"
"sz300395","300395.SZ","菲利华","","创业板","","中证500","index_base","","","L7可交易过滤池","盘后辅助；大样本过滤入口"
"sz300408","300408.SZ","三环集团","","创业板","","沪深300","index_base","","","L7可交易过滤池","盘后辅助；大样本过滤入口"
"sz300413","300413.SZ","芒果超媒","","创业板","","沪深300","index_base","","","L7可交易过滤池","盘后辅助；大样本过滤入口"
"sz300418","300418.SZ","昆仑万维","","创业板","","沪深300","index_base","","","L7可交易过滤池","盘后辅助；大样本过滤入口"
"sz300432","300432.SZ","富临精工","","创业板","","中证500","index_base","","","L7可交易过滤池","盘后辅助；大样本过滤入口"
"sz300433","300433.SZ","蓝思科技","","创业板","","沪深300","index_base","","","L7可交易过滤池","盘后辅助；大样本过滤入口"
"sz300442","300442.SZ","润泽科技","","创业板","","沪深300","index_base","","","L7可交易过滤池","盘后辅助；大样本过滤入口"
"sz300450","300450.SZ","先导智能","","创业板","","中证500","index_base","","","L7可交易过滤池","盘后辅助；大样本过滤入口"
"sz300454","300454.SZ","深信服","","创业板","","中证500","index_base","","","L7可交易过滤池","盘后辅助；大样本过滤入口"
"sz300458","300458.SZ","全志科技","","创业板","","中证500","index_base","","","L7可交易过滤池","盘后辅助；大样本过滤入口"
"sz300474","300474.SZ","景嘉微","","创业板","","中证500","index_base","","","L7可交易过滤池","盘后辅助；大样本过滤入口"
"sz300476","300476.SZ","胜宏科技","","创业板","","沪深300","index_base","","","L7可交易过滤池","盘后辅助；大样本过滤入口"
"sz300487","300487.SZ","蓝晓科技","","创业板","","中证500","index_base","","","L7可交易过滤池","盘后辅助；大样本过滤入口"
"sz300496","300496.SZ","中科创达","","创业板","","中证500","index_base","","","L7可交易过滤池","盘后辅助；大样本过滤入口"
"sz300498","300498.SZ","温氏股份","","农林牧渔","生猪+黄羽鸡","农林牧渔","""user_enhance""；""index_base""","","","L7可交易过滤池","盘后辅助；大样本过滤入口"
"sz300502","300502.SZ","新易盛","","创业板","","历史重点关注","""user_enhance""；""index_base""","","","L7可交易过滤池","盘后辅助；大样本过滤入口"
"sz300529","300529.SZ","健帆生物","","创业板","","中证500","index_base","","","L7可交易过滤池","盘后辅助；大样本过滤入口"
"sz300558","300558.SZ","贝达药业","","创业板","","中证500","index_base","","","L7可交易过滤池","盘后辅助；大样本过滤入口"
"sz300567","300567.SZ","精测电子","","创业板","","中证500","index_base","","","L7可交易过滤池","盘后辅助；大样本过滤入口"
"sz300570","300570.SZ","太辰光","","创业板","","中证500","index_base","","","L7可交易过滤池","盘后辅助；大样本过滤入口"
"sz300601","300601.SZ","康泰生物","","创业板","","中证500","index_base","","","L7可交易过滤池","盘后辅助；大样本过滤入口"
"sz300604","300604.SZ","长川科技","","创业板","","中证500","index_base","","","L7可交易过滤池","盘后辅助；大样本过滤入口"
"sz300623","300623.SZ","捷捷微电","","创业板","","中证500","index_base","","","L7可交易过滤池","盘后辅助；大样本过滤入口"
"sz300627","300627.SZ","华测导航","","创业板","","中证500","index_base","","","L7可交易过滤池","盘后辅助；大样本过滤入口"
"sz300628","300628.SZ","亿联网络","","创业板","","沪深300","index_base","","","L7可交易过滤池","盘后辅助；大样本过滤入口"
"sz300641","300641.SZ","正丹股份","","待补充","待补充","历史重点关注","""user_enhance""；""strategic""","用户增强观察池重点关注；未纳入L8指数基底池","","L7可交易过滤池","盘后辅助；大样本过滤入口"
"sz300661","300661.SZ","圣邦股份","","创业板","","沪深300","index_base","","","L7可交易过滤池","盘后辅助；大样本过滤入口"
"sz300676","300676.SZ","华大基因","","创业板","","中证500","index_base","","","L7可交易过滤池","盘后辅助；大样本过滤入口"
"sz300677","300677.SZ","英科医疗","","创业板","","中证500","index_base","","","L7可交易过滤池","盘后辅助；大样本过滤入口"
"sz300679","300679.SZ","电连技术","","创业板","","中证500","index_base","","","L7可交易过滤池","盘后辅助；大样本过滤入口"
"sz300699","300699.SZ","光威复材","","创业板","","中证500","index_base","","","L7可交易过滤池","盘后辅助；大样本过滤入口"
"sz300718","300718.SZ","长盛轴承","","创业板","","中证500","index_base","","","L7可交易过滤池","盘后辅助；大样本过滤入口"
"sz300724","300724.SZ","捷佳伟创","","创业板","","历史重点关注","""user_enhance""；""index_base""","","","L7可交易过滤池","盘后辅助；大样本过滤入口"
"sz300735","300735.SZ","光弘科技","","创业板","","中证500","index_base","","","L7可交易过滤池","盘后辅助；大样本过滤入口"
"sz300748","300748.SZ","金力永磁","","创业板","","中证500","index_base","","","L7可交易过滤池","盘后辅助；大样本过滤入口"
"sz300750","300750.SZ","宁德时代","","新能源","动力电池+储能","新能源","""user_enhance""；""index_base""","","","L7可交易过滤池","盘后辅助；大样本过滤入口"
"sz300751","300751.SZ","迈为股份","","创业板","","中证500","index_base","","","L7可交易过滤池","盘后辅助；大样本过滤入口"
"sz300757","300757.SZ","罗博特科","","创业板","","中证500","index_base","","","L7可交易过滤池","盘后辅助；大样本过滤入口"
"sz300759","300759.SZ","康龙化成","","创业板","","沪深300","index_base","","","L7可交易过滤池","盘后辅助；大样本过滤入口"
"sz300760","300760.SZ","迈瑞医疗","","医药医疗","高端医疗器械","医药/医疗","""user_enhance""；""index_base""","","","L7可交易过滤池","盘后辅助；大样本过滤入口"
"sz300763","300763.SZ","锦浪科技","","创业板","","中证500","index_base","","","L7可交易过滤池","盘后辅助；大样本过滤入口"
"sz300782","300782.SZ","卓胜微","","半导体","射频前端芯片","半导体","""user_enhance""；""index_base""","","","L7可交易过滤池","盘后辅助；大样本过滤入口"
"sz300803","300803.SZ","指南针","","创业板","","沪深300","index_base","","","L7可交易过滤池","盘后辅助；大样本过滤入口"
"sz300832","300832.SZ","新产业","","创业板","","沪深300","index_base","","","L7可交易过滤池","盘后辅助；大样本过滤入口"
"sz300857","300857.SZ","协创数据","","创业板","","中证500","index_base","","","L7可交易过滤池","盘后辅助；大样本过滤入口"
"sz300866","300866.SZ","安克创新","","创业板","","沪深300","index_base","","","L7可交易过滤池","盘后辅助；大样本过滤入口"
"sz300871","300871.SZ","回盛生物","","待补充","待补充","历史重点关注","""user_enhance""；""strategic""","用户增强观察池重点关注；未纳入L8指数基底池","","L7可交易过滤池","盘后辅助；大样本过滤入口"
"sz300888","300888.SZ","稳健医疗","","创业板","","中证500","index_base","","","L7可交易过滤池","盘后辅助；大样本过滤入口"
"sz300896","300896.SZ","爱美客","","创业板","","沪深300","index_base","","","L7可交易过滤池","盘后辅助；大样本过滤入口"
"sz300919","300919.SZ","中伟新材","","创业板","","中证500","index_base","","","L7可交易过滤池","盘后辅助；大样本过滤入口"
"sz300957","300957.SZ","贝泰妮","","创业板","","中证500","index_base","","","L7可交易过滤池","盘后辅助；大样本过滤入口"
"sz300972","300972.SZ","万辰集团","","创业板","","中证500","index_base","","","L7可交易过滤池","盘后辅助；大样本过滤入口"
"sz300979","300979.SZ","华利集团","","纺织服饰","运动鞋履","纺织服饰","""user_enhance""；""index_base""","","","L7可交易过滤池","盘后辅助；大样本过滤入口"
"sz300999","300999.SZ","金龙鱼","","创业板","","沪深300","index_base","","","L7可交易过滤池","盘后辅助；大样本过滤入口"
"sz301200","301200.SZ","大族数控","","创业板","","中证500","index_base","","","L7可交易过滤池","盘后辅助；大样本过滤入口"
"sz301236","301236.SZ","软通动力","","创业板","","沪深300","index_base","","","L7可交易过滤池","盘后辅助；大样本过滤入口"
"sz301269","301269.SZ","华大九天","","创业板","","沪深300","index_base","","","L7可交易过滤池","盘后辅助；大样本过滤入口"
"sz301301","301301.SZ","川宁生物","","创业板","","中证500","index_base","","","L7可交易过滤池","盘后辅助；大样本过滤入口"
"sz301308","301308.SZ","江波龙","","创业板","","中证500","index_base","","","L7可交易过滤池","盘后辅助；大样本过滤入口"
"sz301358","301358.SZ","湖南裕能","","创业板","","中证500","index_base","","","L7可交易过滤池","盘后辅助；大样本过滤入口"
"sz301498","301498.SZ","乖宝宠物","","创业板","","中证500","index_base","","","L7可交易过滤池","盘后辅助；大样本过滤入口"
"sz301536","301536.SZ","星宸科技","","创业板","","中证500","index_base","","","L7可交易过滤池","盘后辅助；大样本过滤入口"
"sz301611","301611.SZ","珂玛科技","","创业板","","中证500","index_base","","","L7可交易过滤池","盘后辅助；大样本过滤入口"
"sz302132","302132.SZ","中航成飞","","主板","","沪深300","index_base","","","L7可交易过滤池","盘后辅助；大样本过滤入口"
"sh688047","688047.SH","龙芯中科","","半导体","国产CPU","半导体","""user_enhance""；""index_base""","""行业强度分5.0""；""资金活跃度分4.88""；""近5/20日成交额放量率84.29%""","4.6045","L6行业主题观察池","晚间主输入；行业主题入口"
"sh688012","688012.SH","中微公司","","半导体","刻蚀设备","半导体","""user_enhance""；""index_base""","""行业强度分5.0""；""资金活跃度分4.78""；""近5/20日成交额放量率59.46%""","4.6016","L6行业主题观察池","晚间主输入；行业主题入口"
"sh688795","688795.SH","摩尔线程","","半导体","全功能GPU","AI算力","""user_enhance""；""strategic""","""行业强度分5.0""；""资金活跃度分4.74""；""近5/20日成交额放量率57.55%""","4.5975","L6行业主题观察池","晚间主输入；行业主题入口"
"sh688981","688981.SH","中芯国际","","半导体","晶圆代工","半导体","""user_enhance""；""index_base""","""行业强度分5.0""；""资金活跃度分4.83""；""近5/20日成交额放量率67.41%""","4.5957","L6行业主题观察池","晚间主输入；行业主题入口"
"sh688041","688041.SH","海光信息","","半导体","高端处理器(CPU/DCU)","AI算力","""user_enhance""；""index_base""","""行业强度分5.0""；""资金活跃度分4.75""；""近5/20日成交额放量率56.83%""","4.5937","L6行业主题观察池","晚间主输入；行业主题入口"
"sh688008","688008.SH","澜起科技","","半导体","内存接口芯片","半导体","""user_enhance""；""index_base""","""行业强度分5.0""；""资金活跃度分4.55""；""近5/20日成交额放量率45.46%""","4.5167","L6行业主题观察池","晚间主输入；行业主题入口"
"sh688256","688256.SH","寒武纪","","半导体","AI芯片、智能处理器","AI算力","""user_enhance""；""index_base""","""行业强度分5.0""；""资金活跃度分4.3""；""近5/20日成交额放量率33.59%""","4.4862","L6行业主题观察池","晚间主输入；行业主题入口"
"sh688802","688802.SH","沐曦股份","","半导体","GPU训练+推理","AI算力","""user_enhance""；""strategic""","""行业强度分5.0""；""资金活跃度分4.42""；""近5/20日成交额放量率38.33%""","4.4781","L6行业主题观察池","晚间主输入；行业主题入口"
"sz002156","002156.SZ","通富微电","","半导体","封装测试","半导体","""user_enhance""；""index_base""","""行业强度分5.0""；""资金活跃度分4.47""；""近5/20日成交额放量率60.71%""","4.4667","L6行业主题观察池","晚间主输入；行业主题入口"
"sz002371","002371.SZ","北方华创","","半导体","半导体设备全品类","半导体","""user_enhance""；""index_base""","""行业强度分5.0""；""资金活跃度分4.2""；""近5/20日成交额放量率40.97%""","4.3974","L6行业主题观察池","晚间主输入；行业主题入口"
"sh688498","688498.SH","源杰科技","","半导体","光通信芯片(IDM)","半导体","""user_enhance""；""strategic""","""行业强度分5.0""；""资金活跃度分3.95""；""近5/20日成交额放量率23.07%""","4.3715","L6行业主题观察池","晚间主输入；行业主题入口"
"sz002049","002049.SZ","紫光国微","","半导体","特种集成电路、安全芯片","半导体","""user_enhance""；""index_base""","""行业强度分5.0""；""资金活跃度分4.08""；""近5/20日成交额放量率57.18%""","4.3119","L6行业主题观察池","晚间主输入；行业主题入口"
"sh603501","603501.SH","韦尔股份","","半导体","CMOS图像传感器","半导体","""user_enhance""；""index_base""","""行业强度分5.0""；""资金活跃度分4.48""；""近5/20日成交额放量率94.61%""","4.2906","L6行业主题观察池","晚间主输入；行业主题入口"
"sh688347","688347.SH","华虹公司","","计算机、通信和其他电子设备制造业","","中证500","index_base","""行业强度分4.57""；""资金活跃度分4.89""；""近5/20日成交额放量率81.29%""","4.2508","L6行业主题观察池","晚间主输入；行业主题入口"
"sh600584","600584.SH","长电科技","","半导体","封装测试","半导体","""user_enhance""；""index_base""","""行业强度分5.0""；""资金活跃度分4.11""；""近5/20日成交额放量率43.5%""","4.231","L6行业主题观察池","晚间主输入；行业主题入口"
"sz002466","002466.SZ","天齐锂业","","有色金属","锂矿","资源/材料","""user_enhance""；""index_base""","""行业强度分4.24""；""资金活跃度分4.41""；""近5/20日成交额放量率51.83%""","4.2099","L6行业主题观察池","晚间主输入；行业主题入口"
"sh688521","688521.SH","芯原股份","","半导体","芯片设计服务、IP授权","AI算力","""user_enhance""；""strategic""","""行业强度分5.0""；""资金活跃度分3.27""；""近5/20日成交额放量率6.54%""","4.1596","L6行业主题观察池","晚间主输入；行业主题入口"
"sh688082","688082.SH","盛美上海","","半导体","清洗设备","半导体","""user_enhance""；""index_base""","""行业强度分5.0""；""资金活跃度分4.68""；""近5/20日成交额放量率58.2%""","4.1512","L6行业主题观察池","晚间主输入；行业主题入口"
"sz301358","301358.SZ","湖南裕能","","计算机、通信和其他电子设备制造业","","中证500","index_base","""行业强度分4.57""；""资金活跃度分4.45""；""近5/20日成交额放量率77.22%""","4.1482","L6行业主题观察池","晚间主输入；行业主题入口"
"sz300857","300857.SZ","协创数据","","计算机、通信和其他电子设备制造业","","中证500","index_base","""行业强度分4.57""；""资金活跃度分4.47""；""近5/20日成交额放量率55.75%""","4.1468","L6行业主题观察池","晚间主输入；行业主题入口"
"sz002709","002709.SZ","天赐材料","","计算机、通信和其他电子设备制造业","","沪深300","index_base","""行业强度分4.57""；""资金活跃度分4.41""；""近5/20日成交额放量率51.21%""","4.1391","L6行业主题观察池","晚间主输入；行业主题入口"
"sh688396","688396.SH","华润微","","计算机、通信和其他电子设备制造业","","沪深300","index_base","""行业强度分4.57""；""资金活跃度分4.63""；""近5/20日成交额放量率52.27%""","4.1347","L6行业主题观察池","晚间主输入；行业主题入口"
"sz002340","002340.SZ","格林美","","废弃资源综合利用业","","中证500","index_base","""行业强度分4.78""；""资金活跃度分4.33""；""近5/20日成交额放量率92.41%""","4.1167","L6行业主题观察池","晚间主输入；行业主题入口"
"sz000651","000651.SZ","格力电器","","家用电器","空调","家用电器","""user_enhance""；""index_base""","""行业强度分4.46""；""资金活跃度分4.36""；""近5/20日成交额放量率125.17%""","4.1119","L6行业主题观察池","晚间主输入；行业主题入口"
"sh688220","688220.SH","翱捷科技","","计算机、通信和其他电子设备制造业","","中证500","index_base","""行业强度分4.57""；""资金活跃度分4.33""；""近5/20日成交额放量率36.68%""","4.1083","L6行业主题观察池","晚间主输入；行业主题入口"
"sz300408","300408.SZ","三环集团","","计算机、通信和其他电子设备制造业","","沪深300","index_base","""行业强度分4.57""；""资金活跃度分4.27""；""近5/20日成交额放量率57.45%""","4.1035","L6行业主题观察池","晚间主输入；行业主题入口"
"sz002281","002281.SZ","光迅科技","","计算机、通信和其他电子设备制造业","","历史重点关注","""user_enhance""；""index_base""","""行业强度分4.57""；""资金活跃度分3.5""；""近5/20日成交额放量率17.65%""","4.0711","L6行业主题观察池","晚间主输入；行业主题入口"
"sh600188","600188.SH","兖矿能源","","煤炭","煤炭","资源/材料","""user_enhance""；""index_base""","""行业强度分4.95""；""资金活跃度分3.21""；""近5/20日成交额放量率22.75%""","4.0695","L6行业主题观察池","晚间主输入；行业主题入口"
"sz300136","300136.SZ","信维通信","","计算机、通信和其他电子设备制造业","","中证500","index_base","""行业强度分4.57""；""资金活跃度分4.23""；""近5/20日成交额放量率40.81%""","4.0693","L6行业主题观察池","晚间主输入；行业主题入口"
"sh688002","688002.SH","睿创微纳","","计算机、通信和其他电子设备制造业","","中证500","index_base","""行业强度分4.57""；""资金活跃度分4.19""；""近5/20日成交额放量率32.21%""","4.0549","L6行业主题观察池","晚间主输入；行业主题入口"
"sh688099","688099.SH","晶晨股份","","软件和信息技术服务业","","中证500","index_base","""行业强度分3.91""；""资金活跃度分4.94""；""近5/20日成交额放量率102.08%""","4.0364","L6行业主题观察池","晚间主输入；行业主题入口"
"sz300390","300390.SZ","天华新能","","计算机、通信和其他电子设备制造业","","中证500","index_base","""行业强度分4.57""；""资金活跃度分4.02""；""近5/20日成交额放量率33.4%""","4.0312","L6行业主题观察池","晚间主输入；行业主题入口"
"sz301308","301308.SZ","江波龙","","计算机、通信和其他电子设备制造业","","中证500","index_base","""行业强度分4.57""；""资金活跃度分4.08""；""近5/20日成交额放量率34.89%""","4.0177","L6行业主题观察池","晚间主输入；行业主题入口"
"sh603986","603986.SH","兆易创新","","半导体","存储芯片、MCU","半导体","""user_enhance""；""index_base""","""行业强度分5.0""；""资金活跃度分3.16""；""近5/20日成交额放量率9.78%""","4.0176","L6行业主题观察池","晚间主输入；行业主题入口"
"sh688036","688036.SH","传音控股","","计算机、通信和其他电子设备制造业","","沪深300","index_base","""行业强度分4.57""；""资金活跃度分4.72""；""近5/20日成交额放量率69.51%""","4.017","L6行业主题观察池","晚间主输入；行业主题入口"
"sz300037","300037.SZ","新宙邦","","计算机、通信和其他电子设备制造业","","中证500","index_base","""行业强度分4.57""；""资金活跃度分4.12""；""近5/20日成交额放量率52.48%""","4.003","L6行业主题观察池","晚间主输入；行业主题入口"
"sh688172","688172.SH","燕东微","","计算机、通信和其他电子设备制造业","","中证500","index_base","""行业强度分4.57""；""资金活跃度分4.51""；""近5/20日成交额放量率49.55%""","3.9754","L6行业主题观察池","晚间主输入；行业主题入口"
"sz000062","000062.SZ","深圳华强","","批发业","","中证500","index_base","""行业强度分4.13""；""资金活跃度分4.44""；""近5/20日成交额放量率77.24%""","3.9742","L6行业主题观察池","晚间主输入；行业主题入口"
"sz300919","300919.SZ","中伟新材","","计算机、通信和其他电子设备制造业","","中证500","index_base","""行业强度分4.57""；""资金活跃度分3.98""；""近5/20日成交额放量率52.45%""","3.9737","L6行业主题观察池","晚间主输入；行业主题入口"
"sh600884","600884.SH","杉杉股份","","计算机、通信和其他电子设备制造业","","中证500","index_base","""行业强度分4.57""；""资金活跃度分4.0""；""近5/20日成交额放量率44.54%""","3.9687","L6行业主题观察池","晚间主输入；行业主题入口"
"sh688126","688126.SH","沪硅产业","","计算机、通信和其他电子设备制造业","","沪深300","index_base","""行业强度分4.57""；""资金活跃度分4.52""；""近5/20日成交额放量率48.32%""","3.9662","L6行业主题观察池","晚间主输入；行业主题入口"
"sh688702","688702.SH","盛科通信","","软件和信息技术服务业","","中证500","index_base","""行业强度分3.91""；""资金活跃度分4.67""；""近5/20日成交额放量率52.42%""","3.9643","L6行业主题观察池","晚间主输入；行业主题入口"
"sz000792","000792.SZ","盐湖股份","","有色金属","盐湖提锂","资源/材料","""user_enhance""；""index_base""","""行业强度分4.24""；""资金活跃度分3.98""；""近5/20日成交额放量率34.59%""","3.9621","L6行业主题观察池","晚间主输入；行业主题入口"
"sh688629","688629.SH","华丰科技","","计算机、通信和其他电子设备制造业","","中证500","index_base","""行业强度分4.57""；""资金活跃度分4.1""；""近5/20日成交额放量率28.51%""","3.9567","L6行业主题观察池","晚间主输入；行业主题入口"
"sz000938","000938.SZ","紫光股份","","计算机、通信和其他电子设备制造业","","沪深300","index_base","""行业强度分4.57""；""资金活跃度分4.13""；""近5/20日成交额放量率37.28%""","3.9554","L6行业主题观察池","晚间主输入；行业主题入口"
"sz300073","300073.SZ","当升科技","","计算机、通信和其他电子设备制造业","","中证500","index_base","""行业强度分4.57""；""资金活跃度分4.04""；""近5/20日成交额放量率57.96%""","3.9509","L6行业主题观察池","晚间主输入；行业主题入口"
"sh688052","688052.SH","纳芯微","","软件和信息技术服务业","","中证500","index_base","""行业强度分3.91""；""资金活跃度分4.75""；""近5/20日成交额放量率71.53%""","3.95","L6行业主题观察池","晚间主输入；行业主题入口"
"sz300661","300661.SZ","圣邦股份","","计算机、通信和其他电子设备制造业","","沪深300","index_base","""行业强度分4.57""；""资金活跃度分3.94""；""近5/20日成交额放量率35.86%""","3.9365","L6行业主题观察池","晚间主输入；行业主题入口"
"sz002384","002384.SZ","东山精密","","计算机、通信和其他电子设备制造业","","沪深300","index_base","""行业强度分4.57""；""资金活跃度分3.73""；""近5/20日成交额放量率22.32%""","3.9289","L6行业主题观察池","晚间主输入；行业主题入口"
"sh688037","688037.SH","芯源微","","专用设备制造业","","中证500","index_base","""行业强度分3.64""；""资金活跃度分4.89""；""近5/20日成交额放量率90.66%""","3.9184","L6行业主题观察池","晚间主输入；行业主题入口"
"sh688777","688777.SH","中控技术","","软件和信息技术服务业","","中证500","index_base","""行业强度分3.91""；""资金活跃度分4.59""；""近5/20日成交额放量率49.66%""","3.9062","L6行业主题观察池","晚间主输入；行业主题入口"
"sh688305","688305.SH","科德数控","","机械设备","五轴联动龙门","机械设备","""user_enhance""；""strategic""","""行业强度分4.51""；""资金活跃度分3.79""；""近5/20日成交额放量率25.34%""","3.8798","L6行业主题观察池","晚间主输入；行业主题入口"
"sz300054","300054.SZ","鼎龙股份","","计算机、通信和其他电子设备制造业","","中证500","index_base","""行业强度分4.57""；""资金活跃度分3.63""；""近5/20日成交额放量率28.88%""","3.8706","L6行业主题观察池","晚间主输入；行业主题入口"
"sz002493","002493.SZ","荣盛石化","","石油石化","炼化一体化","基础化工","""user_enhance""；""index_base""","""行业强度分4.18""；""资金活跃度分3.45""；""近5/20日成交额放量率36.82%""","3.8575","L6行业主题观察池","晚间主输入；行业主题入口"
"sh603228","603228.SH","景旺电子","","计算机、通信和其他电子设备制造业","","中证500","index_base","""行业强度分4.57""；""资金活跃度分3.97""；""近5/20日成交额放量率37.03%""","3.8568","L6行业主题观察池","晚间主输入；行业主题入口"
"sh600460","600460.SH","士兰微","","计算机、通信和其他电子设备制造业","","沪深300","index_base","""行业强度分4.57""；""资金活跃度分4.0""；""近5/20日成交额放量率74.2%""","3.85","L6行业主题观察池","晚间主输入；行业主题入口"
"sh688387","688387.SH","信科移动","","计算机、通信和其他电子设备制造业","","中证500","index_base","""行业强度分4.57""；""资金活跃度分3.54""；""近5/20日成交额放量率14.13%""","3.8491","L6行业主题观察池","晚间主输入；行业主题入口"
"sh600111","600111.SH","北方稀土","","有色金属","稀土","资源/材料","""user_enhance""；""index_base""","""行业强度分4.24""；""资金活跃度分3.49""；""近5/20日成交额放量率17.93%""","3.8459","L6行业主题观察池","晚间主输入；行业主题入口"
"sh688728","688728.SH","格科微","","计算机、通信和其他电子设备制造业","","中证500","index_base","""行业强度分4.57""；""资金活跃度分4.27""；""近5/20日成交额放量率39.91%""","3.8434","L6行业主题观察池","晚间主输入；行业主题入口"
"sz002266","002266.SZ","浙富控股","","生态保护和环境治理业","","中证500","index_base","""行业强度分4.35""；""资金活跃度分3.76""；""近5/20日成交额放量率108.55%""","3.8332","L6行业主题观察池","晚间主输入；行业主题入口"
"sh605358","605358.SH","立昂微","","计算机、通信和其他电子设备制造业","","中证500","index_base","""行业强度分4.57""；""资金活跃度分3.63""；""近5/20日成交额放量率48.78%""","3.8301","L6行业主题观察池","晚间主输入；行业主题入口"
"sh601699","601699.SH","潞安环能","","煤炭开采和洗选业","","中证500","index_base","""行业强度分4.67""；""资金活跃度分3.4""；""近5/20日成交额放量率50.11%""","3.8275","L6行业主题观察池","晚间主输入；行业主题入口"
"sz002050","002050.SZ","三花智控","","家用电器","制冷元器件+汽零","家用电器","""user_enhance""；""index_base""","""行业强度分4.46""；""资金活跃度分3.41""；""近5/20日成交额放量率17.75%""","3.7552","L6行业主题观察池","晚间主输入；行业主题入口"
"sz002812","002812.SZ","恩捷股份","","橡胶和塑料制品业","待补充","历史重点关注","""user_enhance""；""strategic""","""行业强度分3.15""；""资金活跃度分4.37""；""近5/20日成交额放量率57.43%""","3.7454","L6行业主题观察池","晚间主输入；行业主题入口"
"sh688525","688525.SH","佰维存储","","半导体","存储芯片","半导体","""user_enhance""；""index_base""","""行业强度分5.0""；""资金活跃度分2.3""；""近5/20日成交额放量率-17.22%""","3.7246","L6行业主题观察池","晚间主输入；行业主题入口"
"sh688234","688234.SH","天岳先进","","半导体","第三代半导体材料","半导体","""user_enhance""；""index_base""","""行业强度分5.0""；""资金活跃度分3.1""；""近5/20日成交额放量率4.61%""","3.7037","L6行业主题观察池","晚间主输入；行业主题入口"
"sh600160","600160.SH","巨化股份","","基础化工","制冷剂","基础化工","""user_enhance""；""index_base""","""行业强度分4.08""；""资金活跃度分3.44""；""近5/20日成交额放量率30.16%""","3.692","L6行业主题观察池","晚间主输入；行业主题入口"
"sz002460","002460.SZ","赣锋锂业","","有色金属","锂资源","新能源","""user_enhance""；""index_base""","""行业强度分4.24""；""资金活跃度分2.83""；""近5/20日成交额放量率3.29%""","3.6597","L6行业主题观察池","晚间主输入；行业主题入口"
"sz000333","000333.SZ","美的集团","","家用电器","白色家电","大消费","""user_enhance""；""index_base""","""行业强度分4.46""；""资金活跃度分3.2""；""近5/20日成交额放量率17.05%""","3.6144","L6行业主题观察池","晚间主输入；行业主题入口"
"sh600198","600198.SH","大唐电信","","计算机、通信和其他电子设备制造业","待补充","历史重点关注","""user_enhance""；""strategic""","""行业强度分4.57""；""资金活跃度分2.99""；""近5/20日成交额放量率61.93%""","3.5788","L6行业主题观察池","晚间主输入；行业主题入口"
"sz300782","300782.SZ","卓胜微","","半导体","射频前端芯片","半导体","""user_enhance""；""index_base""","""行业强度分5.0""；""资金活跃度分1.82""；""近5/20日成交额放量率-20.12%""","3.4791","L6行业主题观察池","晚间主输入；行业主题入口"
"sh688599","688599.SH","天合光能","","新能源","光伏组件","新能源","""user_enhance""；""index_base""","""行业强度分3.04""；""资金活跃度分4.11""；""近5/20日成交额放量率31.91%""","3.4175","L6行业主题观察池","晚间主输入；行业主题入口"
"sh603259","603259.SH","药明康德","","医药医疗","CXO","医药/医疗","""user_enhance""；""index_base""","""行业强度分2.88""；""资金活跃度分4.0""；""近5/20日成交额放量率34.18%""","3.3924","L6行业主题观察池","晚间主输入；行业主题入口"
"sz300015","300015.SZ","爱尔眼科","","医药医疗","眼科医疗","医药/医疗","""user_enhance""；""index_base""","""行业强度分2.88""；""资金活跃度分4.14""；""近5/20日成交额放量率99.26%""","3.3716","L6行业主题观察池","晚间主输入；行业主题入口"
"sz300308","300308.SZ","中际旭创","","通信","光模块","AI算力","""user_enhance""；""index_base""","""行业强度分3.21""；""资金活跃度分3.21""；""近5/20日成交额放量率9.49%""","3.3495","L6行业主题观察池","晚间主输入；行业主题入口"
"sz000657","000657.SZ","中钨高新","","金属制品业","","历史重点关注","""user_enhance""；""index_base""","""行业强度分3.59""；""资金活跃度分2.71""；""近5/20日成交额放量率1.73%""","3.2926","L6行业主题观察池","晚间主输入；行业主题入口"
"sz002714","002714.SZ","牧原股份","","农林牧渔","生猪养殖","农林牧渔","""user_enhance""；""index_base""","""行业强度分4.02""；""资金活跃度分2.52""；""近5/20日成交额放量率2.63%""","3.2821","L6行业主题观察池","晚间主输入；行业主题入口"
"sz300957","300957.SZ","贝泰妮","","化学原料和化学制品制造业","","中证500","index_base","""行业强度分2.93""；""资金活跃度分3.46""；""近5/20日成交额放量率100.06%""","3.0682","L6行业主题观察池","晚间主输入；行业主题入口"
"sh600816","600816.SH","建元信托","","其他金融业","","中证500","index_base","""行业强度分2.12""；""资金活跃度分3.26""；""近5/20日成交额放量率101.52%""","2.7418","L6行业主题观察池","晚间主输入；行业主题入口"
"sh603195","603195.SH","公牛集团","","电气机械和器材制造业","","沪深300","index_base","""行业强度分2.45""；""资金活跃度分3.09""；""近5/20日成交额放量率116.41%""","2.7389","L6行业主题观察池","晚间主输入；行业主题入口"
"sh688047","688047.SH","龙芯中科","","半导体","国产CPU","半导体","""user_enhance""；""index_base""","""行业强度分5.0""；""资金活跃度分4.88""；""近5/20日成交额放量率84.29%""","4.6045","L5深度研究池","晚间主输入；深度个股入口"
"sh688012","688012.SH","中微公司","","半导体","刻蚀设备","半导体","""user_enhance""；""index_base""","""行业强度分5.0""；""资金活跃度分4.78""；""近5/20日成交额放量率59.46%""","4.6016","L5深度研究池","晚间主输入；深度个股入口"
"sh688795","688795.SH","摩尔线程","","半导体","全功能GPU","AI算力","""user_enhance""；""strategic""","""行业强度分5.0""；""资金活跃度分4.74""；""近5/20日成交额放量率57.55%""","4.5975","L5深度研究池","晚间主输入；深度个股入口"
"sh688347","688347.SH","华虹公司","","计算机、通信和其他电子设备制造业","","中证500","index_base","""行业强度分4.57""；""资金活跃度分4.89""；""近5/20日成交额放量率81.29%""","4.2508","L5深度研究池","晚间主输入；深度个股入口"
"sz002466","002466.SZ","天齐锂业","","有色金属","锂矿","资源/材料","""user_enhance""；""index_base""","""行业强度分4.24""；""资金活跃度分4.41""；""近5/20日成交额放量率51.83%""","4.2099","L5深度研究池","晚间主输入；深度个股入口"
"sz301358","301358.SZ","湖南裕能","","计算机、通信和其他电子设备制造业","","中证500","index_base","""行业强度分4.57""；""资金活跃度分4.45""；""近5/20日成交额放量率77.22%""","4.1482","L5深度研究池","晚间主输入；深度个股入口"
"sz300857","300857.SZ","协创数据","","计算机、通信和其他电子设备制造业","","中证500","index_base","""行业强度分4.57""；""资金活跃度分4.47""；""近5/20日成交额放量率55.75%""","4.1468","L5深度研究池","晚间主输入；深度个股入口"
"sz002340","002340.SZ","格林美","","废弃资源综合利用业","","中证500","index_base","""行业强度分4.78""；""资金活跃度分4.33""；""近5/20日成交额放量率92.41%""","4.1167","L5深度研究池","晚间主输入；深度个股入口"
"sz000651","000651.SZ","格力电器","","家用电器","空调","家用电器","""user_enhance""；""index_base""","""行业强度分4.46""；""资金活跃度分4.36""；""近5/20日成交额放量率125.17%""","4.1119","L5深度研究池","晚间主输入；深度个股入口"
"sh600188","600188.SH","兖矿能源","","煤炭","煤炭","资源/材料","""user_enhance""；""index_base""","""行业强度分4.95""；""资金活跃度分3.21""；""近5/20日成交额放量率22.75%""","4.0695","L5深度研究池","晚间主输入；深度个股入口"
"sh688041","688041.SH","海光信息","上交所","未分类","","","重点关注池","重点关注池强制保留","490.99","300只盘后轻扫描候选","盘后主输入；盘前候选来源"
"sz002281","002281.SZ","光迅科技","深交所","主板","","","深交所官方证券列表","重点关注池强制保留","490.99","300只盘后轻扫描候选","盘后主输入；盘前候选来源"
"sh603501","603501.SH","豪威集团","上交所","未分类","","","重点关注池","重点关注池强制保留","490.56","300只盘后轻扫描候选","盘后主输入；盘前候选来源"
"sh603986","603986.SH","兆易创新","上交所","未分类","","","重点关注池","重点关注池强制保留","490.486","300只盘后轻扫描候选","盘后主输入；盘前候选来源"
"sh603259","603259.SH","药明康德","上交所","未分类","","","重点关注池","重点关注池强制保留","490.464","300只盘后轻扫描候选","盘后主输入；盘前候选来源"
"sz002594","002594.SZ","比亚迪","深交所","主板","","","深交所官方证券列表","当前合并股票池强制保留","490.46","300只盘后轻扫描候选","盘后主输入；盘前候选来源"
"sz300724","300724.SZ","捷佳伟创","深交所","创业板","","","深交所官方证券列表","重点关注池强制保留","490.386","300只盘后轻扫描候选","盘后主输入；盘前候选来源"
"sz300871","300871.SZ","回盛生物","深交所","创业板","","","深交所官方证券列表","重点关注池强制保留","490.358","300只盘后轻扫描候选","盘后主输入；盘前候选来源"
"sz000657","000657.SZ","中钨高新","深交所","主板","","","深交所官方证券列表","重点关注池强制保留","490.332","300只盘后轻扫描候选","盘后主输入；盘前候选来源"
"sz300502","300502.SZ","新易盛","深交所","创业板","","","深交所官方证券列表","重点关注池强制保留","490.262","300只盘后轻扫描候选","盘后主输入；盘前候选来源"
