所属池,代码,展示代码,名称,市场,行业,细分领域,名单分类,来源,入池理由,评分,阶段用途
重点关注股票池,sz000906,000906.SZ,浙商中拓,深交所,,,,用户确认,,,盘后辅助；晚间辅助；盘前关注过滤
重点关注股票池,sz300641,300641.SZ,正丹股份,深交所,,,,用户确认,,,盘后辅助；晚间辅助；盘前关注过滤
重点关注股票池,sz300502,300502.SZ,新易盛,深交所,,,,用户确认,,,盘后辅助；晚间辅助；盘前关注过滤
重点关注股票池,sz000657,000657.SZ,中钨高新,深交所,,,,用户确认,,,盘后辅助；晚间辅助；盘前关注过滤
重点关注股票池,sz300871,300871.SZ,回盛生物,深交所,,,,用户确认,,,盘后辅助；晚间辅助；盘前关注过滤
重点关注股票池,sh603259,603259.SH,药明康德,上交所,医药医疗,CXO,医药/医疗,用户确认；用户补充全行业龙头样本池_20260501,,,盘后辅助；晚间辅助；盘前关注过滤
重点关注股票池,sh600326,600326.SH,西藏天路,上交所,,,,用户确认,,,盘后辅助；晚间辅助；盘前关注过滤
重点关注股票池,sh603501,603501.SH,韦尔股份,上交所,半导体,CMOS图像传感器,半导体,用户补充半导体样本池；用户补充全行业龙头样本池_20260501,,,盘后辅助；晚间辅助；盘前关注过滤
重点关注股票池,sz002812,002812.SZ,恩捷股份,深交所,,,,用户确认,,,盘后辅助；晚间辅助；盘前关注过滤
重点关注股票池,sz002049,002049.SZ,紫光国微,深交所,半导体,特种集成电路、安全芯片,半导体,用户补充半导体样本池；用户补充全行业龙头样本池_20260501,,,盘后辅助；晚间辅助；盘前关注过滤
重点关注股票池,sz002028,002028.SZ,思源电气,深交所,,,,用户确认,,,盘后辅助；晚间辅助；盘前关注过滤
重点关注股票池,sh600580,600580.SH,卧龙电驱,上交所,,,,用户确认,,,盘后辅助；晚间辅助；盘前关注过滤
重点关注股票池,sh688041,688041.SH,海光信息,上交所,半导体,高端处理器(CPU/DCU),AI算力,用户补充半导体样本池；用户补充全行业龙头样本池_20260501,,,盘后辅助；晚间辅助；盘前关注过滤
重点关注股票池,sh603986,603986.SH,兆易创新,上交所,半导体,存储芯片、MCU,半导体,用户补充半导体样本池；用户补充全行业龙头样本池_20260501,,,盘后辅助；晚间辅助；盘前关注过滤
重点关注股票池,sz300724,300724.SZ,捷佳伟创,深交所,,,,用户确认,,,盘后辅助；晚间辅助；盘前关注过滤
重点关注股票池,sh688235,688235.SH,百济神州,上交所,医药医疗,抗肿瘤创新药,医药/医疗,用户确认；用户补充全行业龙头样本池_20260501,,,盘后辅助；晚间辅助；盘前关注过滤
重点关注股票池,sz300308,300308.SZ,中际旭创,深交所,通信,光模块,AI算力,用户确认；用户补充全行业龙头样本池_20260501,,,盘后辅助；晚间辅助；盘前关注过滤
重点关注股票池,sh600198,600198.SH,大唐电信,上交所,,,,用户确认,,,盘后辅助；晚间辅助；盘前关注过滤
重点关注股票池,sz002281,002281.SZ,光迅科技,深交所,,,,用户确认,,,盘后辅助；晚间辅助；盘前关注过滤
重点关注股票池,sh688047,688047.SH,龙芯中科,上交所,半导体,国产CPU,半导体,用户补充半导体样本池；用户补充全行业龙头样本池_20260501,,,盘后辅助；晚间辅助；盘前关注过滤
重点关注股票池,sh688008,688008.SH,澜起科技,上交所,半导体,内存接口芯片,半导体,用户补充半导体样本池；用户补充全行业龙头样本池_20260501,,,盘后辅助；晚间辅助；盘前关注过滤
重点关注股票池,sh688256,688256.SH,寒武纪,上交所,半导体,AI芯片、智能处理器,AI算力,用户补充半导体样本池；用户补充全行业龙头样本池_20260501,,,盘后辅助；晚间辅助；盘前关注过滤
重点关注股票池,sh688498,688498.SH,源杰科技,上交所,半导体,光通信芯片(IDM),半导体,用户补充半导体样本池；用户补充全行业龙头样本池_20260501,,,盘后辅助；晚间辅助；盘前关注过滤
重点关注股票池,sh688521,688521.SH,芯原股份,上交所,半导体,芯片设计服务、IP授权,AI算力,用户补充半导体样本池；用户补充全行业龙头样本池_20260501,,,盘后辅助；晚间辅助；盘前关注过滤
重点关注股票池,sh688525,688525.SH,佰维存储,上交所,半导体,存储芯片,半导体,用户补充半导体样本池；用户补充全行业龙头样本池_20260501,,,盘后辅助；晚间辅助；盘前关注过滤
重点关注股票池,sz300782,300782.SZ,卓胜微,深交所,半导体,射频前端芯片,半导体,用户补充半导体样本池；用户补充全行业龙头样本池_20260501,,,盘后辅助；晚间辅助；盘前关注过滤
重点关注股票池,sh600519,600519.SH,贵州茅台,上交所,食品饮料,白酒,大消费,用户补充全行业龙头样本池_20260501,,,盘后辅助；晚间辅助；盘前关注过滤
重点关注股票池,sz300750,300750.SZ,宁德时代,深交所,新能源,动力电池+储能,新能源,用户补充全行业龙头样本池_20260501,,,盘后辅助；晚间辅助；盘前关注过滤
重点关注股票池,sh688802,688802.SH,沐曦股份,上交所,半导体,GPU训练+推理,AI算力,用户补充全行业龙头样本池_20260501,,,盘后辅助；晚间辅助；盘前关注过滤
重点关注股票池,sh688795,688795.SH,摩尔线程,上交所,半导体,全功能GPU,AI算力,用户补充全行业龙头样本池_20260501,,,盘后辅助；晚间辅助；盘前关注过滤
重点关注股票池,sh601138,601138.SH,工业富联,上交所,电子制造,AI服务器,AI算力,用户补充全行业龙头样本池_20260501,,,盘后辅助；晚间辅助；盘前关注过滤
重点关注股票池,sz000977,000977.SZ,浪潮信息,深交所,计算机设备,服务器,AI算力,用户补充全行业龙头样本池_20260501,,,盘后辅助；晚间辅助；盘前关注过滤
重点关注股票池,sz002371,002371.SZ,北方华创,深交所,半导体,半导体设备全品类,半导体,用户补充全行业龙头样本池_20260501,,,盘后辅助；晚间辅助；盘前关注过滤
重点关注股票池,sh688012,688012.SH,中微公司,上交所,半导体,刻蚀设备,半导体,用户补充全行业龙头样本池_20260501,,,盘后辅助；晚间辅助；盘前关注过滤
重点关注股票池,sh688082,688082.SH,盛美上海,上交所,半导体,清洗设备,半导体,用户补充全行业龙头样本池_20260501,,,盘后辅助；晚间辅助；盘前关注过滤
重点关注股票池,sh688981,688981.SH,中芯国际,上交所,半导体,晶圆代工,半导体,用户补充全行业龙头样本池_20260501,,,盘后辅助；晚间辅助；盘前关注过滤
重点关注股票池,sh600584,600584.SH,长电科技,上交所,半导体,封装测试,半导体,用户补充全行业龙头样本池_20260501,,,盘后辅助；晚间辅助；盘前关注过滤
重点关注股票池,sz002156,002156.SZ,通富微电,深交所,半导体,封装测试,半导体,用户补充全行业龙头样本池_20260501,,,盘后辅助；晚间辅助；盘前关注过滤
重点关注股票池,sh688234,688234.SH,天岳先进,上交所,半导体,第三代半导体材料,半导体,用户补充全行业龙头样本池_20260501,,,盘后辅助；晚间辅助；盘前关注过滤
重点关注股票池,sz002594,002594.SZ,比亚迪,深交所,新能源,新能源整车+电池,新能源,用户补充全行业龙头样本池_20260501,,,盘后辅助；晚间辅助；盘前关注过滤
重点关注股票池,sh601012,601012.SH,隆基绿能,上交所,新能源,光伏硅片+组件,新能源,用户补充全行业龙头样本池_20260501,,,盘后辅助；晚间辅助；盘前关注过滤
重点关注股票池,sz300274,300274.SZ,阳光电源,深交所,新能源,逆变器+储能,新能源,用户补充全行业龙头样本池_20260501,,,盘后辅助；晚间辅助；盘前关注过滤
重点关注股票池,sz300014,300014.SZ,亿纬锂能,深交所,新能源,储能+动力电池,新能源,用户补充全行业龙头样本池_20260501,,,盘后辅助；晚间辅助；盘前关注过滤
重点关注股票池,sh600438,600438.SH,通威股份,上交所,新能源,光伏硅料+电池,新能源,用户补充全行业龙头样本池_20260501,,,盘后辅助；晚间辅助；盘前关注过滤
重点关注股票池,sh688599,688599.SH,天合光能,上交所,新能源,光伏组件,新能源,用户补充全行业龙头样本池_20260501,,,盘后辅助；晚间辅助；盘前关注过滤
重点关注股票池,sz002460,002460.SZ,赣锋锂业,深交所,有色金属,锂资源,新能源,用户补充全行业龙头样本池_20260501,,,盘后辅助；晚间辅助；盘前关注过滤
重点关注股票池,sh600276,600276.SH,恒瑞医药,上交所,医药医疗,创新药研发,医药/医疗,用户补充全行业龙头样本池_20260501,,,盘后辅助；晚间辅助；盘前关注过滤
重点关注股票池,sz300760,300760.SZ,迈瑞医疗,深交所,医药医疗,高端医疗器械,医药/医疗,用户补充全行业龙头样本池_20260501,,,盘后辅助；晚间辅助；盘前关注过滤
重点关注股票池,sz300015,300015.SZ,爱尔眼科,深交所,医药医疗,眼科医疗,医药/医疗,用户补充全行业龙头样本池_20260501,,,盘后辅助；晚间辅助；盘前关注过滤
重点关注股票池,sz000538,000538.SZ,云南白药,深交所,医药医疗,中药,医药/医疗,用户补充全行业龙头样本池_20260501,,,盘后辅助；晚间辅助；盘前关注过滤
重点关注股票池,sh600436,600436.SH,片仔癀,上交所,医药医疗,中药稀缺龙头,医药/医疗,用户补充全行业龙头样本池_20260501,,,盘后辅助；晚间辅助；盘前关注过滤
重点关注股票池,sz000858,000858.SZ,五粮液,深交所,食品饮料,白酒,大消费,用户补充全行业龙头样本池_20260501,,,盘后辅助；晚间辅助；盘前关注过滤
重点关注股票池,sz000568,000568.SZ,泸州老窖,深交所,食品饮料,白酒,大消费,用户补充全行业龙头样本池_20260501,,,盘后辅助；晚间辅助；盘前关注过滤
重点关注股票池,sz000333,000333.SZ,美的集团,深交所,家用电器,白色家电,大消费,用户补充全行业龙头样本池_20260501,,,盘后辅助；晚间辅助；盘前关注过滤
重点关注股票池,sh600887,600887.SH,伊利股份,上交所,食品饮料,乳制品,大消费,用户补充全行业龙头样本池_20260501,,,盘后辅助；晚间辅助；盘前关注过滤
重点关注股票池,sh600900,600900.SH,长江电力,上交所,电力,水电,大消费,用户补充全行业龙头样本池_20260501,,,盘后辅助；晚间辅助；盘前关注过滤
重点关注股票池,sh601318,601318.SH,中国平安,上交所,金融,保险,金融,用户补充全行业龙头样本池_20260501,,,盘后辅助；晚间辅助；盘前关注过滤
重点关注股票池,sh600036,600036.SH,招商银行,上交所,金融,银行,金融,用户补充全行业龙头样本池_20260501,,,盘后辅助；晚间辅助；盘前关注过滤
重点关注股票池,sz300059,300059.SZ,东方财富,深交所,金融,互联网券商,金融,用户补充全行业龙头样本池_20260501,,,盘后辅助；晚间辅助；盘前关注过滤
重点关注股票池,sh601899,601899.SH,紫金矿业,上交所,有色金属,铜金矿,资源/材料,用户补充全行业龙头样本池_20260501,,,盘后辅助；晚间辅助；盘前关注过滤
重点关注股票池,sh600111,600111.SH,北方稀土,上交所,有色金属,稀土,资源/材料,用户补充全行业龙头样本池_20260501,,,盘后辅助；晚间辅助；盘前关注过滤
重点关注股票池,sz002466,002466.SZ,天齐锂业,深交所,有色金属,锂矿,资源/材料,用户补充全行业龙头样本池_20260501,,,盘后辅助；晚间辅助；盘前关注过滤
重点关注股票池,sz000792,000792.SZ,盐湖股份,深交所,有色金属,盐湖提锂,资源/材料,用户补充全行业龙头样本池_20260501,,,盘后辅助；晚间辅助；盘前关注过滤
重点关注股票池,sh600188,600188.SH,兖矿能源,上交所,煤炭,煤炭,资源/材料,用户补充全行业龙头样本池_20260501,,,盘后辅助；晚间辅助；盘前关注过滤
重点关注股票池,sh600760,600760.SH,中航沈飞,上交所,军工,战斗机,军工/航空航天,用户补充全行业龙头样本池_20260501,,,盘后辅助；晚间辅助；盘前关注过滤
重点关注股票池,sh600501,600501.SH,航天晨光,上交所,军工,航天装备,军工/航空航天,用户补充全行业龙头样本池_20260501,,,盘后辅助；晚间辅助；盘前关注过滤
重点关注股票池,sh600585,600585.SH,海螺水泥,上交所,建筑材料,水泥,基建/建材/地产,用户补充全行业龙头样本池_20260501,,,盘后辅助；晚间辅助；盘前关注过滤
重点关注股票池,sh600048,600048.SH,保利发展,上交所,房地产,房地产开发,基建/建材/地产,用户补充全行业龙头样本池_20260501,,,盘后辅助；晚间辅助；盘前关注过滤
重点关注股票池,sz000002,000002.SZ,万科A,深交所,房地产,房地产开发,基建/建材/地产,用户补充全行业龙头样本池_20260501,,,盘后辅助；晚间辅助；盘前关注过滤
重点关注股票池,sh688111,688111.SH,金山办公,上交所,软件互联网,办公软件,软件/互联网,用户补充全行业龙头样本池_20260501,,,盘后辅助；晚间辅助；盘前关注过滤
重点关注股票池,sz002230,002230.SZ,科大讯飞,深交所,软件互联网,AI语音,软件/互联网,用户补充全行业龙头样本池_20260501,,,盘后辅助；晚间辅助；盘前关注过滤
重点关注股票池,sh600309,600309.SH,万华化学,上交所,基础化工,MDI聚氨酯,基础化工,用户补充全行业龙头样本池_20260501,,,盘后辅助；晚间辅助；盘前关注过滤
重点关注股票池,sh600426,600426.SH,华鲁恒升,上交所,基础化工,煤化工,基础化工,用户补充全行业龙头样本池_20260501,,,盘后辅助；晚间辅助；盘前关注过滤
重点关注股票池,sz002493,002493.SZ,荣盛石化,深交所,石油石化,炼化一体化,基础化工,用户补充全行业龙头样本池_20260501,,,盘后辅助；晚间辅助；盘前关注过滤
重点关注股票池,sh600160,600160.SH,巨化股份,上交所,基础化工,制冷剂,基础化工,用户补充全行业龙头样本池_20260501,,,盘后辅助；晚间辅助；盘前关注过滤
重点关注股票池,sz002001,002001.SZ,新和成,深交所,基础化工,维生素/氨基酸,基础化工,用户补充全行业龙头样本池_20260501,,,盘后辅助；晚间辅助；盘前关注过滤
重点关注股票池,sh603993,603993.SH,洛阳钼业,上交所,有色金属,铜钴钼,有色金属,用户补充全行业龙头样本池_20260501,,,盘后辅助；晚间辅助；盘前关注过滤
重点关注股票池,sh600547,600547.SH,山东黄金,上交所,有色金属,黄金,有色金属,用户补充全行业龙头样本池_20260501,,,盘后辅助；晚间辅助；盘前关注过滤
重点关注股票池,sz000807,000807.SZ,云铝股份,深交所,有色金属,电解铝,有色金属,用户补充全行业龙头样本池_20260501,,,盘后辅助；晚间辅助；盘前关注过滤
重点关注股票池,sh600938,600938.SH,中国海油,上交所,石油石化,海上油气,石油石化,用户补充全行业龙头样本池_20260501,,,盘后辅助；晚间辅助；盘前关注过滤
重点关注股票池,sh600028,600028.SH,中国石化,上交所,石油石化,炼油化工,石油石化,用户补充全行业龙头样本池_20260501,,,盘后辅助；晚间辅助；盘前关注过滤
重点关注股票池,sh601857,601857.SH,中国石油,上交所,石油石化,油气+天然气,石油石化,用户补充全行业龙头样本池_20260501,,,盘后辅助；晚间辅助；盘前关注过滤
重点关注股票池,sh600019,600019.SH,宝钢股份,上交所,钢铁,普钢龙头,钢铁,用户补充全行业龙头样本池_20260501,,,盘后辅助；晚间辅助；盘前关注过滤
重点关注股票池,sz000708,000708.SZ,中信特钢,深交所,钢铁,特钢龙头,钢铁,用户补充全行业龙头样本池_20260501,,,盘后辅助；晚间辅助；盘前关注过滤
重点关注股票池,sz000932,000932.SZ,华菱钢铁,深交所,钢铁,高端板材,钢铁,用户补充全行业龙头样本池_20260501,,,盘后辅助；晚间辅助；盘前关注过滤
重点关注股票池,sh688305,688305.SH,科德数控,上交所,机械设备,五轴联动龙门,机械设备,用户补充全行业龙头样本池_20260501,,,盘后辅助；晚间辅助；盘前关注过滤
重点关注股票池,sh601882,601882.SH,海天精工,上交所,机械设备,大型龙门加工中心,机械设备,用户补充全行业龙头样本池_20260501,,,盘后辅助；晚间辅助；盘前关注过滤
重点关注股票池,sz000837,000837.SZ,秦川机床,深交所,机械设备,精密磨床+主轴,机械设备,用户补充全行业龙头样本池_20260501,,,盘后辅助；晚间辅助；盘前关注过滤
重点关注股票池,sz000063,000063.SZ,中兴通讯,深交所,通信,通信设备+6G,通信,用户补充全行业龙头样本池_20260501,,,盘后辅助；晚间辅助；盘前关注过滤
重点关注股票池,sz300394,300394.SZ,天孚通信,深交所,通信,光器件,通信,用户补充全行业龙头样本池_20260501,,,盘后辅助；晚间辅助；盘前关注过滤
重点关注股票池,sh600941,600941.SH,中国移动,上交所,通信,电信运营商,通信,用户补充全行业龙头样本池_20260501,,,盘后辅助；晚间辅助；盘前关注过滤
重点关注股票池,sh601633,601633.SH,长城汽车,上交所,汽车,整车,汽车,用户补充全行业龙头样本池_20260501,,,盘后辅助；晚间辅助；盘前关注过滤
重点关注股票池,sh600104,600104.SH,上汽集团,上交所,汽车,整车,汽车,用户补充全行业龙头样本池_20260501,,,盘后辅助；晚间辅助；盘前关注过滤
重点关注股票池,sz002920,002920.SZ,德赛西威,深交所,汽车,智能驾驶域控制器,汽车,用户补充全行业龙头样本池_20260501,,,盘后辅助；晚间辅助；盘前关注过滤
重点关注股票池,sh600660,600660.SH,福耀玻璃,上交所,汽车,汽车玻璃,汽车,用户补充全行业龙头样本池_20260501,,,盘后辅助；晚间辅助；盘前关注过滤
重点关注股票池,sz000338,000338.SZ,潍柴动力,深交所,汽车,重卡发动机,汽车,用户补充全行业龙头样本池_20260501,,,盘后辅助；晚间辅助；盘前关注过滤
重点关注股票池,sz002714,002714.SZ,牧原股份,深交所,农林牧渔,生猪养殖,农林牧渔,用户补充全行业龙头样本池_20260501,,,盘后辅助；晚间辅助；盘前关注过滤
重点关注股票池,sz300498,300498.SZ,温氏股份,深交所,农林牧渔,生猪+黄羽鸡,农林牧渔,用户补充全行业龙头样本池_20260501,,,盘后辅助；晚间辅助；盘前关注过滤
重点关注股票池,sz002311,002311.SZ,海大集团,深交所,农林牧渔,饲料,农林牧渔,用户补充全行业龙头样本池_20260501,,,盘后辅助；晚间辅助；盘前关注过滤
重点关注股票池,sh601111,601111.SH,中国国航,上交所,交通运输,航空,交通运输,用户补充全行业龙头样本池_20260501,,,盘后辅助；晚间辅助；盘前关注过滤
重点关注股票池,sz002352,002352.SZ,顺丰控股,深交所,交通运输,综合物流,交通运输,用户补充全行业龙头样本池_20260501,,,盘后辅助；晚间辅助；盘前关注过滤
重点关注股票池,sz001965,001965.SZ,招商公路,深交所,交通运输,高速公路,交通运输,用户补充全行业龙头样本池_20260501,,,盘后辅助；晚间辅助；盘前关注过滤
重点关注股票池,sh601668,601668.SH,中国建筑,上交所,建筑装饰,建筑央国企,建筑装饰,用户补充全行业龙头样本池_20260501,,,盘后辅助；晚间辅助；盘前关注过滤
重点关注股票池,sh601800,601800.SH,中国交建,上交所,建筑装饰,基建+运河经济,建筑装饰,用户补充全行业龙头样本池_20260501,,,盘后辅助；晚间辅助；盘前关注过滤
重点关注股票池,sz002051,002051.SZ,中工国际,深交所,建筑装饰,国际工程,建筑装饰,用户补充全行业龙头样本池_20260501,,,盘后辅助；晚间辅助；盘前关注过滤
重点关注股票池,sh603568,603568.SH,伟明环保,上交所,环保,固废处理+垃圾焚烧,环保,用户补充全行业龙头样本池_20260501,,,盘后辅助；晚间辅助；盘前关注过滤
重点关注股票池,sh603588,603588.SH,高能环境,上交所,环保,生态修复,环保,用户补充全行业龙头样本池_20260501,,,盘后辅助；晚间辅助；盘前关注过滤
重点关注股票池,sz002973,002973.SZ,侨银股份,深交所,环保,环卫服务,环保,用户补充全行业龙头样本池_20260501,,,盘后辅助；晚间辅助；盘前关注过滤
重点关注股票池,sz002555,002555.SZ,三七互娱,深交所,传媒,游戏,传媒,用户补充全行业龙头样本池_20260501,,,盘后辅助；晚间辅助；盘前关注过滤
重点关注股票池,sz002602,002602.SZ,世纪华通,深交所,传媒,游戏+IDC,传媒,用户补充全行业龙头样本池_20260501,,,盘后辅助；晚间辅助；盘前关注过滤
重点关注股票池,sz300364,300364.SZ,中文在线,深交所,传媒,数字阅读+IP,传媒,用户补充全行业龙头样本池_20260501,,,盘后辅助；晚间辅助；盘前关注过滤
重点关注股票池,sz002345,002345.SZ,潮宏基,深交所,商贸零售,黄金珠宝,商贸零售,用户补充全行业龙头样本池_20260501,,,盘后辅助；晚间辅助；盘前关注过滤
重点关注股票池,sh600612,600612.SH,老凤祥,上交所,商贸零售,黄金珠宝,商贸零售,用户补充全行业龙头样本池_20260501,,,盘后辅助；晚间辅助；盘前关注过滤
重点关注股票池,sz002867,002867.SZ,周大生,深交所,商贸零售,黄金珠宝,商贸零售,用户补充全行业龙头样本池_20260501,,,盘后辅助；晚间辅助；盘前关注过滤
重点关注股票池,sh600795,600795.SH,国电电力,上交所,电力,火水并举+弹性装机,电力,用户补充全行业龙头样本池_20260501,,,盘后辅助；晚间辅助；盘前关注过滤
重点关注股票池,sh601985,601985.SH,中国核电,上交所,电力,核电,电力,用户补充全行业龙头样本池_20260501,,,盘后辅助；晚间辅助；盘前关注过滤
重点关注股票池,sz003816,003816.SZ,中国广核,深交所,电力,核电,电力,用户补充全行业龙头样本池_20260501,,,盘后辅助；晚间辅助；盘前关注过滤
重点关注股票池,sh600483,600483.SH,福能股份,上交所,电力,海风+气电,电力,用户补充全行业龙头样本池_20260501,,,盘后辅助；晚间辅助；盘前关注过滤
重点关注股票池,sz002003,002003.SZ,伟星股份,深交所,纺织服饰,拉链纽扣辅料,纺织服饰,用户补充全行业龙头样本池_20260501,,,盘后辅助；晚间辅助；盘前关注过滤
重点关注股票池,sz300979,300979.SZ,华利集团,深交所,纺织服饰,运动鞋履,纺织服饰,用户补充全行业龙头样本池_20260501,,,盘后辅助；晚间辅助；盘前关注过滤
重点关注股票池,sh600398,600398.SH,海澜之家,上交所,纺织服饰,大众男装,纺织服饰,用户补充全行业龙头样本池_20260501,,,盘后辅助；晚间辅助；盘前关注过滤
重点关注股票池,sz000651,000651.SZ,格力电器,深交所,家用电器,空调,家用电器,用户补充全行业龙头样本池_20260501,,,盘后辅助；晚间辅助；盘前关注过滤
重点关注股票池,sz002050,002050.SZ,三花智控,深交所,家用电器,制冷元器件+汽零,家用电器,用户补充全行业龙头样本池_20260501,,,盘后辅助；晚间辅助；盘前关注过滤
300只试运行池,sz000906,000906.SZ,浙商中拓,深交所,主板,,,深交所官方证券列表,重点关注池强制保留,999.0,盘后主输入；指标扩面目标
300只试运行池,sz300641,300641.SZ,正丹股份,深交所,创业板,,,深交所官方证券列表,重点关注池强制保留,999.0,盘后主输入；指标扩面目标
300只试运行池,sz300502,300502.SZ,新易盛,深交所,创业板,,,深交所官方证券列表,重点关注池强制保留,999.0,盘后主输入；指标扩面目标
300只试运行池,sz000657,000657.SZ,中钨高新,深交所,主板,,,深交所官方证券列表,重点关注池强制保留,999.0,盘后主输入；指标扩面目标
300只试运行池,sz300871,300871.SZ,回盛生物,深交所,创业板,,,深交所官方证券列表,重点关注池强制保留,999.0,盘后主输入；指标扩面目标
300只试运行池,sh603259,603259.SH,药明康德,上交所,,,,重点关注池,重点关注池强制保留,999.0,盘后主输入；指标扩面目标
300只试运行池,sh600326,600326.SH,西藏天路,上交所,,,,重点关注池,重点关注池强制保留,999.0,盘后主输入；指标扩面目标
300只试运行池,sh603501,603501.SH,豪威集团,上交所,,,,重点关注池,重点关注池强制保留,999.0,盘后主输入；指标扩面目标
300只试运行池,sz002812,002812.SZ,恩捷股份,深交所,主板,,,深交所官方证券列表,重点关注池强制保留,999.0,盘后主输入；指标扩面目标
300只试运行池,sz002049,002049.SZ,紫光国微,深交所,主板,,,深交所官方证券列表,重点关注池强制保留,999.0,盘后主输入；指标扩面目标
300只试运行池,sz002028,002028.SZ,思源电气,深交所,主板,,,深交所官方证券列表,重点关注池强制保留,999.0,盘后主输入；指标扩面目标
300只试运行池,sh600580,600580.SH,卧龙电驱,上交所,,,,重点关注池,重点关注池强制保留,999.0,盘后主输入；指标扩面目标
300只试运行池,sh688041,688041.SH,海光信息,上交所,,,,重点关注池,重点关注池强制保留,999.0,盘后主输入；指标扩面目标
300只试运行池,sh603986,603986.SH,兆易创新,上交所,,,,重点关注池,重点关注池强制保留,999.0,盘后主输入；指标扩面目标
300只试运行池,sz300724,300724.SZ,捷佳伟创,深交所,创业板,,,深交所官方证券列表,重点关注池强制保留,999.0,盘后主输入；指标扩面目标
300只试运行池,sh688235,688235.SH,百济神州,上交所,,,,重点关注池,重点关注池强制保留,999.0,盘后主输入；指标扩面目标
300只试运行池,sz300308,300308.SZ,中际旭创,深交所,创业板,,,深交所官方证券列表,重点关注池强制保留,999.0,盘后主输入；指标扩面目标
300只试运行池,sh600198,600198.SH,大唐电信,上交所,,,,重点关注池,重点关注池强制保留,999.0,盘后主输入；指标扩面目标
300只试运行池,sz002281,002281.SZ,光迅科技,深交所,主板,,,深交所官方证券列表,重点关注池强制保留,999.0,盘后主输入；指标扩面目标
300只试运行池,sh600519,600519.SH,贵州茅台,上交所,,,,当前合并股票池,当前合并股票池强制保留,999.0,盘后主输入；指标扩面目标
300只试运行池,sz300750,300750.SZ,宁德时代,深交所,创业板,,,深交所官方证券列表,当前合并股票池强制保留,999.0,盘后主输入；指标扩面目标
300只试运行池,sz002594,002594.SZ,比亚迪,深交所,主板,,,深交所官方证券列表,当前合并股票池强制保留,999.0,盘后主输入；指标扩面目标
300只试运行池,sz000001,000001.SZ,平安银行,深交所,主板,,,深交所官方证券列表,成交活跃、市值代表性和行业覆盖综合入池,40.0,盘后主输入；指标扩面目标
300只试运行池,sz000002,000002.SZ,万科Ａ,深交所,主板,,,深交所官方证券列表,成交活跃、市值代表性和行业覆盖综合入池,40.0,盘后主输入；指标扩面目标
300只试运行池,sz000006,000006.SZ,深振业Ａ,深交所,主板,,,深交所官方证券列表,成交活跃、市值代表性和行业覆盖综合入池,40.0,盘后主输入；指标扩面目标
300只试运行池,sz000007,000007.SZ,全新好,深交所,主板,,,深交所官方证券列表,成交活跃、市值代表性和行业覆盖综合入池,40.0,盘后主输入；指标扩面目标
300只试运行池,sz000008,000008.SZ,神州高铁,深交所,主板,,,深交所官方证券列表,成交活跃、市值代表性和行业覆盖综合入池,40.0,盘后主输入；指标扩面目标
300只试运行池,sz000009,000009.SZ,中国宝安,深交所,主板,,,深交所官方证券列表,成交活跃、市值代表性和行业覆盖综合入池,40.0,盘后主输入；指标扩面目标
300只试运行池,sz000011,000011.SZ,深物业A,深交所,主板,,,深交所官方证券列表,成交活跃、市值代表性和行业覆盖综合入池,40.0,盘后主输入；指标扩面目标
300只试运行池,sz000012,000012.SZ,南玻Ａ,深交所,主板,,,深交所官方证券列表,成交活跃、市值代表性和行业覆盖综合入池,40.0,盘后主输入；指标扩面目标
300只试运行池,sz000014,000014.SZ,沙河股份,深交所,主板,,,深交所官方证券列表,成交活跃、市值代表性和行业覆盖综合入池,40.0,盘后主输入；指标扩面目标
300只试运行池,sz000017,000017.SZ,深中华A,深交所,主板,,,深交所官方证券列表,成交活跃、市值代表性和行业覆盖综合入池,40.0,盘后主输入；指标扩面目标
300只试运行池,sz000019,000019.SZ,深粮控股,深交所,主板,,,深交所官方证券列表,成交活跃、市值代表性和行业覆盖综合入池,40.0,盘后主输入；指标扩面目标
300只试运行池,sz000020,000020.SZ,深华发Ａ,深交所,主板,,,深交所官方证券列表,成交活跃、市值代表性和行业覆盖综合入池,40.0,盘后主输入；指标扩面目标
300只试运行池,sz000021,000021.SZ,深科技,深交所,主板,,,深交所官方证券列表,成交活跃、市值代表性和行业覆盖综合入池,40.0,盘后主输入；指标扩面目标
300只试运行池,sz000025,000025.SZ,特力Ａ,深交所,主板,,,深交所官方证券列表,成交活跃、市值代表性和行业覆盖综合入池,40.0,盘后主输入；指标扩面目标
300只试运行池,sz000026,000026.SZ,飞亚达,深交所,主板,,,深交所官方证券列表,成交活跃、市值代表性和行业覆盖综合入池,40.0,盘后主输入；指标扩面目标
300只试运行池,sz000027,000027.SZ,深圳能源,深交所,主板,,,深交所官方证券列表,成交活跃、市值代表性和行业覆盖综合入池,40.0,盘后主输入；指标扩面目标
300只试运行池,sz000028,000028.SZ,国药一致,深交所,主板,,,深交所官方证券列表,成交活跃、市值代表性和行业覆盖综合入池,40.0,盘后主输入；指标扩面目标
300只试运行池,sz000029,000029.SZ,深深房Ａ,深交所,主板,,,深交所官方证券列表,成交活跃、市值代表性和行业覆盖综合入池,40.0,盘后主输入；指标扩面目标
300只试运行池,sz300001,300001.SZ,特锐德,深交所,创业板,,,深交所官方证券列表,成交活跃、市值代表性和行业覆盖综合入池,40.0,盘后主输入；指标扩面目标
300只试运行池,sz300002,300002.SZ,神州泰岳,深交所,创业板,,,深交所官方证券列表,成交活跃、市值代表性和行业覆盖综合入池,40.0,盘后主输入；指标扩面目标
300只试运行池,sz300003,300003.SZ,乐普医疗,深交所,创业板,,,深交所官方证券列表,成交活跃、市值代表性和行业覆盖综合入池,40.0,盘后主输入；指标扩面目标
300只试运行池,sz300004,300004.SZ,南风股份,深交所,创业板,,,深交所官方证券列表,成交活跃、市值代表性和行业覆盖综合入池,40.0,盘后主输入；指标扩面目标
300只试运行池,sz300005,300005.SZ,探路者,深交所,创业板,,,深交所官方证券列表,成交活跃、市值代表性和行业覆盖综合入池,40.0,盘后主输入；指标扩面目标
300只试运行池,sz300006,300006.SZ,莱美药业,深交所,创业板,,,深交所官方证券列表,成交活跃、市值代表性和行业覆盖综合入池,40.0,盘后主输入；指标扩面目标
300只试运行池,sz300007,300007.SZ,汉威科技,深交所,创业板,,,深交所官方证券列表,成交活跃、市值代表性和行业覆盖综合入池,40.0,盘后主输入；指标扩面目标
300只试运行池,sz300008,300008.SZ,天海防务,深交所,创业板,,,深交所官方证券列表,成交活跃、市值代表性和行业覆盖综合入池,40.0,盘后主输入；指标扩面目标
300只试运行池,sz300009,300009.SZ,安科生物,深交所,创业板,,,深交所官方证券列表,成交活跃、市值代表性和行业覆盖综合入池,40.0,盘后主输入；指标扩面目标
300只试运行池,sz300010,300010.SZ,豆神教育,深交所,创业板,,,深交所官方证券列表,成交活跃、市值代表性和行业覆盖综合入池,40.0,盘后主输入；指标扩面目标
300只试运行池,sz300011,300011.SZ,鼎汉技术,深交所,创业板,,,深交所官方证券列表,成交活跃、市值代表性和行业覆盖综合入池,40.0,盘后主输入；指标扩面目标
300只试运行池,sz300012,300012.SZ,华测检测,深交所,创业板,,,深交所官方证券列表,成交活跃、市值代表性和行业覆盖综合入池,40.0,盘后主输入；指标扩面目标
300只试运行池,sz300013,300013.SZ,新宁物流,深交所,创业板,,,深交所官方证券列表,成交活跃、市值代表性和行业覆盖综合入池,40.0,盘后主输入；指标扩面目标
300只试运行池,sz300014,300014.SZ,亿纬锂能,深交所,创业板,,,深交所官方证券列表,成交活跃、市值代表性和行业覆盖综合入池,40.0,盘后主输入；指标扩面目标
300只试运行池,sz300015,300015.SZ,爱尔眼科,深交所,创业板,,,深交所官方证券列表,成交活跃、市值代表性和行业覆盖综合入池,40.0,盘后主输入；指标扩面目标
300只试运行池,sz300016,300016.SZ,北陆药业,深交所,创业板,,,深交所官方证券列表,成交活跃、市值代表性和行业覆盖综合入池,40.0,盘后主输入；指标扩面目标
300只试运行池,sz300017,300017.SZ,网宿科技,深交所,创业板,,,深交所官方证券列表,成交活跃、市值代表性和行业覆盖综合入池,40.0,盘后主输入；指标扩面目标
300只试运行池,sz300018,300018.SZ,中元股份,深交所,创业板,,,深交所官方证券列表,成交活跃、市值代表性和行业覆盖综合入池,40.0,盘后主输入；指标扩面目标
300只试运行池,sz000030,000030.SZ,富奥股份,深交所,主板,,,深交所官方证券列表,行业分散后补齐试运行池规模,40.0,盘后主输入；指标扩面目标
300只试运行池,sz000031,000031.SZ,大悦城,深交所,主板,,,深交所官方证券列表,行业分散后补齐试运行池规模,40.0,盘后主输入；指标扩面目标
300只试运行池,sz000032,000032.SZ,深桑达Ａ,深交所,主板,,,深交所官方证券列表,行业分散后补齐试运行池规模,40.0,盘后主输入；指标扩面目标
300只试运行池,sz000034,000034.SZ,神州数码,深交所,主板,,,深交所官方证券列表,行业分散后补齐试运行池规模,40.0,盘后主输入；指标扩面目标
300只试运行池,sz000035,000035.SZ,中国天楹,深交所,主板,,,深交所官方证券列表,行业分散后补齐试运行池规模,40.0,盘后主输入；指标扩面目标
300只试运行池,sz000036,000036.SZ,华联控股,深交所,主板,,,深交所官方证券列表,行业分散后补齐试运行池规模,40.0,盘后主输入；指标扩面目标
300只试运行池,sz000037,000037.SZ,深南电A,深交所,主板,,,深交所官方证券列表,行业分散后补齐试运行池规模,40.0,盘后主输入；指标扩面目标
300只试运行池,sz000039,000039.SZ,中集集团,深交所,主板,,,深交所官方证券列表,行业分散后补齐试运行池规模,40.0,盘后主输入；指标扩面目标
300只试运行池,sz000042,000042.SZ,中洲控股,深交所,主板,,,深交所官方证券列表,行业分散后补齐试运行池规模,40.0,盘后主输入；指标扩面目标
300只试运行池,sz000045,000045.SZ,深纺织Ａ,深交所,主板,,,深交所官方证券列表,行业分散后补齐试运行池规模,40.0,盘后主输入；指标扩面目标
300只试运行池,sz000048,000048.SZ,京基智农,深交所,主板,,,深交所官方证券列表,行业分散后补齐试运行池规模,40.0,盘后主输入；指标扩面目标
300只试运行池,sz000049,000049.SZ,德赛电池,深交所,主板,,,深交所官方证券列表,行业分散后补齐试运行池规模,40.0,盘后主输入；指标扩面目标
300只试运行池,sz000050,000050.SZ,深天马Ａ,深交所,主板,,,深交所官方证券列表,行业分散后补齐试运行池规模,40.0,盘后主输入；指标扩面目标
300只试运行池,sz000055,000055.SZ,方大集团,深交所,主板,,,深交所官方证券列表,行业分散后补齐试运行池规模,40.0,盘后主输入；指标扩面目标
300只试运行池,sz000058,000058.SZ,深赛格,深交所,主板,,,深交所官方证券列表,行业分散后补齐试运行池规模,40.0,盘后主输入；指标扩面目标
300只试运行池,sz000059,000059.SZ,华锦股份,深交所,主板,,,深交所官方证券列表,行业分散后补齐试运行池规模,40.0,盘后主输入；指标扩面目标
300只试运行池,sz000060,000060.SZ,中金岭南,深交所,主板,,,深交所官方证券列表,行业分散后补齐试运行池规模,40.0,盘后主输入；指标扩面目标
300只试运行池,sz000061,000061.SZ,农产品,深交所,主板,,,深交所官方证券列表,行业分散后补齐试运行池规模,40.0,盘后主输入；指标扩面目标
300只试运行池,sz000062,000062.SZ,深圳华强,深交所,主板,,,深交所官方证券列表,行业分散后补齐试运行池规模,40.0,盘后主输入；指标扩面目标
300只试运行池,sz000063,000063.SZ,中兴通讯,深交所,主板,,,深交所官方证券列表,行业分散后补齐试运行池规模,40.0,盘后主输入；指标扩面目标
300只试运行池,sz000065,000065.SZ,北方国际,深交所,主板,,,深交所官方证券列表,行业分散后补齐试运行池规模,40.0,盘后主输入；指标扩面目标
300只试运行池,sz000066,000066.SZ,中国长城,深交所,主板,,,深交所官方证券列表,行业分散后补齐试运行池规模,40.0,盘后主输入；指标扩面目标
300只试运行池,sz000068,000068.SZ,华控赛格,深交所,主板,,,深交所官方证券列表,行业分散后补齐试运行池规模,40.0,盘后主输入；指标扩面目标
300只试运行池,sz000069,000069.SZ,华侨城Ａ,深交所,主板,,,深交所官方证券列表,行业分散后补齐试运行池规模,40.0,盘后主输入；指标扩面目标
300只试运行池,sz000070,000070.SZ,特发信息,深交所,主板,,,深交所官方证券列表,行业分散后补齐试运行池规模,40.0,盘后主输入；指标扩面目标
300只试运行池,sz000078,000078.SZ,海王生物,深交所,主板,,,深交所官方证券列表,行业分散后补齐试运行池规模,40.0,盘后主输入；指标扩面目标
300只试运行池,sz000088,000088.SZ,盐田港,深交所,主板,,,深交所官方证券列表,行业分散后补齐试运行池规模,40.0,盘后主输入；指标扩面目标
300只试运行池,sz000089,000089.SZ,深圳机场,深交所,主板,,,深交所官方证券列表,行业分散后补齐试运行池规模,40.0,盘后主输入；指标扩面目标
300只试运行池,sz000090,000090.SZ,天健集团,深交所,主板,,,深交所官方证券列表,行业分散后补齐试运行池规模,40.0,盘后主输入；指标扩面目标
300只试运行池,sz000096,000096.SZ,广聚能源,深交所,主板,,,深交所官方证券列表,行业分散后补齐试运行池规模,40.0,盘后主输入；指标扩面目标
300只试运行池,sz000099,000099.SZ,中信海直,深交所,主板,,,深交所官方证券列表,行业分散后补齐试运行池规模,40.0,盘后主输入；指标扩面目标
300只试运行池,sz000100,000100.SZ,TCL科技,深交所,主板,,,深交所官方证券列表,行业分散后补齐试运行池规模,40.0,盘后主输入；指标扩面目标
300只试运行池,sz000151,000151.SZ,中成股份,深交所,主板,,,深交所官方证券列表,行业分散后补齐试运行池规模,40.0,盘后主输入；指标扩面目标
300只试运行池,sz000153,000153.SZ,丰原药业,深交所,主板,,,深交所官方证券列表,行业分散后补齐试运行池规模,40.0,盘后主输入；指标扩面目标
300只试运行池,sz000155,000155.SZ,川能动力,深交所,主板,,,深交所官方证券列表,行业分散后补齐试运行池规模,40.0,盘后主输入；指标扩面目标
300只试运行池,sz000156,000156.SZ,华数传媒,深交所,主板,,,深交所官方证券列表,行业分散后补齐试运行池规模,40.0,盘后主输入；指标扩面目标
300只试运行池,sz000157,000157.SZ,中联重科,深交所,主板,,,深交所官方证券列表,行业分散后补齐试运行池规模,40.0,盘后主输入；指标扩面目标
300只试运行池,sz000158,000158.SZ,常山北明,深交所,主板,,,深交所官方证券列表,行业分散后补齐试运行池规模,40.0,盘后主输入；指标扩面目标
300只试运行池,sz000159,000159.SZ,国际实业,深交所,主板,,,深交所官方证券列表,行业分散后补齐试运行池规模,40.0,盘后主输入；指标扩面目标
300只试运行池,sz000166,000166.SZ,申万宏源,深交所,主板,,,深交所官方证券列表,行业分散后补齐试运行池规模,40.0,盘后主输入；指标扩面目标
300只试运行池,sz000301,000301.SZ,东方盛虹,深交所,主板,,,深交所官方证券列表,行业分散后补齐试运行池规模,40.0,盘后主输入；指标扩面目标
300只试运行池,sz000333,000333.SZ,美的集团,深交所,主板,,,深交所官方证券列表,行业分散后补齐试运行池规模,40.0,盘后主输入；指标扩面目标
300只试运行池,sz000338,000338.SZ,潍柴动力,深交所,主板,,,深交所官方证券列表,行业分散后补齐试运行池规模,40.0,盘后主输入；指标扩面目标
300只试运行池,sz000400,000400.SZ,许继电气,深交所,主板,,,深交所官方证券列表,行业分散后补齐试运行池规模,40.0,盘后主输入；指标扩面目标
300只试运行池,sz000401,000401.SZ,金隅冀东,深交所,主板,,,深交所官方证券列表,行业分散后补齐试运行池规模,40.0,盘后主输入；指标扩面目标
300只试运行池,sz000402,000402.SZ,金融街,深交所,主板,,,深交所官方证券列表,行业分散后补齐试运行池规模,40.0,盘后主输入；指标扩面目标
300只试运行池,sz000403,000403.SZ,派林生物,深交所,主板,,,深交所官方证券列表,行业分散后补齐试运行池规模,40.0,盘后主输入；指标扩面目标
300只试运行池,sz000404,000404.SZ,长虹华意,深交所,主板,,,深交所官方证券列表,行业分散后补齐试运行池规模,40.0,盘后主输入；指标扩面目标
300只试运行池,sz000407,000407.SZ,胜利股份,深交所,主板,,,深交所官方证券列表,行业分散后补齐试运行池规模,40.0,盘后主输入；指标扩面目标
300只试运行池,sz000408,000408.SZ,藏格矿业,深交所,主板,,,深交所官方证券列表,行业分散后补齐试运行池规模,40.0,盘后主输入；指标扩面目标
300只试运行池,sz000409,000409.SZ,云鼎科技,深交所,主板,,,深交所官方证券列表,行业分散后补齐试运行池规模,40.0,盘后主输入；指标扩面目标
300只试运行池,sz000410,000410.SZ,沈阳机床,深交所,主板,,,深交所官方证券列表,行业分散后补齐试运行池规模,40.0,盘后主输入；指标扩面目标
300只试运行池,sz000411,000411.SZ,英特集团,深交所,主板,,,深交所官方证券列表,行业分散后补齐试运行池规模,40.0,盘后主输入；指标扩面目标
300只试运行池,sz000415,000415.SZ,渤海租赁,深交所,主板,,,深交所官方证券列表,行业分散后补齐试运行池规模,40.0,盘后主输入；指标扩面目标
300只试运行池,sz000417,000417.SZ,合百集团,深交所,主板,,,深交所官方证券列表,行业分散后补齐试运行池规模,40.0,盘后主输入；指标扩面目标
300只试运行池,sz000419,000419.SZ,通程控股,深交所,主板,,,深交所官方证券列表,行业分散后补齐试运行池规模,40.0,盘后主输入；指标扩面目标
300只试运行池,sz000420,000420.SZ,吉林化纤,深交所,主板,,,深交所官方证券列表,行业分散后补齐试运行池规模,40.0,盘后主输入；指标扩面目标
300只试运行池,sz000421,000421.SZ,南京公用,深交所,主板,,,深交所官方证券列表,行业分散后补齐试运行池规模,40.0,盘后主输入；指标扩面目标
300只试运行池,sz000422,000422.SZ,湖北宜化,深交所,主板,,,深交所官方证券列表,行业分散后补齐试运行池规模,40.0,盘后主输入；指标扩面目标
300只试运行池,sz000423,000423.SZ,东阿阿胶,深交所,主板,,,深交所官方证券列表,行业分散后补齐试运行池规模,40.0,盘后主输入；指标扩面目标
300只试运行池,sz000425,000425.SZ,徐工机械,深交所,主板,,,深交所官方证券列表,行业分散后补齐试运行池规模,40.0,盘后主输入；指标扩面目标
300只试运行池,sz000426,000426.SZ,兴业银锡,深交所,主板,,,深交所官方证券列表,行业分散后补齐试运行池规模,40.0,盘后主输入；指标扩面目标
300只试运行池,sz000428,000428.SZ,华天酒店,深交所,主板,,,深交所官方证券列表,行业分散后补齐试运行池规模,40.0,盘后主输入；指标扩面目标
300只试运行池,sz000429,000429.SZ,粤高速Ａ,深交所,主板,,,深交所官方证券列表,行业分散后补齐试运行池规模,40.0,盘后主输入；指标扩面目标
300只试运行池,sz000498,000498.SZ,山东路桥,深交所,主板,,,深交所官方证券列表,行业分散后补齐试运行池规模,40.0,盘后主输入；指标扩面目标
300只试运行池,sz000501,000501.SZ,武商集团,深交所,主板,,,深交所官方证券列表,行业分散后补齐试运行池规模,40.0,盘后主输入；指标扩面目标
300只试运行池,sz000503,000503.SZ,国新健康,深交所,主板,,,深交所官方证券列表,行业分散后补齐试运行池规模,40.0,盘后主输入；指标扩面目标
300只试运行池,sz000505,000505.SZ,京粮控股,深交所,主板,,,深交所官方证券列表,行业分散后补齐试运行池规模,40.0,盘后主输入；指标扩面目标
300只试运行池,sz000506,000506.SZ,招金黄金,深交所,主板,,,深交所官方证券列表,行业分散后补齐试运行池规模,40.0,盘后主输入；指标扩面目标
300只试运行池,sz000507,000507.SZ,珠海港,深交所,主板,,,深交所官方证券列表,行业分散后补齐试运行池规模,40.0,盘后主输入；指标扩面目标
300只试运行池,sz000509,000509.SZ,华塑控股,深交所,主板,,,深交所官方证券列表,行业分散后补齐试运行池规模,40.0,盘后主输入；指标扩面目标
300只试运行池,sz000510,000510.SZ,新金路,深交所,主板,,,深交所官方证券列表,行业分散后补齐试运行池规模,40.0,盘后主输入；指标扩面目标
300只试运行池,sz000513,000513.SZ,丽珠集团,深交所,主板,,,深交所官方证券列表,行业分散后补齐试运行池规模,40.0,盘后主输入；指标扩面目标
300只试运行池,sz000514,000514.SZ,渝开发,深交所,主板,,,深交所官方证券列表,行业分散后补齐试运行池规模,40.0,盘后主输入；指标扩面目标
300只试运行池,sz000516,000516.SZ,国际医学,深交所,主板,,,深交所官方证券列表,行业分散后补齐试运行池规模,40.0,盘后主输入；指标扩面目标
300只试运行池,sz000517,000517.SZ,荣安地产,深交所,主板,,,深交所官方证券列表,行业分散后补齐试运行池规模,40.0,盘后主输入；指标扩面目标
300只试运行池,sz000519,000519.SZ,中兵红箭,深交所,主板,,,深交所官方证券列表,行业分散后补齐试运行池规模,40.0,盘后主输入；指标扩面目标
300只试运行池,sz000520,000520.SZ,凤凰航运,深交所,主板,,,深交所官方证券列表,行业分散后补齐试运行池规模,40.0,盘后主输入；指标扩面目标
300只试运行池,sz000521,000521.SZ,长虹美菱,深交所,主板,,,深交所官方证券列表,行业分散后补齐试运行池规模,40.0,盘后主输入；指标扩面目标
300只试运行池,sz000523,000523.SZ,红棉股份,深交所,主板,,,深交所官方证券列表,行业分散后补齐试运行池规模,40.0,盘后主输入；指标扩面目标
300只试运行池,sz000524,000524.SZ,岭南控股,深交所,主板,,,深交所官方证券列表,行业分散后补齐试运行池规模,40.0,盘后主输入；指标扩面目标
300只试运行池,sz000525,000525.SZ,红太阳,深交所,主板,,,深交所官方证券列表,行业分散后补齐试运行池规模,40.0,盘后主输入；指标扩面目标
300只试运行池,sz000526,000526.SZ,学大教育,深交所,主板,,,深交所官方证券列表,行业分散后补齐试运行池规模,40.0,盘后主输入；指标扩面目标
300只试运行池,sz000528,000528.SZ,柳工,深交所,主板,,,深交所官方证券列表,行业分散后补齐试运行池规模,40.0,盘后主输入；指标扩面目标
300只试运行池,sz000529,000529.SZ,广弘控股,深交所,主板,,,深交所官方证券列表,行业分散后补齐试运行池规模,40.0,盘后主输入；指标扩面目标
300只试运行池,sz000530,000530.SZ,冰山冷热,深交所,主板,,,深交所官方证券列表,行业分散后补齐试运行池规模,40.0,盘后主输入；指标扩面目标
300只试运行池,sz000531,000531.SZ,穗恒运Ａ,深交所,主板,,,深交所官方证券列表,行业分散后补齐试运行池规模,40.0,盘后主输入；指标扩面目标
300只试运行池,sz000532,000532.SZ,华金资本,深交所,主板,,,深交所官方证券列表,行业分散后补齐试运行池规模,40.0,盘后主输入；指标扩面目标
300只试运行池,sz000533,000533.SZ,顺钠股份,深交所,主板,,,深交所官方证券列表,行业分散后补齐试运行池规模,40.0,盘后主输入；指标扩面目标
300只试运行池,sz000534,000534.SZ,万泽股份,深交所,主板,,,深交所官方证券列表,行业分散后补齐试运行池规模,40.0,盘后主输入；指标扩面目标
300只试运行池,sz000536,000536.SZ,华映科技,深交所,主板,,,深交所官方证券列表,行业分散后补齐试运行池规模,40.0,盘后主输入；指标扩面目标
300只试运行池,sz000537,000537.SZ,绿发电力,深交所,主板,,,深交所官方证券列表,行业分散后补齐试运行池规模,40.0,盘后主输入；指标扩面目标
300只试运行池,sz000538,000538.SZ,云南白药,深交所,主板,,,深交所官方证券列表,行业分散后补齐试运行池规模,40.0,盘后主输入；指标扩面目标
300只试运行池,sz000539,000539.SZ,粤电力Ａ,深交所,主板,,,深交所官方证券列表,行业分散后补齐试运行池规模,40.0,盘后主输入；指标扩面目标
300只试运行池,sz000541,000541.SZ,佛山照明,深交所,主板,,,深交所官方证券列表,行业分散后补齐试运行池规模,40.0,盘后主输入；指标扩面目标
300只试运行池,sz000543,000543.SZ,皖能电力,深交所,主板,,,深交所官方证券列表,行业分散后补齐试运行池规模,40.0,盘后主输入；指标扩面目标
300只试运行池,sz000544,000544.SZ,中原环保,深交所,主板,,,深交所官方证券列表,行业分散后补齐试运行池规模,40.0,盘后主输入；指标扩面目标
300只试运行池,sz000545,000545.SZ,金浦钛业,深交所,主板,,,深交所官方证券列表,行业分散后补齐试运行池规模,40.0,盘后主输入；指标扩面目标
300只试运行池,sz000546,000546.SZ,金圆股份,深交所,主板,,,深交所官方证券列表,行业分散后补齐试运行池规模,40.0,盘后主输入；指标扩面目标
300只试运行池,sz000547,000547.SZ,航天发展,深交所,主板,,,深交所官方证券列表,行业分散后补齐试运行池规模,40.0,盘后主输入；指标扩面目标
300只试运行池,sz000548,000548.SZ,湖南投资,深交所,主板,,,深交所官方证券列表,行业分散后补齐试运行池规模,40.0,盘后主输入；指标扩面目标
300只试运行池,sz000550,000550.SZ,江铃汽车,深交所,主板,,,深交所官方证券列表,行业分散后补齐试运行池规模,40.0,盘后主输入；指标扩面目标
300只试运行池,sz000551,000551.SZ,创元科技,深交所,主板,,,深交所官方证券列表,行业分散后补齐试运行池规模,40.0,盘后主输入；指标扩面目标
300只试运行池,sz000552,000552.SZ,甘肃能化,深交所,主板,,,深交所官方证券列表,行业分散后补齐试运行池规模,40.0,盘后主输入；指标扩面目标
300只试运行池,sz000553,000553.SZ,安道麦A,深交所,主板,,,深交所官方证券列表,行业分散后补齐试运行池规模,40.0,盘后主输入；指标扩面目标
300只试运行池,sz000554,000554.SZ,泰山石油,深交所,主板,,,深交所官方证券列表,行业分散后补齐试运行池规模,40.0,盘后主输入；指标扩面目标
300只试运行池,sz000555,000555.SZ,神州信息,深交所,主板,,,深交所官方证券列表,行业分散后补齐试运行池规模,40.0,盘后主输入；指标扩面目标
300只试运行池,sz000557,000557.SZ,西部创业,深交所,主板,,,深交所官方证券列表,行业分散后补齐试运行池规模,40.0,盘后主输入；指标扩面目标
300只试运行池,sz000558,000558.SZ,天府文旅,深交所,主板,,,深交所官方证券列表,行业分散后补齐试运行池规模,40.0,盘后主输入；指标扩面目标
300只试运行池,sz000559,000559.SZ,万向钱潮,深交所,主板,,,深交所官方证券列表,行业分散后补齐试运行池规模,40.0,盘后主输入；指标扩面目标
300只试运行池,sz000560,000560.SZ,我爱我家,深交所,主板,,,深交所官方证券列表,行业分散后补齐试运行池规模,40.0,盘后主输入；指标扩面目标
300只试运行池,sz000561,000561.SZ,烽火电子,深交所,主板,,,深交所官方证券列表,行业分散后补齐试运行池规模,40.0,盘后主输入；指标扩面目标
300只试运行池,sz000563,000563.SZ,陕国投Ａ,深交所,主板,,,深交所官方证券列表,行业分散后补齐试运行池规模,40.0,盘后主输入；指标扩面目标
300只试运行池,sz000564,000564.SZ,供销大集,深交所,主板,,,深交所官方证券列表,行业分散后补齐试运行池规模,40.0,盘后主输入；指标扩面目标
300只试运行池,sz000565,000565.SZ,渝三峡Ａ,深交所,主板,,,深交所官方证券列表,行业分散后补齐试运行池规模,40.0,盘后主输入；指标扩面目标
300只试运行池,sz000566,000566.SZ,海南海药,深交所,主板,,,深交所官方证券列表,行业分散后补齐试运行池规模,40.0,盘后主输入；指标扩面目标
300只试运行池,sz000567,000567.SZ,海德股份,深交所,主板,,,深交所官方证券列表,行业分散后补齐试运行池规模,40.0,盘后主输入；指标扩面目标
300只试运行池,sz000568,000568.SZ,泸州老窖,深交所,主板,,,深交所官方证券列表,行业分散后补齐试运行池规模,40.0,盘后主输入；指标扩面目标
300只试运行池,sz000570,000570.SZ,苏常柴Ａ,深交所,主板,,,深交所官方证券列表,行业分散后补齐试运行池规模,40.0,盘后主输入；指标扩面目标
300只试运行池,sz000571,000571.SZ,新大洲A,深交所,主板,,,深交所官方证券列表,行业分散后补齐试运行池规模,40.0,盘后主输入；指标扩面目标
300只试运行池,sz000572,000572.SZ,海马汽车,深交所,主板,,,深交所官方证券列表,行业分散后补齐试运行池规模,40.0,盘后主输入；指标扩面目标
300只试运行池,sz000573,000573.SZ,粤宏远Ａ,深交所,主板,,,深交所官方证券列表,行业分散后补齐试运行池规模,40.0,盘后主输入；指标扩面目标
300只试运行池,sz000576,000576.SZ,甘化科工,深交所,主板,,,深交所官方证券列表,行业分散后补齐试运行池规模,40.0,盘后主输入；指标扩面目标
300只试运行池,sz000581,000581.SZ,威孚高科,深交所,主板,,,深交所官方证券列表,行业分散后补齐试运行池规模,40.0,盘后主输入；指标扩面目标
300只试运行池,sz000582,000582.SZ,北部湾港,深交所,主板,,,深交所官方证券列表,行业分散后补齐试运行池规模,40.0,盘后主输入；指标扩面目标
300只试运行池,sz000586,000586.SZ,汇源通信,深交所,主板,,,深交所官方证券列表,行业分散后补齐试运行池规模,40.0,盘后主输入；指标扩面目标
300只试运行池,sz000589,000589.SZ,贵州轮胎,深交所,主板,,,深交所官方证券列表,行业分散后补齐试运行池规模,40.0,盘后主输入；指标扩面目标
300只试运行池,sz000590,000590.SZ,古汉医药,深交所,主板,,,深交所官方证券列表,行业分散后补齐试运行池规模,40.0,盘后主输入；指标扩面目标
300只试运行池,sz000591,000591.SZ,太阳能,深交所,主板,,,深交所官方证券列表,行业分散后补齐试运行池规模,40.0,盘后主输入；指标扩面目标
300只试运行池,sz000592,000592.SZ,平潭发展,深交所,主板,,,深交所官方证券列表,行业分散后补齐试运行池规模,40.0,盘后主输入；指标扩面目标
300只试运行池,sz000593,000593.SZ,德龙汇能,深交所,主板,,,深交所官方证券列表,行业分散后补齐试运行池规模,40.0,盘后主输入；指标扩面目标
300只试运行池,sz000596,000596.SZ,古井贡酒,深交所,主板,,,深交所官方证券列表,行业分散后补齐试运行池规模,40.0,盘后主输入；指标扩面目标
300只试运行池,sz000597,000597.SZ,东北制药,深交所,主板,,,深交所官方证券列表,行业分散后补齐试运行池规模,40.0,盘后主输入；指标扩面目标
300只试运行池,sz000598,000598.SZ,兴蓉环境,深交所,主板,,,深交所官方证券列表,行业分散后补齐试运行池规模,40.0,盘后主输入；指标扩面目标
300只试运行池,sz000599,000599.SZ,青岛双星,深交所,主板,,,深交所官方证券列表,行业分散后补齐试运行池规模,40.0,盘后主输入；指标扩面目标
300只试运行池,sz000600,000600.SZ,建投能源,深交所,主板,,,深交所官方证券列表,行业分散后补齐试运行池规模,40.0,盘后主输入；指标扩面目标
300只试运行池,sz000601,000601.SZ,韶能股份,深交所,主板,,,深交所官方证券列表,行业分散后补齐试运行池规模,40.0,盘后主输入；指标扩面目标
300只试运行池,sz000603,000603.SZ,盛达资源,深交所,主板,,,深交所官方证券列表,行业分散后补齐试运行池规模,40.0,盘后主输入；指标扩面目标
300只试运行池,sz000605,000605.SZ,渤海股份,深交所,主板,,,深交所官方证券列表,行业分散后补齐试运行池规模,40.0,盘后主输入；指标扩面目标
300只试运行池,sz000607,000607.SZ,华媒控股,深交所,主板,,,深交所官方证券列表,行业分散后补齐试运行池规模,40.0,盘后主输入；指标扩面目标
300只试运行池,sz000612,000612.SZ,焦作万方,深交所,主板,,,深交所官方证券列表,行业分散后补齐试运行池规模,40.0,盘后主输入；指标扩面目标
300只试运行池,sz000617,000617.SZ,中油资本,深交所,主板,,,深交所官方证券列表,行业分散后补齐试运行池规模,40.0,盘后主输入；指标扩面目标
300只试运行池,sz000619,000619.SZ,海螺新材,深交所,主板,,,深交所官方证券列表,行业分散后补齐试运行池规模,40.0,盘后主输入；指标扩面目标
300只试运行池,sz000620,000620.SZ,盈新发展,深交所,主板,,,深交所官方证券列表,行业分散后补齐试运行池规模,40.0,盘后主输入；指标扩面目标
300只试运行池,sz000623,000623.SZ,吉林敖东,深交所,主板,,,深交所官方证券列表,行业分散后补齐试运行池规模,40.0,盘后主输入；指标扩面目标
300只试运行池,sz000625,000625.SZ,长安汽车,深交所,主板,,,深交所官方证券列表,行业分散后补齐试运行池规模,40.0,盘后主输入；指标扩面目标
300只试运行池,sz000626,000626.SZ,远大控股,深交所,主板,,,深交所官方证券列表,行业分散后补齐试运行池规模,40.0,盘后主输入；指标扩面目标
300只试运行池,sz000628,000628.SZ,高新发展,深交所,主板,,,深交所官方证券列表,行业分散后补齐试运行池规模,40.0,盘后主输入；指标扩面目标
300只试运行池,sz000629,000629.SZ,钒钛股份,深交所,主板,,,深交所官方证券列表,行业分散后补齐试运行池规模,40.0,盘后主输入；指标扩面目标
300只试运行池,sz000630,000630.SZ,铜陵有色,深交所,主板,,,深交所官方证券列表,行业分散后补齐试运行池规模,40.0,盘后主输入；指标扩面目标
300只试运行池,sz000631,000631.SZ,顺发恒能,深交所,主板,,,深交所官方证券列表,行业分散后补齐试运行池规模,40.0,盘后主输入；指标扩面目标
300只试运行池,sz000633,000633.SZ,合金投资,深交所,主板,,,深交所官方证券列表,行业分散后补齐试运行池规模,40.0,盘后主输入；指标扩面目标
300只试运行池,sz000635,000635.SZ,英力特,深交所,主板,,,深交所官方证券列表,行业分散后补齐试运行池规模,40.0,盘后主输入；指标扩面目标
300只试运行池,sz000636,000636.SZ,风华高科,深交所,主板,,,深交所官方证券列表,行业分散后补齐试运行池规模,40.0,盘后主输入；指标扩面目标
300只试运行池,sz000637,000637.SZ,茂化实华,深交所,主板,,,深交所官方证券列表,行业分散后补齐试运行池规模,40.0,盘后主输入；指标扩面目标
300只试运行池,sz000650,000650.SZ,仁和药业,深交所,主板,,,深交所官方证券列表,行业分散后补齐试运行池规模,40.0,盘后主输入；指标扩面目标
300只试运行池,sz000651,000651.SZ,格力电器,深交所,主板,,,深交所官方证券列表,行业分散后补齐试运行池规模,40.0,盘后主输入；指标扩面目标
300只试运行池,sz000652,000652.SZ,泰达股份,深交所,主板,,,深交所官方证券列表,行业分散后补齐试运行池规模,40.0,盘后主输入；指标扩面目标
300只试运行池,sz000655,000655.SZ,金岭矿业,深交所,主板,,,深交所官方证券列表,行业分散后补齐试运行池规模,40.0,盘后主输入；指标扩面目标
300只试运行池,sz000659,000659.SZ,珠海中富,深交所,主板,,,深交所官方证券列表,行业分散后补齐试运行池规模,40.0,盘后主输入；指标扩面目标
300只试运行池,sz000661,000661.SZ,长春高新,深交所,主板,,,深交所官方证券列表,行业分散后补齐试运行池规模,40.0,盘后主输入；指标扩面目标
300只试运行池,sz000663,000663.SZ,永安林业,深交所,主板,,,深交所官方证券列表,行业分散后补齐试运行池规模,40.0,盘后主输入；指标扩面目标
300只试运行池,sz000665,000665.SZ,湖北广电,深交所,主板,,,深交所官方证券列表,行业分散后补齐试运行池规模,40.0,盘后主输入；指标扩面目标
300只试运行池,sz000670,000670.SZ,盈方微,深交所,主板,,,深交所官方证券列表,行业分散后补齐试运行池规模,40.0,盘后主输入；指标扩面目标
300只试运行池,sz000672,000672.SZ,上峰水泥,深交所,主板,,,深交所官方证券列表,行业分散后补齐试运行池规模,40.0,盘后主输入；指标扩面目标
300只试运行池,sz000676,000676.SZ,智度股份,深交所,主板,,,深交所官方证券列表,行业分散后补齐试运行池规模,40.0,盘后主输入；指标扩面目标
300只试运行池,sz000677,000677.SZ,恒天海龙,深交所,主板,,,深交所官方证券列表,行业分散后补齐试运行池规模,40.0,盘后主输入；指标扩面目标
300只试运行池,sz000678,000678.SZ,襄阳轴承,深交所,主板,,,深交所官方证券列表,行业分散后补齐试运行池规模,40.0,盘后主输入；指标扩面目标
300只试运行池,sz000679,000679.SZ,大连友谊,深交所,主板,,,深交所官方证券列表,行业分散后补齐试运行池规模,40.0,盘后主输入；指标扩面目标
300只试运行池,sz000680,000680.SZ,山推股份,深交所,主板,,,深交所官方证券列表,行业分散后补齐试运行池规模,40.0,盘后主输入；指标扩面目标
300只试运行池,sz000681,000681.SZ,视觉中国,深交所,主板,,,深交所官方证券列表,行业分散后补齐试运行池规模,40.0,盘后主输入；指标扩面目标
300只试运行池,sz000682,000682.SZ,东方电子,深交所,主板,,,深交所官方证券列表,行业分散后补齐试运行池规模,40.0,盘后主输入；指标扩面目标
300只试运行池,sz000683,000683.SZ,博源化工,深交所,主板,,,深交所官方证券列表,行业分散后补齐试运行池规模,40.0,盘后主输入；指标扩面目标
300只试运行池,sz000685,000685.SZ,中山公用,深交所,主板,,,深交所官方证券列表,行业分散后补齐试运行池规模,40.0,盘后主输入；指标扩面目标
300只试运行池,sz000686,000686.SZ,东北证券,深交所,主板,,,深交所官方证券列表,行业分散后补齐试运行池规模,40.0,盘后主输入；指标扩面目标
300只试运行池,sz000688,000688.SZ,国城矿业,深交所,主板,,,深交所官方证券列表,行业分散后补齐试运行池规模,40.0,盘后主输入；指标扩面目标
300只试运行池,sz000690,000690.SZ,宝新能源,深交所,主板,,,深交所官方证券列表,行业分散后补齐试运行池规模,40.0,盘后主输入；指标扩面目标
300只试运行池,sz000692,000692.SZ,惠天热电,深交所,主板,,,深交所官方证券列表,行业分散后补齐试运行池规模,40.0,盘后主输入；指标扩面目标
300只试运行池,sz000695,000695.SZ,滨海能源,深交所,主板,,,深交所官方证券列表,行业分散后补齐试运行池规模,40.0,盘后主输入；指标扩面目标
300只试运行池,sz000700,000700.SZ,模塑科技,深交所,主板,,,深交所官方证券列表,行业分散后补齐试运行池规模,40.0,盘后主输入；指标扩面目标
300只试运行池,sz000701,000701.SZ,厦门信达,深交所,主板,,,深交所官方证券列表,行业分散后补齐试运行池规模,40.0,盘后主输入；指标扩面目标
300只试运行池,sz000702,000702.SZ,正虹科技,深交所,主板,,,深交所官方证券列表,行业分散后补齐试运行池规模,40.0,盘后主输入；指标扩面目标
300只试运行池,sz000703,000703.SZ,恒逸石化,深交所,主板,,,深交所官方证券列表,行业分散后补齐试运行池规模,40.0,盘后主输入；指标扩面目标
300只试运行池,sz000705,000705.SZ,浙江震元,深交所,主板,,,深交所官方证券列表,行业分散后补齐试运行池规模,40.0,盘后主输入；指标扩面目标
300只试运行池,sz000707,000707.SZ,双环科技,深交所,主板,,,深交所官方证券列表,行业分散后补齐试运行池规模,40.0,盘后主输入；指标扩面目标
300只试运行池,sz000708,000708.SZ,中信特钢,深交所,主板,,,深交所官方证券列表,行业分散后补齐试运行池规模,40.0,盘后主输入；指标扩面目标
300只试运行池,sz000709,000709.SZ,河钢股份,深交所,主板,,,深交所官方证券列表,行业分散后补齐试运行池规模,40.0,盘后主输入；指标扩面目标
300只试运行池,sz000710,000710.SZ,贝瑞基因,深交所,主板,,,深交所官方证券列表,行业分散后补齐试运行池规模,40.0,盘后主输入；指标扩面目标
300只试运行池,sz000712,000712.SZ,锦龙股份,深交所,主板,,,深交所官方证券列表,行业分散后补齐试运行池规模,40.0,盘后主输入；指标扩面目标
300只试运行池,sz000713,000713.SZ,国投丰乐,深交所,主板,,,深交所官方证券列表,行业分散后补齐试运行池规模,40.0,盘后主输入；指标扩面目标
300只试运行池,sz000715,000715.SZ,中兴商业,深交所,主板,,,深交所官方证券列表,行业分散后补齐试运行池规模,40.0,盘后主输入；指标扩面目标
300只试运行池,sz000716,000716.SZ,黑芝麻,深交所,主板,,,深交所官方证券列表,行业分散后补齐试运行池规模,40.0,盘后主输入；指标扩面目标
300只试运行池,sz000717,000717.SZ,中南股份,深交所,主板,,,深交所官方证券列表,行业分散后补齐试运行池规模,40.0,盘后主输入；指标扩面目标
300只试运行池,sz000718,000718.SZ,苏宁环球,深交所,主板,,,深交所官方证券列表,行业分散后补齐试运行池规模,40.0,盘后主输入；指标扩面目标
300只试运行池,sz000719,000719.SZ,中原传媒,深交所,主板,,,深交所官方证券列表,行业分散后补齐试运行池规模,40.0,盘后主输入；指标扩面目标
300只试运行池,sz000720,000720.SZ,新能泰山,深交所,主板,,,深交所官方证券列表,行业分散后补齐试运行池规模,40.0,盘后主输入；指标扩面目标
300只试运行池,sz000721,000721.SZ,西安饮食,深交所,主板,,,深交所官方证券列表,行业分散后补齐试运行池规模,40.0,盘后主输入；指标扩面目标
300只试运行池,sz000722,000722.SZ,湖南发展,深交所,主板,,,深交所官方证券列表,行业分散后补齐试运行池规模,40.0,盘后主输入；指标扩面目标
300只试运行池,sz000723,000723.SZ,美锦能源,深交所,主板,,,深交所官方证券列表,行业分散后补齐试运行池规模,40.0,盘后主输入；指标扩面目标
300只试运行池,sz000725,000725.SZ,京东方Ａ,深交所,主板,,,深交所官方证券列表,行业分散后补齐试运行池规模,40.0,盘后主输入；指标扩面目标
300只试运行池,sz000726,000726.SZ,鲁泰Ａ,深交所,主板,,,深交所官方证券列表,行业分散后补齐试运行池规模,40.0,盘后主输入；指标扩面目标
300只试运行池,sz000727,000727.SZ,冠捷科技,深交所,主板,,,深交所官方证券列表,行业分散后补齐试运行池规模,40.0,盘后主输入；指标扩面目标
300只试运行池,sz000728,000728.SZ,国元证券,深交所,主板,,,深交所官方证券列表,行业分散后补齐试运行池规模,40.0,盘后主输入；指标扩面目标
300只试运行池,sz000729,000729.SZ,燕京啤酒,深交所,主板,,,深交所官方证券列表,行业分散后补齐试运行池规模,40.0,盘后主输入；指标扩面目标
300只试运行池,sz000731,000731.SZ,四川美丰,深交所,主板,,,深交所官方证券列表,行业分散后补齐试运行池规模,40.0,盘后主输入；指标扩面目标
300只试运行池,sz000733,000733.SZ,振华科技,深交所,主板,,,深交所官方证券列表,行业分散后补齐试运行池规模,40.0,盘后主输入；指标扩面目标
300只试运行池,sz000735,000735.SZ,罗牛山,深交所,主板,,,深交所官方证券列表,行业分散后补齐试运行池规模,40.0,盘后主输入；指标扩面目标
300只试运行池,sz000737,000737.SZ,北方铜业,深交所,主板,,,深交所官方证券列表,行业分散后补齐试运行池规模,40.0,盘后主输入；指标扩面目标
300只试运行池,sz000738,000738.SZ,航发控制,深交所,主板,,,深交所官方证券列表,行业分散后补齐试运行池规模,40.0,盘后主输入；指标扩面目标
300只试运行池,sz000739,000739.SZ,普洛药业,深交所,主板,,,深交所官方证券列表,行业分散后补齐试运行池规模,40.0,盘后主输入；指标扩面目标
300只试运行池,sz000750,000750.SZ,国海证券,深交所,主板,,,深交所官方证券列表,行业分散后补齐试运行池规模,40.0,盘后主输入；指标扩面目标
300只试运行池,sz000751,000751.SZ,锌业股份,深交所,主板,,,深交所官方证券列表,行业分散后补齐试运行池规模,40.0,盘后主输入；指标扩面目标
300只试运行池,sz000753,000753.SZ,漳州发展,深交所,主板,,,深交所官方证券列表,行业分散后补齐试运行池规模,40.0,盘后主输入；指标扩面目标
300只试运行池,sz000755,000755.SZ,山西高速,深交所,主板,,,深交所官方证券列表,行业分散后补齐试运行池规模,40.0,盘后主输入；指标扩面目标
300只试运行池,sz000756,000756.SZ,新华制药,深交所,主板,,,深交所官方证券列表,行业分散后补齐试运行池规模,40.0,盘后主输入；指标扩面目标
300只试运行池,sz000757,000757.SZ,浩物股份,深交所,主板,,,深交所官方证券列表,行业分散后补齐试运行池规模,40.0,盘后主输入；指标扩面目标
300只试运行池,sz000758,000758.SZ,中色股份,深交所,主板,,,深交所官方证券列表,行业分散后补齐试运行池规模,40.0,盘后主输入；指标扩面目标
300只试运行池,sz000759,000759.SZ,中百集团,深交所,主板,,,深交所官方证券列表,行业分散后补齐试运行池规模,40.0,盘后主输入；指标扩面目标
300只试运行池,sz000761,000761.SZ,本钢板材,深交所,主板,,,深交所官方证券列表,行业分散后补齐试运行池规模,40.0,盘后主输入；指标扩面目标
300只试运行池,sz000762,000762.SZ,西藏矿业,深交所,主板,,,深交所官方证券列表,行业分散后补齐试运行池规模,40.0,盘后主输入；指标扩面目标
300只试运行池,sz000766,000766.SZ,通化金马,深交所,主板,,,深交所官方证券列表,行业分散后补齐试运行池规模,40.0,盘后主输入；指标扩面目标
300只试运行池,sz000767,000767.SZ,晋控电力,深交所,主板,,,深交所官方证券列表,行业分散后补齐试运行池规模,40.0,盘后主输入；指标扩面目标
300只试运行池,sz000768,000768.SZ,中航西飞,深交所,主板,,,深交所官方证券列表,行业分散后补齐试运行池规模,40.0,盘后主输入；指标扩面目标
300只试运行池,sz000776,000776.SZ,广发证券,深交所,主板,,,深交所官方证券列表,行业分散后补齐试运行池规模,40.0,盘后主输入；指标扩面目标
300只试运行池,sz000777,000777.SZ,中核科技,深交所,主板,,,深交所官方证券列表,行业分散后补齐试运行池规模,40.0,盘后主输入；指标扩面目标
300只试运行池,sz000778,000778.SZ,新兴铸管,深交所,主板,,,深交所官方证券列表,行业分散后补齐试运行池规模,40.0,盘后主输入；指标扩面目标
300只试运行池,sz000779,000779.SZ,甘咨询,深交所,主板,,,深交所官方证券列表,行业分散后补齐试运行池规模,40.0,盘后主输入；指标扩面目标
300只试运行池,sz000782,000782.SZ,恒申新材,深交所,主板,,,深交所官方证券列表,行业分散后补齐试运行池规模,40.0,盘后主输入；指标扩面目标
300只试运行池,sz000783,000783.SZ,长江证券,深交所,主板,,,深交所官方证券列表,行业分散后补齐试运行池规模,40.0,盘后主输入；指标扩面目标
300只试运行池,sz000785,000785.SZ,居然智家,深交所,主板,,,深交所官方证券列表,行业分散后补齐试运行池规模,40.0,盘后主输入；指标扩面目标
300只试运行池,sz000786,000786.SZ,北新建材,深交所,主板,,,深交所官方证券列表,行业分散后补齐试运行池规模,40.0,盘后主输入；指标扩面目标
300只试运行池,sz000788,000788.SZ,北大医药,深交所,主板,,,深交所官方证券列表,行业分散后补齐试运行池规模,40.0,盘后主输入；指标扩面目标
300只试运行池,sz000789,000789.SZ,万年青,深交所,主板,,,深交所官方证券列表,行业分散后补齐试运行池规模,40.0,盘后主输入；指标扩面目标
300只试运行池,sz000790,000790.SZ,华神科技,深交所,主板,,,深交所官方证券列表,行业分散后补齐试运行池规模,40.0,盘后主输入；指标扩面目标
300只试运行池,sz000791,000791.SZ,甘肃能源,深交所,主板,,,深交所官方证券列表,行业分散后补齐试运行池规模,40.0,盘后主输入；指标扩面目标
300只试运行池,sz000792,000792.SZ,盐湖股份,深交所,主板,,,深交所官方证券列表,行业分散后补齐试运行池规模,40.0,盘后主输入；指标扩面目标
300只试运行池,sz000795,000795.SZ,英洛华,深交所,主板,,,深交所官方证券列表,行业分散后补齐试运行池规模,40.0,盘后主输入；指标扩面目标
300只试运行池,sz000796,000796.SZ,凯撒旅业,深交所,主板,,,深交所官方证券列表,行业分散后补齐试运行池规模,40.0,盘后主输入；指标扩面目标
300只试运行池,sz000797,000797.SZ,中国武夷,深交所,主板,,,深交所官方证券列表,行业分散后补齐试运行池规模,40.0,盘后主输入；指标扩面目标
300只试运行池,sz000798,000798.SZ,中水渔业,深交所,主板,,,深交所官方证券列表,行业分散后补齐试运行池规模,40.0,盘后主输入；指标扩面目标
300只试运行池,sz000799,000799.SZ,酒鬼酒,深交所,主板,,,深交所官方证券列表,行业分散后补齐试运行池规模,40.0,盘后主输入；指标扩面目标
300只试运行池,sz000800,000800.SZ,一汽解放,深交所,主板,,,深交所官方证券列表,行业分散后补齐试运行池规模,40.0,盘后主输入；指标扩面目标
L8X综合候选池,sh600000,600000.SH,浦发银行,,,,沪深300,index_base,,,上游样本底座；后续扩展目标
L8X综合候选池,sh600004,600004.SH,白云机场,,,,中证500,index_base,,,上游样本底座；后续扩展目标
L8X综合候选池,sh600007,600007.SH,中国国贸,,,,中证500,index_base,,,上游样本底座；后续扩展目标
L8X综合候选池,sh600008,600008.SH,首创环保,,,,中证500,index_base,,,上游样本底座；后续扩展目标
L8X综合候选池,sh600009,600009.SH,上海机场,,,,沪深300,index_base,,,上游样本底座；后续扩展目标
L8X综合候选池,sh600010,600010.SH,包钢股份,,,,沪深300,index_base,,,上游样本底座；后续扩展目标
L8X综合候选池,sh600011,600011.SH,华能国际,,,,沪深300,index_base,,,上游样本底座；后续扩展目标
L8X综合候选池,sh600015,600015.SH,华夏银行,,,,沪深300,index_base,,,上游样本底座；后续扩展目标
L8X综合候选池,sh600016,600016.SH,民生银行,,,,沪深300,index_base,,,上游样本底座；后续扩展目标
L8X综合候选池,sh600018,600018.SH,上港集团,,,,沪深300,index_base,,,上游样本底座；后续扩展目标
L8X综合候选池,sh600019,600019.SH,宝钢股份,上交所,钢铁,普钢龙头,钢铁,"""user_enhance""；""index_base""",,,上游样本底座；后续扩展目标
L8X综合候选池,sh600021,600021.SH,上海电力,,,,中证500,index_base,,,上游样本底座；后续扩展目标
L8X综合候选池,sh600023,600023.SH,浙能电力,,,,沪深300,index_base,,,上游样本底座；后续扩展目标
L8X综合候选池,sh600025,600025.SH,华能水电,,,,沪深300,index_base,,,上游样本底座；后续扩展目标
L8X综合候选池,sh600026,600026.SH,中远海能,,,,沪深300,index_base,,,上游样本底座；后续扩展目标
L8X综合候选池,sh600027,600027.SH,华电国际,,,,沪深300,index_base,,,上游样本底座；后续扩展目标
L8X综合候选池,sh600028,600028.SH,中国石化,上交所,石油石化,炼油化工,石油石化,"""user_enhance""；""index_base""",,,上游样本底座；后续扩展目标
L8X综合候选池,sh600029,600029.SH,南方航空,,,,沪深300,index_base,,,上游样本底座；后续扩展目标
L8X综合候选池,sh600030,600030.SH,中信证券,,,,沪深300,index_base,,,上游样本底座；后续扩展目标
L8X综合候选池,sh600031,600031.SH,三一重工,,,,沪深300,index_base,,,上游样本底座；后续扩展目标
L8X综合候选池,sh600032,600032.SH,浙江新能,,,,中证500,index_base,,,上游样本底座；后续扩展目标
L8X综合候选池,sh600036,600036.SH,招商银行,上交所,金融,银行,金融,"""user_enhance""；""index_base""",,,上游样本底座；后续扩展目标
L8X综合候选池,sh600038,600038.SH,中直股份,,,,中证500,index_base,,,上游样本底座；后续扩展目标
L8X综合候选池,sh600039,600039.SH,四川路桥,,,,沪深300,index_base,,,上游样本底座；后续扩展目标
L8X综合候选池,sh600048,600048.SH,保利发展,上交所,房地产,房地产开发,基建/建材/地产,"""user_enhance""；""index_base""",,,上游样本底座；后续扩展目标
L8X综合候选池,sh600050,600050.SH,中国联通,,,,沪深300,index_base,,,上游样本底座；后续扩展目标
L8X综合候选池,sh600060,600060.SH,海信视像,,,,中证500,index_base,,,上游样本底座；后续扩展目标
L8X综合候选池,sh600061,600061.SH,国投资本,,,,沪深300,index_base,,,上游样本底座；后续扩展目标
L8X综合候选池,sh600062,600062.SH,华润双鹤,,,,中证500,index_base,,,上游样本底座；后续扩展目标
L8X综合候选池,sh600066,600066.SH,宇通客车,,,,沪深300,index_base,,,上游样本底座；后续扩展目标
L8X综合候选池,sh600085,600085.SH,同仁堂,,,,沪深300,index_base,,,上游样本底座；后续扩展目标
L8X综合候选池,sh600089,600089.SH,特变电工,,,,沪深300,index_base,,,上游样本底座；后续扩展目标
L8X综合候选池,sh600095,600095.SH,湘财股份,,,,中证500,index_base,,,上游样本底座；后续扩展目标
L8X综合候选池,sh600096,600096.SH,云天化,,,,中证500,index_base,,,上游样本底座；后续扩展目标
L8X综合候选池,sh600098,600098.SH,广州发展,,,,中证500,index_base,,,上游样本底座；后续扩展目标
L8X综合候选池,sh600104,600104.SH,上汽集团,上交所,汽车,整车,汽车,"""user_enhance""；""index_base""",,,上游样本底座；后续扩展目标
L8X综合候选池,sh600109,600109.SH,国金证券,,,,中证500,index_base,,,上游样本底座；后续扩展目标
L8X综合候选池,sh600111,600111.SH,北方稀土,上交所,有色金属,稀土,资源/材料,"""user_enhance""；""index_base""",,,上游样本底座；后续扩展目标
L8X综合候选池,sh600115,600115.SH,中国东航,,,,沪深300,index_base,,,上游样本底座；后续扩展目标
L8X综合候选池,sh600118,600118.SH,中国卫星,,,,中证500,index_base,,,上游样本底座；后续扩展目标
L8X综合候选池,sh600126,600126.SH,杭钢股份,,,,中证500,index_base,,,上游样本底座；后续扩展目标
L8X综合候选池,sh600131,600131.SH,国网信通,,,,中证500,index_base,,,上游样本底座；后续扩展目标
L8X综合候选池,sh600132,600132.SH,重庆啤酒,,,,中证500,index_base,,,上游样本底座；后续扩展目标
L8X综合候选池,sh600141,600141.SH,兴发集团,,,,中证500,index_base,,,上游样本底座；后续扩展目标
L8X综合候选池,sh600143,600143.SH,金发科技,,,,中证500,index_base,,,上游样本底座；后续扩展目标
L8X综合候选池,sh600150,600150.SH,中国船舶,,,,沪深300,index_base,,,上游样本底座；后续扩展目标
L8X综合候选池,sh600153,600153.SH,建发股份,,,,中证500,index_base,,,上游样本底座；后续扩展目标
L8X综合候选池,sh600157,600157.SH,永泰能源,,,,中证500,index_base,,,上游样本底座；后续扩展目标
L8X综合候选池,sh600160,600160.SH,巨化股份,上交所,基础化工,制冷剂,基础化工,"""user_enhance""；""index_base""",,,上游样本底座；后续扩展目标
L8X综合候选池,sh600161,600161.SH,天坛生物,,,,沪深300,index_base,,,上游样本底座；后续扩展目标
L8X综合候选池,sh600166,600166.SH,福田汽车,,,,中证500,index_base,,,上游样本底座；后续扩展目标
L8X综合候选池,sh600170,600170.SH,上海建工,,,,中证500,index_base,,,上游样本底座；后续扩展目标
L8X综合候选池,sh600171,600171.SH,上海贝岭,,,,中证500,index_base,,,上游样本底座；后续扩展目标
L8X综合候选池,sh600176,600176.SH,中国巨石,,,,沪深300,index_base,,,上游样本底座；后续扩展目标
L8X综合候选池,sh600177,600177.SH,雅戈尔,,,,中证500,index_base,,,上游样本底座；后续扩展目标
L8X综合候选池,sh600183,600183.SH,生益科技,,,,沪深300,index_base,,,上游样本底座；后续扩展目标
L8X综合候选池,sh600188,600188.SH,兖矿能源,上交所,煤炭,煤炭,资源/材料,"""user_enhance""；""index_base""",,,上游样本底座；后续扩展目标
L8X综合候选池,sh600196,600196.SH,复星医药,,,,沪深300,index_base,,,上游样本底座；后续扩展目标
L8X综合候选池,sh600198,600198.SH,大唐电信,上交所,待补充,待补充,历史重点关注,"""user_enhance""；""strategic""",用户增强观察池重点关注；未纳入L8指数基底池,,上游样本底座；后续扩展目标
L8X综合候选池,sh600208,600208.SH,衢州发展,,,,中证500,index_base,,,上游样本底座；后续扩展目标
L8X综合候选池,sh600219,600219.SH,南山铝业,,,,沪深300,index_base,,,上游样本底座；后续扩展目标
L8X综合候选池,sh600233,600233.SH,圆通速递,,,,沪深300,index_base,,,上游样本底座；后续扩展目标
L8X综合候选池,sh600276,600276.SH,恒瑞医药,上交所,医药医疗,创新药研发,医药/医疗,"""user_enhance""；""index_base""",,,上游样本底座；后续扩展目标
L8X综合候选池,sh600282,600282.SH,南钢股份,,,,中证500,index_base,,,上游样本底座；后续扩展目标
L8X综合候选池,sh600295,600295.SH,鄂尔多斯,,,,中证500,index_base,,,上游样本底座；后续扩展目标
L8X综合候选池,sh600298,600298.SH,安琪酵母,,,,中证500,index_base,,,上游样本底座；后续扩展目标
L8X综合候选池,sh600299,600299.SH,安迪苏,,,,中证500,index_base,,,上游样本底座；后续扩展目标
L8X综合候选池,sh600309,600309.SH,万华化学,上交所,基础化工,MDI聚氨酯,基础化工,"""user_enhance""；""index_base""",,,上游样本底座；后续扩展目标
L8X综合候选池,sh600312,600312.SH,平高电气,,,,中证500,index_base,,,上游样本底座；后续扩展目标
L8X综合候选池,sh600316,600316.SH,洪都航空,,,,中证500,index_base,,,上游样本底座；后续扩展目标
L8X综合候选池,sh600326,600326.SH,西藏天路,上交所,待补充,待补充,历史重点关注,"""user_enhance""；""strategic""",用户增强观察池重点关注；未纳入L8指数基底池,,上游样本底座；后续扩展目标
L8X综合候选池,sh600329,600329.SH,达仁堂,,,,中证500,index_base,,,上游样本底座；后续扩展目标
L8X综合候选池,sh600332,600332.SH,白云山,,,,中证500,index_base,,,上游样本底座；后续扩展目标
L8X综合候选池,sh600339,600339.SH,中油工程,,,,中证500,index_base,,,上游样本底座；后续扩展目标
L8X综合候选池,sh600346,600346.SH,恒力石化,,,,沪深300,index_base,,,上游样本底座；后续扩展目标
L8X综合候选池,sh600348,600348.SH,华阳股份,,,,中证500,index_base,,,上游样本底座；后续扩展目标
L8X综合候选池,sh600352,600352.SH,浙江龙盛,,,,中证500,index_base,,,上游样本底座；后续扩展目标
L8X综合候选池,sh600362,600362.SH,江西铜业,,,,沪深300,index_base,,,上游样本底座；后续扩展目标
L8X综合候选池,sh600363,600363.SH,联创光电,,,,中证500,index_base,,,上游样本底座；后续扩展目标
L8X综合候选池,sh600369,600369.SH,西南证券,,,,中证500,index_base,,,上游样本底座；后续扩展目标
L8X综合候选池,sh600372,600372.SH,中航机载,,,,沪深300,index_base,,,上游样本底座；后续扩展目标
L8X综合候选池,sh600377,600377.SH,宁沪高速,,,,沪深300,index_base,,,上游样本底座；后续扩展目标
L8X综合候选池,sh600378,600378.SH,昊华科技,,,,中证500,index_base,,,上游样本底座；后续扩展目标
L8X综合候选池,sh600380,600380.SH,健康元,,,,中证500,index_base,,,上游样本底座；后续扩展目标
L8X综合候选池,sh600390,600390.SH,五矿资本,,,,中证500,index_base,,,上游样本底座；后续扩展目标
L8X综合候选池,sh600392,600392.SH,盛和资源,,,,中证500,index_base,,,上游样本底座；后续扩展目标
L8X综合候选池,sh600398,600398.SH,海澜之家,上交所,纺织服饰,大众男装,纺织服饰,"""user_enhance""；""index_base""",,,上游样本底座；后续扩展目标
L8X综合候选池,sh600406,600406.SH,国电南瑞,,,,沪深300,index_base,,,上游样本底座；后续扩展目标
L8X综合候选池,sh600415,600415.SH,小商品城,,,,沪深300,index_base,,,上游样本底座；后续扩展目标
L8X综合候选池,sh600426,600426.SH,华鲁恒升,上交所,基础化工,煤化工,基础化工,"""user_enhance""；""index_base""",,,上游样本底座；后续扩展目标
L8X综合候选池,sh600435,600435.SH,北方导航,,,,中证500,index_base,,,上游样本底座；后续扩展目标
L8X综合候选池,sh600436,600436.SH,片仔癀,上交所,医药医疗,中药稀缺龙头,医药/医疗,"""user_enhance""；""index_base""",,,上游样本底座；后续扩展目标
L8X综合候选池,sh600438,600438.SH,通威股份,上交所,新能源,光伏硅料+电池,新能源,"""user_enhance""；""index_base""",,,上游样本底座；后续扩展目标
L8X综合候选池,sh600460,600460.SH,士兰微,,,,沪深300,index_base,,,上游样本底座；后续扩展目标
L8X综合候选池,sh600482,600482.SH,中国动力,,,,沪深300,index_base,,,上游样本底座；后续扩展目标
L8X综合候选池,sh600483,600483.SH,福能股份,上交所,电力,海风+气电,电力,"""user_enhance""；""index_base""",,,上游样本底座；后续扩展目标
L8X综合候选池,sh600486,600486.SH,扬农化工,,,,中证500,index_base,,,上游样本底座；后续扩展目标
L8X综合候选池,sh600487,600487.SH,亨通光电,,,,中证500,index_base,,,上游样本底座；后续扩展目标
L8X综合候选池,sh600489,600489.SH,中金黄金,,,,沪深300,index_base,,,上游样本底座；后续扩展目标
L8X综合候选池,sh600497,600497.SH,驰宏锌锗,,,,中证500,index_base,,,上游样本底座；后续扩展目标
L8X综合候选池,sh600498,600498.SH,烽火通信,,,,中证500,index_base,,,上游样本底座；后续扩展目标
L8X综合候选池,sh600499,600499.SH,科达制造,,,,中证500,index_base,,,上游样本底座；后续扩展目标
L8X综合候选池,sh600501,600501.SH,航天晨光,上交所,军工,航天装备,军工/航空航天,"""user_enhance""；""strategic""",用户增强观察池重点关注；未纳入L8指数基底池；军工/航空航天；航天装备,,上游样本底座；后续扩展目标
L8X综合候选池,sh600511,600511.SH,国药股份,,,,中证500,index_base,,,上游样本底座；后续扩展目标
L8X综合候选池,sh600515,600515.SH,海南机场,,,,沪深300,index_base,,,上游样本底座；后续扩展目标
L8X综合候选池,sh600516,600516.SH,方大炭素,,,,中证500,index_base,,,上游样本底座；后续扩展目标
L8X综合候选池,sh600517,600517.SH,国网英大,,,,中证500,index_base,,,上游样本底座；后续扩展目标
L8X综合候选池,sh600519,600519.SH,贵州茅台,上交所,食品饮料,白酒,大消费,"""user_enhance""；""index_base""",,,上游样本底座；后续扩展目标
L8X综合候选池,sh600521,600521.SH,华海药业,,,,中证500,index_base,,,上游样本底座；后续扩展目标
L8X综合候选池,sh600522,600522.SH,中天科技,,,,沪深300,index_base,,,上游样本底座；后续扩展目标
L8X综合候选池,sh600528,600528.SH,中铁工业,,,,中证500,index_base,,,上游样本底座；后续扩展目标
L8X综合候选池,sh600535,600535.SH,天士力,,,,中证500,index_base,,,上游样本底座；后续扩展目标
L8X综合候选池,sh600536,600536.SH,中国软件,,,,中证500,index_base,,,上游样本底座；后续扩展目标
L8X综合候选池,sh600546,600546.SH,山煤国际,,,,中证500,index_base,,,上游样本底座；后续扩展目标
L8X综合候选池,sh600547,600547.SH,山东黄金,上交所,有色金属,黄金,有色金属,"""user_enhance""；""index_base""",,,上游样本底座；后续扩展目标
L8X综合候选池,sh600549,600549.SH,厦门钨业,,,,中证500,index_base,,,上游样本底座；后续扩展目标
L8X综合候选池,sh600562,600562.SH,国睿科技,,,,中证500,index_base,,,上游样本底座；后续扩展目标
L8X综合候选池,sh600563,600563.SH,法拉电子,,,,中证500,index_base,,,上游样本底座；后续扩展目标
L8X综合候选池,sh600566,600566.SH,济川药业,,,,中证500,index_base,,,上游样本底座；后续扩展目标
L8X综合候选池,sh600570,600570.SH,恒生电子,,,,沪深300,index_base,,,上游样本底座；后续扩展目标
L8X综合候选池,sh600578,600578.SH,京能电力,,,,中证500,index_base,,,上游样本底座；后续扩展目标
L8X综合候选池,sh600580,600580.SH,卧龙电驱,上交所,,,历史重点关注,"""user_enhance""；""index_base""",,,上游样本底座；后续扩展目标
L8X综合候选池,sh600582,600582.SH,天地科技,,,,中证500,index_base,,,上游样本底座；后续扩展目标
L8X综合候选池,sh600583,600583.SH,海油工程,,,,中证500,index_base,,,上游样本底座；后续扩展目标
L8X综合候选池,sh600584,600584.SH,长电科技,上交所,半导体,封装测试,半导体,"""user_enhance""；""index_base""",,,上游样本底座；后续扩展目标
L8X综合候选池,sh600585,600585.SH,海螺水泥,上交所,建筑材料,水泥,基建/建材/地产,"""user_enhance""；""index_base""",,,上游样本底座；后续扩展目标
L8X综合候选池,sh600588,600588.SH,用友网络,,,,沪深300,index_base,,,上游样本底座；后续扩展目标
L8X综合候选池,sh600598,600598.SH,北大荒,,,,中证500,index_base,,,上游样本底座；后续扩展目标
L8X综合候选池,sh600600,600600.SH,青岛啤酒,,,,沪深300,index_base,,,上游样本底座；后续扩展目标
L8X综合候选池,sh600601,600601.SH,方正科技,,,,中证500,index_base,,,上游样本底座；后续扩展目标
L8X综合候选池,sh600602,600602.SH,云赛智联,,,,中证500,index_base,,,上游样本底座；后续扩展目标
L8X综合候选池,sh600606,600606.SH,绿地控股,,,,中证500,index_base,,,上游样本底座；后续扩展目标
L8X综合候选池,sh600612,600612.SH,老凤祥,上交所,商贸零售,黄金珠宝,商贸零售,"""user_enhance""；""strategic""",用户增强观察池重点关注；未纳入L8指数基底池；商贸零售；黄金珠宝,,上游样本底座；后续扩展目标
L8X综合候选池,sh600637,600637.SH,东方明珠,,,,中证500,index_base,,,上游样本底座；后续扩展目标
L8X综合候选池,sh600642,600642.SH,申能股份,,,,中证500,index_base,,,上游样本底座；后续扩展目标
L8X综合候选池,sh600655,600655.SH,豫园股份,,,,中证500,index_base,,,上游样本底座；后续扩展目标
L8X综合候选池,sh600660,600660.SH,福耀玻璃,上交所,汽车,汽车玻璃,汽车,"""user_enhance""；""index_base""",,,上游样本底座；后续扩展目标
L8X综合候选池,sh600663,600663.SH,陆家嘴,,,,中证500,index_base,,,上游样本底座；后续扩展目标
L8X综合候选池,sh600673,600673.SH,东阳光,,,,中证500,index_base,,,上游样本底座；后续扩展目标
L8X综合候选池,sh600674,600674.SH,川投能源,,,,沪深300,index_base,,,上游样本底座；后续扩展目标
L8X综合候选池,sh600685,600685.SH,中船防务,,,,中证500,index_base,,,上游样本底座；后续扩展目标
L8X综合候选池,sh600688,600688.SH,上海石化,,,,中证500,index_base,,,上游样本底座；后续扩展目标
L8X综合候选池,sh600690,600690.SH,海尔智家,,,,沪深300,index_base,,,上游样本底座；后续扩展目标
L8X综合候选池,sh600699,600699.SH,均胜电子,,,,中证500,index_base,,,上游样本底座；后续扩展目标
L8X综合候选池,sh600704,600704.SH,物产中大,,,,中证500,index_base,,,上游样本底座；后续扩展目标
L8X综合候选池,sh600707,600707.SH,彩虹股份,,,,中证500,index_base,,,上游样本底座；后续扩展目标
L8X综合候选池,sh600720,600720.SH,中交设计,,,,中证500,index_base,,,上游样本底座；后续扩展目标
L8X综合候选池,sh600737,600737.SH,中粮糖业,,,,中证500,index_base,,,上游样本底座；后续扩展目标
L8X综合候选池,sh600739,600739.SH,辽宁成大,,,,中证500,index_base,,,上游样本底座；后续扩展目标
L8X综合候选池,sh600741,600741.SH,华域汽车,,,,沪深300,index_base,,,上游样本底座；后续扩展目标
L8X综合候选池,sh600754,600754.SH,锦江酒店,,,,中证500,index_base,,,上游样本底座；后续扩展目标
L8X综合候选池,sh600760,600760.SH,中航沈飞,上交所,军工,战斗机,军工/航空航天,"""user_enhance""；""index_base""",,,上游样本底座；后续扩展目标
L8X综合候选池,sh600763,600763.SH,通策医疗,,,,中证500,index_base,,,上游样本底座；后续扩展目标
L8X综合候选池,sh600764,600764.SH,中国海防,,,,中证500,index_base,,,上游样本底座；后续扩展目标
L8X综合候选池,sh600765,600765.SH,中航重机,,,,中证500,index_base,,,上游样本底座；后续扩展目标
L8X综合候选池,sh600795,600795.SH,国电电力,上交所,电力,火水并举+弹性装机,电力,"""user_enhance""；""index_base""",,,上游样本底座；后续扩展目标
L8X综合候选池,sh600801,600801.SH,华新建材,,,,中证500,index_base,,,上游样本底座；后续扩展目标
L8X综合候选池,sh600803,600803.SH,新奥股份,,,,沪深300,index_base,,,上游样本底座；后续扩展目标
L8X综合候选池,sh600808,600808.SH,马钢股份,,,,中证500,index_base,,,上游样本底座；后续扩展目标
L8X综合候选池,sh600809,600809.SH,山西汾酒,,,,沪深300,index_base,,,上游样本底座；后续扩展目标
L8X综合候选池,sh600816,600816.SH,建元信托,,,,中证500,index_base,,,上游样本底座；后续扩展目标
L8X综合候选池,sh600820,600820.SH,隧道股份,,,,中证500,index_base,,,上游样本底座；后续扩展目标
L8X综合候选池,sh600845,600845.SH,宝信软件,,,,沪深300,index_base,,,上游样本底座；后续扩展目标
L8X综合候选池,sh600848,600848.SH,上海临港,,,,中证500,index_base,,,上游样本底座；后续扩展目标
L8X综合候选池,sh600862,600862.SH,中航高科,,,,中证500,index_base,,,上游样本底座；后续扩展目标
L8X综合候选池,sh600863,600863.SH,华能蒙电,,,,中证500,index_base,,,上游样本底座；后续扩展目标
L8X综合候选池,sh600871,600871.SH,石化油服,,,,中证500,index_base,,,上游样本底座；后续扩展目标
L8X综合候选池,sh600873,600873.SH,梅花生物,,,,中证500,index_base,,,上游样本底座；后续扩展目标
L8X综合候选池,sh600875,600875.SH,东方电气,,,,沪深300,index_base,,,上游样本底座；后续扩展目标
L8X综合候选池,sh600879,600879.SH,航天电子,,,,中证500,index_base,,,上游样本底座；后续扩展目标
L8X综合候选池,sh600884,600884.SH,杉杉股份,,,,中证500,index_base,,,上游样本底座；后续扩展目标
L8X综合候选池,sh600885,600885.SH,宏发股份,,,,中证500,index_base,,,上游样本底座；后续扩展目标
L8X综合候选池,sh600886,600886.SH,国投电力,,,,沪深300,index_base,,,上游样本底座；后续扩展目标
L8X综合候选池,sh600887,600887.SH,伊利股份,上交所,食品饮料,乳制品,大消费,"""user_enhance""；""index_base""",,,上游样本底座；后续扩展目标
L8X综合候选池,sh600893,600893.SH,航发动力,,,,沪深300,index_base,,,上游样本底座；后续扩展目标
L8X综合候选池,sh600900,600900.SH,长江电力,上交所,电力,水电,大消费,"""user_enhance""；""index_base""",,,上游样本底座；后续扩展目标
L8X综合候选池,sh600901,600901.SH,江苏金租,,,,中证500,index_base,,,上游样本底座；后续扩展目标
L8X综合候选池,sh600905,600905.SH,三峡能源,,,,沪深300,index_base,,,上游样本底座；后续扩展目标
L8X综合候选池,sh600906,600906.SH,财达证券,,,,中证500,index_base,,,上游样本底座；后续扩展目标
L8X综合候选池,sh600909,600909.SH,华安证券,,,,中证500,index_base,,,上游样本底座；后续扩展目标
L8X综合候选池,sh600918,600918.SH,中泰证券,,,,沪深300,index_base,,,上游样本底座；后续扩展目标
L8X综合候选池,sh600919,600919.SH,江苏银行,,,,沪深300,index_base,,,上游样本底座；后续扩展目标
L8X综合候选池,sh600926,600926.SH,杭州银行,,,,沪深300,index_base,,,上游样本底座；后续扩展目标
L8X综合候选池,sh600927,600927.SH,永安期货,,,,中证500,index_base,,,上游样本底座；后续扩展目标
L8X综合候选池,sh600930,600930.SH,华电新能,,,,沪深300,index_base,,,上游样本底座；后续扩展目标
L8X综合候选池,sh600938,600938.SH,中国海油,上交所,石油石化,海上油气,石油石化,"""user_enhance""；""index_base""",,,上游样本底座；后续扩展目标
L8X综合候选池,sh600941,600941.SH,中国移动,上交所,通信,电信运营商,通信,"""user_enhance""；""index_base""",,,上游样本底座；后续扩展目标
L8X综合候选池,sh600958,600958.SH,东方证券,,,,沪深300,index_base,,,上游样本底座；后续扩展目标
L8X综合候选池,sh600959,600959.SH,江苏有线,,,,中证500,index_base,,,上游样本底座；后续扩展目标
L8X综合候选池,sh600967,600967.SH,内蒙一机,,,,中证500,index_base,,,上游样本底座；后续扩展目标
L8X综合候选池,sh600968,600968.SH,海油发展,,,,中证500,index_base,,,上游样本底座；后续扩展目标
L8X综合候选池,sh600970,600970.SH,中材国际,,,,中证500,index_base,,,上游样本底座；后续扩展目标
L8X综合候选池,sh600977,600977.SH,中国电影,,,,中证500,index_base,,,上游样本底座；后续扩展目标
L8X综合候选池,sh600985,600985.SH,淮北矿业,,,,中证500,index_base,,,上游样本底座；后续扩展目标
L8X综合候选池,sh600988,600988.SH,赤峰黄金,,,,中证500,index_base,,,上游样本底座；后续扩展目标
L8X综合候选池,sh600989,600989.SH,宝丰能源,,,,沪深300,index_base,,,上游样本底座；后续扩展目标
L8X综合候选池,sh600995,600995.SH,南网储能,,,,中证500,index_base,,,上游样本底座；后续扩展目标
L8X综合候选池,sh600998,600998.SH,九州通,,,,中证500,index_base,,,上游样本底座；后续扩展目标
L8X综合候选池,sh600999,600999.SH,招商证券,,,,沪深300,index_base,,,上游样本底座；后续扩展目标
L8X综合候选池,sh601000,601000.SH,唐山港,,,,中证500,index_base,,,上游样本底座；后续扩展目标
L8X综合候选池,sh601001,601001.SH,晋控煤业,,,,中证500,index_base,,,上游样本底座；后续扩展目标
L8X综合候选池,sh601006,601006.SH,大秦铁路,,,,沪深300,index_base,,,上游样本底座；后续扩展目标
L8X综合候选池,sh601009,601009.SH,南京银行,,,,沪深300,index_base,,,上游样本底座；后续扩展目标
L8X综合候选池,sh601012,601012.SH,隆基绿能,上交所,新能源,光伏硅片+组件,新能源,"""user_enhance""；""index_base""",,,上游样本底座；后续扩展目标
L8X综合候选池,sh601016,601016.SH,节能风电,,,,中证500,index_base,,,上游样本底座；后续扩展目标
L8X综合候选池,sh601018,601018.SH,宁波港,,,,沪深300,index_base,,,上游样本底座；后续扩展目标
L8X综合候选池,sh601019,601019.SH,山东出版,,,,中证500,index_base,,,上游样本底座；后续扩展目标
L8X综合候选池,sh601021,601021.SH,春秋航空,,,,沪深300,index_base,,,上游样本底座；后续扩展目标
L8X综合候选池,sh601058,601058.SH,赛轮轮胎,,,,沪深300,index_base,,,上游样本底座；后续扩展目标
L8X综合候选池,sh601059,601059.SH,信达证券,,,,沪深300,index_base,,,上游样本底座；后续扩展目标
L8X综合候选池,sh601061,601061.SH,中信金属,,,,中证500,index_base,,,上游样本底座；后续扩展目标
L8X综合候选池,sh601066,601066.SH,中信建投,,,,沪深300,index_base,,,上游样本底座；后续扩展目标
L8X综合候选池,sh601077,601077.SH,渝农商行,,,,沪深300,index_base,,,上游样本底座；后续扩展目标
L8X综合候选池,sh601088,601088.SH,中国神华,,,,沪深300,index_base,,,上游样本底座；后续扩展目标
L8X综合候选池,sh601098,601098.SH,中南传媒,,,,中证500,index_base,,,上游样本底座；后续扩展目标
L8X综合候选池,sh601099,601099.SH,太平洋,,,,中证500,index_base,,,上游样本底座；后续扩展目标
L8X综合候选池,sh601100,601100.SH,恒立液压,,,,沪深300,index_base,,,上游样本底座；后续扩展目标
L8X综合候选池,sh601106,601106.SH,中国一重,,,,中证500,index_base,,,上游样本底座；后续扩展目标
L8X综合候选池,sh601108,601108.SH,财通证券,,,,中证500,index_base,,,上游样本底座；后续扩展目标
L8X综合候选池,sh601111,601111.SH,中国国航,上交所,交通运输,航空,交通运输,"""user_enhance""；""index_base""",,,上游样本底座；后续扩展目标
L8X综合候选池,sh601117,601117.SH,中国化学,,,,沪深300,index_base,,,上游样本底座；后续扩展目标
L8X综合候选池,sh601118,601118.SH,海南橡胶,,,,中证500,index_base,,,上游样本底座；后续扩展目标
L8X综合候选池,sh601127,601127.SH,赛力斯,,,,沪深300,index_base,,,上游样本底座；后续扩展目标
L8X综合候选池,sh601128,601128.SH,常熟银行,,,,中证500,index_base,,,上游样本底座；后续扩展目标
L8X综合候选池,sh601136,601136.SH,首创证券,,,,沪深300,index_base,,,上游样本底座；后续扩展目标
L8X综合候选池,sh601138,601138.SH,工业富联,上交所,电子制造,AI服务器,AI算力,"""user_enhance""；""index_base""",,,上游样本底座；后续扩展目标
L8X综合候选池,sh601139,601139.SH,深圳燃气,,,,中证500,index_base,,,上游样本底座；后续扩展目标
L8X综合候选池,sh601155,601155.SH,新城控股,,,,中证500,index_base,,,上游样本底座；后续扩展目标
L8X综合候选池,sh601156,601156.SH,东航物流,,,,中证500,index_base,,,上游样本底座；后续扩展目标
L8X综合候选池,sh601162,601162.SH,天风证券,,,,中证500,index_base,,,上游样本底座；后续扩展目标
L8X综合候选池,sh601166,601166.SH,兴业银行,,,,沪深300,index_base,,,上游样本底座；后续扩展目标
L8X综合候选池,sh601168,601168.SH,西部矿业,,,,中证500,index_base,,,上游样本底座；后续扩展目标
L8X综合候选池,sh601169,601169.SH,北京银行,,,,沪深300,index_base,,,上游样本底座；后续扩展目标
L8X综合候选池,sh601179,601179.SH,中国西电,,,,中证500,index_base,,,上游样本底座；后续扩展目标
L8X综合候选池,sh601186,601186.SH,中国铁建,,,,沪深300,index_base,,,上游样本底座；后续扩展目标
L8X综合候选池,sh601198,601198.SH,东兴证券,,,,中证500,index_base,,,上游样本底座；后续扩展目标
L8X综合候选池,sh601211,601211.SH,国泰海通,,,,沪深300,index_base,,,上游样本底座；后续扩展目标
L8X综合候选池,sh601212,601212.SH,白银有色,,,,中证500,index_base,,,上游样本底座；后续扩展目标
L8X综合候选池,sh601216,601216.SH,君正集团,,,,中证500,index_base,,,上游样本底座；后续扩展目标
L8X综合候选池,sh601225,601225.SH,陕西煤业,,,,沪深300,index_base,,,上游样本底座；后续扩展目标
L8X综合候选池,sh601228,601228.SH,广州港,,,,中证500,index_base,,,上游样本底座；后续扩展目标
L8X综合候选池,sh601229,601229.SH,上海银行,,,,沪深300,index_base,,,上游样本底座；后续扩展目标
L8X综合候选池,sh601231,601231.SH,环旭电子,,,,中证500,index_base,,,上游样本底座；后续扩展目标
L8X综合候选池,sh601233,601233.SH,桐昆股份,,,,中证500,index_base,,,上游样本底座；后续扩展目标
L8X综合候选池,sh601236,601236.SH,红塔证券,,,,沪深300,index_base,,,上游样本底座；后续扩展目标
L8X综合候选池,sh601238,601238.SH,广汽集团,,,,沪深300,index_base,,,上游样本底座；后续扩展目标
L8X综合候选池,sh601288,601288.SH,农业银行,,,,沪深300,index_base,,,上游样本底座；后续扩展目标
L8X综合候选池,sh601298,601298.SH,青岛港,,,,沪深300,index_base,,,上游样本底座；后续扩展目标
L8X综合候选池,sh601318,601318.SH,中国平安,上交所,金融,保险,金融,"""user_enhance""；""index_base""",,,上游样本底座；后续扩展目标
L8X综合候选池,sh601319,601319.SH,中国人保,,,,沪深300,index_base,,,上游样本底座；后续扩展目标
L8X综合候选池,sh601328,601328.SH,交通银行,,,,沪深300,index_base,,,上游样本底座；后续扩展目标
L8X综合候选池,sh601333,601333.SH,广深铁路,,,,中证500,index_base,,,上游样本底座；后续扩展目标
L8X综合候选池,sh601336,601336.SH,新华保险,,,,沪深300,index_base,,,上游样本底座；后续扩展目标
L8X综合候选池,sh601360,601360.SH,三六零,,,,沪深300,index_base,,,上游样本底座；后续扩展目标
L8X综合候选池,sh601377,601377.SH,兴业证券,,,,沪深300,index_base,,,上游样本底座；后续扩展目标
L8X综合候选池,sh601390,601390.SH,中国中铁,,,,沪深300,index_base,,,上游样本底座；后续扩展目标
L8X综合候选池,sh601398,601398.SH,工商银行,,,,沪深300,index_base,,,上游样本底座；后续扩展目标
L8X综合候选池,sh601399,601399.SH,国机重装,,,,中证500,index_base,,,上游样本底座；后续扩展目标
L8X综合候选池,sh601456,601456.SH,国联民生,,,,沪深300,index_base,,,上游样本底座；后续扩展目标
L8X综合候选池,sh601555,601555.SH,东吴证券,,,,中证500,index_base,,,上游样本底座；后续扩展目标
L8X综合候选池,sh601567,601567.SH,三星电气,,,,中证500,index_base,,,上游样本底座；后续扩展目标
L8X综合候选池,sh601577,601577.SH,长沙银行,,,,中证500,index_base,,,上游样本底座；后续扩展目标
L8X综合候选池,sh601598,601598.SH,中国外运,,,,中证500,index_base,,,上游样本底座；后续扩展目标
L8X综合候选池,sh601600,601600.SH,中国铝业,,,,沪深300,index_base,,,上游样本底座；后续扩展目标
L8X综合候选池,sh601601,601601.SH,中国太保,,,,沪深300,index_base,,,上游样本底座；后续扩展目标
L8X综合候选池,sh601607,601607.SH,上海医药,,,,沪深300,index_base,,,上游样本底座；后续扩展目标
L8X综合候选池,sh601608,601608.SH,中信重工,,,,中证500,index_base,,,上游样本底座；后续扩展目标
L8X综合候选池,sh601611,601611.SH,中国核建,,,,中证500,index_base,,,上游样本底座；后续扩展目标
L8X综合候选池,sh601615,601615.SH,明阳智能,,,,中证500,index_base,,,上游样本底座；后续扩展目标
L8X综合候选池,sh601618,601618.SH,中国中冶,,,,沪深300,index_base,,,上游样本底座；后续扩展目标
L8X综合候选池,sh601628,601628.SH,中国人寿,,,,沪深300,index_base,,,上游样本底座；后续扩展目标
L8X综合候选池,sh601633,601633.SH,长城汽车,上交所,汽车,整车,汽车,"""user_enhance""；""index_base""",,,上游样本底座；后续扩展目标
L8X综合候选池,sh601658,601658.SH,邮储银行,,,,沪深300,index_base,,,上游样本底座；后续扩展目标
L8X综合候选池,sh601665,601665.SH,齐鲁银行,,,,中证500,index_base,,,上游样本底座；后续扩展目标
L8X综合候选池,sh601666,601666.SH,平煤股份,,,,中证500,index_base,,,上游样本底座；后续扩展目标
L8X综合候选池,sh601668,601668.SH,中国建筑,上交所,建筑装饰,建筑央国企,建筑装饰,"""user_enhance""；""index_base""",,,上游样本底座；后续扩展目标
L8X综合候选池,sh601669,601669.SH,中国电建,,,,沪深300,index_base,,,上游样本底座；后续扩展目标
L8X综合候选池,sh601688,601688.SH,华泰证券,,,,沪深300,index_base,,,上游样本底座；后续扩展目标
L8X综合候选池,sh601689,601689.SH,拓普集团,,,,沪深300,index_base,,,上游样本底座；后续扩展目标
L8X综合候选池,sh601696,601696.SH,中银证券,,,,中证500,index_base,,,上游样本底座；后续扩展目标
L8X综合候选池,sh601698,601698.SH,中国卫通,,,,沪深300,index_base,,,上游样本底座；后续扩展目标
L8X综合候选池,sh601699,601699.SH,潞安环能,,,,中证500,index_base,,,上游样本底座；后续扩展目标
L8X综合候选池,sh601717,601717.SH,中创智领,,,,中证500,index_base,,,上游样本底座；后续扩展目标
L8X综合候选池,sh601728,601728.SH,中国电信,,,,沪深300,index_base,,,上游样本底座；后续扩展目标
L8X综合候选池,sh601766,601766.SH,中国中车,,,,沪深300,index_base,,,上游样本底座；后续扩展目标
L8X综合候选池,sh601788,601788.SH,光大证券,,,,沪深300,index_base,,,上游样本底座；后续扩展目标
L8X综合候选池,sh601799,601799.SH,星宇股份,,,,中证500,index_base,,,上游样本底座；后续扩展目标
L8X综合候选池,sh601800,601800.SH,中国交建,上交所,建筑装饰,基建+运河经济,建筑装饰,"""user_enhance""；""index_base""",,,上游样本底座；后续扩展目标
L8X综合候选池,sh601808,601808.SH,中海油服,,,,沪深300,index_base,,,上游样本底座；后续扩展目标
L8X综合候选池,sh601816,601816.SH,京沪高铁,,,,沪深300,index_base,,,上游样本底座；后续扩展目标
L8X综合候选池,sh601818,601818.SH,光大银行,,,,沪深300,index_base,,,上游样本底座；后续扩展目标
L8X综合候选池,sh601825,601825.SH,沪农商行,,,,沪深300,index_base,,,上游样本底座；后续扩展目标
L8X综合候选池,sh601838,601838.SH,成都银行,,,,沪深300,index_base,,,上游样本底座；后续扩展目标
L8X综合候选池,sh601857,601857.SH,中国石油,上交所,石油石化,油气+天然气,石油石化,"""user_enhance""；""index_base""",,,上游样本底座；后续扩展目标
L8X综合候选池,sh601865,601865.SH,福莱特,,,,中证500,index_base,,,上游样本底座；后续扩展目标
L8X综合候选池,sh601866,601866.SH,中远海发,,,,中证500,index_base,,,上游样本底座；后续扩展目标
L8X综合候选池,sh601868,601868.SH,中国能建,,,,沪深300,index_base,,,上游样本底座；后续扩展目标
L8X综合候选池,sh601872,601872.SH,招商轮船,,,,沪深300,index_base,,,上游样本底座；后续扩展目标
L8X综合候选池,sh601877,601877.SH,正泰电器,,,,沪深300,index_base,,,上游样本底座；后续扩展目标
L8X综合候选池,sh601878,601878.SH,浙商证券,,,,沪深300,index_base,,,上游样本底座；后续扩展目标
L8X综合候选池,sh601880,601880.SH,辽港股份,,,,中证500,index_base,,,上游样本底座；后续扩展目标
L8X综合候选池,sh601881,601881.SH,中国银河,,,,沪深300,index_base,,,上游样本底座；后续扩展目标
L8X综合候选池,sh601882,601882.SH,海天精工,上交所,机械设备,大型龙门加工中心,机械设备,"""user_enhance""；""strategic""",用户增强观察池重点关注；未纳入L8指数基底池；机械设备；大型龙门加工中心,,上游样本底座；后续扩展目标
L8X综合候选池,sh601888,601888.SH,中国中免,,,,沪深300,index_base,,,上游样本底座；后续扩展目标
L8X综合候选池,sh601898,601898.SH,中煤能源,,,,沪深300,index_base,,,上游样本底座；后续扩展目标
L8X综合候选池,sh601899,601899.SH,紫金矿业,上交所,有色金属,铜金矿,资源/材料,"""user_enhance""；""index_base""",,,上游样本底座；后续扩展目标
L8X综合候选池,sh601901,601901.SH,方正证券,,,,沪深300,index_base,,,上游样本底座；后续扩展目标
L8X综合候选池,sh601916,601916.SH,浙商银行,,,,沪深300,index_base,,,上游样本底座；后续扩展目标
L8X综合候选池,sh601918,601918.SH,新集能源,,,,中证500,index_base,,,上游样本底座；后续扩展目标
L8X综合候选池,sh601919,601919.SH,中远海控,,,,沪深300,index_base,,,上游样本底座；后续扩展目标
L8X综合候选池,sh601921,601921.SH,浙版传媒,,,,中证500,index_base,,,上游样本底座；后续扩展目标
L8X综合候选池,sh601928,601928.SH,凤凰传媒,,,,中证500,index_base,,,上游样本底座；后续扩展目标
L8X综合候选池,sh601939,601939.SH,建设银行,,,,沪深300,index_base,,,上游样本底座；后续扩展目标
L8X综合候选池,sh601958,601958.SH,金钼股份,,,,中证500,index_base,,,上游样本底座；后续扩展目标
L8X综合候选池,sh601965,601965.SH,中国汽研,,,,中证500,index_base,,,上游样本底座；后续扩展目标
L8X综合候选池,sh601966,601966.SH,玲珑轮胎,,,,中证500,index_base,,,上游样本底座；后续扩展目标
L8X综合候选池,sh601985,601985.SH,中国核电,上交所,电力,核电,电力,"""user_enhance""；""index_base""",,,上游样本底座；后续扩展目标
L8X综合候选池,sh601988,601988.SH,中国银行,,,,沪深300,index_base,,,上游样本底座；后续扩展目标
L8X综合候选池,sh601990,601990.SH,南京证券,,,,中证500,index_base,,,上游样本底座；后续扩展目标
L8X综合候选池,sh601991,601991.SH,大唐发电,,,,中证500,index_base,,,上游样本底座；后续扩展目标
L8X综合候选池,sh601995,601995.SH,中金公司,,,,沪深300,index_base,,,上游样本底座；后续扩展目标
L8X综合候选池,sh601997,601997.SH,贵阳银行,,,,中证500,index_base,,,上游样本底座；后续扩展目标
L8X综合候选池,sh601998,601998.SH,中信银行,,,,沪深300,index_base,,,上游样本底座；后续扩展目标
L8X综合候选池,sh603000,603000.SH,人民网,,,,中证500,index_base,,,上游样本底座；后续扩展目标
L8X综合候选池,sh603019,603019.SH,中科曙光,,,,沪深300,index_base,,,上游样本底座；后续扩展目标
L8X综合候选池,sh603049,603049.SH,中策橡胶,,,,中证500,index_base,,,上游样本底座；后续扩展目标
L8X综合候选池,sh603077,603077.SH,和邦生物,,,,中证500,index_base,,,上游样本底座；后续扩展目标
L8X综合候选池,sh603087,603087.SH,甘李药业,,,,中证500,index_base,,,上游样本底座；后续扩展目标
L8X综合候选池,sh603129,603129.SH,春风动力,,,,中证500,index_base,,,上游样本底座；后续扩展目标
L8X综合候选池,sh603156,603156.SH,养元饮品,,,,中证500,index_base,,,上游样本底座；后续扩展目标
L8X综合候选池,sh603160,603160.SH,汇顶科技,,,,中证500,index_base,,,上游样本底座；后续扩展目标
L8X综合候选池,sh603179,603179.SH,新泉股份,,,,中证500,index_base,,,上游样本底座；后续扩展目标
L8X综合候选池,sh603195,603195.SH,公牛集团,,,,沪深300,index_base,,,上游样本底座；后续扩展目标
L8X综合候选池,sh603225,603225.SH,新凤鸣,,,,中证500,index_base,,,上游样本底座；后续扩展目标
L8X综合候选池,sh603228,603228.SH,景旺电子,,,,中证500,index_base,,,上游样本底座；后续扩展目标
L8X综合候选池,sh603233,603233.SH,大参林,,,,中证500,index_base,,,上游样本底座；后续扩展目标
L8X综合候选池,sh603259,603259.SH,药明康德,上交所,医药医疗,CXO,医药/医疗,"""user_enhance""；""index_base""",,,上游样本底座；后续扩展目标
L8X综合候选池,sh603260,603260.SH,合盛硅业,,,,沪深300,index_base,,,上游样本底座；后续扩展目标
L8X综合候选池,sh603288,603288.SH,海天味业,,,,沪深300,index_base,,,上游样本底座；后续扩展目标
L8X综合候选池,sh603290,603290.SH,斯达半导,,,,中证500,index_base,,,上游样本底座；后续扩展目标
L8X综合候选池,sh603296,603296.SH,华勤技术,,,,沪深300,index_base,,,上游样本底座；后续扩展目标
L8X综合候选池,sh603298,603298.SH,杭叉集团,,,,中证500,index_base,,,上游样本底座；后续扩展目标
L8X综合候选池,sh603338,603338.SH,浙江鼎力,,,,中证500,index_base,,,上游样本底座；后续扩展目标
L8X综合候选池,sh603341,603341.SH,龙旗科技,,,,中证500,index_base,,,上游样本底座；后续扩展目标
L8X综合候选池,sh603345,603345.SH,安井食品,,,,中证500,index_base,,,上游样本底座；后续扩展目标
L8X综合候选池,sh603369,603369.SH,今世缘,,,,沪深300,index_base,,,上游样本底座；后续扩展目标
L8X综合候选池,sh603379,603379.SH,三美股份,,,,中证500,index_base,,,上游样本底座；后续扩展目标
L8X综合候选池,sh603392,603392.SH,万泰生物,,,,沪深300,index_base,,,上游样本底座；后续扩展目标
L8X综合候选池,sh603444,603444.SH,吉比特,,,,中证500,index_base,,,上游样本底座；后续扩展目标
L8X综合候选池,sh603486,603486.SH,科沃斯,,,,中证500,index_base,,,上游样本底座；后续扩展目标
L8X综合候选池,sh603501,603501.SH,韦尔股份,上交所,半导体,CMOS图像传感器,半导体,"""user_enhance""；""index_base""",,,上游样本底座；后续扩展目标
L8X综合候选池,sh603529,603529.SH,爱玛科技,,,,中证500,index_base,,,上游样本底座；后续扩展目标
L8X综合候选池,sh603565,603565.SH,中谷物流,,,,中证500,index_base,,,上游样本底座；后续扩展目标
L8X综合候选池,sh603568,603568.SH,伟明环保,上交所,环保,固废处理+垃圾焚烧,环保,"""user_enhance""；""index_base""",,,上游样本底座；后续扩展目标
L8X综合候选池,sh603588,603588.SH,高能环境,上交所,环保,生态修复,环保,"""user_enhance""；""strategic""",用户增强观察池重点关注；未纳入L8指数基底池；环保；生态修复,,上游样本底座；后续扩展目标
L8X综合候选池,sh603589,603589.SH,口子窖,,,,中证500,index_base,,,上游样本底座；后续扩展目标
L8X综合候选池,sh603596,603596.SH,伯特利,,,,中证500,index_base,,,上游样本底座；后续扩展目标
L8X综合候选池,sh603605,603605.SH,珀莱雅,,,,中证500,index_base,,,上游样本底座；后续扩展目标
L8X综合候选池,sh603606,603606.SH,东方电缆,,,,中证500,index_base,,,上游样本底座；后续扩展目标
L8X综合候选池,sh603650,603650.SH,彤程新材,,,,中证500,index_base,,,上游样本底座；后续扩展目标
L8X综合候选池,sh603658,603658.SH,安图生物,,,,中证500,index_base,,,上游样本底座；后续扩展目标
L8X综合候选池,sh603659,603659.SH,璞泰来,,,,中证500,index_base,,,上游样本底座；后续扩展目标
L8X综合候选池,sh603688,603688.SH,石英股份,,,,中证500,index_base,,,上游样本底座；后续扩展目标
L8X综合候选池,sh603699,603699.SH,纽威股份,,,,中证500,index_base,,,上游样本底座；后续扩展目标
L8X综合候选池,sh603707,603707.SH,健友股份,,,,中证500,index_base,,,上游样本底座；后续扩展目标
L8X综合候选池,sh603728,603728.SH,鸣志电器,,,,中证500,index_base,,,上游样本底座；后续扩展目标
L8X综合候选池,sh603737,603737.SH,三棵树,,,,中证500,index_base,,,上游样本底座；后续扩展目标
L8X综合候选池,sh603766,603766.SH,隆鑫通用,,,,中证500,index_base,,,上游样本底座；后续扩展目标
L8X综合候选池,sh603786,603786.SH,科博达,,,,中证500,index_base,,,上游样本底座；后续扩展目标
L8X综合候选池,sh603799,603799.SH,华友钴业,,,,沪深300,index_base,,,上游样本底座；后续扩展目标
L8X综合候选池,sh603806,603806.SH,福斯特,,,,中证500,index_base,,,上游样本底座；后续扩展目标
L8X综合候选池,sh603816,603816.SH,顾家家居,,,,中证500,index_base,,,上游样本底座；后续扩展目标
L8X综合候选池,sh603833,603833.SH,欧派家居,,,,中证500,index_base,,,上游样本底座；后续扩展目标
L8X综合候选池,sh603858,603858.SH,步长制药,,,,中证500,index_base,,,上游样本底座；后续扩展目标
L8X综合候选池,sh603885,603885.SH,吉祥航空,,,,中证500,index_base,,,上游样本底座；后续扩展目标
L8X综合候选池,sh603893,603893.SH,瑞芯微,,,,沪深300,index_base,,,上游样本底座；后续扩展目标
L8X综合候选池,sh603899,603899.SH,晨光股份,,,,中证500,index_base,,,上游样本底座；后续扩展目标
L8X综合候选池,sh603920,603920.SH,世运电路,,,,中证500,index_base,,,上游样本底座；后续扩展目标
L8X综合候选池,sh603927,603927.SH,中科软,,,,中证500,index_base,,,上游样本底座；后续扩展目标
L8X综合候选池,sh603939,603939.SH,益丰药房,,,,中证500,index_base,,,上游样本底座；后续扩展目标
L8X综合候选池,sh603979,603979.SH,金诚信,,,,中证500,index_base,,,上游样本底座；后续扩展目标
L8X综合候选池,sh603986,603986.SH,兆易创新,上交所,半导体,存储芯片、MCU,半导体,"""user_enhance""；""index_base""",,,上游样本底座；后续扩展目标
L8X综合候选池,sh603993,603993.SH,洛阳钼业,上交所,有色金属,铜钴钼,有色金属,"""user_enhance""；""index_base""",,,上游样本底座；后续扩展目标
L8X综合候选池,sh605117,605117.SH,德业股份,,,,沪深300,index_base,,,上游样本底座；后续扩展目标
L8X综合候选池,sh605358,605358.SH,立昂微,,,,中证500,index_base,,,上游样本底座；后续扩展目标
L8X综合候选池,sh605499,605499.SH,东鹏饮料,,,,沪深300,index_base,,,上游样本底座；后续扩展目标
L8X综合候选池,sh605589,605589.SH,圣泉集团,,,,中证500,index_base,,,上游样本底座；后续扩展目标
L8X综合候选池,sh688002,688002.SH,睿创微纳,,,,中证500,index_base,,,上游样本底座；后续扩展目标
L8X综合候选池,sh688008,688008.SH,澜起科技,上交所,半导体,内存接口芯片,半导体,"""user_enhance""；""index_base""",,,上游样本底座；后续扩展目标
L8X综合候选池,sh688009,688009.SH,中国通号,,,,沪深300,index_base,,,上游样本底座；后续扩展目标
L8X综合候选池,sh688012,688012.SH,中微公司,上交所,半导体,刻蚀设备,半导体,"""user_enhance""；""index_base""",,,上游样本底座；后续扩展目标
L8X综合候选池,sh688017,688017.SH,绿的谐波,,,,中证500,index_base,,,上游样本底座；后续扩展目标
L8X综合候选池,sh688018,688018.SH,乐鑫科技,,,,中证500,index_base,,,上游样本底座；后续扩展目标
L8X综合候选池,sh688019,688019.SH,安集科技,,,,中证500,index_base,,,上游样本底座；后续扩展目标
L8X综合候选池,sh688027,688027.SH,国盾量子,,,,中证500,index_base,,,上游样本底座；后续扩展目标
L8X综合候选池,sh688036,688036.SH,传音控股,,,,沪深300,index_base,,,上游样本底座；后续扩展目标
L8X综合候选池,sh688037,688037.SH,芯源微,,,,中证500,index_base,,,上游样本底座；后续扩展目标
L8X综合候选池,sh688041,688041.SH,海光信息,上交所,半导体,高端处理器(CPU/DCU),AI算力,"""user_enhance""；""index_base""",,,上游样本底座；后续扩展目标
L8X综合候选池,sh688047,688047.SH,龙芯中科,上交所,半导体,国产CPU,半导体,"""user_enhance""；""index_base""",,,上游样本底座；后续扩展目标
L8X综合候选池,sh688052,688052.SH,纳芯微,,,,中证500,index_base,,,上游样本底座；后续扩展目标
L8X综合候选池,sh688065,688065.SH,凯赛生物,,,,中证500,index_base,,,上游样本底座；后续扩展目标
L8X综合候选池,sh688082,688082.SH,盛美上海,上交所,半导体,清洗设备,半导体,"""user_enhance""；""index_base""",,,上游样本底座；后续扩展目标
L8X综合候选池,sh688099,688099.SH,晶晨股份,,,,中证500,index_base,,,上游样本底座；后续扩展目标
L8X综合候选池,sh688100,688100.SH,威胜信息,,,,中证500,index_base,,,上游样本底座；后续扩展目标
L8X综合候选池,sh688111,688111.SH,金山办公,上交所,软件互联网,办公软件,软件/互联网,"""user_enhance""；""index_base""",,,上游样本底座；后续扩展目标
L8X综合候选池,sh688114,688114.SH,华大智造,,,,中证500,index_base,,,上游样本底座；后续扩展目标
L8X综合候选池,sh688120,688120.SH,华海清科,,,,中证500,index_base,,,上游样本底座；后续扩展目标
L8X综合候选池,sh688122,688122.SH,西部超导,,,,中证500,index_base,,,上游样本底座；后续扩展目标
L8X综合候选池,sh688126,688126.SH,沪硅产业,,,,沪深300,index_base,,,上游样本底座；后续扩展目标
L8X综合候选池,sh688166,688166.SH,博瑞医药,,,,中证500,index_base,,,上游样本底座；后续扩展目标
L8X综合候选池,sh688169,688169.SH,石头科技,,,,沪深300,index_base,,,上游样本底座；后续扩展目标
L8X综合候选池,sh688172,688172.SH,燕东微,,,,中证500,index_base,,,上游样本底座；后续扩展目标
L8X综合候选池,sh688180,688180.SH,君实生物,,,,中证500,index_base,,,上游样本底座；后续扩展目标
L8X综合候选池,sh688183,688183.SH,生益电子,,,,中证500,index_base,,,上游样本底座；后续扩展目标
L8X综合候选池,sh688187,688187.SH,时代电气,,,,沪深300,index_base,,,上游样本底座；后续扩展目标
L8X综合候选池,sh688188,688188.SH,柏楚电子,,,,中证500,index_base,,,上游样本底座；后续扩展目标
L8X综合候选池,sh688192,688192.SH,迪哲医药,,,,中证500,index_base,,,上游样本底座；后续扩展目标
L8X综合候选池,sh688213,688213.SH,思特威,,,,中证500,index_base,,,上游样本底座；后续扩展目标
L8X综合候选池,sh688220,688220.SH,翱捷科技,,,,中证500,index_base,,,上游样本底座；后续扩展目标
L8X综合候选池,sh688223,688223.SH,晶科能源,,,,沪深300,index_base,,,上游样本底座；后续扩展目标
L8X综合候选池,sh688234,688234.SH,天岳先进,上交所,半导体,第三代半导体材料,半导体,"""user_enhance""；""index_base""",,,上游样本底座；后续扩展目标
L8X综合候选池,sh688235,688235.SH,百济神州,上交所,医药医疗,抗肿瘤创新药,医药/医疗,"""user_enhance""；""index_base""",,,上游样本底座；后续扩展目标
L8X综合候选池,sh688248,688248.SH,南网科技,,,,中证500,index_base,,,上游样本底座；后续扩展目标
L8X综合候选池,sh688256,688256.SH,寒武纪,上交所,半导体,AI芯片、智能处理器,AI算力,"""user_enhance""；""index_base""",,,上游样本底座；后续扩展目标
L8X综合候选池,sh688266,688266.SH,泽璟制药,,,,中证500,index_base,,,上游样本底座；后续扩展目标
L8X综合候选池,sh688271,688271.SH,联影医疗,,,,沪深300,index_base,,,上游样本底座；后续扩展目标
L8X综合候选池,sh688278,688278.SH,特宝生物,,,,中证500,index_base,,,上游样本底座；后续扩展目标
L8X综合候选池,sh688281,688281.SH,华秦科技,,,,中证500,index_base,,,上游样本底座；后续扩展目标
L8X综合候选池,sh688295,688295.SH,中复神鹰,,,,中证500,index_base,,,上游样本底座；后续扩展目标
L8X综合候选池,sh688297,688297.SH,中无人机,,,,中证500,index_base,,,上游样本底座；后续扩展目标
L8X综合候选池,sh688301,688301.SH,奕瑞科技,,,,中证500,index_base,,,上游样本底座；后续扩展目标
L8X综合候选池,sh688303,688303.SH,大全能源,,,,沪深300,index_base,,,上游样本底座；后续扩展目标
L8X综合候选池,sh688305,688305.SH,科德数控,上交所,机械设备,五轴联动龙门,机械设备,"""user_enhance""；""strategic""",用户增强观察池重点关注；未纳入L8指数基底池；机械设备；五轴联动龙门,,上游样本底座；后续扩展目标
L8X综合候选池,sh688318,688318.SH,财富趋势,,,,中证500,index_base,,,上游样本底座；后续扩展目标
L8X综合候选池,sh688322,688322.SH,奥比中光,,,,中证500,index_base,,,上游样本底座；后续扩展目标
L8X综合候选池,sh688336,688336.SH,三生国健,,,,中证500,index_base,,,上游样本底座；后续扩展目标
L8X综合候选池,sh688347,688347.SH,华虹公司,,,,中证500,index_base,,,上游样本底座；后续扩展目标
L8X综合候选池,sh688349,688349.SH,三一重能,,,,中证500,index_base,,,上游样本底座；后续扩展目标
L8X综合候选池,sh688361,688361.SH,中科飞测,,,,中证500,index_base,,,上游样本底座；后续扩展目标
L8X综合候选池,sh688363,688363.SH,华熙生物,,,,中证500,index_base,,,上游样本底座；后续扩展目标
L8X综合候选池,sh688375,688375.SH,国博电子,,,,中证500,index_base,,,上游样本底座；后续扩展目标
L8X综合候选池,sh688385,688385.SH,复旦微电,,,,中证500,index_base,,,上游样本底座；后续扩展目标
L8X综合候选池,sh688387,688387.SH,信科移动,,,,中证500,index_base,,,上游样本底座；后续扩展目标
L8X综合候选池,sh688396,688396.SH,华润微,,,,沪深300,index_base,,,上游样本底座；后续扩展目标
L8X综合候选池,sh688425,688425.SH,铁建重工,,,,中证500,index_base,,,上游样本底座；后续扩展目标
L8X综合候选池,sh688469,688469.SH,芯联集成,,,,中证500,index_base,,,上游样本底座；后续扩展目标
L8X综合候选池,sh688472,688472.SH,阿特斯,,,,沪深300,index_base,,,上游样本底座；后续扩展目标
L8X综合候选池,sh688475,688475.SH,萤石网络,,,,中证500,index_base,,,上游样本底座；后续扩展目标
L8X综合候选池,sh688498,688498.SH,源杰科技,上交所,半导体,光通信芯片(IDM),半导体,"""user_enhance""；""strategic""",用户增强观察池重点关注；未纳入L8指数基底池；半导体；光通信芯片(IDM),,上游样本底座；后续扩展目标
L8X综合候选池,sh688506,688506.SH,百利天恒,,,,沪深300,index_base,,,上游样本底座；后续扩展目标
L8X综合候选池,sh688520,688520.SH,神州细胞,,,,中证500,index_base,,,上游样本底座；后续扩展目标
L8X综合候选池,sh688521,688521.SH,芯原股份,上交所,半导体,芯片设计服务、IP授权,AI算力,"""user_enhance""；""strategic""",用户增强观察池重点关注；未纳入L8指数基底池；AI算力；芯片设计服务、IP授权,,上游样本底座；后续扩展目标
L8X综合候选池,sh688525,688525.SH,佰维存储,上交所,半导体,存储芯片,半导体,"""user_enhance""；""index_base""",,,上游样本底座；后续扩展目标
L8X综合候选池,sh688538,688538.SH,和辉光电,,,,中证500,index_base,,,上游样本底座；后续扩展目标
L8X综合候选池,sh688561,688561.SH,奇安信,,,,中证500,index_base,,,上游样本底座；后续扩展目标
L8X综合候选池,sh688563,688563.SH,航材股份,,,,中证500,index_base,,,上游样本底座；后续扩展目标
L8X综合候选池,sh688568,688568.SH,中科星图,,,,中证500,index_base,,,上游样本底座；后续扩展目标
L8X综合候选池,sh688578,688578.SH,艾力斯,,,,中证500,index_base,,,上游样本底座；后续扩展目标
L8X综合候选池,sh688582,688582.SH,芯动联科,,,,中证500,index_base,,,上游样本底座；后续扩展目标
L8X综合候选池,sh688599,688599.SH,天合光能,上交所,新能源,光伏组件,新能源,"""user_enhance""；""index_base""",,,上游样本底座；后续扩展目标
L8X综合候选池,sh688608,688608.SH,恒玄科技,,,,中证500,index_base,,,上游样本底座；后续扩展目标
L8X综合候选池,sh688615,688615.SH,合合信息,,,,中证500,index_base,,,上游样本底座；后续扩展目标
L8X综合候选池,sh688617,688617.SH,惠泰医疗,,,,中证500,index_base,,,上游样本底座；后续扩展目标
L8X综合候选池,sh688629,688629.SH,华丰科技,,,,中证500,index_base,,,上游样本底座；后续扩展目标
L8X综合候选池,sh688676,688676.SH,金盘科技,,,,中证500,index_base,,,上游样本底座；后续扩展目标
L8X综合候选池,sh688692,688692.SH,达梦数据,,,,中证500,index_base,,,上游样本底座；后续扩展目标
L8X综合候选池,sh688702,688702.SH,盛科通信,,,,中证500,index_base,,,上游样本底座；后续扩展目标
L8X综合候选池,sh688709,688709.SH,成都华微,,,,中证500,index_base,,,上游样本底座；后续扩展目标
L8X综合候选池,sh688728,688728.SH,格科微,,,,中证500,index_base,,,上游样本底座；后续扩展目标
L8X综合候选池,sh688772,688772.SH,珠海冠宇,,,,中证500,index_base,,,上游样本底座；后续扩展目标
L8X综合候选池,sh688777,688777.SH,中控技术,,,,中证500,index_base,,,上游样本底座；后续扩展目标
L8X综合候选池,sh688778,688778.SH,厦钨新能,,,,中证500,index_base,,,上游样本底座；后续扩展目标
L8X综合候选池,sh688795,688795.SH,摩尔线程,上交所,半导体,全功能GPU,AI算力,"""user_enhance""；""strategic""",用户增强观察池重点关注；未纳入L8指数基底池；AI算力；全功能GPU,,上游样本底座；后续扩展目标
L8X综合候选池,sh688802,688802.SH,沐曦股份,上交所,半导体,GPU训练+推理,AI算力,"""user_enhance""；""strategic""",用户增强观察池重点关注；未纳入L8指数基底池；AI算力；GPU训练+推理,,上游样本底座；后续扩展目标
L8X综合候选池,sh688819,688819.SH,天能股份,,,,中证500,index_base,,,上游样本底座；后续扩展目标
L8X综合候选池,sh688981,688981.SH,中芯国际,上交所,半导体,晶圆代工,半导体,"""user_enhance""；""index_base""",,,上游样本底座；后续扩展目标
L8X综合候选池,sh689009,689009.SH,九号公司,,,,中证500,index_base,,,上游样本底座；后续扩展目标
L8X综合候选池,sz000001,000001.SZ,平安银行,,,,沪深300,index_base,,,上游样本底座；后续扩展目标
L8X综合候选池,sz000002,000002.SZ,万科A,深交所,房地产,房地产开发,基建/建材/地产,"""user_enhance""；""index_base""",,,上游样本底座；后续扩展目标
L8X综合候选池,sz000009,000009.SZ,中国宝安,,,,中证500,index_base,,,上游样本底座；后续扩展目标
L8X综合候选池,sz000021,000021.SZ,深科技,,,,中证500,index_base,,,上游样本底座；后续扩展目标
L8X综合候选池,sz000027,000027.SZ,深圳能源,,,,中证500,index_base,,,上游样本底座；后续扩展目标
L8X综合候选池,sz000032,000032.SZ,深桑达A,,,,中证500,index_base,,,上游样本底座；后续扩展目标
L8X综合候选池,sz000034,000034.SZ,神州数码,,,,中证500,index_base,,,上游样本底座；后续扩展目标
L8X综合候选池,sz000039,000039.SZ,中集集团,,,,中证500,index_base,,,上游样本底座；后续扩展目标
L8X综合候选池,sz000050,000050.SZ,深天马A,,,,中证500,index_base,,,上游样本底座；后续扩展目标
L8X综合候选池,sz000060,000060.SZ,中金岭南,,,,中证500,index_base,,,上游样本底座；后续扩展目标
L8X综合候选池,sz000062,000062.SZ,深圳华强,,,,中证500,index_base,,,上游样本底座；后续扩展目标
L8X综合候选池,sz000063,000063.SZ,中兴通讯,深交所,通信,通信设备+6G,通信,"""user_enhance""；""index_base""",,,上游样本底座；后续扩展目标
L8X综合候选池,sz000088,000088.SZ,盐田港,,,,中证500,index_base,,,上游样本底座；后续扩展目标
L8X综合候选池,sz000100,000100.SZ,TCL科技,,,,沪深300,index_base,,,上游样本底座；后续扩展目标
L8X综合候选池,sz000155,000155.SZ,川能动力,,,,中证500,index_base,,,上游样本底座；后续扩展目标
L8X综合候选池,sz000157,000157.SZ,中联重科,,,,沪深300,index_base,,,上游样本底座；后续扩展目标
L8X综合候选池,sz000166,000166.SZ,申万宏源,,,,沪深300,index_base,,,上游样本底座；后续扩展目标
L8X综合候选池,sz000301,000301.SZ,东方盛虹,,,,沪深300,index_base,,,上游样本底座；后续扩展目标
L8X综合候选池,sz000333,000333.SZ,美的集团,深交所,家用电器,白色家电,大消费,"""user_enhance""；""index_base""",,,上游样本底座；后续扩展目标
L8X综合候选池,sz000338,000338.SZ,潍柴动力,深交所,汽车,重卡发动机,汽车,"""user_enhance""；""index_base""",,,上游样本底座；后续扩展目标
L8X综合候选池,sz000400,000400.SZ,许继电气,,,,中证500,index_base,,,上游样本底座；后续扩展目标
L8X综合候选池,sz000408,000408.SZ,藏格矿业,,,,沪深300,index_base,,,上游样本底座；后续扩展目标
L8X综合候选池,sz000415,000415.SZ,渤海租赁,,,,中证500,index_base,,,上游样本底座；后续扩展目标
L8X综合候选池,sz000423,000423.SZ,东阿阿胶,,,,中证500,index_base,,,上游样本底座；后续扩展目标
L8X综合候选池,sz000425,000425.SZ,徐工机械,,,,沪深300,index_base,,,上游样本底座；后续扩展目标
L8X综合候选池,sz000426,000426.SZ,兴业银锡,,,,中证500,index_base,,,上游样本底座；后续扩展目标
L8X综合候选池,sz000429,000429.SZ,粤高速A,,,,中证500,index_base,,,上游样本底座；后续扩展目标
L8X综合候选池,sz000513,000513.SZ,丽珠集团,,,,中证500,index_base,,,上游样本底座；后续扩展目标
L8X综合候选池,sz000519,000519.SZ,中兵红箭,,,,中证500,index_base,,,上游样本底座；后续扩展目标
L8X综合候选池,sz000528,000528.SZ,柳工,,,,中证500,index_base,,,上游样本底座；后续扩展目标
L8X综合候选池,sz000537,000537.SZ,绿发电力,,,,中证500,index_base,,,上游样本底座；后续扩展目标
L8X综合候选池,sz000538,000538.SZ,云南白药,深交所,医药医疗,中药,医药/医疗,"""user_enhance""；""index_base""",,,上游样本底座；后续扩展目标
L8X综合候选池,sz000539,000539.SZ,粤电力A,,,,中证500,index_base,,,上游样本底座；后续扩展目标
L8X综合候选池,sz000559,000559.SZ,万向钱潮,,,,中证500,index_base,,,上游样本底座；后续扩展目标
L8X综合候选池,sz000563,000563.SZ,陕国投A,,,,中证500,index_base,,,上游样本底座；后续扩展目标
L8X综合候选池,sz000568,000568.SZ,泸州老窖,深交所,食品饮料,白酒,大消费,"""user_enhance""；""index_base""",,,上游样本底座；后续扩展目标
L8X综合候选池,sz000582,000582.SZ,北部湾港,,,,中证500,index_base,,,上游样本底座；后续扩展目标
L8X综合候选池,sz000591,000591.SZ,太阳能,,,,中证500,index_base,,,上游样本底座；后续扩展目标
L8X综合候选池,sz000596,000596.SZ,古井贡酒,,,,沪深300,index_base,,,上游样本底座；后续扩展目标
L8X综合候选池,sz000598,000598.SZ,兴蓉环境,,,,中证500,index_base,,,上游样本底座；后续扩展目标
L8X综合候选池,sz000617,000617.SZ,中油资本,,,,沪深300,index_base,,,上游样本底座；后续扩展目标
L8X综合候选池,sz000623,000623.SZ,吉林敖东,,,,中证500,index_base,,,上游样本底座；后续扩展目标
L8X综合候选池,sz000625,000625.SZ,长安汽车,,,,沪深300,index_base,,,上游样本底座；后续扩展目标
L8X综合候选池,sz000629,000629.SZ,钒钛股份,,,,中证500,index_base,,,上游样本底座；后续扩展目标
L8X综合候选池,sz000630,000630.SZ,铜陵有色,,,,沪深300,index_base,,,上游样本底座；后续扩展目标
L8X综合候选池,sz000651,000651.SZ,格力电器,深交所,家用电器,空调,家用电器,"""user_enhance""；""index_base""",,,上游样本底座；后续扩展目标
L8X综合候选池,sz000657,000657.SZ,中钨高新,深交所,,,历史重点关注,"""user_enhance""；""index_base""",,,上游样本底座；后续扩展目标
L8X综合候选池,sz000661,000661.SZ,长春高新,,,,沪深300,index_base,,,上游样本底座；后续扩展目标
L8X综合候选池,sz000683,000683.SZ,博源化工,,,,中证500,index_base,,,上游样本底座；后续扩展目标
L8X综合候选池,sz000703,000703.SZ,恒逸石化,,,,中证500,index_base,,,上游样本底座；后续扩展目标
L8X综合候选池,sz000708,000708.SZ,中信特钢,深交所,钢铁,特钢龙头,钢铁,"""user_enhance""；""index_base""",,,上游样本底座；后续扩展目标
L8X综合候选池,sz000709,000709.SZ,河钢股份,,,,中证500,index_base,,,上游样本底座；后续扩展目标
L8X综合候选池,sz000723,000723.SZ,美锦能源,,,,中证500,index_base,,,上游样本底座；后续扩展目标
L8X综合候选池,sz000725,000725.SZ,京东方A,,,,沪深300,index_base,,,上游样本底座；后续扩展目标
L8X综合候选池,sz000728,000728.SZ,国元证券,,,,中证500,index_base,,,上游样本底座；后续扩展目标
L8X综合候选池,sz000729,000729.SZ,燕京啤酒,,,,中证500,index_base,,,上游样本底座；后续扩展目标
L8X综合候选池,sz000733,000733.SZ,振华科技,,,,中证500,index_base,,,上游样本底座；后续扩展目标
L8X综合候选池,sz000738,000738.SZ,航发控制,,,,中证500,index_base,,,上游样本底座；后续扩展目标
L8X综合候选池,sz000739,000739.SZ,普洛药业,,,,中证500,index_base,,,上游样本底座；后续扩展目标
L8X综合候选池,sz000750,000750.SZ,国海证券,,,,中证500,index_base,,,上游样本底座；后续扩展目标
L8X综合候选池,sz000768,000768.SZ,中航西飞,,,,沪深300,index_base,,,上游样本底座；后续扩展目标
L8X综合候选池,sz000776,000776.SZ,广发证券,,,,沪深300,index_base,,,上游样本底座；后续扩展目标
L8X综合候选池,sz000783,000783.SZ,长江证券,,,,中证500,index_base,,,上游样本底座；后续扩展目标
L8X综合候选池,sz000785,000785.SZ,居然智家,,,,中证500,index_base,,,上游样本底座；后续扩展目标
L8X综合候选池,sz000786,000786.SZ,北新建材,,,,沪深300,index_base,,,上游样本底座；后续扩展目标
L8X综合候选池,sz000792,000792.SZ,盐湖股份,深交所,有色金属,盐湖提锂,资源/材料,"""user_enhance""；""index_base""",,,上游样本底座；后续扩展目标
L8X综合候选池,sz000807,000807.SZ,云铝股份,深交所,有色金属,电解铝,有色金属,"""user_enhance""；""index_base""",,,上游样本底座；后续扩展目标
L8X综合候选池,sz000825,000825.SZ,太钢不锈,,,,中证500,index_base,,,上游样本底座；后续扩展目标
L8X综合候选池,sz000830,000830.SZ,鲁西化工,,,,中证500,index_base,,,上游样本底座；后续扩展目标
L8X综合候选池,sz000831,000831.SZ,中国稀土,,,,中证500,index_base,,,上游样本底座；后续扩展目标
L8X综合候选池,sz000837,000837.SZ,秦川机床,深交所,机械设备,精密磨床+主轴,机械设备,"""user_enhance""；""strategic""",用户增强观察池重点关注；未纳入L8指数基底池；机械设备；精密磨床+主轴,,上游样本底座；后续扩展目标
L8X综合候选池,sz000858,000858.SZ,五粮液,深交所,食品饮料,白酒,大消费,"""user_enhance""；""index_base""",,,上游样本底座；后续扩展目标
L8X综合候选池,sz000876,000876.SZ,新 希 望,,,,沪深300,index_base,,,上游样本底座；后续扩展目标
L8X综合候选池,sz000878,000878.SZ,云南铜业,,,,中证500,index_base,,,上游样本底座；后续扩展目标
L8X综合候选池,sz000883,000883.SZ,湖北能源,,,,中证500,index_base,,,上游样本底座；后续扩展目标
L8X综合候选池,sz000887,000887.SZ,中鼎股份,,,,中证500,index_base,,,上游样本底座；后续扩展目标
L8X综合候选池,sz000893,000893.SZ,亚钾国际,,,,中证500,index_base,,,上游样本底座；后续扩展目标
L8X综合候选池,sz000895,000895.SZ,双汇发展,,,,沪深300,index_base,,,上游样本底座；后续扩展目标
L8X综合候选池,sz000898,000898.SZ,鞍钢股份,,,,中证500,index_base,,,上游样本底座；后续扩展目标
L8X综合候选池,sz000906,000906.SZ,浙商中拓,深交所,待补充,待补充,历史重点关注,"""user_enhance""；""strategic""",用户增强观察池重点关注；未纳入L8指数基底池,,上游样本底座；后续扩展目标
L8X综合候选池,sz000921,000921.SZ,海信家电,,,,中证500,index_base,,,上游样本底座；后续扩展目标
L8X综合候选池,sz000932,000932.SZ,华菱钢铁,深交所,钢铁,高端板材,钢铁,"""user_enhance""；""index_base""",,,上游样本底座；后续扩展目标
L8X综合候选池,sz000933,000933.SZ,神火股份,,,,中证500,index_base,,,上游样本底座；后续扩展目标
L8X综合候选池,sz000937,000937.SZ,冀中能源,,,,中证500,index_base,,,上游样本底座；后续扩展目标
L8X综合候选池,sz000938,000938.SZ,紫光股份,,,,沪深300,index_base,,,上游样本底座；后续扩展目标
L8X综合候选池,sz000951,000951.SZ,中国重汽,,,,中证500,index_base,,,上游样本底座；后续扩展目标
L8X综合候选池,sz000958,000958.SZ,电投产融,,,,中证500,index_base,,,上游样本底座；后续扩展目标
L8X综合候选池,sz000959,000959.SZ,首钢股份,,,,中证500,index_base,,,上游样本底座；后续扩展目标
L8X综合候选池,sz000960,000960.SZ,锡业股份,,,,中证500,index_base,,,上游样本底座；后续扩展目标
L8X综合候选池,sz000963,000963.SZ,华东医药,,,,沪深300,index_base,,,上游样本底座；后续扩展目标
L8X综合候选池,sz000967,000967.SZ,盈峰环境,,,,中证500,index_base,,,上游样本底座；后续扩展目标
L8X综合候选池,sz000975,000975.SZ,山金国际,,,,沪深300,index_base,,,上游样本底座；后续扩展目标
L8X综合候选池,sz000977,000977.SZ,浪潮信息,深交所,计算机设备,服务器,AI算力,"""user_enhance""；""index_base""",,,上游样本底座；后续扩展目标
L8X综合候选池,sz000983,000983.SZ,山西焦煤,,,,沪深300,index_base,,,上游样本底座；后续扩展目标
L8X综合候选池,sz000987,000987.SZ,越秀资本,,,,中证500,index_base,,,上游样本底座；后续扩展目标
L8X综合候选池,sz000997,000997.SZ,新 大 陆,,,,中证500,index_base,,,上游样本底座；后续扩展目标
L8X综合候选池,sz000999,000999.SZ,华润三九,,,,沪深300,index_base,,,上游样本底座；后续扩展目标
L8X综合候选池,sz001213,001213.SZ,中铁特货,,,,中证500,index_base,,,上游样本底座；后续扩展目标
L8X综合候选池,sz001221,001221.SZ,悍高集团,,,,中证500,index_base,,,上游样本底座；后续扩展目标
L8X综合候选池,sz001286,001286.SZ,陕西能源,,,,中证500,index_base,,,上游样本底座；后续扩展目标
L8X综合候选池,sz001389,001389.SZ,广合科技,,,,中证500,index_base,,,上游样本底座；后续扩展目标
L8X综合候选池,sz001391,001391.SZ,国货航,,,,沪深300,index_base,,,上游样本底座；后续扩展目标
L8X综合候选池,sz001696,001696.SZ,宗申动力,,,,中证500,index_base,,,上游样本底座；后续扩展目标
L8X综合候选池,sz001965,001965.SZ,招商公路,深交所,交通运输,高速公路,交通运输,"""user_enhance""；""index_base""",,,上游样本底座；后续扩展目标
L8X综合候选池,sz001979,001979.SZ,招商蛇口,,,,沪深300,index_base,,,上游样本底座；后续扩展目标
L8X综合候选池,sz002001,002001.SZ,新和成,深交所,基础化工,维生素/氨基酸,基础化工,"""user_enhance""；""index_base""",,,上游样本底座；后续扩展目标
L8X综合候选池,sz002003,002003.SZ,伟星股份,深交所,纺织服饰,拉链纽扣辅料,纺织服饰,"""user_enhance""；""strategic""",用户增强观察池重点关注；未纳入L8指数基底池；纺织服饰；拉链纽扣辅料,,上游样本底座；后续扩展目标
L8X综合候选池,sz002007,002007.SZ,华兰生物,,,,中证500,index_base,,,上游样本底座；后续扩展目标
L8X综合候选池,sz002008,002008.SZ,大族激光,,,,中证500,index_base,,,上游样本底座；后续扩展目标
L8X综合候选池,sz002025,002025.SZ,航天电器,,,,中证500,index_base,,,上游样本底座；后续扩展目标
L8X综合候选池,sz002027,002027.SZ,分众传媒,,,,沪深300,index_base,,,上游样本底座；后续扩展目标
L8X综合候选池,sz002028,002028.SZ,思源电气,深交所,,,历史重点关注,"""user_enhance""；""index_base""",,,上游样本底座；后续扩展目标
L8X综合候选池,sz002032,002032.SZ,苏泊尔,,,,中证500,index_base,,,上游样本底座；后续扩展目标
L8X综合候选池,sz002044,002044.SZ,美年健康,,,,中证500,index_base,,,上游样本底座；后续扩展目标
L8X综合候选池,sz002049,002049.SZ,紫光国微,深交所,半导体,特种集成电路、安全芯片,半导体,"""user_enhance""；""index_base""",,,上游样本底座；后续扩展目标
L8X综合候选池,sz002050,002050.SZ,三花智控,深交所,家用电器,制冷元器件+汽零,家用电器,"""user_enhance""；""index_base""",,,上游样本底座；后续扩展目标
L8X综合候选池,sz002051,002051.SZ,中工国际,深交所,建筑装饰,国际工程,建筑装饰,"""user_enhance""；""strategic""",用户增强观察池重点关注；未纳入L8指数基底池；建筑装饰；国际工程,,上游样本底座；后续扩展目标
L8X综合候选池,sz002056,002056.SZ,横店东磁,,,,中证500,index_base,,,上游样本底座；后续扩展目标
L8X综合候选池,sz002064,002064.SZ,华峰化学,,,,中证500,index_base,,,上游样本底座；后续扩展目标
L8X综合候选池,sz002065,002065.SZ,东华软件,,,,中证500,index_base,,,上游样本底座；后续扩展目标
L8X综合候选池,sz002074,002074.SZ,国轩高科,,,,沪深300,index_base,,,上游样本底座；后续扩展目标
L8X综合候选池,sz002078,002078.SZ,太阳纸业,,,,中证500,index_base,,,上游样本底座；后续扩展目标
L8X综合候选池,sz002080,002080.SZ,中材科技,,,,中证500,index_base,,,上游样本底座；后续扩展目标
L8X综合候选池,sz002085,002085.SZ,万丰奥威,,,,中证500,index_base,,,上游样本底座；后续扩展目标
L8X综合候选池,sz002120,002120.SZ,韵达股份,,,,中证500,index_base,,,上游样本底座；后续扩展目标
L8X综合候选池,sz002126,002126.SZ,银轮股份,,,,中证500,index_base,,,上游样本底座；后续扩展目标
L8X综合候选池,sz002128,002128.SZ,电投能源,,,,中证500,index_base,,,上游样本底座；后续扩展目标
L8X综合候选池,sz002130,002130.SZ,沃尔核材,,,,中证500,index_base,,,上游样本底座；后续扩展目标
L8X综合候选池,sz002131,002131.SZ,利欧股份,,,,中证500,index_base,,,上游样本底座；后续扩展目标
L8X综合候选池,sz002138,002138.SZ,顺络电子,,,,中证500,index_base,,,上游样本底座；后续扩展目标
L8X综合候选池,sz002142,002142.SZ,宁波银行,,,,沪深300,index_base,,,上游样本底座；后续扩展目标
L8X综合候选池,sz002152,002152.SZ,广电运通,,,,中证500,index_base,,,上游样本底座；后续扩展目标
L8X综合候选池,sz002153,002153.SZ,石基信息,,,,中证500,index_base,,,上游样本底座；后续扩展目标
L8X综合候选池,sz002155,002155.SZ,湖南黄金,,,,中证500,index_base,,,上游样本底座；后续扩展目标
L8X综合候选池,sz002156,002156.SZ,通富微电,深交所,半导体,封装测试,半导体,"""user_enhance""；""index_base""",,,上游样本底座；后续扩展目标
L8X综合候选池,sz002157,002157.SZ,正邦科技,,,,中证500,index_base,,,上游样本底座；后续扩展目标
L8X综合候选池,sz002179,002179.SZ,中航光电,,,,沪深300,index_base,,,上游样本底座；后续扩展目标
L8X综合候选池,sz002185,002185.SZ,华天科技,,,,中证500,index_base,,,上游样本底座；后续扩展目标
L8X综合候选池,sz002195,002195.SZ,岩山科技,,,,中证500,index_base,,,上游样本底座；后续扩展目标
L8X综合候选池,sz002202,002202.SZ,金风科技,,,,中证500,index_base,,,上游样本底座；后续扩展目标
L8X综合候选池,sz002203,002203.SZ,海亮股份,,,,中证500,index_base,,,上游样本底座；后续扩展目标
L8X综合候选池,sz002223,002223.SZ,鱼跃医疗,,,,中证500,index_base,,,上游样本底座；后续扩展目标
L8X综合候选池,sz002230,002230.SZ,科大讯飞,深交所,软件互联网,AI语音,软件/互联网,"""user_enhance""；""index_base""",,,上游样本底座；后续扩展目标
L8X综合候选池,sz002236,002236.SZ,大华股份,,,,沪深300,index_base,,,上游样本底座；后续扩展目标
L8X综合候选池,sz002241,002241.SZ,歌尔股份,,,,沪深300,index_base,,,上游样本底座；后续扩展目标
L8X综合候选池,sz002244,002244.SZ,滨江集团,,,,中证500,index_base,,,上游样本底座；后续扩展目标
L8X综合候选池,sz002252,002252.SZ,上海莱士,,,,沪深300,index_base,,,上游样本底座；后续扩展目标
L8X综合候选池,sz002261,002261.SZ,拓维信息,,,,中证500,index_base,,,上游样本底座；后续扩展目标
L8X综合候选池,sz002262,002262.SZ,恩华药业,,,,中证500,index_base,,,上游样本底座；后续扩展目标
L8X综合候选池,sz002265,002265.SZ,建设工业,,,,中证500,index_base,,,上游样本底座；后续扩展目标
L8X综合候选池,sz002266,002266.SZ,浙富控股,,,,中证500,index_base,,,上游样本底座；后续扩展目标
L8X综合候选池,sz002271,002271.SZ,东方雨虹,,,,中证500,index_base,,,上游样本底座；后续扩展目标
L8X综合候选池,sz002273,002273.SZ,水晶光电,,,,中证500,index_base,,,上游样本底座；后续扩展目标
L8X综合候选池,sz002281,002281.SZ,光迅科技,深交所,,,历史重点关注,"""user_enhance""；""index_base""",,,上游样本底座；后续扩展目标
L8X综合候选池,sz002294,002294.SZ,信立泰,,,,中证500,index_base,,,上游样本底座；后续扩展目标
L8X综合候选池,sz002299,002299.SZ,圣农发展,,,,中证500,index_base,,,上游样本底座；后续扩展目标
L8X综合候选池,sz002304,002304.SZ,洋河股份,,,,沪深300,index_base,,,上游样本底座；后续扩展目标
L8X综合候选池,sz002311,002311.SZ,海大集团,深交所,农林牧渔,饲料,农林牧渔,"""user_enhance""；""index_base""",,,上游样本底座；后续扩展目标
L8X综合候选池,sz002312,002312.SZ,川发龙蟒,,,,中证500,index_base,,,上游样本底座；后续扩展目标
L8X综合候选池,sz002318,002318.SZ,久立特材,,,,中证500,index_base,,,上游样本底座；后续扩展目标
L8X综合候选池,sz002335,002335.SZ,科华数据,,,,中证500,index_base,,,上游样本底座；后续扩展目标
L8X综合候选池,sz002340,002340.SZ,格林美,,,,中证500,index_base,,,上游样本底座；后续扩展目标
L8X综合候选池,sz002345,002345.SZ,潮宏基,深交所,商贸零售,黄金珠宝,商贸零售,"""user_enhance""；""strategic""",用户增强观察池重点关注；未纳入L8指数基底池；商贸零售；黄金珠宝,,上游样本底座；后续扩展目标
L8X综合候选池,sz002352,002352.SZ,顺丰控股,深交所,交通运输,综合物流,交通运输,"""user_enhance""；""index_base""",,,上游样本底座；后续扩展目标
L8X综合候选池,sz002353,002353.SZ,杰瑞股份,,,,中证500,index_base,,,上游样本底座；后续扩展目标
L8X综合候选池,sz002371,002371.SZ,北方华创,深交所,半导体,半导体设备全品类,半导体,"""user_enhance""；""index_base""",,,上游样本底座；后续扩展目标
L8X综合候选池,sz002372,002372.SZ,伟星新材,,,,中证500,index_base,,,上游样本底座；后续扩展目标
L8X综合候选池,sz002384,002384.SZ,东山精密,,,,沪深300,index_base,,,上游样本底座；后续扩展目标
L8X综合候选池,sz002385,002385.SZ,大北农,,,,中证500,index_base,,,上游样本底座；后续扩展目标
L8X综合候选池,sz002402,002402.SZ,和而泰,,,,中证500,index_base,,,上游样本底座；后续扩展目标
L8X综合候选池,sz002409,002409.SZ,雅克科技,,,,中证500,index_base,,,上游样本底座；后续扩展目标
L8X综合候选池,sz002410,002410.SZ,广联达,,,,中证500,index_base,,,上游样本底座；后续扩展目标
L8X综合候选池,sz002414,002414.SZ,高德红外,,,,中证500,index_base,,,上游样本底座；后续扩展目标
L8X综合候选池,sz002415,002415.SZ,海康威视,,,,沪深300,index_base,,,上游样本底座；后续扩展目标
L8X综合候选池,sz002422,002422.SZ,科伦药业,,,,沪深300,index_base,,,上游样本底座；后续扩展目标
L8X综合候选池,sz002423,002423.SZ,中粮资本,,,,中证500,index_base,,,上游样本底座；后续扩展目标
L8X综合候选池,sz002429,002429.SZ,兆驰股份,,,,中证500,index_base,,,上游样本底座；后续扩展目标
L8X综合候选池,sz002430,002430.SZ,杭氧股份,,,,中证500,index_base,,,上游样本底座；后续扩展目标
L8X综合候选池,sz002432,002432.SZ,九安医疗,,,,中证500,index_base,,,上游样本底座；后续扩展目标
L8X综合候选池,sz002436,002436.SZ,兴森科技,,,,中证500,index_base,,,上游样本底座；后续扩展目标
L8X综合候选池,sz002439,002439.SZ,启明星辰,,,,中证500,index_base,,,上游样本底座；后续扩展目标
L8X综合候选池,sz002444,002444.SZ,巨星科技,,,,中证500,index_base,,,上游样本底座；后续扩展目标
L8X综合候选池,sz002459,002459.SZ,晶澳科技,,,,沪深300,index_base,,,上游样本底座；后续扩展目标
L8X综合候选池,sz002460,002460.SZ,赣锋锂业,深交所,有色金属,锂资源,新能源,"""user_enhance""；""index_base""",,,上游样本底座；后续扩展目标
L8X综合候选池,sz002461,002461.SZ,珠江啤酒,,,,中证500,index_base,,,上游样本底座；后续扩展目标
L8X综合候选池,sz002463,002463.SZ,沪电股份,,,,沪深300,index_base,,,上游样本底座；后续扩展目标
L8X综合候选池,sz002465,002465.SZ,海格通信,,,,中证500,index_base,,,上游样本底座；后续扩展目标
L8X综合候选池,sz002466,002466.SZ,天齐锂业,深交所,有色金属,锂矿,资源/材料,"""user_enhance""；""index_base""",,,上游样本底座；后续扩展目标
L8X综合候选池,sz002472,002472.SZ,双环传动,,,,中证500,index_base,,,上游样本底座；后续扩展目标
L8X综合候选池,sz002475,002475.SZ,立讯精密,,,,沪深300,index_base,,,上游样本底座；后续扩展目标
L8X综合候选池,sz002493,002493.SZ,荣盛石化,深交所,石油石化,炼化一体化,基础化工,"""user_enhance""；""index_base""",,,上游样本底座；后续扩展目标
L8X综合候选池,sz002500,002500.SZ,山西证券,,,,中证500,index_base,,,上游样本底座；后续扩展目标
L8X综合候选池,sz002508,002508.SZ,老板电器,,,,中证500,index_base,,,上游样本底座；后续扩展目标
L8X综合候选池,sz002517,002517.SZ,恺英网络,,,,中证500,index_base,,,上游样本底座；后续扩展目标
L8X综合候选池,sz002532,002532.SZ,天山铝业,,,,中证500,index_base,,,上游样本底座；后续扩展目标
L8X综合候选池,sz002555,002555.SZ,三七互娱,深交所,传媒,游戏,传媒,"""user_enhance""；""strategic""",用户增强观察池重点关注；未纳入L8指数基底池；传媒；游戏,,上游样本底座；后续扩展目标
L8X综合候选池,sz002558,002558.SZ,巨人网络,,,,中证500,index_base,,,上游样本底座；后续扩展目标
L8X综合候选池,sz002568,002568.SZ,百润股份,,,,中证500,index_base,,,上游样本底座；后续扩展目标
L8X综合候选池,sz002583,002583.SZ,海能达,,,,中证500,index_base,,,上游样本底座；后续扩展目标
L8X综合候选池,sz002594,002594.SZ,比亚迪,深交所,新能源,新能源整车+电池,新能源,"""user_enhance""；""index_base""",,,上游样本底座；后续扩展目标
L8X综合候选池,sz002595,002595.SZ,豪迈科技,,,,中证500,index_base,,,上游样本底座；后续扩展目标
L8X综合候选池,sz002600,002600.SZ,领益智造,,,,沪深300,index_base,,,上游样本底座；后续扩展目标
L8X综合候选池,sz002601,002601.SZ,龙佰集团,,,,沪深300,index_base,,,上游样本底座；后续扩展目标
L8X综合候选池,sz002602,002602.SZ,世纪华通,深交所,传媒,游戏+IDC,传媒,"""user_enhance""；""strategic""",用户增强观察池重点关注；未纳入L8指数基底池；传媒；游戏+IDC,,上游样本底座；后续扩展目标
L8X综合候选池,sz002603,002603.SZ,以岭药业,,,,中证500,index_base,,,上游样本底座；后续扩展目标
L8X综合候选池,sz002607,002607.SZ,中公教育,,,,中证500,index_base,,,上游样本底座；后续扩展目标
L8X综合候选池,sz002608,002608.SZ,江苏国信,,,,中证500,index_base,,,上游样本底座；后续扩展目标
L8X综合候选池,sz002624,002624.SZ,完美世界,,,,中证500,index_base,,,上游样本底座；后续扩展目标
L8X综合候选池,sz002625,002625.SZ,光启技术,,,,沪深300,index_base,,,上游样本底座；后续扩展目标
L8X综合候选池,sz002648,002648.SZ,卫星化学,,,,沪深300,index_base,,,上游样本底座；后续扩展目标
L8X综合候选池,sz002670,002670.SZ,国盛证券,,,,中证500,index_base,,,上游样本底座；后续扩展目标
L8X综合候选池,sz002673,002673.SZ,西部证券,,,,中证500,index_base,,,上游样本底座；后续扩展目标
L8X综合候选池,sz002683,002683.SZ,广东宏大,,,,中证500,index_base,,,上游样本底座；后续扩展目标
L8X综合候选池,sz002709,002709.SZ,天赐材料,,,,沪深300,index_base,,,上游样本底座；后续扩展目标
L8X综合候选池,sz002714,002714.SZ,牧原股份,深交所,农林牧渔,生猪养殖,农林牧渔,"""user_enhance""；""index_base""",,,上游样本底座；后续扩展目标
L8X综合候选池,sz002736,002736.SZ,国信证券,,,,沪深300,index_base,,,上游样本底座；后续扩展目标
L8X综合候选池,sz002738,002738.SZ,中矿资源,,,,中证500,index_base,,,上游样本底座；后续扩展目标
L8X综合候选池,sz002739,002739.SZ,儒意电影,,,,中证500,index_base,,,上游样本底座；后续扩展目标
L8X综合候选池,sz002756,002756.SZ,永兴材料,,,,中证500,index_base,,,上游样本底座；后续扩展目标
L8X综合候选池,sz002773,002773.SZ,康弘药业,,,,中证500,index_base,,,上游样本底座；后续扩展目标
L8X综合候选池,sz002797,002797.SZ,第一创业,,,,中证500,index_base,,,上游样本底座；后续扩展目标
L8X综合候选池,sz002812,002812.SZ,恩捷股份,深交所,待补充,待补充,历史重点关注,"""user_enhance""；""strategic""",用户增强观察池重点关注；未纳入L8指数基底池,,上游样本底座；后续扩展目标
L8X综合候选池,sz002821,002821.SZ,凯莱英,,,,中证500,index_base,,,上游样本底座；后续扩展目标
L8X综合候选池,sz002831,002831.SZ,裕同科技,,,,中证500,index_base,,,上游样本底座；后续扩展目标
L8X综合候选池,sz002837,002837.SZ,英维克,,,,中证500,index_base,,,上游样本底座；后续扩展目标
L8X综合候选池,sz002841,002841.SZ,视源股份,,,,中证500,index_base,,,上游样本底座；后续扩展目标
L8X综合候选池,sz002850,002850.SZ,科达利,,,,中证500,index_base,,,上游样本底座；后续扩展目标
L8X综合候选池,sz002851,002851.SZ,麦格米特,,,,中证500,index_base,,,上游样本底座；后续扩展目标
L8X综合候选池,sz002867,002867.SZ,周大生,深交所,商贸零售,黄金珠宝,商贸零售,"""user_enhance""；""strategic""",用户增强观察池重点关注；未纳入L8指数基底池；商贸零售；黄金珠宝,,上游样本底座；后续扩展目标
L8X综合候选池,sz002916,002916.SZ,深南电路,,,,沪深300,index_base,,,上游样本底座；后续扩展目标
L8X综合候选池,sz002920,002920.SZ,德赛西威,深交所,汽车,智能驾驶域控制器,汽车,"""user_enhance""；""index_base""",,,上游样本底座；后续扩展目标
L8X综合候选池,sz002926,002926.SZ,华西证券,,,,中证500,index_base,,,上游样本底座；后续扩展目标
L8X综合候选池,sz002938,002938.SZ,鹏鼎控股,,,,沪深300,index_base,,,上游样本底座；后续扩展目标
L8X综合候选池,sz002939,002939.SZ,长城证券,,,,中证500,index_base,,,上游样本底座；后续扩展目标
L8X综合候选池,sz002945,002945.SZ,华林证券,,,,中证500,index_base,,,上游样本底座；后续扩展目标
L8X综合候选池,sz002958,002958.SZ,青农商行,,,,中证500,index_base,,,上游样本底座；后续扩展目标
L8X综合候选池,sz002966,002966.SZ,苏州银行,,,,中证500,index_base,,,上游样本底座；后续扩展目标
L8X综合候选池,sz002973,002973.SZ,侨银股份,深交所,环保,环卫服务,环保,"""user_enhance""；""strategic""",用户增强观察池重点关注；未纳入L8指数基底池；环保；环卫服务,,上游样本底座；后续扩展目标
L8X综合候选池,sz002984,002984.SZ,森麒麟,,,,中证500,index_base,,,上游样本底座；后续扩展目标
L8X综合候选池,sz003021,003021.SZ,兆威机电,,,,中证500,index_base,,,上游样本底座；后续扩展目标
L8X综合候选池,sz003022,003022.SZ,联泓新科,,,,中证500,index_base,,,上游样本底座；后续扩展目标
L8X综合候选池,sz003031,003031.SZ,中瓷电子,,,,中证500,index_base,,,上游样本底座；后续扩展目标
L8X综合候选池,sz003035,003035.SZ,南网能源,,,,中证500,index_base,,,上游样本底座；后续扩展目标
L8X综合候选池,sz003816,003816.SZ,中国广核,深交所,电力,核电,电力,"""user_enhance""；""index_base""",,,上游样本底座；后续扩展目标
L8X综合候选池,sz300001,300001.SZ,特锐德,,,,中证500,index_base,,,上游样本底座；后续扩展目标
L8X综合候选池,sz300002,300002.SZ,神州泰岳,,,,中证500,index_base,,,上游样本底座；后续扩展目标
L8X综合候选池,sz300003,300003.SZ,乐普医疗,,,,中证500,index_base,,,上游样本底座；后续扩展目标
L8X综合候选池,sz300012,300012.SZ,华测检测,,,,中证500,index_base,,,上游样本底座；后续扩展目标
L8X综合候选池,sz300014,300014.SZ,亿纬锂能,深交所,新能源,储能+动力电池,新能源,"""user_enhance""；""index_base""",,,上游样本底座；后续扩展目标
L8X综合候选池,sz300015,300015.SZ,爱尔眼科,深交所,医药医疗,眼科医疗,医药/医疗,"""user_enhance""；""index_base""",,,上游样本底座；后续扩展目标
L8X综合候选池,sz300017,300017.SZ,网宿科技,,,,中证500,index_base,,,上游样本底座；后续扩展目标
L8X综合候选池,sz300024,300024.SZ,机器人,,,,中证500,index_base,,,上游样本底座；后续扩展目标
L8X综合候选池,sz300033,300033.SZ,同花顺,,,,沪深300,index_base,,,上游样本底座；后续扩展目标
L8X综合候选池,sz300037,300037.SZ,新宙邦,,,,中证500,index_base,,,上游样本底座；后续扩展目标
L8X综合候选池,sz300054,300054.SZ,鼎龙股份,,,,中证500,index_base,,,上游样本底座；后续扩展目标
L8X综合候选池,sz300058,300058.SZ,蓝色光标,,,,中证500,index_base,,,上游样本底座；后续扩展目标
L8X综合候选池,sz300059,300059.SZ,东方财富,深交所,金融,互联网券商,金融,"""user_enhance""；""index_base""",,,上游样本底座；后续扩展目标
L8X综合候选池,sz300070,300070.SZ,碧水源,,,,中证500,index_base,,,上游样本底座；后续扩展目标
L8X综合候选池,sz300073,300073.SZ,当升科技,,,,中证500,index_base,,,上游样本底座；后续扩展目标
L8X综合候选池,sz300100,300100.SZ,双林股份,,,,中证500,index_base,,,上游样本底座；后续扩展目标
L8X综合候选池,sz300115,300115.SZ,长盈精密,,,,中证500,index_base,,,上游样本底座；后续扩展目标
L8X综合候选池,sz300122,300122.SZ,智飞生物,,,,沪深300,index_base,,,上游样本底座；后续扩展目标
L8X综合候选池,sz300124,300124.SZ,汇川技术,,,,沪深300,index_base,,,上游样本底座；后续扩展目标
L8X综合候选池,sz300136,300136.SZ,信维通信,,,,中证500,index_base,,,上游样本底座；后续扩展目标
L8X综合候选池,sz300140,300140.SZ,节能环境,,,,中证500,index_base,,,上游样本底座；后续扩展目标
L8X综合候选池,sz300142,300142.SZ,沃森生物,,,,中证500,index_base,,,上游样本底座；后续扩展目标
L8X综合候选池,sz300144,300144.SZ,宋城演艺,,,,中证500,index_base,,,上游样本底座；后续扩展目标
L8X综合候选池,sz300146,300146.SZ,汤臣倍健,,,,中证500,index_base,,,上游样本底座；后续扩展目标
L8X综合候选池,sz300207,300207.SZ,欣旺达,,,,中证500,index_base,,,上游样本底座；后续扩展目标
L8X综合候选池,sz300223,300223.SZ,北京君正,,,,中证500,index_base,,,上游样本底座；后续扩展目标
L8X综合候选池,sz300251,300251.SZ,光线传媒,,,,沪深300,index_base,,,上游样本底座；后续扩展目标
L8X综合候选池,sz300274,300274.SZ,阳光电源,深交所,新能源,逆变器+储能,新能源,"""user_enhance""；""index_base""",,,上游样本底座；后续扩展目标
L8X综合候选池,sz300285,300285.SZ,国瓷材料,,,,中证500,index_base,,,上游样本底座；后续扩展目标
L8X综合候选池,sz300308,300308.SZ,中际旭创,深交所,通信,光模块,AI算力,"""user_enhance""；""index_base""",,,上游样本底座；后续扩展目标
L8X综合候选池,sz300316,300316.SZ,晶盛机电,,,,沪深300,index_base,,,上游样本底座；后续扩展目标
L8X综合候选池,sz300339,300339.SZ,润和软件,,,,中证500,index_base,,,上游样本底座；后续扩展目标
L8X综合候选池,sz300346,300346.SZ,南大光电,,,,中证500,index_base,,,上游样本底座；后续扩展目标
L8X综合候选池,sz300347,300347.SZ,泰格医药,,,,沪深300,index_base,,,上游样本底座；后续扩展目标
L8X综合候选池,sz300364,300364.SZ,中文在线,深交所,传媒,数字阅读+IP,传媒,"""user_enhance""；""strategic""",用户增强观察池重点关注；未纳入L8指数基底池；传媒；数字阅读+IP,,上游样本底座；后续扩展目标
L8X综合候选池,sz300373,300373.SZ,扬杰科技,,,,中证500,index_base,,,上游样本底座；后续扩展目标
L8X综合候选池,sz300383,300383.SZ,光环新网,,,,中证500,index_base,,,上游样本底座；后续扩展目标
L8X综合候选池,sz300390,300390.SZ,天华新能,,,,中证500,index_base,,,上游样本底座；后续扩展目标
L8X综合候选池,sz300394,300394.SZ,天孚通信,深交所,通信,光器件,通信,"""user_enhance""；""index_base""",,,上游样本底座；后续扩展目标
L8X综合候选池,sz300395,300395.SZ,菲利华,,,,中证500,index_base,,,上游样本底座；后续扩展目标
L8X综合候选池,sz300408,300408.SZ,三环集团,,,,沪深300,index_base,,,上游样本底座；后续扩展目标
L8X综合候选池,sz300413,300413.SZ,芒果超媒,,,,沪深300,index_base,,,上游样本底座；后续扩展目标
L8X综合候选池,sz300418,300418.SZ,昆仑万维,,,,沪深300,index_base,,,上游样本底座；后续扩展目标
L8X综合候选池,sz300432,300432.SZ,富临精工,,,,中证500,index_base,,,上游样本底座；后续扩展目标
L8X综合候选池,sz300433,300433.SZ,蓝思科技,,,,沪深300,index_base,,,上游样本底座；后续扩展目标
L8X综合候选池,sz300442,300442.SZ,润泽科技,,,,沪深300,index_base,,,上游样本底座；后续扩展目标
L8X综合候选池,sz300450,300450.SZ,先导智能,,,,中证500,index_base,,,上游样本底座；后续扩展目标
L8X综合候选池,sz300454,300454.SZ,深信服,,,,中证500,index_base,,,上游样本底座；后续扩展目标
L8X综合候选池,sz300458,300458.SZ,全志科技,,,,中证500,index_base,,,上游样本底座；后续扩展目标
L8X综合候选池,sz300474,300474.SZ,景嘉微,,,,中证500,index_base,,,上游样本底座；后续扩展目标
L8X综合候选池,sz300476,300476.SZ,胜宏科技,,,,沪深300,index_base,,,上游样本底座；后续扩展目标
L8X综合候选池,sz300487,300487.SZ,蓝晓科技,,,,中证500,index_base,,,上游样本底座；后续扩展目标
L8X综合候选池,sz300496,300496.SZ,中科创达,,,,中证500,index_base,,,上游样本底座；后续扩展目标
L8X综合候选池,sz300498,300498.SZ,温氏股份,深交所,农林牧渔,生猪+黄羽鸡,农林牧渔,"""user_enhance""；""index_base""",,,上游样本底座；后续扩展目标
L8X综合候选池,sz300502,300502.SZ,新易盛,深交所,,,历史重点关注,"""user_enhance""；""index_base""",,,上游样本底座；后续扩展目标
L8X综合候选池,sz300529,300529.SZ,健帆生物,,,,中证500,index_base,,,上游样本底座；后续扩展目标
L8X综合候选池,sz300558,300558.SZ,贝达药业,,,,中证500,index_base,,,上游样本底座；后续扩展目标
L8X综合候选池,sz300567,300567.SZ,精测电子,,,,中证500,index_base,,,上游样本底座；后续扩展目标
L8X综合候选池,sz300570,300570.SZ,太辰光,,,,中证500,index_base,,,上游样本底座；后续扩展目标
L8X综合候选池,sz300601,300601.SZ,康泰生物,,,,中证500,index_base,,,上游样本底座；后续扩展目标
L8X综合候选池,sz300604,300604.SZ,长川科技,,,,中证500,index_base,,,上游样本底座；后续扩展目标
L8X综合候选池,sz300623,300623.SZ,捷捷微电,,,,中证500,index_base,,,上游样本底座；后续扩展目标
L8X综合候选池,sz300627,300627.SZ,华测导航,,,,中证500,index_base,,,上游样本底座；后续扩展目标
L8X综合候选池,sz300628,300628.SZ,亿联网络,,,,沪深300,index_base,,,上游样本底座；后续扩展目标
L8X综合候选池,sz300641,300641.SZ,正丹股份,深交所,待补充,待补充,历史重点关注,"""user_enhance""；""strategic""",用户增强观察池重点关注；未纳入L8指数基底池,,上游样本底座；后续扩展目标
L8X综合候选池,sz300661,300661.SZ,圣邦股份,,,,沪深300,index_base,,,上游样本底座；后续扩展目标
L8X综合候选池,sz300676,300676.SZ,华大基因,,,,中证500,index_base,,,上游样本底座；后续扩展目标
L8X综合候选池,sz300677,300677.SZ,英科医疗,,,,中证500,index_base,,,上游样本底座；后续扩展目标
L8X综合候选池,sz300679,300679.SZ,电连技术,,,,中证500,index_base,,,上游样本底座；后续扩展目标
L8X综合候选池,sz300699,300699.SZ,光威复材,,,,中证500,index_base,,,上游样本底座；后续扩展目标
L8X综合候选池,sz300718,300718.SZ,长盛轴承,,,,中证500,index_base,,,上游样本底座；后续扩展目标
L8X综合候选池,sz300724,300724.SZ,捷佳伟创,深交所,,,历史重点关注,"""user_enhance""；""index_base""",,,上游样本底座；后续扩展目标
L8X综合候选池,sz300735,300735.SZ,光弘科技,,,,中证500,index_base,,,上游样本底座；后续扩展目标
L8X综合候选池,sz300748,300748.SZ,金力永磁,,,,中证500,index_base,,,上游样本底座；后续扩展目标
L8X综合候选池,sz300750,300750.SZ,宁德时代,深交所,新能源,动力电池+储能,新能源,"""user_enhance""；""index_base""",,,上游样本底座；后续扩展目标
L8X综合候选池,sz300751,300751.SZ,迈为股份,,,,中证500,index_base,,,上游样本底座；后续扩展目标
L8X综合候选池,sz300757,300757.SZ,罗博特科,,,,中证500,index_base,,,上游样本底座；后续扩展目标
L8X综合候选池,sz300759,300759.SZ,康龙化成,,,,沪深300,index_base,,,上游样本底座；后续扩展目标
L8X综合候选池,sz300760,300760.SZ,迈瑞医疗,深交所,医药医疗,高端医疗器械,医药/医疗,"""user_enhance""；""index_base""",,,上游样本底座；后续扩展目标
L8X综合候选池,sz300763,300763.SZ,锦浪科技,,,,中证500,index_base,,,上游样本底座；后续扩展目标
L8X综合候选池,sz300782,300782.SZ,卓胜微,深交所,半导体,射频前端芯片,半导体,"""user_enhance""；""index_base""",,,上游样本底座；后续扩展目标
L8X综合候选池,sz300803,300803.SZ,指南针,,,,沪深300,index_base,,,上游样本底座；后续扩展目标
L8X综合候选池,sz300832,300832.SZ,新产业,,,,沪深300,index_base,,,上游样本底座；后续扩展目标
L8X综合候选池,sz300857,300857.SZ,协创数据,,,,中证500,index_base,,,上游样本底座；后续扩展目标
L8X综合候选池,sz300866,300866.SZ,安克创新,,,,沪深300,index_base,,,上游样本底座；后续扩展目标
L8X综合候选池,sz300871,300871.SZ,回盛生物,深交所,待补充,待补充,历史重点关注,"""user_enhance""；""strategic""",用户增强观察池重点关注；未纳入L8指数基底池,,上游样本底座；后续扩展目标
L8X综合候选池,sz300888,300888.SZ,稳健医疗,,,,中证500,index_base,,,上游样本底座；后续扩展目标
L8X综合候选池,sz300896,300896.SZ,爱美客,,,,沪深300,index_base,,,上游样本底座；后续扩展目标
L8X综合候选池,sz300919,300919.SZ,中伟新材,,,,中证500,index_base,,,上游样本底座；后续扩展目标
L8X综合候选池,sz300957,300957.SZ,贝泰妮,,,,中证500,index_base,,,上游样本底座；后续扩展目标
L8X综合候选池,sz300972,300972.SZ,万辰集团,,,,中证500,index_base,,,上游样本底座；后续扩展目标
L8X综合候选池,sz300979,300979.SZ,华利集团,深交所,纺织服饰,运动鞋履,纺织服饰,"""user_enhance""；""index_base""",,,上游样本底座；后续扩展目标
L8X综合候选池,sz300999,300999.SZ,金龙鱼,,,,沪深300,index_base,,,上游样本底座；后续扩展目标
L8X综合候选池,sz301200,301200.SZ,大族数控,,,,中证500,index_base,,,上游样本底座；后续扩展目标
L8X综合候选池,sz301236,301236.SZ,软通动力,,,,沪深300,index_base,,,上游样本底座；后续扩展目标
L8X综合候选池,sz301269,301269.SZ,华大九天,,,,沪深300,index_base,,,上游样本底座；后续扩展目标
L8X综合候选池,sz301301,301301.SZ,川宁生物,,,,中证500,index_base,,,上游样本底座；后续扩展目标
L8X综合候选池,sz301308,301308.SZ,江波龙,,,,中证500,index_base,,,上游样本底座；后续扩展目标
L8X综合候选池,sz301358,301358.SZ,湖南裕能,,,,中证500,index_base,,,上游样本底座；后续扩展目标
L8X综合候选池,sz301498,301498.SZ,乖宝宠物,,,,中证500,index_base,,,上游样本底座；后续扩展目标
L8X综合候选池,sz301536,301536.SZ,星宸科技,,,,中证500,index_base,,,上游样本底座；后续扩展目标
L8X综合候选池,sz301611,301611.SZ,珂玛科技,,,,中证500,index_base,,,上游样本底座；后续扩展目标
L8X综合候选池,sz302132,302132.SZ,中航成飞,,,,沪深300,index_base,,,上游样本底座；后续扩展目标
L8B扩展战略样本池,sz000906,000906.SZ,浙商中拓,深交所,待补充,待补充,历史重点关注,,,,上游增强样本；用户偏好增强
L8B扩展战略样本池,sz300641,300641.SZ,正丹股份,深交所,待补充,待补充,历史重点关注,,,,上游增强样本；用户偏好增强
L8B扩展战略样本池,sz300871,300871.SZ,回盛生物,深交所,待补充,待补充,历史重点关注,,,,上游增强样本；用户偏好增强
L8B扩展战略样本池,sh600326,600326.SH,西藏天路,上交所,待补充,待补充,历史重点关注,,,,上游增强样本；用户偏好增强
L8B扩展战略样本池,sz002812,002812.SZ,恩捷股份,深交所,待补充,待补充,历史重点关注,,,,上游增强样本；用户偏好增强
L8B扩展战略样本池,sh600198,600198.SH,大唐电信,上交所,待补充,待补充,历史重点关注,,,,上游增强样本；用户偏好增强
L8B扩展战略样本池,sh688498,688498.SH,源杰科技,上交所,半导体,光通信芯片(IDM),半导体,,,,上游增强样本；用户偏好增强
L8B扩展战略样本池,sh688521,688521.SH,芯原股份,上交所,半导体,芯片设计服务、IP授权,AI算力,,,,上游增强样本；用户偏好增强
L8B扩展战略样本池,sh688802,688802.SH,沐曦股份,上交所,半导体,GPU训练+推理,AI算力,,,,上游增强样本；用户偏好增强
L8B扩展战略样本池,sh688795,688795.SH,摩尔线程,上交所,半导体,全功能GPU,AI算力,,,,上游增强样本；用户偏好增强
L8B扩展战略样本池,sh600501,600501.SH,航天晨光,上交所,军工,航天装备,军工/航空航天,,,,上游增强样本；用户偏好增强
L8B扩展战略样本池,sh688305,688305.SH,科德数控,上交所,机械设备,五轴联动龙门,机械设备,,,,上游增强样本；用户偏好增强
L8B扩展战略样本池,sh601882,601882.SH,海天精工,上交所,机械设备,大型龙门加工中心,机械设备,,,,上游增强样本；用户偏好增强
L8B扩展战略样本池,sz000837,000837.SZ,秦川机床,深交所,机械设备,精密磨床+主轴,机械设备,,,,上游增强样本；用户偏好增强
L8B扩展战略样本池,sz002051,002051.SZ,中工国际,深交所,建筑装饰,国际工程,建筑装饰,,,,上游增强样本；用户偏好增强
L8B扩展战略样本池,sh603588,603588.SH,高能环境,上交所,环保,生态修复,环保,,,,上游增强样本；用户偏好增强
L8B扩展战略样本池,sz002973,002973.SZ,侨银股份,深交所,环保,环卫服务,环保,,,,上游增强样本；用户偏好增强
L8B扩展战略样本池,sz002555,002555.SZ,三七互娱,深交所,传媒,游戏,传媒,,,,上游增强样本；用户偏好增强
L8B扩展战略样本池,sz002602,002602.SZ,世纪华通,深交所,传媒,游戏+IDC,传媒,,,,上游增强样本；用户偏好增强
L8B扩展战略样本池,sz300364,300364.SZ,中文在线,深交所,传媒,数字阅读+IP,传媒,,,,上游增强样本；用户偏好增强
L8B扩展战略样本池,sz002345,002345.SZ,潮宏基,深交所,商贸零售,黄金珠宝,商贸零售,,,,上游增强样本；用户偏好增强
L8B扩展战略样本池,sh600612,600612.SH,老凤祥,上交所,商贸零售,黄金珠宝,商贸零售,,,,上游增强样本；用户偏好增强
L8B扩展战略样本池,sz002867,002867.SZ,周大生,深交所,商贸零售,黄金珠宝,商贸零售,,,,上游增强样本；用户偏好增强
L8B扩展战略样本池,sz002003,002003.SZ,伟星股份,深交所,纺织服饰,拉链纽扣辅料,纺织服饰,,,,上游增强样本；用户偏好增强
L7可交易过滤池,sh600000,600000.SH,浦发银行,,主板,,沪深300,index_base,,,盘后辅助；大样本过滤入口
L7可交易过滤池,sh600004,600004.SH,白云机场,,主板,,中证500,index_base,,,盘后辅助；大样本过滤入口
L7可交易过滤池,sh600007,600007.SH,中国国贸,,主板,,中证500,index_base,,,盘后辅助；大样本过滤入口
L7可交易过滤池,sh600008,600008.SH,首创环保,,主板,,中证500,index_base,,,盘后辅助；大样本过滤入口
L7可交易过滤池,sh600009,600009.SH,上海机场,,主板,,沪深300,index_base,,,盘后辅助；大样本过滤入口
L7可交易过滤池,sh600010,600010.SH,包钢股份,,主板,,沪深300,index_base,,,盘后辅助；大样本过滤入口
L7可交易过滤池,sh600011,600011.SH,华能国际,,主板,,沪深300,index_base,,,盘后辅助；大样本过滤入口
L7可交易过滤池,sh600015,600015.SH,华夏银行,,主板,,沪深300,index_base,,,盘后辅助；大样本过滤入口
L7可交易过滤池,sh600016,600016.SH,民生银行,,主板,,沪深300,index_base,,,盘后辅助；大样本过滤入口
L7可交易过滤池,sh600018,600018.SH,上港集团,,主板,,沪深300,index_base,,,盘后辅助；大样本过滤入口
L7可交易过滤池,sh600019,600019.SH,宝钢股份,,钢铁,普钢龙头,钢铁,"""user_enhance""；""index_base""",,,盘后辅助；大样本过滤入口
L7可交易过滤池,sh600021,600021.SH,上海电力,,主板,,中证500,index_base,,,盘后辅助；大样本过滤入口
L7可交易过滤池,sh600023,600023.SH,浙能电力,,主板,,沪深300,index_base,,,盘后辅助；大样本过滤入口
L7可交易过滤池,sh600025,600025.SH,华能水电,,主板,,沪深300,index_base,,,盘后辅助；大样本过滤入口
L7可交易过滤池,sh600026,600026.SH,中远海能,,主板,,沪深300,index_base,,,盘后辅助；大样本过滤入口
L7可交易过滤池,sh600027,600027.SH,华电国际,,主板,,沪深300,index_base,,,盘后辅助；大样本过滤入口
L7可交易过滤池,sh600028,600028.SH,中国石化,,石油石化,炼油化工,石油石化,"""user_enhance""；""index_base""",,,盘后辅助；大样本过滤入口
L7可交易过滤池,sh600029,600029.SH,南方航空,,主板,,沪深300,index_base,,,盘后辅助；大样本过滤入口
L7可交易过滤池,sh600030,600030.SH,中信证券,,主板,,沪深300,index_base,,,盘后辅助；大样本过滤入口
L7可交易过滤池,sh600031,600031.SH,三一重工,,主板,,沪深300,index_base,,,盘后辅助；大样本过滤入口
L7可交易过滤池,sh600032,600032.SH,浙江新能,,主板,,中证500,index_base,,,盘后辅助；大样本过滤入口
L7可交易过滤池,sh600036,600036.SH,招商银行,,金融,银行,金融,"""user_enhance""；""index_base""",,,盘后辅助；大样本过滤入口
L7可交易过滤池,sh600038,600038.SH,中直股份,,主板,,中证500,index_base,,,盘后辅助；大样本过滤入口
L7可交易过滤池,sh600039,600039.SH,四川路桥,,主板,,沪深300,index_base,,,盘后辅助；大样本过滤入口
L7可交易过滤池,sh600048,600048.SH,保利发展,,房地产,房地产开发,基建/建材/地产,"""user_enhance""；""index_base""",,,盘后辅助；大样本过滤入口
L7可交易过滤池,sh600050,600050.SH,中国联通,,主板,,沪深300,index_base,,,盘后辅助；大样本过滤入口
L7可交易过滤池,sh600060,600060.SH,海信视像,,主板,,中证500,index_base,,,盘后辅助；大样本过滤入口
L7可交易过滤池,sh600061,600061.SH,国投资本,,主板,,沪深300,index_base,,,盘后辅助；大样本过滤入口
L7可交易过滤池,sh600062,600062.SH,华润双鹤,,主板,,中证500,index_base,,,盘后辅助；大样本过滤入口
L7可交易过滤池,sh600066,600066.SH,宇通客车,,主板,,沪深300,index_base,,,盘后辅助；大样本过滤入口
L7可交易过滤池,sh600085,600085.SH,同仁堂,,主板,,沪深300,index_base,,,盘后辅助；大样本过滤入口
L7可交易过滤池,sh600089,600089.SH,特变电工,,主板,,沪深300,index_base,,,盘后辅助；大样本过滤入口
L7可交易过滤池,sh600095,600095.SH,湘财股份,,主板,,中证500,index_base,,,盘后辅助；大样本过滤入口
L7可交易过滤池,sh600096,600096.SH,云天化,,主板,,中证500,index_base,,,盘后辅助；大样本过滤入口
L7可交易过滤池,sh600098,600098.SH,广州发展,,主板,,中证500,index_base,,,盘后辅助；大样本过滤入口
L7可交易过滤池,sh600104,600104.SH,上汽集团,,汽车,整车,汽车,"""user_enhance""；""index_base""",,,盘后辅助；大样本过滤入口
L7可交易过滤池,sh600109,600109.SH,国金证券,,主板,,中证500,index_base,,,盘后辅助；大样本过滤入口
L7可交易过滤池,sh600111,600111.SH,北方稀土,,有色金属,稀土,资源/材料,"""user_enhance""；""index_base""",,,盘后辅助；大样本过滤入口
L7可交易过滤池,sh600115,600115.SH,中国东航,,主板,,沪深300,index_base,,,盘后辅助；大样本过滤入口
L7可交易过滤池,sh600118,600118.SH,中国卫星,,主板,,中证500,index_base,,,盘后辅助；大样本过滤入口
L7可交易过滤池,sh600126,600126.SH,杭钢股份,,主板,,中证500,index_base,,,盘后辅助；大样本过滤入口
L7可交易过滤池,sh600131,600131.SH,国网信通,,主板,,中证500,index_base,,,盘后辅助；大样本过滤入口
L7可交易过滤池,sh600132,600132.SH,重庆啤酒,,主板,,中证500,index_base,,,盘后辅助；大样本过滤入口
L7可交易过滤池,sh600141,600141.SH,兴发集团,,主板,,中证500,index_base,,,盘后辅助；大样本过滤入口
L7可交易过滤池,sh600143,600143.SH,金发科技,,主板,,中证500,index_base,,,盘后辅助；大样本过滤入口
L7可交易过滤池,sh600150,600150.SH,中国船舶,,主板,,沪深300,index_base,,,盘后辅助；大样本过滤入口
L7可交易过滤池,sh600153,600153.SH,建发股份,,主板,,中证500,index_base,,,盘后辅助；大样本过滤入口
L7可交易过滤池,sh600157,600157.SH,永泰能源,,主板,,中证500,index_base,,,盘后辅助；大样本过滤入口
L7可交易过滤池,sh600160,600160.SH,巨化股份,,基础化工,制冷剂,基础化工,"""user_enhance""；""index_base""",,,盘后辅助；大样本过滤入口
L7可交易过滤池,sh600161,600161.SH,天坛生物,,主板,,沪深300,index_base,,,盘后辅助；大样本过滤入口
L7可交易过滤池,sh600166,600166.SH,福田汽车,,主板,,中证500,index_base,,,盘后辅助；大样本过滤入口
L7可交易过滤池,sh600170,600170.SH,上海建工,,主板,,中证500,index_base,,,盘后辅助；大样本过滤入口
L7可交易过滤池,sh600171,600171.SH,上海贝岭,,主板,,中证500,index_base,,,盘后辅助；大样本过滤入口
L7可交易过滤池,sh600176,600176.SH,中国巨石,,主板,,沪深300,index_base,,,盘后辅助；大样本过滤入口
L7可交易过滤池,sh600177,600177.SH,雅戈尔,,主板,,中证500,index_base,,,盘后辅助；大样本过滤入口
L7可交易过滤池,sh600183,600183.SH,生益科技,,主板,,沪深300,index_base,,,盘后辅助；大样本过滤入口
L7可交易过滤池,sh600188,600188.SH,兖矿能源,,煤炭,煤炭,资源/材料,"""user_enhance""；""index_base""",,,盘后辅助；大样本过滤入口
L7可交易过滤池,sh600196,600196.SH,复星医药,,主板,,沪深300,index_base,,,盘后辅助；大样本过滤入口
L7可交易过滤池,sh600198,600198.SH,大唐电信,,待补充,待补充,历史重点关注,"""user_enhance""；""strategic""",用户增强观察池重点关注；未纳入L8指数基底池,,盘后辅助；大样本过滤入口
L7可交易过滤池,sh600208,600208.SH,衢州发展,,主板,,中证500,index_base,,,盘后辅助；大样本过滤入口
L7可交易过滤池,sh600219,600219.SH,南山铝业,,主板,,沪深300,index_base,,,盘后辅助；大样本过滤入口
L7可交易过滤池,sh600233,600233.SH,圆通速递,,主板,,沪深300,index_base,,,盘后辅助；大样本过滤入口
L7可交易过滤池,sh600276,600276.SH,恒瑞医药,,医药医疗,创新药研发,医药/医疗,"""user_enhance""；""index_base""",,,盘后辅助；大样本过滤入口
L7可交易过滤池,sh600282,600282.SH,南钢股份,,主板,,中证500,index_base,,,盘后辅助；大样本过滤入口
L7可交易过滤池,sh600295,600295.SH,鄂尔多斯,,主板,,中证500,index_base,,,盘后辅助；大样本过滤入口
L7可交易过滤池,sh600298,600298.SH,安琪酵母,,主板,,中证500,index_base,,,盘后辅助；大样本过滤入口
L7可交易过滤池,sh600299,600299.SH,安迪苏,,主板,,中证500,index_base,,,盘后辅助；大样本过滤入口
L7可交易过滤池,sh600309,600309.SH,万华化学,,基础化工,MDI聚氨酯,基础化工,"""user_enhance""；""index_base""",,,盘后辅助；大样本过滤入口
L7可交易过滤池,sh600312,600312.SH,平高电气,,主板,,中证500,index_base,,,盘后辅助；大样本过滤入口
L7可交易过滤池,sh600316,600316.SH,洪都航空,,主板,,中证500,index_base,,,盘后辅助；大样本过滤入口
L7可交易过滤池,sh600326,600326.SH,西藏天路,,待补充,待补充,历史重点关注,"""user_enhance""；""strategic""",用户增强观察池重点关注；未纳入L8指数基底池,,盘后辅助；大样本过滤入口
L7可交易过滤池,sh600329,600329.SH,达仁堂,,主板,,中证500,index_base,,,盘后辅助；大样本过滤入口
L7可交易过滤池,sh600332,600332.SH,白云山,,主板,,中证500,index_base,,,盘后辅助；大样本过滤入口
L7可交易过滤池,sh600339,600339.SH,中油工程,,主板,,中证500,index_base,,,盘后辅助；大样本过滤入口
L7可交易过滤池,sh600346,600346.SH,恒力石化,,主板,,沪深300,index_base,,,盘后辅助；大样本过滤入口
L7可交易过滤池,sh600348,600348.SH,华阳股份,,主板,,中证500,index_base,,,盘后辅助；大样本过滤入口
L7可交易过滤池,sh600352,600352.SH,浙江龙盛,,主板,,中证500,index_base,,,盘后辅助；大样本过滤入口
L7可交易过滤池,sh600362,600362.SH,江西铜业,,主板,,沪深300,index_base,,,盘后辅助；大样本过滤入口
L7可交易过滤池,sh600363,600363.SH,联创光电,,主板,,中证500,index_base,,,盘后辅助；大样本过滤入口
L7可交易过滤池,sh600369,600369.SH,西南证券,,主板,,中证500,index_base,,,盘后辅助；大样本过滤入口
L7可交易过滤池,sh600372,600372.SH,中航机载,,主板,,沪深300,index_base,,,盘后辅助；大样本过滤入口
L7可交易过滤池,sh600377,600377.SH,宁沪高速,,主板,,沪深300,index_base,,,盘后辅助；大样本过滤入口
L7可交易过滤池,sh600378,600378.SH,昊华科技,,主板,,中证500,index_base,,,盘后辅助；大样本过滤入口
L7可交易过滤池,sh600380,600380.SH,健康元,,主板,,中证500,index_base,,,盘后辅助；大样本过滤入口
L7可交易过滤池,sh600390,600390.SH,五矿资本,,主板,,中证500,index_base,,,盘后辅助；大样本过滤入口
L7可交易过滤池,sh600392,600392.SH,盛和资源,,主板,,中证500,index_base,,,盘后辅助；大样本过滤入口
L7可交易过滤池,sh600398,600398.SH,海澜之家,,纺织服饰,大众男装,纺织服饰,"""user_enhance""；""index_base""",,,盘后辅助；大样本过滤入口
L7可交易过滤池,sh600406,600406.SH,国电南瑞,,主板,,沪深300,index_base,,,盘后辅助；大样本过滤入口
L7可交易过滤池,sh600415,600415.SH,小商品城,,主板,,沪深300,index_base,,,盘后辅助；大样本过滤入口
L7可交易过滤池,sh600426,600426.SH,华鲁恒升,,基础化工,煤化工,基础化工,"""user_enhance""；""index_base""",,,盘后辅助；大样本过滤入口
L7可交易过滤池,sh600435,600435.SH,北方导航,,主板,,中证500,index_base,,,盘后辅助；大样本过滤入口
L7可交易过滤池,sh600436,600436.SH,片仔癀,,医药医疗,中药稀缺龙头,医药/医疗,"""user_enhance""；""index_base""",,,盘后辅助；大样本过滤入口
L7可交易过滤池,sh600438,600438.SH,通威股份,,新能源,光伏硅料+电池,新能源,"""user_enhance""；""index_base""",,,盘后辅助；大样本过滤入口
L7可交易过滤池,sh600460,600460.SH,士兰微,,主板,,沪深300,index_base,,,盘后辅助；大样本过滤入口
L7可交易过滤池,sh600482,600482.SH,中国动力,,主板,,沪深300,index_base,,,盘后辅助；大样本过滤入口
L7可交易过滤池,sh600483,600483.SH,福能股份,,电力,海风+气电,电力,"""user_enhance""；""index_base""",,,盘后辅助；大样本过滤入口
L7可交易过滤池,sh600486,600486.SH,扬农化工,,主板,,中证500,index_base,,,盘后辅助；大样本过滤入口
L7可交易过滤池,sh600487,600487.SH,亨通光电,,主板,,中证500,index_base,,,盘后辅助；大样本过滤入口
L7可交易过滤池,sh600489,600489.SH,中金黄金,,主板,,沪深300,index_base,,,盘后辅助；大样本过滤入口
L7可交易过滤池,sh600497,600497.SH,驰宏锌锗,,主板,,中证500,index_base,,,盘后辅助；大样本过滤入口
L7可交易过滤池,sh600498,600498.SH,烽火通信,,主板,,中证500,index_base,,,盘后辅助；大样本过滤入口
L7可交易过滤池,sh600499,600499.SH,科达制造,,主板,,中证500,index_base,,,盘后辅助；大样本过滤入口
L7可交易过滤池,sh600501,600501.SH,航天晨光,,军工,航天装备,军工/航空航天,"""user_enhance""；""strategic""",用户增强观察池重点关注；未纳入L8指数基底池；军工/航空航天；航天装备,,盘后辅助；大样本过滤入口
L7可交易过滤池,sh600511,600511.SH,国药股份,,主板,,中证500,index_base,,,盘后辅助；大样本过滤入口
L7可交易过滤池,sh600515,600515.SH,海南机场,,主板,,沪深300,index_base,,,盘后辅助；大样本过滤入口
L7可交易过滤池,sh600516,600516.SH,方大炭素,,主板,,中证500,index_base,,,盘后辅助；大样本过滤入口
L7可交易过滤池,sh600517,600517.SH,国网英大,,主板,,中证500,index_base,,,盘后辅助；大样本过滤入口
L7可交易过滤池,sh600519,600519.SH,贵州茅台,,食品饮料,白酒,大消费,"""user_enhance""；""index_base""",,,盘后辅助；大样本过滤入口
L7可交易过滤池,sh600521,600521.SH,华海药业,,主板,,中证500,index_base,,,盘后辅助；大样本过滤入口
L7可交易过滤池,sh600522,600522.SH,中天科技,,主板,,沪深300,index_base,,,盘后辅助；大样本过滤入口
L7可交易过滤池,sh600528,600528.SH,中铁工业,,主板,,中证500,index_base,,,盘后辅助；大样本过滤入口
L7可交易过滤池,sh600535,600535.SH,天士力,,主板,,中证500,index_base,,,盘后辅助；大样本过滤入口
L7可交易过滤池,sh600536,600536.SH,中国软件,,主板,,中证500,index_base,,,盘后辅助；大样本过滤入口
L7可交易过滤池,sh600546,600546.SH,山煤国际,,主板,,中证500,index_base,,,盘后辅助；大样本过滤入口
L7可交易过滤池,sh600547,600547.SH,山东黄金,,有色金属,黄金,有色金属,"""user_enhance""；""index_base""",,,盘后辅助；大样本过滤入口
L7可交易过滤池,sh600549,600549.SH,厦门钨业,,主板,,中证500,index_base,,,盘后辅助；大样本过滤入口
L7可交易过滤池,sh600562,600562.SH,国睿科技,,主板,,中证500,index_base,,,盘后辅助；大样本过滤入口
L7可交易过滤池,sh600563,600563.SH,法拉电子,,主板,,中证500,index_base,,,盘后辅助；大样本过滤入口
L7可交易过滤池,sh600566,600566.SH,济川药业,,主板,,中证500,index_base,,,盘后辅助；大样本过滤入口
L7可交易过滤池,sh600570,600570.SH,恒生电子,,主板,,沪深300,index_base,,,盘后辅助；大样本过滤入口
L7可交易过滤池,sh600578,600578.SH,京能电力,,主板,,中证500,index_base,,,盘后辅助；大样本过滤入口
L7可交易过滤池,sh600580,600580.SH,卧龙电驱,,主板,,历史重点关注,"""user_enhance""；""index_base""",,,盘后辅助；大样本过滤入口
L7可交易过滤池,sh600582,600582.SH,天地科技,,主板,,中证500,index_base,,,盘后辅助；大样本过滤入口
L7可交易过滤池,sh600583,600583.SH,海油工程,,主板,,中证500,index_base,,,盘后辅助；大样本过滤入口
L7可交易过滤池,sh600584,600584.SH,长电科技,,半导体,封装测试,半导体,"""user_enhance""；""index_base""",,,盘后辅助；大样本过滤入口
L7可交易过滤池,sh600585,600585.SH,海螺水泥,,建筑材料,水泥,基建/建材/地产,"""user_enhance""；""index_base""",,,盘后辅助；大样本过滤入口
L7可交易过滤池,sh600588,600588.SH,用友网络,,主板,,沪深300,index_base,,,盘后辅助；大样本过滤入口
L7可交易过滤池,sh600598,600598.SH,北大荒,,主板,,中证500,index_base,,,盘后辅助；大样本过滤入口
L7可交易过滤池,sh600600,600600.SH,青岛啤酒,,主板,,沪深300,index_base,,,盘后辅助；大样本过滤入口
L7可交易过滤池,sh600601,600601.SH,方正科技,,主板,,中证500,index_base,,,盘后辅助；大样本过滤入口
L7可交易过滤池,sh600602,600602.SH,云赛智联,,主板,,中证500,index_base,,,盘后辅助；大样本过滤入口
L7可交易过滤池,sh600606,600606.SH,绿地控股,,主板,,中证500,index_base,,,盘后辅助；大样本过滤入口
L7可交易过滤池,sh600612,600612.SH,老凤祥,,商贸零售,黄金珠宝,商贸零售,"""user_enhance""；""strategic""",用户增强观察池重点关注；未纳入L8指数基底池；商贸零售；黄金珠宝,,盘后辅助；大样本过滤入口
L7可交易过滤池,sh600637,600637.SH,东方明珠,,主板,,中证500,index_base,,,盘后辅助；大样本过滤入口
L7可交易过滤池,sh600642,600642.SH,申能股份,,主板,,中证500,index_base,,,盘后辅助；大样本过滤入口
L7可交易过滤池,sh600655,600655.SH,豫园股份,,主板,,中证500,index_base,,,盘后辅助；大样本过滤入口
L7可交易过滤池,sh600660,600660.SH,福耀玻璃,,汽车,汽车玻璃,汽车,"""user_enhance""；""index_base""",,,盘后辅助；大样本过滤入口
L7可交易过滤池,sh600663,600663.SH,陆家嘴,,主板,,中证500,index_base,,,盘后辅助；大样本过滤入口
L7可交易过滤池,sh600673,600673.SH,东阳光,,主板,,中证500,index_base,,,盘后辅助；大样本过滤入口
L7可交易过滤池,sh600674,600674.SH,川投能源,,主板,,沪深300,index_base,,,盘后辅助；大样本过滤入口
L7可交易过滤池,sh600685,600685.SH,中船防务,,主板,,中证500,index_base,,,盘后辅助；大样本过滤入口
L7可交易过滤池,sh600688,600688.SH,上海石化,,主板,,中证500,index_base,,,盘后辅助；大样本过滤入口
L7可交易过滤池,sh600690,600690.SH,海尔智家,,主板,,沪深300,index_base,,,盘后辅助；大样本过滤入口
L7可交易过滤池,sh600699,600699.SH,均胜电子,,主板,,中证500,index_base,,,盘后辅助；大样本过滤入口
L7可交易过滤池,sh600704,600704.SH,物产中大,,主板,,中证500,index_base,,,盘后辅助；大样本过滤入口
L7可交易过滤池,sh600707,600707.SH,彩虹股份,,主板,,中证500,index_base,,,盘后辅助；大样本过滤入口
L7可交易过滤池,sh600720,600720.SH,中交设计,,主板,,中证500,index_base,,,盘后辅助；大样本过滤入口
L7可交易过滤池,sh600737,600737.SH,中粮糖业,,主板,,中证500,index_base,,,盘后辅助；大样本过滤入口
L7可交易过滤池,sh600739,600739.SH,辽宁成大,,主板,,中证500,index_base,,,盘后辅助；大样本过滤入口
L7可交易过滤池,sh600741,600741.SH,华域汽车,,主板,,沪深300,index_base,,,盘后辅助；大样本过滤入口
L7可交易过滤池,sh600754,600754.SH,锦江酒店,,主板,,中证500,index_base,,,盘后辅助；大样本过滤入口
L7可交易过滤池,sh600760,600760.SH,中航沈飞,,军工,战斗机,军工/航空航天,"""user_enhance""；""index_base""",,,盘后辅助；大样本过滤入口
L7可交易过滤池,sh600763,600763.SH,通策医疗,,主板,,中证500,index_base,,,盘后辅助；大样本过滤入口
L7可交易过滤池,sh600764,600764.SH,中国海防,,主板,,中证500,index_base,,,盘后辅助；大样本过滤入口
L7可交易过滤池,sh600765,600765.SH,中航重机,,主板,,中证500,index_base,,,盘后辅助；大样本过滤入口
L7可交易过滤池,sh600795,600795.SH,国电电力,,电力,火水并举+弹性装机,电力,"""user_enhance""；""index_base""",,,盘后辅助；大样本过滤入口
L7可交易过滤池,sh600801,600801.SH,华新建材,,主板,,中证500,index_base,,,盘后辅助；大样本过滤入口
L7可交易过滤池,sh600803,600803.SH,新奥股份,,主板,,沪深300,index_base,,,盘后辅助；大样本过滤入口
L7可交易过滤池,sh600808,600808.SH,马钢股份,,主板,,中证500,index_base,,,盘后辅助；大样本过滤入口
L7可交易过滤池,sh600809,600809.SH,山西汾酒,,主板,,沪深300,index_base,,,盘后辅助；大样本过滤入口
L7可交易过滤池,sh600816,600816.SH,建元信托,,主板,,中证500,index_base,,,盘后辅助；大样本过滤入口
L7可交易过滤池,sh600820,600820.SH,隧道股份,,主板,,中证500,index_base,,,盘后辅助；大样本过滤入口
L7可交易过滤池,sh600845,600845.SH,宝信软件,,主板,,沪深300,index_base,,,盘后辅助；大样本过滤入口
L7可交易过滤池,sh600848,600848.SH,上海临港,,主板,,中证500,index_base,,,盘后辅助；大样本过滤入口
L7可交易过滤池,sh600862,600862.SH,中航高科,,主板,,中证500,index_base,,,盘后辅助；大样本过滤入口
L7可交易过滤池,sh600863,600863.SH,华能蒙电,,主板,,中证500,index_base,,,盘后辅助；大样本过滤入口
L7可交易过滤池,sh600871,600871.SH,石化油服,,主板,,中证500,index_base,,,盘后辅助；大样本过滤入口
L7可交易过滤池,sh600873,600873.SH,梅花生物,,主板,,中证500,index_base,,,盘后辅助；大样本过滤入口
L7可交易过滤池,sh600875,600875.SH,东方电气,,主板,,沪深300,index_base,,,盘后辅助；大样本过滤入口
L7可交易过滤池,sh600879,600879.SH,航天电子,,主板,,中证500,index_base,,,盘后辅助；大样本过滤入口
L7可交易过滤池,sh600884,600884.SH,杉杉股份,,主板,,中证500,index_base,,,盘后辅助；大样本过滤入口
L7可交易过滤池,sh600885,600885.SH,宏发股份,,主板,,中证500,index_base,,,盘后辅助；大样本过滤入口
L7可交易过滤池,sh600886,600886.SH,国投电力,,主板,,沪深300,index_base,,,盘后辅助；大样本过滤入口
L7可交易过滤池,sh600887,600887.SH,伊利股份,,食品饮料,乳制品,大消费,"""user_enhance""；""index_base""",,,盘后辅助；大样本过滤入口
L7可交易过滤池,sh600893,600893.SH,航发动力,,主板,,沪深300,index_base,,,盘后辅助；大样本过滤入口
L7可交易过滤池,sh600900,600900.SH,长江电力,,电力,水电,大消费,"""user_enhance""；""index_base""",,,盘后辅助；大样本过滤入口
L7可交易过滤池,sh600901,600901.SH,江苏金租,,主板,,中证500,index_base,,,盘后辅助；大样本过滤入口
L7可交易过滤池,sh600905,600905.SH,三峡能源,,主板,,沪深300,index_base,,,盘后辅助；大样本过滤入口
L7可交易过滤池,sh600906,600906.SH,财达证券,,主板,,中证500,index_base,,,盘后辅助；大样本过滤入口
L7可交易过滤池,sh600909,600909.SH,华安证券,,主板,,中证500,index_base,,,盘后辅助；大样本过滤入口
L7可交易过滤池,sh600918,600918.SH,中泰证券,,主板,,沪深300,index_base,,,盘后辅助；大样本过滤入口
L7可交易过滤池,sh600919,600919.SH,江苏银行,,主板,,沪深300,index_base,,,盘后辅助；大样本过滤入口
L7可交易过滤池,sh600926,600926.SH,杭州银行,,主板,,沪深300,index_base,,,盘后辅助；大样本过滤入口
L7可交易过滤池,sh600927,600927.SH,永安期货,,主板,,中证500,index_base,,,盘后辅助；大样本过滤入口
L7可交易过滤池,sh600930,600930.SH,华电新能,,主板,,沪深300,index_base,,,盘后辅助；大样本过滤入口
L7可交易过滤池,sh600938,600938.SH,中国海油,,石油石化,海上油气,石油石化,"""user_enhance""；""index_base""",,,盘后辅助；大样本过滤入口
L7可交易过滤池,sh600941,600941.SH,中国移动,,通信,电信运营商,通信,"""user_enhance""；""index_base""",,,盘后辅助；大样本过滤入口
L7可交易过滤池,sh600959,600959.SH,江苏有线,,主板,,中证500,index_base,,,盘后辅助；大样本过滤入口
L7可交易过滤池,sh600967,600967.SH,内蒙一机,,主板,,中证500,index_base,,,盘后辅助；大样本过滤入口
L7可交易过滤池,sh600968,600968.SH,海油发展,,主板,,中证500,index_base,,,盘后辅助；大样本过滤入口
L7可交易过滤池,sh600970,600970.SH,中材国际,,主板,,中证500,index_base,,,盘后辅助；大样本过滤入口
L7可交易过滤池,sh600977,600977.SH,中国电影,,主板,,中证500,index_base,,,盘后辅助；大样本过滤入口
L7可交易过滤池,sh600985,600985.SH,淮北矿业,,主板,,中证500,index_base,,,盘后辅助；大样本过滤入口
L7可交易过滤池,sh600988,600988.SH,赤峰黄金,,主板,,中证500,index_base,,,盘后辅助；大样本过滤入口
L7可交易过滤池,sh600989,600989.SH,宝丰能源,,主板,,沪深300,index_base,,,盘后辅助；大样本过滤入口
L7可交易过滤池,sh600995,600995.SH,南网储能,,主板,,中证500,index_base,,,盘后辅助；大样本过滤入口
L7可交易过滤池,sh600998,600998.SH,九州通,,主板,,中证500,index_base,,,盘后辅助；大样本过滤入口
L7可交易过滤池,sh600999,600999.SH,招商证券,,主板,,沪深300,index_base,,,盘后辅助；大样本过滤入口
L7可交易过滤池,sh601000,601000.SH,唐山港,,主板,,中证500,index_base,,,盘后辅助；大样本过滤入口
L7可交易过滤池,sh601001,601001.SH,晋控煤业,,主板,,中证500,index_base,,,盘后辅助；大样本过滤入口
L7可交易过滤池,sh601006,601006.SH,大秦铁路,,主板,,沪深300,index_base,,,盘后辅助；大样本过滤入口
L7可交易过滤池,sh601009,601009.SH,南京银行,,主板,,沪深300,index_base,,,盘后辅助；大样本过滤入口
L7可交易过滤池,sh601012,601012.SH,隆基绿能,,新能源,光伏硅片+组件,新能源,"""user_enhance""；""index_base""",,,盘后辅助；大样本过滤入口
L7可交易过滤池,sh601016,601016.SH,节能风电,,主板,,中证500,index_base,,,盘后辅助；大样本过滤入口
L7可交易过滤池,sh601018,601018.SH,宁波港,,主板,,沪深300,index_base,,,盘后辅助；大样本过滤入口
L7可交易过滤池,sh601019,601019.SH,山东出版,,主板,,中证500,index_base,,,盘后辅助；大样本过滤入口
L7可交易过滤池,sh601021,601021.SH,春秋航空,,主板,,沪深300,index_base,,,盘后辅助；大样本过滤入口
L7可交易过滤池,sh601058,601058.SH,赛轮轮胎,,主板,,沪深300,index_base,,,盘后辅助；大样本过滤入口
L7可交易过滤池,sh601059,601059.SH,信达证券,,主板,,沪深300,index_base,,,盘后辅助；大样本过滤入口
L7可交易过滤池,sh601061,601061.SH,中信金属,,主板,,中证500,index_base,,,盘后辅助；大样本过滤入口
L7可交易过滤池,sh601066,601066.SH,中信建投,,主板,,沪深300,index_base,,,盘后辅助；大样本过滤入口
L7可交易过滤池,sh601077,601077.SH,渝农商行,,主板,,沪深300,index_base,,,盘后辅助；大样本过滤入口
L7可交易过滤池,sh601088,601088.SH,中国神华,,主板,,沪深300,index_base,,,盘后辅助；大样本过滤入口
L7可交易过滤池,sh601098,601098.SH,中南传媒,,主板,,中证500,index_base,,,盘后辅助；大样本过滤入口
L7可交易过滤池,sh601099,601099.SH,太平洋,,主板,,中证500,index_base,,,盘后辅助；大样本过滤入口
L7可交易过滤池,sh601100,601100.SH,恒立液压,,主板,,沪深300,index_base,,,盘后辅助；大样本过滤入口
L7可交易过滤池,sh601106,601106.SH,中国一重,,主板,,中证500,index_base,,,盘后辅助；大样本过滤入口
L7可交易过滤池,sh601108,601108.SH,财通证券,,主板,,中证500,index_base,,,盘后辅助；大样本过滤入口
L7可交易过滤池,sh601111,601111.SH,中国国航,,交通运输,航空,交通运输,"""user_enhance""；""index_base""",,,盘后辅助；大样本过滤入口
L7可交易过滤池,sh601117,601117.SH,中国化学,,主板,,沪深300,index_base,,,盘后辅助；大样本过滤入口
L7可交易过滤池,sh601118,601118.SH,海南橡胶,,主板,,中证500,index_base,,,盘后辅助；大样本过滤入口
L7可交易过滤池,sh601127,601127.SH,赛力斯,,主板,,沪深300,index_base,,,盘后辅助；大样本过滤入口
L7可交易过滤池,sh601128,601128.SH,常熟银行,,主板,,中证500,index_base,,,盘后辅助；大样本过滤入口
L7可交易过滤池,sh601136,601136.SH,首创证券,,主板,,沪深300,index_base,,,盘后辅助；大样本过滤入口
L7可交易过滤池,sh601138,601138.SH,工业富联,,电子制造,AI服务器,AI算力,"""user_enhance""；""index_base""",,,盘后辅助；大样本过滤入口
L7可交易过滤池,sh601139,601139.SH,深圳燃气,,主板,,中证500,index_base,,,盘后辅助；大样本过滤入口
L7可交易过滤池,sh601155,601155.SH,新城控股,,主板,,中证500,index_base,,,盘后辅助；大样本过滤入口
L7可交易过滤池,sh601156,601156.SH,东航物流,,主板,,中证500,index_base,,,盘后辅助；大样本过滤入口
L7可交易过滤池,sh601162,601162.SH,天风证券,,主板,,中证500,index_base,,,盘后辅助；大样本过滤入口
L7可交易过滤池,sh601166,601166.SH,兴业银行,,主板,,沪深300,index_base,,,盘后辅助；大样本过滤入口
L7可交易过滤池,sh601168,601168.SH,西部矿业,,主板,,中证500,index_base,,,盘后辅助；大样本过滤入口
L7可交易过滤池,sh601169,601169.SH,北京银行,,主板,,沪深300,index_base,,,盘后辅助；大样本过滤入口
L7可交易过滤池,sh601179,601179.SH,中国西电,,主板,,中证500,index_base,,,盘后辅助；大样本过滤入口
L7可交易过滤池,sh601186,601186.SH,中国铁建,,主板,,沪深300,index_base,,,盘后辅助；大样本过滤入口
L7可交易过滤池,sh601198,601198.SH,东兴证券,,主板,,中证500,index_base,,,盘后辅助；大样本过滤入口
L7可交易过滤池,sh601211,601211.SH,国泰海通,,主板,,沪深300,index_base,,,盘后辅助；大样本过滤入口
L7可交易过滤池,sh601212,601212.SH,白银有色,,主板,,中证500,index_base,,,盘后辅助；大样本过滤入口
L7可交易过滤池,sh601216,601216.SH,君正集团,,主板,,中证500,index_base,,,盘后辅助；大样本过滤入口
L7可交易过滤池,sh601225,601225.SH,陕西煤业,,主板,,沪深300,index_base,,,盘后辅助；大样本过滤入口
L7可交易过滤池,sh601228,601228.SH,广州港,,主板,,中证500,index_base,,,盘后辅助；大样本过滤入口
L7可交易过滤池,sh601229,601229.SH,上海银行,,主板,,沪深300,index_base,,,盘后辅助；大样本过滤入口
L7可交易过滤池,sh601231,601231.SH,环旭电子,,主板,,中证500,index_base,,,盘后辅助；大样本过滤入口
L7可交易过滤池,sh601233,601233.SH,桐昆股份,,主板,,中证500,index_base,,,盘后辅助；大样本过滤入口
L7可交易过滤池,sh601236,601236.SH,红塔证券,,主板,,沪深300,index_base,,,盘后辅助；大样本过滤入口
L7可交易过滤池,sh601238,601238.SH,广汽集团,,主板,,沪深300,index_base,,,盘后辅助；大样本过滤入口
L7可交易过滤池,sh601288,601288.SH,农业银行,,主板,,沪深300,index_base,,,盘后辅助；大样本过滤入口
L7可交易过滤池,sh601298,601298.SH,青岛港,,主板,,沪深300,index_base,,,盘后辅助；大样本过滤入口
L7可交易过滤池,sh601318,601318.SH,中国平安,,金融,保险,金融,"""user_enhance""；""index_base""",,,盘后辅助；大样本过滤入口
L7可交易过滤池,sh601319,601319.SH,中国人保,,主板,,沪深300,index_base,,,盘后辅助；大样本过滤入口
L7可交易过滤池,sh601328,601328.SH,交通银行,,主板,,沪深300,index_base,,,盘后辅助；大样本过滤入口
L7可交易过滤池,sh601333,601333.SH,广深铁路,,主板,,中证500,index_base,,,盘后辅助；大样本过滤入口
L7可交易过滤池,sh601336,601336.SH,新华保险,,主板,,沪深300,index_base,,,盘后辅助；大样本过滤入口
L7可交易过滤池,sh601360,601360.SH,三六零,,主板,,沪深300,index_base,,,盘后辅助；大样本过滤入口
L7可交易过滤池,sh601377,601377.SH,兴业证券,,主板,,沪深300,index_base,,,盘后辅助；大样本过滤入口
L7可交易过滤池,sh601390,601390.SH,中国中铁,,主板,,沪深300,index_base,,,盘后辅助；大样本过滤入口
L7可交易过滤池,sh601398,601398.SH,工商银行,,主板,,沪深300,index_base,,,盘后辅助；大样本过滤入口
L7可交易过滤池,sh601399,601399.SH,国机重装,,主板,,中证500,index_base,,,盘后辅助；大样本过滤入口
L7可交易过滤池,sh601456,601456.SH,国联民生,,主板,,沪深300,index_base,,,盘后辅助；大样本过滤入口
L7可交易过滤池,sh601555,601555.SH,东吴证券,,主板,,中证500,index_base,,,盘后辅助；大样本过滤入口
L7可交易过滤池,sh601567,601567.SH,三星电气,,主板,,中证500,index_base,,,盘后辅助；大样本过滤入口
L7可交易过滤池,sh601577,601577.SH,长沙银行,,主板,,中证500,index_base,,,盘后辅助；大样本过滤入口
L7可交易过滤池,sh601598,601598.SH,中国外运,,主板,,中证500,index_base,,,盘后辅助；大样本过滤入口
L7可交易过滤池,sh601600,601600.SH,中国铝业,,主板,,沪深300,index_base,,,盘后辅助；大样本过滤入口
L7可交易过滤池,sh601601,601601.SH,中国太保,,主板,,沪深300,index_base,,,盘后辅助；大样本过滤入口
L7可交易过滤池,sh601607,601607.SH,上海医药,,主板,,沪深300,index_base,,,盘后辅助；大样本过滤入口
L7可交易过滤池,sh601608,601608.SH,中信重工,,主板,,中证500,index_base,,,盘后辅助；大样本过滤入口
L7可交易过滤池,sh601611,601611.SH,中国核建,,主板,,中证500,index_base,,,盘后辅助；大样本过滤入口
L7可交易过滤池,sh601615,601615.SH,明阳智能,,主板,,中证500,index_base,,,盘后辅助；大样本过滤入口
L7可交易过滤池,sh601618,601618.SH,中国中冶,,主板,,沪深300,index_base,,,盘后辅助；大样本过滤入口
L7可交易过滤池,sh601628,601628.SH,中国人寿,,主板,,沪深300,index_base,,,盘后辅助；大样本过滤入口
L7可交易过滤池,sh601633,601633.SH,长城汽车,,汽车,整车,汽车,"""user_enhance""；""index_base""",,,盘后辅助；大样本过滤入口
L7可交易过滤池,sh601658,601658.SH,邮储银行,,主板,,沪深300,index_base,,,盘后辅助；大样本过滤入口
L7可交易过滤池,sh601665,601665.SH,齐鲁银行,,主板,,中证500,index_base,,,盘后辅助；大样本过滤入口
L7可交易过滤池,sh601666,601666.SH,平煤股份,,主板,,中证500,index_base,,,盘后辅助；大样本过滤入口
L7可交易过滤池,sh601668,601668.SH,中国建筑,,建筑装饰,建筑央国企,建筑装饰,"""user_enhance""；""index_base""",,,盘后辅助；大样本过滤入口
L7可交易过滤池,sh601669,601669.SH,中国电建,,主板,,沪深300,index_base,,,盘后辅助；大样本过滤入口
L7可交易过滤池,sh601688,601688.SH,华泰证券,,主板,,沪深300,index_base,,,盘后辅助；大样本过滤入口
L7可交易过滤池,sh601689,601689.SH,拓普集团,,主板,,沪深300,index_base,,,盘后辅助；大样本过滤入口
L7可交易过滤池,sh601696,601696.SH,中银证券,,主板,,中证500,index_base,,,盘后辅助；大样本过滤入口
L7可交易过滤池,sh601698,601698.SH,中国卫通,,主板,,沪深300,index_base,,,盘后辅助；大样本过滤入口
L7可交易过滤池,sh601699,601699.SH,潞安环能,,主板,,中证500,index_base,,,盘后辅助；大样本过滤入口
L7可交易过滤池,sh601717,601717.SH,中创智领,,主板,,中证500,index_base,,,盘后辅助；大样本过滤入口
L7可交易过滤池,sh601728,601728.SH,中国电信,,主板,,沪深300,index_base,,,盘后辅助；大样本过滤入口
L7可交易过滤池,sh601766,601766.SH,中国中车,,主板,,沪深300,index_base,,,盘后辅助；大样本过滤入口
L7可交易过滤池,sh601788,601788.SH,光大证券,,主板,,沪深300,index_base,,,盘后辅助；大样本过滤入口
L7可交易过滤池,sh601799,601799.SH,星宇股份,,主板,,中证500,index_base,,,盘后辅助；大样本过滤入口
L7可交易过滤池,sh601800,601800.SH,中国交建,,建筑装饰,基建+运河经济,建筑装饰,"""user_enhance""；""index_base""",,,盘后辅助；大样本过滤入口
L7可交易过滤池,sh601808,601808.SH,中海油服,,主板,,沪深300,index_base,,,盘后辅助；大样本过滤入口
L7可交易过滤池,sh601816,601816.SH,京沪高铁,,主板,,沪深300,index_base,,,盘后辅助；大样本过滤入口
L7可交易过滤池,sh601818,601818.SH,光大银行,,主板,,沪深300,index_base,,,盘后辅助；大样本过滤入口
L7可交易过滤池,sh601825,601825.SH,沪农商行,,主板,,沪深300,index_base,,,盘后辅助；大样本过滤入口
L7可交易过滤池,sh601838,601838.SH,成都银行,,主板,,沪深300,index_base,,,盘后辅助；大样本过滤入口
L7可交易过滤池,sh601857,601857.SH,中国石油,,石油石化,油气+天然气,石油石化,"""user_enhance""；""index_base""",,,盘后辅助；大样本过滤入口
L7可交易过滤池,sh601865,601865.SH,福莱特,,主板,,中证500,index_base,,,盘后辅助；大样本过滤入口
L7可交易过滤池,sh601866,601866.SH,中远海发,,主板,,中证500,index_base,,,盘后辅助；大样本过滤入口
L7可交易过滤池,sh601868,601868.SH,中国能建,,主板,,沪深300,index_base,,,盘后辅助；大样本过滤入口
L7可交易过滤池,sh601872,601872.SH,招商轮船,,主板,,沪深300,index_base,,,盘后辅助；大样本过滤入口
L7可交易过滤池,sh601877,601877.SH,正泰电器,,主板,,沪深300,index_base,,,盘后辅助；大样本过滤入口
L7可交易过滤池,sh601878,601878.SH,浙商证券,,主板,,沪深300,index_base,,,盘后辅助；大样本过滤入口
L7可交易过滤池,sh601880,601880.SH,辽港股份,,主板,,中证500,index_base,,,盘后辅助；大样本过滤入口
L7可交易过滤池,sh601881,601881.SH,中国银河,,主板,,沪深300,index_base,,,盘后辅助；大样本过滤入口
L7可交易过滤池,sh601882,601882.SH,海天精工,,机械设备,大型龙门加工中心,机械设备,"""user_enhance""；""strategic""",用户增强观察池重点关注；未纳入L8指数基底池；机械设备；大型龙门加工中心,,盘后辅助；大样本过滤入口
L7可交易过滤池,sh601888,601888.SH,中国中免,,主板,,沪深300,index_base,,,盘后辅助；大样本过滤入口
L7可交易过滤池,sh601898,601898.SH,中煤能源,,主板,,沪深300,index_base,,,盘后辅助；大样本过滤入口
L7可交易过滤池,sh601899,601899.SH,紫金矿业,,有色金属,铜金矿,资源/材料,"""user_enhance""；""index_base""",,,盘后辅助；大样本过滤入口
L7可交易过滤池,sh601901,601901.SH,方正证券,,主板,,沪深300,index_base,,,盘后辅助；大样本过滤入口
L7可交易过滤池,sh601916,601916.SH,浙商银行,,主板,,沪深300,index_base,,,盘后辅助；大样本过滤入口
L7可交易过滤池,sh601918,601918.SH,新集能源,,主板,,中证500,index_base,,,盘后辅助；大样本过滤入口
L7可交易过滤池,sh601919,601919.SH,中远海控,,主板,,沪深300,index_base,,,盘后辅助；大样本过滤入口
L7可交易过滤池,sh601921,601921.SH,浙版传媒,,主板,,中证500,index_base,,,盘后辅助；大样本过滤入口
L7可交易过滤池,sh601928,601928.SH,凤凰传媒,,主板,,中证500,index_base,,,盘后辅助；大样本过滤入口
L7可交易过滤池,sh601939,601939.SH,建设银行,,主板,,沪深300,index_base,,,盘后辅助；大样本过滤入口
L7可交易过滤池,sh601958,601958.SH,金钼股份,,主板,,中证500,index_base,,,盘后辅助；大样本过滤入口
L7可交易过滤池,sh601965,601965.SH,中国汽研,,主板,,中证500,index_base,,,盘后辅助；大样本过滤入口
L7可交易过滤池,sh601966,601966.SH,玲珑轮胎,,主板,,中证500,index_base,,,盘后辅助；大样本过滤入口
L7可交易过滤池,sh601985,601985.SH,中国核电,,电力,核电,电力,"""user_enhance""；""index_base""",,,盘后辅助；大样本过滤入口
L7可交易过滤池,sh601988,601988.SH,中国银行,,主板,,沪深300,index_base,,,盘后辅助；大样本过滤入口
L7可交易过滤池,sh601990,601990.SH,南京证券,,主板,,中证500,index_base,,,盘后辅助；大样本过滤入口
L7可交易过滤池,sh601991,601991.SH,大唐发电,,主板,,中证500,index_base,,,盘后辅助；大样本过滤入口
L7可交易过滤池,sh601995,601995.SH,中金公司,,主板,,沪深300,index_base,,,盘后辅助；大样本过滤入口
L7可交易过滤池,sh601997,601997.SH,贵阳银行,,主板,,中证500,index_base,,,盘后辅助；大样本过滤入口
L7可交易过滤池,sh601998,601998.SH,中信银行,,主板,,沪深300,index_base,,,盘后辅助；大样本过滤入口
L7可交易过滤池,sh603000,603000.SH,人民网,,主板,,中证500,index_base,,,盘后辅助；大样本过滤入口
L7可交易过滤池,sh603019,603019.SH,中科曙光,,主板,,沪深300,index_base,,,盘后辅助；大样本过滤入口
L7可交易过滤池,sh603049,603049.SH,中策橡胶,,主板,,中证500,index_base,,,盘后辅助；大样本过滤入口
L7可交易过滤池,sh603077,603077.SH,和邦生物,,主板,,中证500,index_base,,,盘后辅助；大样本过滤入口
L7可交易过滤池,sh603087,603087.SH,甘李药业,,主板,,中证500,index_base,,,盘后辅助；大样本过滤入口
L7可交易过滤池,sh603129,603129.SH,春风动力,,主板,,中证500,index_base,,,盘后辅助；大样本过滤入口
L7可交易过滤池,sh603156,603156.SH,养元饮品,,主板,,中证500,index_base,,,盘后辅助；大样本过滤入口
L7可交易过滤池,sh603160,603160.SH,汇顶科技,,主板,,中证500,index_base,,,盘后辅助；大样本过滤入口
L7可交易过滤池,sh603179,603179.SH,新泉股份,,主板,,中证500,index_base,,,盘后辅助；大样本过滤入口
L7可交易过滤池,sh603195,603195.SH,公牛集团,,主板,,沪深300,index_base,,,盘后辅助；大样本过滤入口
L7可交易过滤池,sh603225,603225.SH,新凤鸣,,主板,,中证500,index_base,,,盘后辅助；大样本过滤入口
L7可交易过滤池,sh603228,603228.SH,景旺电子,,主板,,中证500,index_base,,,盘后辅助；大样本过滤入口
L7可交易过滤池,sh603233,603233.SH,大参林,,主板,,中证500,index_base,,,盘后辅助；大样本过滤入口
L7可交易过滤池,sh603259,603259.SH,药明康德,,医药医疗,CXO,医药/医疗,"""user_enhance""；""index_base""",,,盘后辅助；大样本过滤入口
L7可交易过滤池,sh603260,603260.SH,合盛硅业,,主板,,沪深300,index_base,,,盘后辅助；大样本过滤入口
L7可交易过滤池,sh603288,603288.SH,海天味业,,主板,,沪深300,index_base,,,盘后辅助；大样本过滤入口
L7可交易过滤池,sh603290,603290.SH,斯达半导,,主板,,中证500,index_base,,,盘后辅助；大样本过滤入口
L7可交易过滤池,sh603296,603296.SH,华勤技术,,主板,,沪深300,index_base,,,盘后辅助；大样本过滤入口
L7可交易过滤池,sh603298,603298.SH,杭叉集团,,主板,,中证500,index_base,,,盘后辅助；大样本过滤入口
L7可交易过滤池,sh603338,603338.SH,浙江鼎力,,主板,,中证500,index_base,,,盘后辅助；大样本过滤入口
L7可交易过滤池,sh603341,603341.SH,龙旗科技,,主板,,中证500,index_base,,,盘后辅助；大样本过滤入口
L7可交易过滤池,sh603345,603345.SH,安井食品,,主板,,中证500,index_base,,,盘后辅助；大样本过滤入口
L7可交易过滤池,sh603369,603369.SH,今世缘,,主板,,沪深300,index_base,,,盘后辅助；大样本过滤入口
L7可交易过滤池,sh603379,603379.SH,三美股份,,主板,,中证500,index_base,,,盘后辅助；大样本过滤入口
L7可交易过滤池,sh603392,603392.SH,万泰生物,,主板,,沪深300,index_base,,,盘后辅助；大样本过滤入口
L7可交易过滤池,sh603444,603444.SH,吉比特,,主板,,中证500,index_base,,,盘后辅助；大样本过滤入口
L7可交易过滤池,sh603486,603486.SH,科沃斯,,主板,,中证500,index_base,,,盘后辅助；大样本过滤入口
L7可交易过滤池,sh603501,603501.SH,韦尔股份,,半导体,CMOS图像传感器,半导体,"""user_enhance""；""index_base""",,,盘后辅助；大样本过滤入口
L7可交易过滤池,sh603529,603529.SH,爱玛科技,,主板,,中证500,index_base,,,盘后辅助；大样本过滤入口
L7可交易过滤池,sh603565,603565.SH,中谷物流,,主板,,中证500,index_base,,,盘后辅助；大样本过滤入口
L7可交易过滤池,sh603568,603568.SH,伟明环保,,环保,固废处理+垃圾焚烧,环保,"""user_enhance""；""index_base""",,,盘后辅助；大样本过滤入口
L7可交易过滤池,sh603588,603588.SH,高能环境,,环保,生态修复,环保,"""user_enhance""；""strategic""",用户增强观察池重点关注；未纳入L8指数基底池；环保；生态修复,,盘后辅助；大样本过滤入口
L7可交易过滤池,sh603589,603589.SH,口子窖,,主板,,中证500,index_base,,,盘后辅助；大样本过滤入口
L7可交易过滤池,sh603596,603596.SH,伯特利,,主板,,中证500,index_base,,,盘后辅助；大样本过滤入口
L7可交易过滤池,sh603605,603605.SH,珀莱雅,,主板,,中证500,index_base,,,盘后辅助；大样本过滤入口
L7可交易过滤池,sh603606,603606.SH,东方电缆,,主板,,中证500,index_base,,,盘后辅助；大样本过滤入口
L7可交易过滤池,sh603650,603650.SH,彤程新材,,主板,,中证500,index_base,,,盘后辅助；大样本过滤入口
L7可交易过滤池,sh603658,603658.SH,安图生物,,主板,,中证500,index_base,,,盘后辅助；大样本过滤入口
L7可交易过滤池,sh603659,603659.SH,璞泰来,,主板,,中证500,index_base,,,盘后辅助；大样本过滤入口
L7可交易过滤池,sh603688,603688.SH,石英股份,,主板,,中证500,index_base,,,盘后辅助；大样本过滤入口
L7可交易过滤池,sh603699,603699.SH,纽威股份,,主板,,中证500,index_base,,,盘后辅助；大样本过滤入口
L7可交易过滤池,sh603707,603707.SH,健友股份,,主板,,中证500,index_base,,,盘后辅助；大样本过滤入口
L7可交易过滤池,sh603728,603728.SH,鸣志电器,,主板,,中证500,index_base,,,盘后辅助；大样本过滤入口
L7可交易过滤池,sh603737,603737.SH,三棵树,,主板,,中证500,index_base,,,盘后辅助；大样本过滤入口
L7可交易过滤池,sh603766,603766.SH,隆鑫通用,,主板,,中证500,index_base,,,盘后辅助；大样本过滤入口
L7可交易过滤池,sh603786,603786.SH,科博达,,主板,,中证500,index_base,,,盘后辅助；大样本过滤入口
L7可交易过滤池,sh603799,603799.SH,华友钴业,,主板,,沪深300,index_base,,,盘后辅助；大样本过滤入口
L7可交易过滤池,sh603806,603806.SH,福斯特,,主板,,中证500,index_base,,,盘后辅助；大样本过滤入口
L7可交易过滤池,sh603816,603816.SH,顾家家居,,主板,,中证500,index_base,,,盘后辅助；大样本过滤入口
L7可交易过滤池,sh603833,603833.SH,欧派家居,,主板,,中证500,index_base,,,盘后辅助；大样本过滤入口
L7可交易过滤池,sh603858,603858.SH,步长制药,,主板,,中证500,index_base,,,盘后辅助；大样本过滤入口
L7可交易过滤池,sh603885,603885.SH,吉祥航空,,主板,,中证500,index_base,,,盘后辅助；大样本过滤入口
L7可交易过滤池,sh603893,603893.SH,瑞芯微,,主板,,沪深300,index_base,,,盘后辅助；大样本过滤入口
L7可交易过滤池,sh603899,603899.SH,晨光股份,,主板,,中证500,index_base,,,盘后辅助；大样本过滤入口
L7可交易过滤池,sh603920,603920.SH,世运电路,,主板,,中证500,index_base,,,盘后辅助；大样本过滤入口
L7可交易过滤池,sh603927,603927.SH,中科软,,主板,,中证500,index_base,,,盘后辅助；大样本过滤入口
L7可交易过滤池,sh603939,603939.SH,益丰药房,,主板,,中证500,index_base,,,盘后辅助；大样本过滤入口
L7可交易过滤池,sh603979,603979.SH,金诚信,,主板,,中证500,index_base,,,盘后辅助；大样本过滤入口
L7可交易过滤池,sh603986,603986.SH,兆易创新,,半导体,存储芯片、MCU,半导体,"""user_enhance""；""index_base""",,,盘后辅助；大样本过滤入口
L7可交易过滤池,sh603993,603993.SH,洛阳钼业,,有色金属,铜钴钼,有色金属,"""user_enhance""；""index_base""",,,盘后辅助；大样本过滤入口
L7可交易过滤池,sh605117,605117.SH,德业股份,,主板,,沪深300,index_base,,,盘后辅助；大样本过滤入口
L7可交易过滤池,sh605358,605358.SH,立昂微,,主板,,中证500,index_base,,,盘后辅助；大样本过滤入口
L7可交易过滤池,sh605499,605499.SH,东鹏饮料,,主板,,沪深300,index_base,,,盘后辅助；大样本过滤入口
L7可交易过滤池,sh605589,605589.SH,圣泉集团,,主板,,中证500,index_base,,,盘后辅助；大样本过滤入口
L7可交易过滤池,sh688002,688002.SH,睿创微纳,,科创板,,中证500,index_base,,,盘后辅助；大样本过滤入口
L7可交易过滤池,sh688008,688008.SH,澜起科技,,半导体,内存接口芯片,半导体,"""user_enhance""；""index_base""",,,盘后辅助；大样本过滤入口
L7可交易过滤池,sh688009,688009.SH,中国通号,,科创板,,沪深300,index_base,,,盘后辅助；大样本过滤入口
L7可交易过滤池,sh688012,688012.SH,中微公司,,半导体,刻蚀设备,半导体,"""user_enhance""；""index_base""",,,盘后辅助；大样本过滤入口
L7可交易过滤池,sh688017,688017.SH,绿的谐波,,科创板,,中证500,index_base,,,盘后辅助；大样本过滤入口
L7可交易过滤池,sh688018,688018.SH,乐鑫科技,,科创板,,中证500,index_base,,,盘后辅助；大样本过滤入口
L7可交易过滤池,sh688019,688019.SH,安集科技,,科创板,,中证500,index_base,,,盘后辅助；大样本过滤入口
L7可交易过滤池,sh688027,688027.SH,国盾量子,,科创板,,中证500,index_base,,,盘后辅助；大样本过滤入口
L7可交易过滤池,sh688036,688036.SH,传音控股,,科创板,,沪深300,index_base,,,盘后辅助；大样本过滤入口
L7可交易过滤池,sh688037,688037.SH,芯源微,,科创板,,中证500,index_base,,,盘后辅助；大样本过滤入口
L7可交易过滤池,sh688041,688041.SH,海光信息,,半导体,高端处理器(CPU/DCU),AI算力,"""user_enhance""；""index_base""",,,盘后辅助；大样本过滤入口
L7可交易过滤池,sh688047,688047.SH,龙芯中科,,半导体,国产CPU,半导体,"""user_enhance""；""index_base""",,,盘后辅助；大样本过滤入口
L7可交易过滤池,sh688052,688052.SH,纳芯微,,科创板,,中证500,index_base,,,盘后辅助；大样本过滤入口
L7可交易过滤池,sh688065,688065.SH,凯赛生物,,科创板,,中证500,index_base,,,盘后辅助；大样本过滤入口
L7可交易过滤池,sh688082,688082.SH,盛美上海,,半导体,清洗设备,半导体,"""user_enhance""；""index_base""",,,盘后辅助；大样本过滤入口
L7可交易过滤池,sh688099,688099.SH,晶晨股份,,科创板,,中证500,index_base,,,盘后辅助；大样本过滤入口
L7可交易过滤池,sh688100,688100.SH,威胜信息,,科创板,,中证500,index_base,,,盘后辅助；大样本过滤入口
L7可交易过滤池,sh688111,688111.SH,金山办公,,软件互联网,办公软件,软件/互联网,"""user_enhance""；""index_base""",,,盘后辅助；大样本过滤入口
L7可交易过滤池,sh688114,688114.SH,华大智造,,科创板,,中证500,index_base,,,盘后辅助；大样本过滤入口
L7可交易过滤池,sh688120,688120.SH,华海清科,,科创板,,中证500,index_base,,,盘后辅助；大样本过滤入口
L7可交易过滤池,sh688122,688122.SH,西部超导,,科创板,,中证500,index_base,,,盘后辅助；大样本过滤入口
L7可交易过滤池,sh688126,688126.SH,沪硅产业,,科创板,,沪深300,index_base,,,盘后辅助；大样本过滤入口
L7可交易过滤池,sh688166,688166.SH,博瑞医药,,科创板,,中证500,index_base,,,盘后辅助；大样本过滤入口
L7可交易过滤池,sh688169,688169.SH,石头科技,,科创板,,沪深300,index_base,,,盘后辅助；大样本过滤入口
L7可交易过滤池,sh688172,688172.SH,燕东微,,科创板,,中证500,index_base,,,盘后辅助；大样本过滤入口
L7可交易过滤池,sh688180,688180.SH,君实生物,,科创板,,中证500,index_base,,,盘后辅助；大样本过滤入口
L7可交易过滤池,sh688183,688183.SH,生益电子,,科创板,,中证500,index_base,,,盘后辅助；大样本过滤入口
L7可交易过滤池,sh688187,688187.SH,时代电气,,科创板,,沪深300,index_base,,,盘后辅助；大样本过滤入口
L7可交易过滤池,sh688188,688188.SH,柏楚电子,,科创板,,中证500,index_base,,,盘后辅助；大样本过滤入口
L7可交易过滤池,sh688192,688192.SH,迪哲医药,,科创板,,中证500,index_base,,,盘后辅助；大样本过滤入口
L7可交易过滤池,sh688213,688213.SH,思特威,,科创板,,中证500,index_base,,,盘后辅助；大样本过滤入口
L7可交易过滤池,sh688220,688220.SH,翱捷科技,,科创板,,中证500,index_base,,,盘后辅助；大样本过滤入口
L7可交易过滤池,sh688223,688223.SH,晶科能源,,科创板,,沪深300,index_base,,,盘后辅助；大样本过滤入口
L7可交易过滤池,sh688234,688234.SH,天岳先进,,半导体,第三代半导体材料,半导体,"""user_enhance""；""index_base""",,,盘后辅助；大样本过滤入口
L7可交易过滤池,sh688235,688235.SH,百济神州,,医药医疗,抗肿瘤创新药,医药/医疗,"""user_enhance""；""index_base""",,,盘后辅助；大样本过滤入口
L7可交易过滤池,sh688248,688248.SH,南网科技,,科创板,,中证500,index_base,,,盘后辅助；大样本过滤入口
L7可交易过滤池,sh688256,688256.SH,寒武纪,,半导体,AI芯片、智能处理器,AI算力,"""user_enhance""；""index_base""",,,盘后辅助；大样本过滤入口
L7可交易过滤池,sh688266,688266.SH,泽璟制药,,科创板,,中证500,index_base,,,盘后辅助；大样本过滤入口
L7可交易过滤池,sh688271,688271.SH,联影医疗,,科创板,,沪深300,index_base,,,盘后辅助；大样本过滤入口
L7可交易过滤池,sh688278,688278.SH,特宝生物,,科创板,,中证500,index_base,,,盘后辅助；大样本过滤入口
L7可交易过滤池,sh688281,688281.SH,华秦科技,,科创板,,中证500,index_base,,,盘后辅助；大样本过滤入口
L7可交易过滤池,sh688295,688295.SH,中复神鹰,,科创板,,中证500,index_base,,,盘后辅助；大样本过滤入口
L7可交易过滤池,sh688297,688297.SH,中无人机,,科创板,,中证500,index_base,,,盘后辅助；大样本过滤入口
L7可交易过滤池,sh688301,688301.SH,奕瑞科技,,科创板,,中证500,index_base,,,盘后辅助；大样本过滤入口
L7可交易过滤池,sh688303,688303.SH,大全能源,,科创板,,沪深300,index_base,,,盘后辅助；大样本过滤入口
L7可交易过滤池,sh688305,688305.SH,科德数控,,机械设备,五轴联动龙门,机械设备,"""user_enhance""；""strategic""",用户增强观察池重点关注；未纳入L8指数基底池；机械设备；五轴联动龙门,,盘后辅助；大样本过滤入口
L7可交易过滤池,sh688318,688318.SH,财富趋势,,科创板,,中证500,index_base,,,盘后辅助；大样本过滤入口
L7可交易过滤池,sh688322,688322.SH,奥比中光,,科创板,,中证500,index_base,,,盘后辅助；大样本过滤入口
L7可交易过滤池,sh688336,688336.SH,三生国健,,科创板,,中证500,index_base,,,盘后辅助；大样本过滤入口
L7可交易过滤池,sh688347,688347.SH,华虹公司,,科创板,,中证500,index_base,,,盘后辅助；大样本过滤入口
L7可交易过滤池,sh688349,688349.SH,三一重能,,科创板,,中证500,index_base,,,盘后辅助；大样本过滤入口
L7可交易过滤池,sh688361,688361.SH,中科飞测,,科创板,,中证500,index_base,,,盘后辅助；大样本过滤入口
L7可交易过滤池,sh688363,688363.SH,华熙生物,,科创板,,中证500,index_base,,,盘后辅助；大样本过滤入口
L7可交易过滤池,sh688375,688375.SH,国博电子,,科创板,,中证500,index_base,,,盘后辅助；大样本过滤入口
L7可交易过滤池,sh688385,688385.SH,复旦微电,,科创板,,中证500,index_base,,,盘后辅助；大样本过滤入口
L7可交易过滤池,sh688387,688387.SH,信科移动,,科创板,,中证500,index_base,,,盘后辅助；大样本过滤入口
L7可交易过滤池,sh688396,688396.SH,华润微,,科创板,,沪深300,index_base,,,盘后辅助；大样本过滤入口
L7可交易过滤池,sh688425,688425.SH,铁建重工,,科创板,,中证500,index_base,,,盘后辅助；大样本过滤入口
L7可交易过滤池,sh688469,688469.SH,芯联集成,,科创板,,中证500,index_base,,,盘后辅助；大样本过滤入口
L7可交易过滤池,sh688472,688472.SH,阿特斯,,科创板,,沪深300,index_base,,,盘后辅助；大样本过滤入口
L7可交易过滤池,sh688475,688475.SH,萤石网络,,科创板,,中证500,index_base,,,盘后辅助；大样本过滤入口
L7可交易过滤池,sh688498,688498.SH,源杰科技,,半导体,光通信芯片(IDM),半导体,"""user_enhance""；""strategic""",用户增强观察池重点关注；未纳入L8指数基底池；半导体；光通信芯片(IDM),,盘后辅助；大样本过滤入口
L7可交易过滤池,sh688506,688506.SH,百利天恒,,科创板,,沪深300,index_base,,,盘后辅助；大样本过滤入口
L7可交易过滤池,sh688520,688520.SH,神州细胞,,科创板,,中证500,index_base,,,盘后辅助；大样本过滤入口
L7可交易过滤池,sh688521,688521.SH,芯原股份,,半导体,芯片设计服务、IP授权,AI算力,"""user_enhance""；""strategic""",用户增强观察池重点关注；未纳入L8指数基底池；AI算力；芯片设计服务、IP授权,,盘后辅助；大样本过滤入口
L7可交易过滤池,sh688525,688525.SH,佰维存储,,半导体,存储芯片,半导体,"""user_enhance""；""index_base""",,,盘后辅助；大样本过滤入口
L7可交易过滤池,sh688538,688538.SH,和辉光电,,科创板,,中证500,index_base,,,盘后辅助；大样本过滤入口
L7可交易过滤池,sh688561,688561.SH,奇安信,,科创板,,中证500,index_base,,,盘后辅助；大样本过滤入口
L7可交易过滤池,sh688563,688563.SH,航材股份,,科创板,,中证500,index_base,,,盘后辅助；大样本过滤入口
L7可交易过滤池,sh688568,688568.SH,中科星图,,科创板,,中证500,index_base,,,盘后辅助；大样本过滤入口
L7可交易过滤池,sh688578,688578.SH,艾力斯,,科创板,,中证500,index_base,,,盘后辅助；大样本过滤入口
L7可交易过滤池,sh688582,688582.SH,芯动联科,,科创板,,中证500,index_base,,,盘后辅助；大样本过滤入口
L7可交易过滤池,sh688599,688599.SH,天合光能,,新能源,光伏组件,新能源,"""user_enhance""；""index_base""",,,盘后辅助；大样本过滤入口
L7可交易过滤池,sh688608,688608.SH,恒玄科技,,科创板,,中证500,index_base,,,盘后辅助；大样本过滤入口
L7可交易过滤池,sh688615,688615.SH,合合信息,,科创板,,中证500,index_base,,,盘后辅助；大样本过滤入口
L7可交易过滤池,sh688617,688617.SH,惠泰医疗,,科创板,,中证500,index_base,,,盘后辅助；大样本过滤入口
L7可交易过滤池,sh688629,688629.SH,华丰科技,,科创板,,中证500,index_base,,,盘后辅助；大样本过滤入口
L7可交易过滤池,sh688676,688676.SH,金盘科技,,科创板,,中证500,index_base,,,盘后辅助；大样本过滤入口
L7可交易过滤池,sh688692,688692.SH,达梦数据,,科创板,,中证500,index_base,,,盘后辅助；大样本过滤入口
L7可交易过滤池,sh688702,688702.SH,盛科通信,,科创板,,中证500,index_base,,,盘后辅助；大样本过滤入口
L7可交易过滤池,sh688709,688709.SH,成都华微,,科创板,,中证500,index_base,,,盘后辅助；大样本过滤入口
L7可交易过滤池,sh688728,688728.SH,格科微,,科创板,,中证500,index_base,,,盘后辅助；大样本过滤入口
L7可交易过滤池,sh688772,688772.SH,珠海冠宇,,科创板,,中证500,index_base,,,盘后辅助；大样本过滤入口
L7可交易过滤池,sh688777,688777.SH,中控技术,,科创板,,中证500,index_base,,,盘后辅助；大样本过滤入口
L7可交易过滤池,sh688778,688778.SH,厦钨新能,,科创板,,中证500,index_base,,,盘后辅助；大样本过滤入口
L7可交易过滤池,sh688795,688795.SH,摩尔线程,,半导体,全功能GPU,AI算力,"""user_enhance""；""strategic""",用户增强观察池重点关注；未纳入L8指数基底池；AI算力；全功能GPU,,盘后辅助；大样本过滤入口
L7可交易过滤池,sh688802,688802.SH,沐曦股份,,半导体,GPU训练+推理,AI算力,"""user_enhance""；""strategic""",用户增强观察池重点关注；未纳入L8指数基底池；AI算力；GPU训练+推理,,盘后辅助；大样本过滤入口
L7可交易过滤池,sh688819,688819.SH,天能股份,,科创板,,中证500,index_base,,,盘后辅助；大样本过滤入口
L7可交易过滤池,sh688981,688981.SH,中芯国际,,半导体,晶圆代工,半导体,"""user_enhance""；""index_base""",,,盘后辅助；大样本过滤入口
L7可交易过滤池,sh689009,689009.SH,九号公司,,主板,,中证500,index_base,,,盘后辅助；大样本过滤入口
L7可交易过滤池,sz000001,000001.SZ,平安银行,,主板,,沪深300,index_base,,,盘后辅助；大样本过滤入口
L7可交易过滤池,sz000002,000002.SZ,万科A,,房地产,房地产开发,基建/建材/地产,"""user_enhance""；""index_base""",,,盘后辅助；大样本过滤入口
L7可交易过滤池,sz000009,000009.SZ,中国宝安,,主板,,中证500,index_base,,,盘后辅助；大样本过滤入口
L7可交易过滤池,sz000021,000021.SZ,深科技,,主板,,中证500,index_base,,,盘后辅助；大样本过滤入口
L7可交易过滤池,sz000027,000027.SZ,深圳能源,,主板,,中证500,index_base,,,盘后辅助；大样本过滤入口
L7可交易过滤池,sz000032,000032.SZ,深桑达A,,主板,,中证500,index_base,,,盘后辅助；大样本过滤入口
L7可交易过滤池,sz000034,000034.SZ,神州数码,,主板,,中证500,index_base,,,盘后辅助；大样本过滤入口
L7可交易过滤池,sz000039,000039.SZ,中集集团,,主板,,中证500,index_base,,,盘后辅助；大样本过滤入口
L7可交易过滤池,sz000050,000050.SZ,深天马A,,主板,,中证500,index_base,,,盘后辅助；大样本过滤入口
L7可交易过滤池,sz000060,000060.SZ,中金岭南,,主板,,中证500,index_base,,,盘后辅助；大样本过滤入口
L7可交易过滤池,sz000062,000062.SZ,深圳华强,,主板,,中证500,index_base,,,盘后辅助；大样本过滤入口
L7可交易过滤池,sz000063,000063.SZ,中兴通讯,,通信,通信设备+6G,通信,"""user_enhance""；""index_base""",,,盘后辅助；大样本过滤入口
L7可交易过滤池,sz000088,000088.SZ,盐田港,,主板,,中证500,index_base,,,盘后辅助；大样本过滤入口
L7可交易过滤池,sz000100,000100.SZ,TCL科技,,主板,,沪深300,index_base,,,盘后辅助；大样本过滤入口
L7可交易过滤池,sz000155,000155.SZ,川能动力,,主板,,中证500,index_base,,,盘后辅助；大样本过滤入口
L7可交易过滤池,sz000157,000157.SZ,中联重科,,主板,,沪深300,index_base,,,盘后辅助；大样本过滤入口
L7可交易过滤池,sz000166,000166.SZ,申万宏源,,主板,,沪深300,index_base,,,盘后辅助；大样本过滤入口
L7可交易过滤池,sz000301,000301.SZ,东方盛虹,,主板,,沪深300,index_base,,,盘后辅助；大样本过滤入口
L7可交易过滤池,sz000333,000333.SZ,美的集团,,家用电器,白色家电,大消费,"""user_enhance""；""index_base""",,,盘后辅助；大样本过滤入口
L7可交易过滤池,sz000338,000338.SZ,潍柴动力,,汽车,重卡发动机,汽车,"""user_enhance""；""index_base""",,,盘后辅助；大样本过滤入口
L7可交易过滤池,sz000400,000400.SZ,许继电气,,主板,,中证500,index_base,,,盘后辅助；大样本过滤入口
L7可交易过滤池,sz000408,000408.SZ,藏格矿业,,主板,,沪深300,index_base,,,盘后辅助；大样本过滤入口
L7可交易过滤池,sz000415,000415.SZ,渤海租赁,,主板,,中证500,index_base,,,盘后辅助；大样本过滤入口
L7可交易过滤池,sz000423,000423.SZ,东阿阿胶,,主板,,中证500,index_base,,,盘后辅助；大样本过滤入口
L7可交易过滤池,sz000425,000425.SZ,徐工机械,,主板,,沪深300,index_base,,,盘后辅助；大样本过滤入口
L7可交易过滤池,sz000426,000426.SZ,兴业银锡,,主板,,中证500,index_base,,,盘后辅助；大样本过滤入口
L7可交易过滤池,sz000429,000429.SZ,粤高速A,,主板,,中证500,index_base,,,盘后辅助；大样本过滤入口
L7可交易过滤池,sz000513,000513.SZ,丽珠集团,,主板,,中证500,index_base,,,盘后辅助；大样本过滤入口
L7可交易过滤池,sz000519,000519.SZ,中兵红箭,,主板,,中证500,index_base,,,盘后辅助；大样本过滤入口
L7可交易过滤池,sz000528,000528.SZ,柳工,,主板,,中证500,index_base,,,盘后辅助；大样本过滤入口
L7可交易过滤池,sz000537,000537.SZ,绿发电力,,主板,,中证500,index_base,,,盘后辅助；大样本过滤入口
L7可交易过滤池,sz000538,000538.SZ,云南白药,,医药医疗,中药,医药/医疗,"""user_enhance""；""index_base""",,,盘后辅助；大样本过滤入口
L7可交易过滤池,sz000539,000539.SZ,粤电力A,,主板,,中证500,index_base,,,盘后辅助；大样本过滤入口
L7可交易过滤池,sz000559,000559.SZ,万向钱潮,,主板,,中证500,index_base,,,盘后辅助；大样本过滤入口
L7可交易过滤池,sz000563,000563.SZ,陕国投A,,主板,,中证500,index_base,,,盘后辅助；大样本过滤入口
L7可交易过滤池,sz000568,000568.SZ,泸州老窖,,食品饮料,白酒,大消费,"""user_enhance""；""index_base""",,,盘后辅助；大样本过滤入口
L7可交易过滤池,sz000582,000582.SZ,北部湾港,,主板,,中证500,index_base,,,盘后辅助；大样本过滤入口
L7可交易过滤池,sz000591,000591.SZ,太阳能,,主板,,中证500,index_base,,,盘后辅助；大样本过滤入口
L7可交易过滤池,sz000596,000596.SZ,古井贡酒,,主板,,沪深300,index_base,,,盘后辅助；大样本过滤入口
L7可交易过滤池,sz000598,000598.SZ,兴蓉环境,,主板,,中证500,index_base,,,盘后辅助；大样本过滤入口
L7可交易过滤池,sz000617,000617.SZ,中油资本,,主板,,沪深300,index_base,,,盘后辅助；大样本过滤入口
L7可交易过滤池,sz000623,000623.SZ,吉林敖东,,主板,,中证500,index_base,,,盘后辅助；大样本过滤入口
L7可交易过滤池,sz000625,000625.SZ,长安汽车,,主板,,沪深300,index_base,,,盘后辅助；大样本过滤入口
L7可交易过滤池,sz000629,000629.SZ,钒钛股份,,主板,,中证500,index_base,,,盘后辅助；大样本过滤入口
L7可交易过滤池,sz000630,000630.SZ,铜陵有色,,主板,,沪深300,index_base,,,盘后辅助；大样本过滤入口
L7可交易过滤池,sz000651,000651.SZ,格力电器,,家用电器,空调,家用电器,"""user_enhance""；""index_base""",,,盘后辅助；大样本过滤入口
L7可交易过滤池,sz000657,000657.SZ,中钨高新,,主板,,历史重点关注,"""user_enhance""；""index_base""",,,盘后辅助；大样本过滤入口
L7可交易过滤池,sz000661,000661.SZ,长春高新,,主板,,沪深300,index_base,,,盘后辅助；大样本过滤入口
L7可交易过滤池,sz000683,000683.SZ,博源化工,,主板,,中证500,index_base,,,盘后辅助；大样本过滤入口
L7可交易过滤池,sz000703,000703.SZ,恒逸石化,,主板,,中证500,index_base,,,盘后辅助；大样本过滤入口
L7可交易过滤池,sz000708,000708.SZ,中信特钢,,钢铁,特钢龙头,钢铁,"""user_enhance""；""index_base""",,,盘后辅助；大样本过滤入口
L7可交易过滤池,sz000709,000709.SZ,河钢股份,,主板,,中证500,index_base,,,盘后辅助；大样本过滤入口
L7可交易过滤池,sz000723,000723.SZ,美锦能源,,主板,,中证500,index_base,,,盘后辅助；大样本过滤入口
L7可交易过滤池,sz000725,000725.SZ,京东方A,,主板,,沪深300,index_base,,,盘后辅助；大样本过滤入口
L7可交易过滤池,sz000728,000728.SZ,国元证券,,主板,,中证500,index_base,,,盘后辅助；大样本过滤入口
L7可交易过滤池,sz000729,000729.SZ,燕京啤酒,,主板,,中证500,index_base,,,盘后辅助；大样本过滤入口
L7可交易过滤池,sz000733,000733.SZ,振华科技,,主板,,中证500,index_base,,,盘后辅助；大样本过滤入口
L7可交易过滤池,sz000738,000738.SZ,航发控制,,主板,,中证500,index_base,,,盘后辅助；大样本过滤入口
L7可交易过滤池,sz000739,000739.SZ,普洛药业,,主板,,中证500,index_base,,,盘后辅助；大样本过滤入口
L7可交易过滤池,sz000750,000750.SZ,国海证券,,主板,,中证500,index_base,,,盘后辅助；大样本过滤入口
L7可交易过滤池,sz000768,000768.SZ,中航西飞,,主板,,沪深300,index_base,,,盘后辅助；大样本过滤入口
L7可交易过滤池,sz000776,000776.SZ,广发证券,,主板,,沪深300,index_base,,,盘后辅助；大样本过滤入口
L7可交易过滤池,sz000783,000783.SZ,长江证券,,主板,,中证500,index_base,,,盘后辅助；大样本过滤入口
L7可交易过滤池,sz000785,000785.SZ,居然智家,,主板,,中证500,index_base,,,盘后辅助；大样本过滤入口
L7可交易过滤池,sz000786,000786.SZ,北新建材,,主板,,沪深300,index_base,,,盘后辅助；大样本过滤入口
L7可交易过滤池,sz000792,000792.SZ,盐湖股份,,有色金属,盐湖提锂,资源/材料,"""user_enhance""；""index_base""",,,盘后辅助；大样本过滤入口
L7可交易过滤池,sz000807,000807.SZ,云铝股份,,有色金属,电解铝,有色金属,"""user_enhance""；""index_base""",,,盘后辅助；大样本过滤入口
L7可交易过滤池,sz000825,000825.SZ,太钢不锈,,主板,,中证500,index_base,,,盘后辅助；大样本过滤入口
L7可交易过滤池,sz000830,000830.SZ,鲁西化工,,主板,,中证500,index_base,,,盘后辅助；大样本过滤入口
L7可交易过滤池,sz000831,000831.SZ,中国稀土,,主板,,中证500,index_base,,,盘后辅助；大样本过滤入口
L7可交易过滤池,sz000837,000837.SZ,秦川机床,,机械设备,精密磨床+主轴,机械设备,"""user_enhance""；""strategic""",用户增强观察池重点关注；未纳入L8指数基底池；机械设备；精密磨床+主轴,,盘后辅助；大样本过滤入口
L7可交易过滤池,sz000858,000858.SZ,五粮液,,食品饮料,白酒,大消费,"""user_enhance""；""index_base""",,,盘后辅助；大样本过滤入口
L7可交易过滤池,sz000876,000876.SZ,新 希 望,,主板,,沪深300,index_base,,,盘后辅助；大样本过滤入口
L7可交易过滤池,sz000878,000878.SZ,云南铜业,,主板,,中证500,index_base,,,盘后辅助；大样本过滤入口
L7可交易过滤池,sz000883,000883.SZ,湖北能源,,主板,,中证500,index_base,,,盘后辅助；大样本过滤入口
L7可交易过滤池,sz000887,000887.SZ,中鼎股份,,主板,,中证500,index_base,,,盘后辅助；大样本过滤入口
L7可交易过滤池,sz000893,000893.SZ,亚钾国际,,主板,,中证500,index_base,,,盘后辅助；大样本过滤入口
L7可交易过滤池,sz000895,000895.SZ,双汇发展,,主板,,沪深300,index_base,,,盘后辅助；大样本过滤入口
L7可交易过滤池,sz000898,000898.SZ,鞍钢股份,,主板,,中证500,index_base,,,盘后辅助；大样本过滤入口
L7可交易过滤池,sz000906,000906.SZ,浙商中拓,,待补充,待补充,历史重点关注,"""user_enhance""；""strategic""",用户增强观察池重点关注；未纳入L8指数基底池,,盘后辅助；大样本过滤入口
L7可交易过滤池,sz000921,000921.SZ,海信家电,,主板,,中证500,index_base,,,盘后辅助；大样本过滤入口
L7可交易过滤池,sz000932,000932.SZ,华菱钢铁,,钢铁,高端板材,钢铁,"""user_enhance""；""index_base""",,,盘后辅助；大样本过滤入口
L7可交易过滤池,sz000933,000933.SZ,神火股份,,主板,,中证500,index_base,,,盘后辅助；大样本过滤入口
L7可交易过滤池,sz000937,000937.SZ,冀中能源,,主板,,中证500,index_base,,,盘后辅助；大样本过滤入口
L7可交易过滤池,sz000938,000938.SZ,紫光股份,,主板,,沪深300,index_base,,,盘后辅助；大样本过滤入口
L7可交易过滤池,sz000951,000951.SZ,中国重汽,,主板,,中证500,index_base,,,盘后辅助；大样本过滤入口
L7可交易过滤池,sz000958,000958.SZ,电投产融,,主板,,中证500,index_base,,,盘后辅助；大样本过滤入口
L7可交易过滤池,sz000959,000959.SZ,首钢股份,,主板,,中证500,index_base,,,盘后辅助；大样本过滤入口
L7可交易过滤池,sz000960,000960.SZ,锡业股份,,主板,,中证500,index_base,,,盘后辅助；大样本过滤入口
L7可交易过滤池,sz000963,000963.SZ,华东医药,,主板,,沪深300,index_base,,,盘后辅助；大样本过滤入口
L7可交易过滤池,sz000967,000967.SZ,盈峰环境,,主板,,中证500,index_base,,,盘后辅助；大样本过滤入口
L7可交易过滤池,sz000975,000975.SZ,山金国际,,主板,,沪深300,index_base,,,盘后辅助；大样本过滤入口
L7可交易过滤池,sz000977,000977.SZ,浪潮信息,,计算机设备,服务器,AI算力,"""user_enhance""；""index_base""",,,盘后辅助；大样本过滤入口
L7可交易过滤池,sz000983,000983.SZ,山西焦煤,,主板,,沪深300,index_base,,,盘后辅助；大样本过滤入口
L7可交易过滤池,sz000987,000987.SZ,越秀资本,,主板,,中证500,index_base,,,盘后辅助；大样本过滤入口
L7可交易过滤池,sz000997,000997.SZ,新 大 陆,,主板,,中证500,index_base,,,盘后辅助；大样本过滤入口
L7可交易过滤池,sz000999,000999.SZ,华润三九,,主板,,沪深300,index_base,,,盘后辅助；大样本过滤入口
L7可交易过滤池,sz001213,001213.SZ,中铁特货,,主板,,中证500,index_base,,,盘后辅助；大样本过滤入口
L7可交易过滤池,sz001221,001221.SZ,悍高集团,,主板,,中证500,index_base,,,盘后辅助；大样本过滤入口
L7可交易过滤池,sz001286,001286.SZ,陕西能源,,主板,,中证500,index_base,,,盘后辅助；大样本过滤入口
L7可交易过滤池,sz001389,001389.SZ,广合科技,,主板,,中证500,index_base,,,盘后辅助；大样本过滤入口
L7可交易过滤池,sz001391,001391.SZ,国货航,,主板,,沪深300,index_base,,,盘后辅助；大样本过滤入口
L7可交易过滤池,sz001696,001696.SZ,宗申动力,,主板,,中证500,index_base,,,盘后辅助；大样本过滤入口
L7可交易过滤池,sz001965,001965.SZ,招商公路,,交通运输,高速公路,交通运输,"""user_enhance""；""index_base""",,,盘后辅助；大样本过滤入口
L7可交易过滤池,sz001979,001979.SZ,招商蛇口,,主板,,沪深300,index_base,,,盘后辅助；大样本过滤入口
L7可交易过滤池,sz002001,002001.SZ,新和成,,基础化工,维生素/氨基酸,基础化工,"""user_enhance""；""index_base""",,,盘后辅助；大样本过滤入口
L7可交易过滤池,sz002003,002003.SZ,伟星股份,,纺织服饰,拉链纽扣辅料,纺织服饰,"""user_enhance""；""strategic""",用户增强观察池重点关注；未纳入L8指数基底池；纺织服饰；拉链纽扣辅料,,盘后辅助；大样本过滤入口
L7可交易过滤池,sz002007,002007.SZ,华兰生物,,主板,,中证500,index_base,,,盘后辅助；大样本过滤入口
L7可交易过滤池,sz002008,002008.SZ,大族激光,,主板,,中证500,index_base,,,盘后辅助；大样本过滤入口
L7可交易过滤池,sz002025,002025.SZ,航天电器,,主板,,中证500,index_base,,,盘后辅助；大样本过滤入口
L7可交易过滤池,sz002027,002027.SZ,分众传媒,,主板,,沪深300,index_base,,,盘后辅助；大样本过滤入口
L7可交易过滤池,sz002028,002028.SZ,思源电气,,主板,,历史重点关注,"""user_enhance""；""index_base""",,,盘后辅助；大样本过滤入口
L7可交易过滤池,sz002032,002032.SZ,苏泊尔,,主板,,中证500,index_base,,,盘后辅助；大样本过滤入口
L7可交易过滤池,sz002044,002044.SZ,美年健康,,主板,,中证500,index_base,,,盘后辅助；大样本过滤入口
L7可交易过滤池,sz002049,002049.SZ,紫光国微,,半导体,特种集成电路、安全芯片,半导体,"""user_enhance""；""index_base""",,,盘后辅助；大样本过滤入口
L7可交易过滤池,sz002050,002050.SZ,三花智控,,家用电器,制冷元器件+汽零,家用电器,"""user_enhance""；""index_base""",,,盘后辅助；大样本过滤入口
L7可交易过滤池,sz002051,002051.SZ,中工国际,,建筑装饰,国际工程,建筑装饰,"""user_enhance""；""strategic""",用户增强观察池重点关注；未纳入L8指数基底池；建筑装饰；国际工程,,盘后辅助；大样本过滤入口
L7可交易过滤池,sz002056,002056.SZ,横店东磁,,主板,,中证500,index_base,,,盘后辅助；大样本过滤入口
L7可交易过滤池,sz002064,002064.SZ,华峰化学,,主板,,中证500,index_base,,,盘后辅助；大样本过滤入口
L7可交易过滤池,sz002065,002065.SZ,东华软件,,主板,,中证500,index_base,,,盘后辅助；大样本过滤入口
L7可交易过滤池,sz002074,002074.SZ,国轩高科,,主板,,沪深300,index_base,,,盘后辅助；大样本过滤入口
L7可交易过滤池,sz002078,002078.SZ,太阳纸业,,主板,,中证500,index_base,,,盘后辅助；大样本过滤入口
L7可交易过滤池,sz002080,002080.SZ,中材科技,,主板,,中证500,index_base,,,盘后辅助；大样本过滤入口
L7可交易过滤池,sz002085,002085.SZ,万丰奥威,,主板,,中证500,index_base,,,盘后辅助；大样本过滤入口
L7可交易过滤池,sz002120,002120.SZ,韵达股份,,主板,,中证500,index_base,,,盘后辅助；大样本过滤入口
L7可交易过滤池,sz002126,002126.SZ,银轮股份,,主板,,中证500,index_base,,,盘后辅助；大样本过滤入口
L7可交易过滤池,sz002128,002128.SZ,电投能源,,主板,,中证500,index_base,,,盘后辅助；大样本过滤入口
L7可交易过滤池,sz002130,002130.SZ,沃尔核材,,主板,,中证500,index_base,,,盘后辅助；大样本过滤入口
L7可交易过滤池,sz002131,002131.SZ,利欧股份,,主板,,中证500,index_base,,,盘后辅助；大样本过滤入口
L7可交易过滤池,sz002138,002138.SZ,顺络电子,,主板,,中证500,index_base,,,盘后辅助；大样本过滤入口
L7可交易过滤池,sz002142,002142.SZ,宁波银行,,主板,,沪深300,index_base,,,盘后辅助；大样本过滤入口
L7可交易过滤池,sz002152,002152.SZ,广电运通,,主板,,中证500,index_base,,,盘后辅助；大样本过滤入口
L7可交易过滤池,sz002153,002153.SZ,石基信息,,主板,,中证500,index_base,,,盘后辅助；大样本过滤入口
L7可交易过滤池,sz002155,002155.SZ,湖南黄金,,主板,,中证500,index_base,,,盘后辅助；大样本过滤入口
L7可交易过滤池,sz002156,002156.SZ,通富微电,,半导体,封装测试,半导体,"""user_enhance""；""index_base""",,,盘后辅助；大样本过滤入口
L7可交易过滤池,sz002157,002157.SZ,正邦科技,,主板,,中证500,index_base,,,盘后辅助；大样本过滤入口
L7可交易过滤池,sz002179,002179.SZ,中航光电,,主板,,沪深300,index_base,,,盘后辅助；大样本过滤入口
L7可交易过滤池,sz002185,002185.SZ,华天科技,,主板,,中证500,index_base,,,盘后辅助；大样本过滤入口
L7可交易过滤池,sz002195,002195.SZ,岩山科技,,主板,,中证500,index_base,,,盘后辅助；大样本过滤入口
L7可交易过滤池,sz002202,002202.SZ,金风科技,,主板,,中证500,index_base,,,盘后辅助；大样本过滤入口
L7可交易过滤池,sz002203,002203.SZ,海亮股份,,主板,,中证500,index_base,,,盘后辅助；大样本过滤入口
L7可交易过滤池,sz002223,002223.SZ,鱼跃医疗,,主板,,中证500,index_base,,,盘后辅助；大样本过滤入口
L7可交易过滤池,sz002230,002230.SZ,科大讯飞,,软件互联网,AI语音,软件/互联网,"""user_enhance""；""index_base""",,,盘后辅助；大样本过滤入口
L7可交易过滤池,sz002236,002236.SZ,大华股份,,主板,,沪深300,index_base,,,盘后辅助；大样本过滤入口
L7可交易过滤池,sz002241,002241.SZ,歌尔股份,,主板,,沪深300,index_base,,,盘后辅助；大样本过滤入口
L7可交易过滤池,sz002244,002244.SZ,滨江集团,,主板,,中证500,index_base,,,盘后辅助；大样本过滤入口
L7可交易过滤池,sz002252,002252.SZ,上海莱士,,主板,,沪深300,index_base,,,盘后辅助；大样本过滤入口
L7可交易过滤池,sz002261,002261.SZ,拓维信息,,主板,,中证500,index_base,,,盘后辅助；大样本过滤入口
L7可交易过滤池,sz002262,002262.SZ,恩华药业,,主板,,中证500,index_base,,,盘后辅助；大样本过滤入口
L7可交易过滤池,sz002265,002265.SZ,建设工业,,主板,,中证500,index_base,,,盘后辅助；大样本过滤入口
L7可交易过滤池,sz002266,002266.SZ,浙富控股,,主板,,中证500,index_base,,,盘后辅助；大样本过滤入口
L7可交易过滤池,sz002271,002271.SZ,东方雨虹,,主板,,中证500,index_base,,,盘后辅助；大样本过滤入口
L7可交易过滤池,sz002273,002273.SZ,水晶光电,,主板,,中证500,index_base,,,盘后辅助；大样本过滤入口
L7可交易过滤池,sz002281,002281.SZ,光迅科技,,主板,,历史重点关注,"""user_enhance""；""index_base""",,,盘后辅助；大样本过滤入口
L7可交易过滤池,sz002294,002294.SZ,信立泰,,主板,,中证500,index_base,,,盘后辅助；大样本过滤入口
L7可交易过滤池,sz002299,002299.SZ,圣农发展,,主板,,中证500,index_base,,,盘后辅助；大样本过滤入口
L7可交易过滤池,sz002304,002304.SZ,洋河股份,,主板,,沪深300,index_base,,,盘后辅助；大样本过滤入口
L7可交易过滤池,sz002311,002311.SZ,海大集团,,农林牧渔,饲料,农林牧渔,"""user_enhance""；""index_base""",,,盘后辅助；大样本过滤入口
L7可交易过滤池,sz002312,002312.SZ,川发龙蟒,,主板,,中证500,index_base,,,盘后辅助；大样本过滤入口
L7可交易过滤池,sz002318,002318.SZ,久立特材,,主板,,中证500,index_base,,,盘后辅助；大样本过滤入口
L7可交易过滤池,sz002335,002335.SZ,科华数据,,主板,,中证500,index_base,,,盘后辅助；大样本过滤入口
L7可交易过滤池,sz002340,002340.SZ,格林美,,主板,,中证500,index_base,,,盘后辅助；大样本过滤入口
L7可交易过滤池,sz002345,002345.SZ,潮宏基,,商贸零售,黄金珠宝,商贸零售,"""user_enhance""；""strategic""",用户增强观察池重点关注；未纳入L8指数基底池；商贸零售；黄金珠宝,,盘后辅助；大样本过滤入口
L7可交易过滤池,sz002352,002352.SZ,顺丰控股,,交通运输,综合物流,交通运输,"""user_enhance""；""index_base""",,,盘后辅助；大样本过滤入口
L7可交易过滤池,sz002353,002353.SZ,杰瑞股份,,主板,,中证500,index_base,,,盘后辅助；大样本过滤入口
L7可交易过滤池,sz002371,002371.SZ,北方华创,,半导体,半导体设备全品类,半导体,"""user_enhance""；""index_base""",,,盘后辅助；大样本过滤入口
L7可交易过滤池,sz002372,002372.SZ,伟星新材,,主板,,中证500,index_base,,,盘后辅助；大样本过滤入口
L7可交易过滤池,sz002384,002384.SZ,东山精密,,主板,,沪深300,index_base,,,盘后辅助；大样本过滤入口
L7可交易过滤池,sz002385,002385.SZ,大北农,,主板,,中证500,index_base,,,盘后辅助；大样本过滤入口
L7可交易过滤池,sz002402,002402.SZ,和而泰,,主板,,中证500,index_base,,,盘后辅助；大样本过滤入口
L7可交易过滤池,sz002409,002409.SZ,雅克科技,,主板,,中证500,index_base,,,盘后辅助；大样本过滤入口
L7可交易过滤池,sz002410,002410.SZ,广联达,,主板,,中证500,index_base,,,盘后辅助；大样本过滤入口
L7可交易过滤池,sz002414,002414.SZ,高德红外,,主板,,中证500,index_base,,,盘后辅助；大样本过滤入口
L7可交易过滤池,sz002415,002415.SZ,海康威视,,主板,,沪深300,index_base,,,盘后辅助；大样本过滤入口
L7可交易过滤池,sz002422,002422.SZ,科伦药业,,主板,,沪深300,index_base,,,盘后辅助；大样本过滤入口
L7可交易过滤池,sz002423,002423.SZ,中粮资本,,主板,,中证500,index_base,,,盘后辅助；大样本过滤入口
L7可交易过滤池,sz002429,002429.SZ,兆驰股份,,主板,,中证500,index_base,,,盘后辅助；大样本过滤入口
L7可交易过滤池,sz002430,002430.SZ,杭氧股份,,主板,,中证500,index_base,,,盘后辅助；大样本过滤入口
L7可交易过滤池,sz002432,002432.SZ,九安医疗,,主板,,中证500,index_base,,,盘后辅助；大样本过滤入口
L7可交易过滤池,sz002436,002436.SZ,兴森科技,,主板,,中证500,index_base,,,盘后辅助；大样本过滤入口
L7可交易过滤池,sz002439,002439.SZ,启明星辰,,主板,,中证500,index_base,,,盘后辅助；大样本过滤入口
L7可交易过滤池,sz002444,002444.SZ,巨星科技,,主板,,中证500,index_base,,,盘后辅助；大样本过滤入口
L7可交易过滤池,sz002459,002459.SZ,晶澳科技,,主板,,沪深300,index_base,,,盘后辅助；大样本过滤入口
L7可交易过滤池,sz002460,002460.SZ,赣锋锂业,,有色金属,锂资源,新能源,"""user_enhance""；""index_base""",,,盘后辅助；大样本过滤入口
L7可交易过滤池,sz002461,002461.SZ,珠江啤酒,,主板,,中证500,index_base,,,盘后辅助；大样本过滤入口
L7可交易过滤池,sz002463,002463.SZ,沪电股份,,主板,,沪深300,index_base,,,盘后辅助；大样本过滤入口
L7可交易过滤池,sz002465,002465.SZ,海格通信,,主板,,中证500,index_base,,,盘后辅助；大样本过滤入口
L7可交易过滤池,sz002466,002466.SZ,天齐锂业,,有色金属,锂矿,资源/材料,"""user_enhance""；""index_base""",,,盘后辅助；大样本过滤入口
L7可交易过滤池,sz002472,002472.SZ,双环传动,,主板,,中证500,index_base,,,盘后辅助；大样本过滤入口
L7可交易过滤池,sz002475,002475.SZ,立讯精密,,主板,,沪深300,index_base,,,盘后辅助；大样本过滤入口
L7可交易过滤池,sz002493,002493.SZ,荣盛石化,,石油石化,炼化一体化,基础化工,"""user_enhance""；""index_base""",,,盘后辅助；大样本过滤入口
L7可交易过滤池,sz002500,002500.SZ,山西证券,,主板,,中证500,index_base,,,盘后辅助；大样本过滤入口
L7可交易过滤池,sz002508,002508.SZ,老板电器,,主板,,中证500,index_base,,,盘后辅助；大样本过滤入口
L7可交易过滤池,sz002517,002517.SZ,恺英网络,,主板,,中证500,index_base,,,盘后辅助；大样本过滤入口
L7可交易过滤池,sz002532,002532.SZ,天山铝业,,主板,,中证500,index_base,,,盘后辅助；大样本过滤入口
L7可交易过滤池,sz002555,002555.SZ,三七互娱,,传媒,游戏,传媒,"""user_enhance""；""strategic""",用户增强观察池重点关注；未纳入L8指数基底池；传媒；游戏,,盘后辅助；大样本过滤入口
L7可交易过滤池,sz002558,002558.SZ,巨人网络,,主板,,中证500,index_base,,,盘后辅助；大样本过滤入口
L7可交易过滤池,sz002568,002568.SZ,百润股份,,主板,,中证500,index_base,,,盘后辅助；大样本过滤入口
L7可交易过滤池,sz002583,002583.SZ,海能达,,主板,,中证500,index_base,,,盘后辅助；大样本过滤入口
L7可交易过滤池,sz002594,002594.SZ,比亚迪,,新能源,新能源整车+电池,新能源,"""user_enhance""；""index_base""",,,盘后辅助；大样本过滤入口
L7可交易过滤池,sz002595,002595.SZ,豪迈科技,,主板,,中证500,index_base,,,盘后辅助；大样本过滤入口
L7可交易过滤池,sz002600,002600.SZ,领益智造,,主板,,沪深300,index_base,,,盘后辅助；大样本过滤入口
L7可交易过滤池,sz002601,002601.SZ,龙佰集团,,主板,,沪深300,index_base,,,盘后辅助；大样本过滤入口
L7可交易过滤池,sz002602,002602.SZ,世纪华通,,传媒,游戏+IDC,传媒,"""user_enhance""；""strategic""",用户增强观察池重点关注；未纳入L8指数基底池；传媒；游戏+IDC,,盘后辅助；大样本过滤入口
L7可交易过滤池,sz002603,002603.SZ,以岭药业,,主板,,中证500,index_base,,,盘后辅助；大样本过滤入口
L7可交易过滤池,sz002607,002607.SZ,中公教育,,主板,,中证500,index_base,,,盘后辅助；大样本过滤入口
L7可交易过滤池,sz002608,002608.SZ,江苏国信,,主板,,中证500,index_base,,,盘后辅助；大样本过滤入口
L7可交易过滤池,sz002624,002624.SZ,完美世界,,主板,,中证500,index_base,,,盘后辅助；大样本过滤入口
L7可交易过滤池,sz002625,002625.SZ,光启技术,,主板,,沪深300,index_base,,,盘后辅助；大样本过滤入口
L7可交易过滤池,sz002648,002648.SZ,卫星化学,,主板,,沪深300,index_base,,,盘后辅助；大样本过滤入口
L7可交易过滤池,sz002670,002670.SZ,国盛证券,,主板,,中证500,index_base,,,盘后辅助；大样本过滤入口
L7可交易过滤池,sz002673,002673.SZ,西部证券,,主板,,中证500,index_base,,,盘后辅助；大样本过滤入口
L7可交易过滤池,sz002683,002683.SZ,广东宏大,,主板,,中证500,index_base,,,盘后辅助；大样本过滤入口
L7可交易过滤池,sz002709,002709.SZ,天赐材料,,主板,,沪深300,index_base,,,盘后辅助；大样本过滤入口
L7可交易过滤池,sz002714,002714.SZ,牧原股份,,农林牧渔,生猪养殖,农林牧渔,"""user_enhance""；""index_base""",,,盘后辅助；大样本过滤入口
L7可交易过滤池,sz002736,002736.SZ,国信证券,,主板,,沪深300,index_base,,,盘后辅助；大样本过滤入口
L7可交易过滤池,sz002738,002738.SZ,中矿资源,,主板,,中证500,index_base,,,盘后辅助；大样本过滤入口
L7可交易过滤池,sz002739,002739.SZ,儒意电影,,主板,,中证500,index_base,,,盘后辅助；大样本过滤入口
L7可交易过滤池,sz002756,002756.SZ,永兴材料,,主板,,中证500,index_base,,,盘后辅助；大样本过滤入口
L7可交易过滤池,sz002773,002773.SZ,康弘药业,,主板,,中证500,index_base,,,盘后辅助；大样本过滤入口
L7可交易过滤池,sz002797,002797.SZ,第一创业,,主板,,中证500,index_base,,,盘后辅助；大样本过滤入口
L7可交易过滤池,sz002812,002812.SZ,恩捷股份,,待补充,待补充,历史重点关注,"""user_enhance""；""strategic""",用户增强观察池重点关注；未纳入L8指数基底池,,盘后辅助；大样本过滤入口
L7可交易过滤池,sz002821,002821.SZ,凯莱英,,主板,,中证500,index_base,,,盘后辅助；大样本过滤入口
L7可交易过滤池,sz002831,002831.SZ,裕同科技,,主板,,中证500,index_base,,,盘后辅助；大样本过滤入口
L7可交易过滤池,sz002837,002837.SZ,英维克,,主板,,中证500,index_base,,,盘后辅助；大样本过滤入口
L7可交易过滤池,sz002841,002841.SZ,视源股份,,主板,,中证500,index_base,,,盘后辅助；大样本过滤入口
L7可交易过滤池,sz002850,002850.SZ,科达利,,主板,,中证500,index_base,,,盘后辅助；大样本过滤入口
L7可交易过滤池,sz002851,002851.SZ,麦格米特,,主板,,中证500,index_base,,,盘后辅助；大样本过滤入口
L7可交易过滤池,sz002867,002867.SZ,周大生,,商贸零售,黄金珠宝,商贸零售,"""user_enhance""；""strategic""",用户增强观察池重点关注；未纳入L8指数基底池；商贸零售；黄金珠宝,,盘后辅助；大样本过滤入口
L7可交易过滤池,sz002916,002916.SZ,深南电路,,主板,,沪深300,index_base,,,盘后辅助；大样本过滤入口
L7可交易过滤池,sz002920,002920.SZ,德赛西威,,汽车,智能驾驶域控制器,汽车,"""user_enhance""；""index_base""",,,盘后辅助；大样本过滤入口
L7可交易过滤池,sz002926,002926.SZ,华西证券,,主板,,中证500,index_base,,,盘后辅助；大样本过滤入口
L7可交易过滤池,sz002938,002938.SZ,鹏鼎控股,,主板,,沪深300,index_base,,,盘后辅助；大样本过滤入口
L7可交易过滤池,sz002939,002939.SZ,长城证券,,主板,,中证500,index_base,,,盘后辅助；大样本过滤入口
L7可交易过滤池,sz002945,002945.SZ,华林证券,,主板,,中证500,index_base,,,盘后辅助；大样本过滤入口
L7可交易过滤池,sz002958,002958.SZ,青农商行,,主板,,中证500,index_base,,,盘后辅助；大样本过滤入口
L7可交易过滤池,sz002966,002966.SZ,苏州银行,,主板,,中证500,index_base,,,盘后辅助；大样本过滤入口
L7可交易过滤池,sz002973,002973.SZ,侨银股份,,环保,环卫服务,环保,"""user_enhance""；""strategic""",用户增强观察池重点关注；未纳入L8指数基底池；环保；环卫服务,,盘后辅助；大样本过滤入口
L7可交易过滤池,sz002984,002984.SZ,森麒麟,,主板,,中证500,index_base,,,盘后辅助；大样本过滤入口
L7可交易过滤池,sz003021,003021.SZ,兆威机电,,主板,,中证500,index_base,,,盘后辅助；大样本过滤入口
L7可交易过滤池,sz003022,003022.SZ,联泓新科,,主板,,中证500,index_base,,,盘后辅助；大样本过滤入口
L7可交易过滤池,sz003031,003031.SZ,中瓷电子,,主板,,中证500,index_base,,,盘后辅助；大样本过滤入口
L7可交易过滤池,sz003035,003035.SZ,南网能源,,主板,,中证500,index_base,,,盘后辅助；大样本过滤入口
L7可交易过滤池,sz003816,003816.SZ,中国广核,,电力,核电,电力,"""user_enhance""；""index_base""",,,盘后辅助；大样本过滤入口
L7可交易过滤池,sz300001,300001.SZ,特锐德,,创业板,,中证500,index_base,,,盘后辅助；大样本过滤入口
L7可交易过滤池,sz300002,300002.SZ,神州泰岳,,创业板,,中证500,index_base,,,盘后辅助；大样本过滤入口
L7可交易过滤池,sz300003,300003.SZ,乐普医疗,,创业板,,中证500,index_base,,,盘后辅助；大样本过滤入口
L7可交易过滤池,sz300012,300012.SZ,华测检测,,创业板,,中证500,index_base,,,盘后辅助；大样本过滤入口
L7可交易过滤池,sz300014,300014.SZ,亿纬锂能,,新能源,储能+动力电池,新能源,"""user_enhance""；""index_base""",,,盘后辅助；大样本过滤入口
L7可交易过滤池,sz300015,300015.SZ,爱尔眼科,,医药医疗,眼科医疗,医药/医疗,"""user_enhance""；""index_base""",,,盘后辅助；大样本过滤入口
L7可交易过滤池,sz300017,300017.SZ,网宿科技,,创业板,,中证500,index_base,,,盘后辅助；大样本过滤入口
L7可交易过滤池,sz300024,300024.SZ,机器人,,创业板,,中证500,index_base,,,盘后辅助；大样本过滤入口
L7可交易过滤池,sz300033,300033.SZ,同花顺,,创业板,,沪深300,index_base,,,盘后辅助；大样本过滤入口
L7可交易过滤池,sz300037,300037.SZ,新宙邦,,创业板,,中证500,index_base,,,盘后辅助；大样本过滤入口
L7可交易过滤池,sz300054,300054.SZ,鼎龙股份,,创业板,,中证500,index_base,,,盘后辅助；大样本过滤入口
L7可交易过滤池,sz300058,300058.SZ,蓝色光标,,创业板,,中证500,index_base,,,盘后辅助；大样本过滤入口
L7可交易过滤池,sz300059,300059.SZ,东方财富,,金融,互联网券商,金融,"""user_enhance""；""index_base""",,,盘后辅助；大样本过滤入口
L7可交易过滤池,sz300070,300070.SZ,碧水源,,创业板,,中证500,index_base,,,盘后辅助；大样本过滤入口
L7可交易过滤池,sz300073,300073.SZ,当升科技,,创业板,,中证500,index_base,,,盘后辅助；大样本过滤入口
L7可交易过滤池,sz300100,300100.SZ,双林股份,,创业板,,中证500,index_base,,,盘后辅助；大样本过滤入口
L7可交易过滤池,sz300115,300115.SZ,长盈精密,,创业板,,中证500,index_base,,,盘后辅助；大样本过滤入口
L7可交易过滤池,sz300122,300122.SZ,智飞生物,,创业板,,沪深300,index_base,,,盘后辅助；大样本过滤入口
L7可交易过滤池,sz300124,300124.SZ,汇川技术,,创业板,,沪深300,index_base,,,盘后辅助；大样本过滤入口
L7可交易过滤池,sz300136,300136.SZ,信维通信,,创业板,,中证500,index_base,,,盘后辅助；大样本过滤入口
L7可交易过滤池,sz300140,300140.SZ,节能环境,,创业板,,中证500,index_base,,,盘后辅助；大样本过滤入口
L7可交易过滤池,sz300142,300142.SZ,沃森生物,,创业板,,中证500,index_base,,,盘后辅助；大样本过滤入口
L7可交易过滤池,sz300144,300144.SZ,宋城演艺,,创业板,,中证500,index_base,,,盘后辅助；大样本过滤入口
L7可交易过滤池,sz300146,300146.SZ,汤臣倍健,,创业板,,中证500,index_base,,,盘后辅助；大样本过滤入口
L7可交易过滤池,sz300207,300207.SZ,欣旺达,,创业板,,中证500,index_base,,,盘后辅助；大样本过滤入口
L7可交易过滤池,sz300223,300223.SZ,北京君正,,创业板,,中证500,index_base,,,盘后辅助；大样本过滤入口
L7可交易过滤池,sz300251,300251.SZ,光线传媒,,创业板,,沪深300,index_base,,,盘后辅助；大样本过滤入口
L7可交易过滤池,sz300274,300274.SZ,阳光电源,,新能源,逆变器+储能,新能源,"""user_enhance""；""index_base""",,,盘后辅助；大样本过滤入口
L7可交易过滤池,sz300285,300285.SZ,国瓷材料,,创业板,,中证500,index_base,,,盘后辅助；大样本过滤入口
L7可交易过滤池,sz300308,300308.SZ,中际旭创,,通信,光模块,AI算力,"""user_enhance""；""index_base""",,,盘后辅助；大样本过滤入口
L7可交易过滤池,sz300316,300316.SZ,晶盛机电,,创业板,,沪深300,index_base,,,盘后辅助；大样本过滤入口
L7可交易过滤池,sz300339,300339.SZ,润和软件,,创业板,,中证500,index_base,,,盘后辅助；大样本过滤入口
L7可交易过滤池,sz300346,300346.SZ,南大光电,,创业板,,中证500,index_base,,,盘后辅助；大样本过滤入口
L7可交易过滤池,sz300347,300347.SZ,泰格医药,,创业板,,沪深300,index_base,,,盘后辅助；大样本过滤入口
L7可交易过滤池,sz300364,300364.SZ,中文在线,,传媒,数字阅读+IP,传媒,"""user_enhance""；""strategic""",用户增强观察池重点关注；未纳入L8指数基底池；传媒；数字阅读+IP,,盘后辅助；大样本过滤入口
L7可交易过滤池,sz300373,300373.SZ,扬杰科技,,创业板,,中证500,index_base,,,盘后辅助；大样本过滤入口
L7可交易过滤池,sz300383,300383.SZ,光环新网,,创业板,,中证500,index_base,,,盘后辅助；大样本过滤入口
L7可交易过滤池,sz300390,300390.SZ,天华新能,,创业板,,中证500,index_base,,,盘后辅助；大样本过滤入口
L7可交易过滤池,sz300394,300394.SZ,天孚通信,,通信,光器件,通信,"""user_enhance""；""index_base""",,,盘后辅助；大样本过滤入口
L7可交易过滤池,sz300395,300395.SZ,菲利华,,创业板,,中证500,index_base,,,盘后辅助；大样本过滤入口
L7可交易过滤池,sz300408,300408.SZ,三环集团,,创业板,,沪深300,index_base,,,盘后辅助；大样本过滤入口
L7可交易过滤池,sz300413,300413.SZ,芒果超媒,,创业板,,沪深300,index_base,,,盘后辅助；大样本过滤入口
L7可交易过滤池,sz300418,300418.SZ,昆仑万维,,创业板,,沪深300,index_base,,,盘后辅助；大样本过滤入口
L7可交易过滤池,sz300432,300432.SZ,富临精工,,创业板,,中证500,index_base,,,盘后辅助；大样本过滤入口
L7可交易过滤池,sz300433,300433.SZ,蓝思科技,,创业板,,沪深300,index_base,,,盘后辅助；大样本过滤入口
L7可交易过滤池,sz300442,300442.SZ,润泽科技,,创业板,,沪深300,index_base,,,盘后辅助；大样本过滤入口
L7可交易过滤池,sz300450,300450.SZ,先导智能,,创业板,,中证500,index_base,,,盘后辅助；大样本过滤入口
L7可交易过滤池,sz300454,300454.SZ,深信服,,创业板,,中证500,index_base,,,盘后辅助；大样本过滤入口
L7可交易过滤池,sz300458,300458.SZ,全志科技,,创业板,,中证500,index_base,,,盘后辅助；大样本过滤入口
L7可交易过滤池,sz300474,300474.SZ,景嘉微,,创业板,,中证500,index_base,,,盘后辅助；大样本过滤入口
L7可交易过滤池,sz300476,300476.SZ,胜宏科技,,创业板,,沪深300,index_base,,,盘后辅助；大样本过滤入口
L7可交易过滤池,sz300487,300487.SZ,蓝晓科技,,创业板,,中证500,index_base,,,盘后辅助；大样本过滤入口
L7可交易过滤池,sz300496,300496.SZ,中科创达,,创业板,,中证500,index_base,,,盘后辅助；大样本过滤入口
L7可交易过滤池,sz300498,300498.SZ,温氏股份,,农林牧渔,生猪+黄羽鸡,农林牧渔,"""user_enhance""；""index_base""",,,盘后辅助；大样本过滤入口
L7可交易过滤池,sz300502,300502.SZ,新易盛,,创业板,,历史重点关注,"""user_enhance""；""index_base""",,,盘后辅助；大样本过滤入口
L7可交易过滤池,sz300529,300529.SZ,健帆生物,,创业板,,中证500,index_base,,,盘后辅助；大样本过滤入口
L7可交易过滤池,sz300558,300558.SZ,贝达药业,,创业板,,中证500,index_base,,,盘后辅助；大样本过滤入口
L7可交易过滤池,sz300567,300567.SZ,精测电子,,创业板,,中证500,index_base,,,盘后辅助；大样本过滤入口
L7可交易过滤池,sz300570,300570.SZ,太辰光,,创业板,,中证500,index_base,,,盘后辅助；大样本过滤入口
L7可交易过滤池,sz300601,300601.SZ,康泰生物,,创业板,,中证500,index_base,,,盘后辅助；大样本过滤入口
L7可交易过滤池,sz300604,300604.SZ,长川科技,,创业板,,中证500,index_base,,,盘后辅助；大样本过滤入口
L7可交易过滤池,sz300623,300623.SZ,捷捷微电,,创业板,,中证500,index_base,,,盘后辅助；大样本过滤入口
L7可交易过滤池,sz300627,300627.SZ,华测导航,,创业板,,中证500,index_base,,,盘后辅助；大样本过滤入口
L7可交易过滤池,sz300628,300628.SZ,亿联网络,,创业板,,沪深300,index_base,,,盘后辅助；大样本过滤入口
L7可交易过滤池,sz300641,300641.SZ,正丹股份,,待补充,待补充,历史重点关注,"""user_enhance""；""strategic""",用户增强观察池重点关注；未纳入L8指数基底池,,盘后辅助；大样本过滤入口
L7可交易过滤池,sz300661,300661.SZ,圣邦股份,,创业板,,沪深300,index_base,,,盘后辅助；大样本过滤入口
L7可交易过滤池,sz300676,300676.SZ,华大基因,,创业板,,中证500,index_base,,,盘后辅助；大样本过滤入口
L7可交易过滤池,sz300677,300677.SZ,英科医疗,,创业板,,中证500,index_base,,,盘后辅助；大样本过滤入口
L7可交易过滤池,sz300679,300679.SZ,电连技术,,创业板,,中证500,index_base,,,盘后辅助；大样本过滤入口
L7可交易过滤池,sz300699,300699.SZ,光威复材,,创业板,,中证500,index_base,,,盘后辅助；大样本过滤入口
L7可交易过滤池,sz300718,300718.SZ,长盛轴承,,创业板,,中证500,index_base,,,盘后辅助；大样本过滤入口
L7可交易过滤池,sz300724,300724.SZ,捷佳伟创,,创业板,,历史重点关注,"""user_enhance""；""index_base""",,,盘后辅助；大样本过滤入口
L7可交易过滤池,sz300735,300735.SZ,光弘科技,,创业板,,中证500,index_base,,,盘后辅助；大样本过滤入口
L7可交易过滤池,sz300748,300748.SZ,金力永磁,,创业板,,中证500,index_base,,,盘后辅助；大样本过滤入口
L7可交易过滤池,sz300750,300750.SZ,宁德时代,,新能源,动力电池+储能,新能源,"""user_enhance""；""index_base""",,,盘后辅助；大样本过滤入口
L7可交易过滤池,sz300751,300751.SZ,迈为股份,,创业板,,中证500,index_base,,,盘后辅助；大样本过滤入口
L7可交易过滤池,sz300757,300757.SZ,罗博特科,,创业板,,中证500,index_base,,,盘后辅助；大样本过滤入口
L7可交易过滤池,sz300759,300759.SZ,康龙化成,,创业板,,沪深300,index_base,,,盘后辅助；大样本过滤入口
L7可交易过滤池,sz300760,300760.SZ,迈瑞医疗,,医药医疗,高端医疗器械,医药/医疗,"""user_enhance""；""index_base""",,,盘后辅助；大样本过滤入口
L7可交易过滤池,sz300763,300763.SZ,锦浪科技,,创业板,,中证500,index_base,,,盘后辅助；大样本过滤入口
L7可交易过滤池,sz300782,300782.SZ,卓胜微,,半导体,射频前端芯片,半导体,"""user_enhance""；""index_base""",,,盘后辅助；大样本过滤入口
L7可交易过滤池,sz300803,300803.SZ,指南针,,创业板,,沪深300,index_base,,,盘后辅助；大样本过滤入口
L7可交易过滤池,sz300832,300832.SZ,新产业,,创业板,,沪深300,index_base,,,盘后辅助；大样本过滤入口
L7可交易过滤池,sz300857,300857.SZ,协创数据,,创业板,,中证500,index_base,,,盘后辅助；大样本过滤入口
L7可交易过滤池,sz300866,300866.SZ,安克创新,,创业板,,沪深300,index_base,,,盘后辅助；大样本过滤入口
L7可交易过滤池,sz300871,300871.SZ,回盛生物,,待补充,待补充,历史重点关注,"""user_enhance""；""strategic""",用户增强观察池重点关注；未纳入L8指数基底池,,盘后辅助；大样本过滤入口
L7可交易过滤池,sz300888,300888.SZ,稳健医疗,,创业板,,中证500,index_base,,,盘后辅助；大样本过滤入口
L7可交易过滤池,sz300896,300896.SZ,爱美客,,创业板,,沪深300,index_base,,,盘后辅助；大样本过滤入口
L7可交易过滤池,sz300919,300919.SZ,中伟新材,,创业板,,中证500,index_base,,,盘后辅助；大样本过滤入口
L7可交易过滤池,sz300957,300957.SZ,贝泰妮,,创业板,,中证500,index_base,,,盘后辅助；大样本过滤入口
L7可交易过滤池,sz300972,300972.SZ,万辰集团,,创业板,,中证500,index_base,,,盘后辅助；大样本过滤入口
L7可交易过滤池,sz300979,300979.SZ,华利集团,,纺织服饰,运动鞋履,纺织服饰,"""user_enhance""；""index_base""",,,盘后辅助；大样本过滤入口
L7可交易过滤池,sz300999,300999.SZ,金龙鱼,,创业板,,沪深300,index_base,,,盘后辅助；大样本过滤入口
L7可交易过滤池,sz301200,301200.SZ,大族数控,,创业板,,中证500,index_base,,,盘后辅助；大样本过滤入口
L7可交易过滤池,sz301236,301236.SZ,软通动力,,创业板,,沪深300,index_base,,,盘后辅助；大样本过滤入口
L7可交易过滤池,sz301269,301269.SZ,华大九天,,创业板,,沪深300,index_base,,,盘后辅助；大样本过滤入口
L7可交易过滤池,sz301301,301301.SZ,川宁生物,,创业板,,中证500,index_base,,,盘后辅助；大样本过滤入口
L7可交易过滤池,sz301308,301308.SZ,江波龙,,创业板,,中证500,index_base,,,盘后辅助；大样本过滤入口
L7可交易过滤池,sz301358,301358.SZ,湖南裕能,,创业板,,中证500,index_base,,,盘后辅助；大样本过滤入口
L7可交易过滤池,sz301498,301498.SZ,乖宝宠物,,创业板,,中证500,index_base,,,盘后辅助；大样本过滤入口
L7可交易过滤池,sz301536,301536.SZ,星宸科技,,创业板,,中证500,index_base,,,盘后辅助；大样本过滤入口
L7可交易过滤池,sz301611,301611.SZ,珂玛科技,,创业板,,中证500,index_base,,,盘后辅助；大样本过滤入口
L7可交易过滤池,sz302132,302132.SZ,中航成飞,,主板,,沪深300,index_base,,,盘后辅助；大样本过滤入口
L6行业主题观察池,sh688047,688047.SH,龙芯中科,,半导体,国产CPU,半导体,"""user_enhance""；""index_base""","""行业强度分5.0""；""资金活跃度分4.88""；""近5/20日成交额放量率84.29%""",4.6045,晚间主输入；行业主题入口
L6行业主题观察池,sh688012,688012.SH,中微公司,,半导体,刻蚀设备,半导体,"""user_enhance""；""index_base""","""行业强度分5.0""；""资金活跃度分4.78""；""近5/20日成交额放量率59.46%""",4.6016,晚间主输入；行业主题入口
L6行业主题观察池,sh688795,688795.SH,摩尔线程,,半导体,全功能GPU,AI算力,"""user_enhance""；""strategic""","""行业强度分5.0""；""资金活跃度分4.74""；""近5/20日成交额放量率57.55%""",4.5975,晚间主输入；行业主题入口
L6行业主题观察池,sh688981,688981.SH,中芯国际,,半导体,晶圆代工,半导体,"""user_enhance""；""index_base""","""行业强度分5.0""；""资金活跃度分4.83""；""近5/20日成交额放量率67.41%""",4.5957,晚间主输入；行业主题入口
L6行业主题观察池,sh688041,688041.SH,海光信息,,半导体,高端处理器(CPU/DCU),AI算力,"""user_enhance""；""index_base""","""行业强度分5.0""；""资金活跃度分4.75""；""近5/20日成交额放量率56.83%""",4.5937,晚间主输入；行业主题入口
L6行业主题观察池,sh688008,688008.SH,澜起科技,,半导体,内存接口芯片,半导体,"""user_enhance""；""index_base""","""行业强度分5.0""；""资金活跃度分4.55""；""近5/20日成交额放量率45.46%""",4.5167,晚间主输入；行业主题入口
L6行业主题观察池,sh688256,688256.SH,寒武纪,,半导体,AI芯片、智能处理器,AI算力,"""user_enhance""；""index_base""","""行业强度分5.0""；""资金活跃度分4.3""；""近5/20日成交额放量率33.59%""",4.4862,晚间主输入；行业主题入口
L6行业主题观察池,sh688802,688802.SH,沐曦股份,,半导体,GPU训练+推理,AI算力,"""user_enhance""；""strategic""","""行业强度分5.0""；""资金活跃度分4.42""；""近5/20日成交额放量率38.33%""",4.4781,晚间主输入；行业主题入口
L6行业主题观察池,sz002156,002156.SZ,通富微电,,半导体,封装测试,半导体,"""user_enhance""；""index_base""","""行业强度分5.0""；""资金活跃度分4.47""；""近5/20日成交额放量率60.71%""",4.4667,晚间主输入；行业主题入口
L6行业主题观察池,sz002371,002371.SZ,北方华创,,半导体,半导体设备全品类,半导体,"""user_enhance""；""index_base""","""行业强度分5.0""；""资金活跃度分4.2""；""近5/20日成交额放量率40.97%""",4.3974,晚间主输入；行业主题入口
L6行业主题观察池,sh688498,688498.SH,源杰科技,,半导体,光通信芯片(IDM),半导体,"""user_enhance""；""strategic""","""行业强度分5.0""；""资金活跃度分3.95""；""近5/20日成交额放量率23.07%""",4.3715,晚间主输入；行业主题入口
L6行业主题观察池,sz002049,002049.SZ,紫光国微,,半导体,特种集成电路、安全芯片,半导体,"""user_enhance""；""index_base""","""行业强度分5.0""；""资金活跃度分4.08""；""近5/20日成交额放量率57.18%""",4.3119,晚间主输入；行业主题入口
L6行业主题观察池,sh603501,603501.SH,韦尔股份,,半导体,CMOS图像传感器,半导体,"""user_enhance""；""index_base""","""行业强度分5.0""；""资金活跃度分4.48""；""近5/20日成交额放量率94.61%""",4.2906,晚间主输入；行业主题入口
L6行业主题观察池,sh688347,688347.SH,华虹公司,,计算机、通信和其他电子设备制造业,,中证500,index_base,"""行业强度分4.57""；""资金活跃度分4.89""；""近5/20日成交额放量率81.29%""",4.2508,晚间主输入；行业主题入口
L6行业主题观察池,sh600584,600584.SH,长电科技,,半导体,封装测试,半导体,"""user_enhance""；""index_base""","""行业强度分5.0""；""资金活跃度分4.11""；""近5/20日成交额放量率43.5%""",4.231,晚间主输入；行业主题入口
L6行业主题观察池,sz002466,002466.SZ,天齐锂业,,有色金属,锂矿,资源/材料,"""user_enhance""；""index_base""","""行业强度分4.24""；""资金活跃度分4.41""；""近5/20日成交额放量率51.83%""",4.2099,晚间主输入；行业主题入口
L6行业主题观察池,sh688521,688521.SH,芯原股份,,半导体,芯片设计服务、IP授权,AI算力,"""user_enhance""；""strategic""","""行业强度分5.0""；""资金活跃度分3.27""；""近5/20日成交额放量率6.54%""",4.1596,晚间主输入；行业主题入口
L6行业主题观察池,sh688082,688082.SH,盛美上海,,半导体,清洗设备,半导体,"""user_enhance""；""index_base""","""行业强度分5.0""；""资金活跃度分4.68""；""近5/20日成交额放量率58.2%""",4.1512,晚间主输入；行业主题入口
L6行业主题观察池,sz301358,301358.SZ,湖南裕能,,计算机、通信和其他电子设备制造业,,中证500,index_base,"""行业强度分4.57""；""资金活跃度分4.45""；""近5/20日成交额放量率77.22%""",4.1482,晚间主输入；行业主题入口
L6行业主题观察池,sz300857,300857.SZ,协创数据,,计算机、通信和其他电子设备制造业,,中证500,index_base,"""行业强度分4.57""；""资金活跃度分4.47""；""近5/20日成交额放量率55.75%""",4.1468,晚间主输入；行业主题入口
L6行业主题观察池,sz002709,002709.SZ,天赐材料,,计算机、通信和其他电子设备制造业,,沪深300,index_base,"""行业强度分4.57""；""资金活跃度分4.41""；""近5/20日成交额放量率51.21%""",4.1391,晚间主输入；行业主题入口
L6行业主题观察池,sh688396,688396.SH,华润微,,计算机、通信和其他电子设备制造业,,沪深300,index_base,"""行业强度分4.57""；""资金活跃度分4.63""；""近5/20日成交额放量率52.27%""",4.1347,晚间主输入；行业主题入口
L6行业主题观察池,sz002340,002340.SZ,格林美,,废弃资源综合利用业,,中证500,index_base,"""行业强度分4.78""；""资金活跃度分4.33""；""近5/20日成交额放量率92.41%""",4.1167,晚间主输入；行业主题入口
L6行业主题观察池,sz000651,000651.SZ,格力电器,,家用电器,空调,家用电器,"""user_enhance""；""index_base""","""行业强度分4.46""；""资金活跃度分4.36""；""近5/20日成交额放量率125.17%""",4.1119,晚间主输入；行业主题入口
L6行业主题观察池,sh688220,688220.SH,翱捷科技,,计算机、通信和其他电子设备制造业,,中证500,index_base,"""行业强度分4.57""；""资金活跃度分4.33""；""近5/20日成交额放量率36.68%""",4.1083,晚间主输入；行业主题入口
L6行业主题观察池,sz300408,300408.SZ,三环集团,,计算机、通信和其他电子设备制造业,,沪深300,index_base,"""行业强度分4.57""；""资金活跃度分4.27""；""近5/20日成交额放量率57.45%""",4.1035,晚间主输入；行业主题入口
L6行业主题观察池,sz002281,002281.SZ,光迅科技,,计算机、通信和其他电子设备制造业,,历史重点关注,"""user_enhance""；""index_base""","""行业强度分4.57""；""资金活跃度分3.5""；""近5/20日成交额放量率17.65%""",4.0711,晚间主输入；行业主题入口
L6行业主题观察池,sh600188,600188.SH,兖矿能源,,煤炭,煤炭,资源/材料,"""user_enhance""；""index_base""","""行业强度分4.95""；""资金活跃度分3.21""；""近5/20日成交额放量率22.75%""",4.0695,晚间主输入；行业主题入口
L6行业主题观察池,sz300136,300136.SZ,信维通信,,计算机、通信和其他电子设备制造业,,中证500,index_base,"""行业强度分4.57""；""资金活跃度分4.23""；""近5/20日成交额放量率40.81%""",4.0693,晚间主输入；行业主题入口
L6行业主题观察池,sh688002,688002.SH,睿创微纳,,计算机、通信和其他电子设备制造业,,中证500,index_base,"""行业强度分4.57""；""资金活跃度分4.19""；""近5/20日成交额放量率32.21%""",4.0549,晚间主输入；行业主题入口
L6行业主题观察池,sh688099,688099.SH,晶晨股份,,软件和信息技术服务业,,中证500,index_base,"""行业强度分3.91""；""资金活跃度分4.94""；""近5/20日成交额放量率102.08%""",4.0364,晚间主输入；行业主题入口
L6行业主题观察池,sz300390,300390.SZ,天华新能,,计算机、通信和其他电子设备制造业,,中证500,index_base,"""行业强度分4.57""；""资金活跃度分4.02""；""近5/20日成交额放量率33.4%""",4.0312,晚间主输入；行业主题入口
L6行业主题观察池,sz301308,301308.SZ,江波龙,,计算机、通信和其他电子设备制造业,,中证500,index_base,"""行业强度分4.57""；""资金活跃度分4.08""；""近5/20日成交额放量率34.89%""",4.0177,晚间主输入；行业主题入口
L6行业主题观察池,sh603986,603986.SH,兆易创新,,半导体,存储芯片、MCU,半导体,"""user_enhance""；""index_base""","""行业强度分5.0""；""资金活跃度分3.16""；""近5/20日成交额放量率9.78%""",4.0176,晚间主输入；行业主题入口
L6行业主题观察池,sh688036,688036.SH,传音控股,,计算机、通信和其他电子设备制造业,,沪深300,index_base,"""行业强度分4.57""；""资金活跃度分4.72""；""近5/20日成交额放量率69.51%""",4.017,晚间主输入；行业主题入口
L6行业主题观察池,sz300037,300037.SZ,新宙邦,,计算机、通信和其他电子设备制造业,,中证500,index_base,"""行业强度分4.57""；""资金活跃度分4.12""；""近5/20日成交额放量率52.48%""",4.003,晚间主输入；行业主题入口
L6行业主题观察池,sh688172,688172.SH,燕东微,,计算机、通信和其他电子设备制造业,,中证500,index_base,"""行业强度分4.57""；""资金活跃度分4.51""；""近5/20日成交额放量率49.55%""",3.9754,晚间主输入；行业主题入口
L6行业主题观察池,sz000062,000062.SZ,深圳华强,,批发业,,中证500,index_base,"""行业强度分4.13""；""资金活跃度分4.44""；""近5/20日成交额放量率77.24%""",3.9742,晚间主输入；行业主题入口
L6行业主题观察池,sz300919,300919.SZ,中伟新材,,计算机、通信和其他电子设备制造业,,中证500,index_base,"""行业强度分4.57""；""资金活跃度分3.98""；""近5/20日成交额放量率52.45%""",3.9737,晚间主输入；行业主题入口
L6行业主题观察池,sh600884,600884.SH,杉杉股份,,计算机、通信和其他电子设备制造业,,中证500,index_base,"""行业强度分4.57""；""资金活跃度分4.0""；""近5/20日成交额放量率44.54%""",3.9687,晚间主输入；行业主题入口
L6行业主题观察池,sh688126,688126.SH,沪硅产业,,计算机、通信和其他电子设备制造业,,沪深300,index_base,"""行业强度分4.57""；""资金活跃度分4.52""；""近5/20日成交额放量率48.32%""",3.9662,晚间主输入；行业主题入口
L6行业主题观察池,sh688702,688702.SH,盛科通信,,软件和信息技术服务业,,中证500,index_base,"""行业强度分3.91""；""资金活跃度分4.67""；""近5/20日成交额放量率52.42%""",3.9643,晚间主输入；行业主题入口
L6行业主题观察池,sz000792,000792.SZ,盐湖股份,,有色金属,盐湖提锂,资源/材料,"""user_enhance""；""index_base""","""行业强度分4.24""；""资金活跃度分3.98""；""近5/20日成交额放量率34.59%""",3.9621,晚间主输入；行业主题入口
L6行业主题观察池,sh688629,688629.SH,华丰科技,,计算机、通信和其他电子设备制造业,,中证500,index_base,"""行业强度分4.57""；""资金活跃度分4.1""；""近5/20日成交额放量率28.51%""",3.9567,晚间主输入；行业主题入口
L6行业主题观察池,sz000938,000938.SZ,紫光股份,,计算机、通信和其他电子设备制造业,,沪深300,index_base,"""行业强度分4.57""；""资金活跃度分4.13""；""近5/20日成交额放量率37.28%""",3.9554,晚间主输入；行业主题入口
L6行业主题观察池,sz300073,300073.SZ,当升科技,,计算机、通信和其他电子设备制造业,,中证500,index_base,"""行业强度分4.57""；""资金活跃度分4.04""；""近5/20日成交额放量率57.96%""",3.9509,晚间主输入；行业主题入口
L6行业主题观察池,sh688052,688052.SH,纳芯微,,软件和信息技术服务业,,中证500,index_base,"""行业强度分3.91""；""资金活跃度分4.75""；""近5/20日成交额放量率71.53%""",3.95,晚间主输入；行业主题入口
L6行业主题观察池,sz300661,300661.SZ,圣邦股份,,计算机、通信和其他电子设备制造业,,沪深300,index_base,"""行业强度分4.57""；""资金活跃度分3.94""；""近5/20日成交额放量率35.86%""",3.9365,晚间主输入；行业主题入口
L6行业主题观察池,sz002384,002384.SZ,东山精密,,计算机、通信和其他电子设备制造业,,沪深300,index_base,"""行业强度分4.57""；""资金活跃度分3.73""；""近5/20日成交额放量率22.32%""",3.9289,晚间主输入；行业主题入口
L6行业主题观察池,sh688037,688037.SH,芯源微,,专用设备制造业,,中证500,index_base,"""行业强度分3.64""；""资金活跃度分4.89""；""近5/20日成交额放量率90.66%""",3.9184,晚间主输入；行业主题入口
L6行业主题观察池,sh688777,688777.SH,中控技术,,软件和信息技术服务业,,中证500,index_base,"""行业强度分3.91""；""资金活跃度分4.59""；""近5/20日成交额放量率49.66%""",3.9062,晚间主输入；行业主题入口
L6行业主题观察池,sh688305,688305.SH,科德数控,,机械设备,五轴联动龙门,机械设备,"""user_enhance""；""strategic""","""行业强度分4.51""；""资金活跃度分3.79""；""近5/20日成交额放量率25.34%""",3.8798,晚间主输入；行业主题入口
L6行业主题观察池,sz300054,300054.SZ,鼎龙股份,,计算机、通信和其他电子设备制造业,,中证500,index_base,"""行业强度分4.57""；""资金活跃度分3.63""；""近5/20日成交额放量率28.88%""",3.8706,晚间主输入；行业主题入口
L6行业主题观察池,sz002493,002493.SZ,荣盛石化,,石油石化,炼化一体化,基础化工,"""user_enhance""；""index_base""","""行业强度分4.18""；""资金活跃度分3.45""；""近5/20日成交额放量率36.82%""",3.8575,晚间主输入；行业主题入口
L6行业主题观察池,sh603228,603228.SH,景旺电子,,计算机、通信和其他电子设备制造业,,中证500,index_base,"""行业强度分4.57""；""资金活跃度分3.97""；""近5/20日成交额放量率37.03%""",3.8568,晚间主输入；行业主题入口
L6行业主题观察池,sh600460,600460.SH,士兰微,,计算机、通信和其他电子设备制造业,,沪深300,index_base,"""行业强度分4.57""；""资金活跃度分4.0""；""近5/20日成交额放量率74.2%""",3.85,晚间主输入；行业主题入口
L6行业主题观察池,sh688387,688387.SH,信科移动,,计算机、通信和其他电子设备制造业,,中证500,index_base,"""行业强度分4.57""；""资金活跃度分3.54""；""近5/20日成交额放量率14.13%""",3.8491,晚间主输入；行业主题入口
L6行业主题观察池,sh600111,600111.SH,北方稀土,,有色金属,稀土,资源/材料,"""user_enhance""；""index_base""","""行业强度分4.24""；""资金活跃度分3.49""；""近5/20日成交额放量率17.93%""",3.8459,晚间主输入；行业主题入口
L6行业主题观察池,sh688728,688728.SH,格科微,,计算机、通信和其他电子设备制造业,,中证500,index_base,"""行业强度分4.57""；""资金活跃度分4.27""；""近5/20日成交额放量率39.91%""",3.8434,晚间主输入；行业主题入口
L6行业主题观察池,sz002266,002266.SZ,浙富控股,,生态保护和环境治理业,,中证500,index_base,"""行业强度分4.35""；""资金活跃度分3.76""；""近5/20日成交额放量率108.55%""",3.8332,晚间主输入；行业主题入口
L6行业主题观察池,sh605358,605358.SH,立昂微,,计算机、通信和其他电子设备制造业,,中证500,index_base,"""行业强度分4.57""；""资金活跃度分3.63""；""近5/20日成交额放量率48.78%""",3.8301,晚间主输入；行业主题入口
L6行业主题观察池,sh601699,601699.SH,潞安环能,,煤炭开采和洗选业,,中证500,index_base,"""行业强度分4.67""；""资金活跃度分3.4""；""近5/20日成交额放量率50.11%""",3.8275,晚间主输入；行业主题入口
L6行业主题观察池,sz002050,002050.SZ,三花智控,,家用电器,制冷元器件+汽零,家用电器,"""user_enhance""；""index_base""","""行业强度分4.46""；""资金活跃度分3.41""；""近5/20日成交额放量率17.75%""",3.7552,晚间主输入；行业主题入口
L6行业主题观察池,sz002812,002812.SZ,恩捷股份,,橡胶和塑料制品业,待补充,历史重点关注,"""user_enhance""；""strategic""","""行业强度分3.15""；""资金活跃度分4.37""；""近5/20日成交额放量率57.43%""",3.7454,晚间主输入；行业主题入口
L6行业主题观察池,sh688525,688525.SH,佰维存储,,半导体,存储芯片,半导体,"""user_enhance""；""index_base""","""行业强度分5.0""；""资金活跃度分2.3""；""近5/20日成交额放量率-17.22%""",3.7246,晚间主输入；行业主题入口
L6行业主题观察池,sh688234,688234.SH,天岳先进,,半导体,第三代半导体材料,半导体,"""user_enhance""；""index_base""","""行业强度分5.0""；""资金活跃度分3.1""；""近5/20日成交额放量率4.61%""",3.7037,晚间主输入；行业主题入口
L6行业主题观察池,sh600160,600160.SH,巨化股份,,基础化工,制冷剂,基础化工,"""user_enhance""；""index_base""","""行业强度分4.08""；""资金活跃度分3.44""；""近5/20日成交额放量率30.16%""",3.692,晚间主输入；行业主题入口
L6行业主题观察池,sz002460,002460.SZ,赣锋锂业,,有色金属,锂资源,新能源,"""user_enhance""；""index_base""","""行业强度分4.24""；""资金活跃度分2.83""；""近5/20日成交额放量率3.29%""",3.6597,晚间主输入；行业主题入口
L6行业主题观察池,sz000333,000333.SZ,美的集团,,家用电器,白色家电,大消费,"""user_enhance""；""index_base""","""行业强度分4.46""；""资金活跃度分3.2""；""近5/20日成交额放量率17.05%""",3.6144,晚间主输入；行业主题入口
L6行业主题观察池,sh600198,600198.SH,大唐电信,,计算机、通信和其他电子设备制造业,待补充,历史重点关注,"""user_enhance""；""strategic""","""行业强度分4.57""；""资金活跃度分2.99""；""近5/20日成交额放量率61.93%""",3.5788,晚间主输入；行业主题入口
L6行业主题观察池,sz300782,300782.SZ,卓胜微,,半导体,射频前端芯片,半导体,"""user_enhance""；""index_base""","""行业强度分5.0""；""资金活跃度分1.82""；""近5/20日成交额放量率-20.12%""",3.4791,晚间主输入；行业主题入口
L6行业主题观察池,sh688599,688599.SH,天合光能,,新能源,光伏组件,新能源,"""user_enhance""；""index_base""","""行业强度分3.04""；""资金活跃度分4.11""；""近5/20日成交额放量率31.91%""",3.4175,晚间主输入；行业主题入口
L6行业主题观察池,sh603259,603259.SH,药明康德,,医药医疗,CXO,医药/医疗,"""user_enhance""；""index_base""","""行业强度分2.88""；""资金活跃度分4.0""；""近5/20日成交额放量率34.18%""",3.3924,晚间主输入；行业主题入口
L6行业主题观察池,sz300015,300015.SZ,爱尔眼科,,医药医疗,眼科医疗,医药/医疗,"""user_enhance""；""index_base""","""行业强度分2.88""；""资金活跃度分4.14""；""近5/20日成交额放量率99.26%""",3.3716,晚间主输入；行业主题入口
L6行业主题观察池,sz300308,300308.SZ,中际旭创,,通信,光模块,AI算力,"""user_enhance""；""index_base""","""行业强度分3.21""；""资金活跃度分3.21""；""近5/20日成交额放量率9.49%""",3.3495,晚间主输入；行业主题入口
L6行业主题观察池,sz000657,000657.SZ,中钨高新,,金属制品业,,历史重点关注,"""user_enhance""；""index_base""","""行业强度分3.59""；""资金活跃度分2.71""；""近5/20日成交额放量率1.73%""",3.2926,晚间主输入；行业主题入口
L6行业主题观察池,sz002714,002714.SZ,牧原股份,,农林牧渔,生猪养殖,农林牧渔,"""user_enhance""；""index_base""","""行业强度分4.02""；""资金活跃度分2.52""；""近5/20日成交额放量率2.63%""",3.2821,晚间主输入；行业主题入口
L6行业主题观察池,sz300957,300957.SZ,贝泰妮,,化学原料和化学制品制造业,,中证500,index_base,"""行业强度分2.93""；""资金活跃度分3.46""；""近5/20日成交额放量率100.06%""",3.0682,晚间主输入；行业主题入口
L6行业主题观察池,sh600816,600816.SH,建元信托,,其他金融业,,中证500,index_base,"""行业强度分2.12""；""资金活跃度分3.26""；""近5/20日成交额放量率101.52%""",2.7418,晚间主输入；行业主题入口
L6行业主题观察池,sh603195,603195.SH,公牛集团,,电气机械和器材制造业,,沪深300,index_base,"""行业强度分2.45""；""资金活跃度分3.09""；""近5/20日成交额放量率116.41%""",2.7389,晚间主输入；行业主题入口
L5深度研究池,sh688047,688047.SH,龙芯中科,,半导体,国产CPU,半导体,"""user_enhance""；""index_base""","""行业强度分5.0""；""资金活跃度分4.88""；""近5/20日成交额放量率84.29%""",4.6045,晚间主输入；深度个股入口
L5深度研究池,sh688012,688012.SH,中微公司,,半导体,刻蚀设备,半导体,"""user_enhance""；""index_base""","""行业强度分5.0""；""资金活跃度分4.78""；""近5/20日成交额放量率59.46%""",4.6016,晚间主输入；深度个股入口
L5深度研究池,sh688795,688795.SH,摩尔线程,,半导体,全功能GPU,AI算力,"""user_enhance""；""strategic""","""行业强度分5.0""；""资金活跃度分4.74""；""近5/20日成交额放量率57.55%""",4.5975,晚间主输入；深度个股入口
L5深度研究池,sh688347,688347.SH,华虹公司,,计算机、通信和其他电子设备制造业,,中证500,index_base,"""行业强度分4.57""；""资金活跃度分4.89""；""近5/20日成交额放量率81.29%""",4.2508,晚间主输入；深度个股入口
L5深度研究池,sz002466,002466.SZ,天齐锂业,,有色金属,锂矿,资源/材料,"""user_enhance""；""index_base""","""行业强度分4.24""；""资金活跃度分4.41""；""近5/20日成交额放量率51.83%""",4.2099,晚间主输入；深度个股入口
L5深度研究池,sz301358,301358.SZ,湖南裕能,,计算机、通信和其他电子设备制造业,,中证500,index_base,"""行业强度分4.57""；""资金活跃度分4.45""；""近5/20日成交额放量率77.22%""",4.1482,晚间主输入；深度个股入口
L5深度研究池,sz300857,300857.SZ,协创数据,,计算机、通信和其他电子设备制造业,,中证500,index_base,"""行业强度分4.57""；""资金活跃度分4.47""；""近5/20日成交额放量率55.75%""",4.1468,晚间主输入；深度个股入口
L5深度研究池,sz002340,002340.SZ,格林美,,废弃资源综合利用业,,中证500,index_base,"""行业强度分4.78""；""资金活跃度分4.33""；""近5/20日成交额放量率92.41%""",4.1167,晚间主输入；深度个股入口
L5深度研究池,sz000651,000651.SZ,格力电器,,家用电器,空调,家用电器,"""user_enhance""；""index_base""","""行业强度分4.46""；""资金活跃度分4.36""；""近5/20日成交额放量率125.17%""",4.1119,晚间主输入；深度个股入口
L5深度研究池,sh600188,600188.SH,兖矿能源,,煤炭,煤炭,资源/材料,"""user_enhance""；""index_base""","""行业强度分4.95""；""资金活跃度分3.21""；""近5/20日成交额放量率22.75%""",4.0695,晚间主输入；深度个股入口
300只盘后轻扫描候选,sh688041,688041.SH,海光信息,上交所,未分类,,,重点关注池,重点关注池强制保留,490.99,盘后主输入；盘前候选来源
300只盘后轻扫描候选,sz002281,002281.SZ,光迅科技,深交所,主板,,,深交所官方证券列表,重点关注池强制保留,490.99,盘后主输入；盘前候选来源
300只盘后轻扫描候选,sh603501,603501.SH,豪威集团,上交所,未分类,,,重点关注池,重点关注池强制保留,490.56,盘后主输入；盘前候选来源
300只盘后轻扫描候选,sh603986,603986.SH,兆易创新,上交所,未分类,,,重点关注池,重点关注池强制保留,490.486,盘后主输入；盘前候选来源
300只盘后轻扫描候选,sh603259,603259.SH,药明康德,上交所,未分类,,,重点关注池,重点关注池强制保留,490.464,盘后主输入；盘前候选来源
300只盘后轻扫描候选,sz002594,002594.SZ,比亚迪,深交所,主板,,,深交所官方证券列表,当前合并股票池强制保留,490.46,盘后主输入；盘前候选来源
300只盘后轻扫描候选,sz300724,300724.SZ,捷佳伟创,深交所,创业板,,,深交所官方证券列表,重点关注池强制保留,490.386,盘后主输入；盘前候选来源
300只盘后轻扫描候选,sz300871,300871.SZ,回盛生物,深交所,创业板,,,深交所官方证券列表,重点关注池强制保留,490.358,盘后主输入；盘前候选来源
300只盘后轻扫描候选,sz000657,000657.SZ,中钨高新,深交所,主板,,,深交所官方证券列表,重点关注池强制保留,490.332,盘后主输入；盘前候选来源
300只盘后轻扫描候选,sz300502,300502.SZ,新易盛,深交所,创业板,,,深交所官方证券列表,重点关注池强制保留,490.262,盘后主输入；盘前候选来源
2000只样本股票池,sz300750,300750.SZ,宁德时代,深交所,电力设备,,2000只样本池,中证全指+申万一级分层抽样,按行业权重代表性与流动性先验纳入,,L8X上游地基；行业代表性验证；后续指标扩面目标
2000只样本股票池,sz300308,300308.SZ,中际旭创,深交所,通信,,2000只样本池,中证全指+申万一级分层抽样,按行业权重代表性与流动性先验纳入,,L8X上游地基；行业代表性验证；后续指标扩面目标
2000只样本股票池,sh600519,600519.SH,贵州茅台,上交所,食品饮料,,2000只样本池,中证全指+申万一级分层抽样,按行业权重代表性与流动性先验纳入,,L8X上游地基；行业代表性验证；后续指标扩面目标
2000只样本股票池,sh601318,601318.SH,中国平安,上交所,非银金融,,2000只样本池,中证全指+申万一级分层抽样,按行业权重代表性与流动性先验纳入,,L8X上游地基；行业代表性验证；后续指标扩面目标
2000只样本股票池,sh601899,601899.SH,紫金矿业,上交所,有色金属,,2000只样本池,中证全指+申万一级分层抽样,按行业权重代表性与流动性先验纳入,,L8X上游地基；行业代表性验证；后续指标扩面目标
2000只样本股票池,sz300502,300502.SZ,新易盛,深交所,通信,,2000只样本池,中证全指+申万一级分层抽样,按行业权重代表性与流动性先验纳入,,L8X上游地基；行业代表性验证；后续指标扩面目标
2000只样本股票池,sh600036,600036.SH,招商银行,上交所,银行,,2000只样本池,中证全指+申万一级分层抽样,按行业权重代表性与流动性先验纳入,,L8X上游地基；行业代表性验证；后续指标扩面目标
2000只样本股票池,sz000333,000333.SZ,美的集团,深交所,家用电器,,2000只样本池,中证全指+申万一级分层抽样,按行业权重代表性与流动性先验纳入,,L8X上游地基；行业代表性验证；后续指标扩面目标
2000只样本股票池,sh688256,688256.SH,寒武纪,上交所,电子,,2000只样本池,中证全指+申万一级分层抽样,按行业权重代表性与流动性先验纳入,,L8X上游地基；行业代表性验证；后续指标扩面目标
2000只样本股票池,sz002475,002475.SZ,立讯精密,深交所,电子,,2000只样本池,中证全指+申万一级分层抽样,按行业权重代表性与流动性先验纳入,,L8X上游地基；行业代表性验证；后续指标扩面目标
2000只样本股票池,sh600900,600900.SH,长江电力,上交所,公用事业,,2000只样本池,中证全指+申万一级分层抽样,按行业权重代表性与流动性先验纳入,,L8X上游地基；行业代表性验证；后续指标扩面目标
2000只样本股票池,sh601166,601166.SH,兴业银行,上交所,银行,,2000只样本池,中证全指+申万一级分层抽样,按行业权重代表性与流动性先验纳入,,L8X上游地基；行业代表性验证；后续指标扩面目标
2000只样本股票池,sz002594,002594.SZ,比亚迪,深交所,汽车,,2000只样本池,中证全指+申万一级分层抽样,按行业权重代表性与流动性先验纳入,,L8X上游地基；行业代表性验证；后续指标扩面目标
2000只样本股票池,sh688041,688041.SH,海光信息,上交所,电子,,2000只样本池,中证全指+申万一级分层抽样,按行业权重代表性与流动性先验纳入,,L8X上游地基；行业代表性验证；后续指标扩面目标
2000只样本股票池,sh603259,603259.SH,药明康德,上交所,医药生物,,2000只样本池,中证全指+申万一级分层抽样,按行业权重代表性与流动性先验纳入,,L8X上游地基；行业代表性验证；后续指标扩面目标
2000只样本股票池,sh600030,600030.SH,中信证券,上交所,非银金融,,2000只样本池,中证全指+申万一级分层抽样,按行业权重代表性与流动性先验纳入,,L8X上游地基；行业代表性验证；后续指标扩面目标
2000只样本股票池,sz300059,300059.SZ,东方财富,深交所,非银金融,,2000只样本池,中证全指+申万一级分层抽样,按行业权重代表性与流动性先验纳入,,L8X上游地基；行业代表性验证；后续指标扩面目标
2000只样本股票池,sh601138,601138.SH,工业富联,上交所,电子,,2000只样本池,中证全指+申万一级分层抽样,按行业权重代表性与流动性先验纳入,,L8X上游地基；行业代表性验证；后续指标扩面目标
2000只样本股票池,sh601398,601398.SH,工商银行,上交所,银行,,2000只样本池,中证全指+申万一级分层抽样,按行业权重代表性与流动性先验纳入,,L8X上游地基；行业代表性验证；后续指标扩面目标
2000只样本股票池,sh600276,600276.SH,恒瑞医药,上交所,医药生物,,2000只样本池,中证全指+申万一级分层抽样,按行业权重代表性与流动性先验纳入,,L8X上游地基；行业代表性验证；后续指标扩面目标
2000只样本股票池,sz002384,002384.SZ,东山精密,深交所,电子,,2000只样本池,中证全指+申万一级分层抽样,按行业权重代表性与流动性先验纳入,,L8X上游地基；行业代表性验证；后续指标扩面目标
2000只样本股票池,sh688981,688981.SH,中芯国际,上交所,电子,,2000只样本池,中证全指+申万一级分层抽样,按行业权重代表性与流动性先验纳入,,L8X上游地基；行业代表性验证；后续指标扩面目标
2000只样本股票池,sz002371,002371.SZ,北方华创,深交所,电子,,2000只样本池,中证全指+申万一级分层抽样,按行业权重代表性与流动性先验纳入,,L8X上游地基；行业代表性验证；后续指标扩面目标
2000只样本股票池,sh603986,603986.SH,兆易创新,上交所,电子,,2000只样本池,中证全指+申万一级分层抽样,按行业权重代表性与流动性先验纳入,,L8X上游地基；行业代表性验证；后续指标扩面目标
2000只样本股票池,sz300476,300476.SZ,胜宏科技,深交所,电子,,2000只样本池,中证全指+申万一级分层抽样,按行业权重代表性与流动性先验纳入,,L8X上游地基；行业代表性验证；后续指标扩面目标
2000只样本股票池,sz300274,300274.SZ,阳光电源,深交所,电力设备,,2000只样本池,中证全指+申万一级分层抽样,按行业权重代表性与流动性先验纳入,,L8X上游地基；行业代表性验证；后续指标扩面目标
2000只样本股票池,sh601288,601288.SH,农业银行,上交所,银行,,2000只样本池,中证全指+申万一级分层抽样,按行业权重代表性与流动性先验纳入,,L8X上游地基；行业代表性验证；后续指标扩面目标
2000只样本股票池,sh688008,688008.SH,澜起科技,上交所,电子,,2000只样本池,中证全指+申万一级分层抽样,按行业权重代表性与流动性先验纳入,,L8X上游地基；行业代表性验证；后续指标扩面目标
2000只样本股票池,sh600150,600150.SH,中国船舶,上交所,国防军工,,2000只样本池,中证全指+申万一级分层抽样,按行业权重代表性与流动性先验纳入,,L8X上游地基；行业代表性验证；后续指标扩面目标
2000只样本股票池,sz000858,000858.SZ,五 粮 液,深交所,食品饮料,,2000只样本池,中证全指+申万一级分层抽样,按行业权重代表性与流动性先验纳入,,L8X上游地基；行业代表性验证；后续指标扩面目标
2000只样本股票池,sh601211,601211.SH,国泰海通,上交所,非银金融,,2000只样本池,中证全指+申万一级分层抽样,按行业权重代表性与流动性先验纳入,,L8X上游地基；行业代表性验证；后续指标扩面目标
2000只样本股票池,sh601328,601328.SH,交通银行,上交所,银行,,2000只样本池,中证全指+申万一级分层抽样,按行业权重代表性与流动性先验纳入,,L8X上游地基；行业代表性验证；后续指标扩面目标
2000只样本股票池,sz000651,000651.SZ,格力电器,深交所,家用电器,,2000只样本池,中证全指+申万一级分层抽样,按行业权重代表性与流动性先验纳入,,L8X上游地基；行业代表性验证；后续指标扩面目标
2000只样本股票池,sh600887,600887.SH,伊利股份,上交所,食品饮料,,2000只样本池,中证全指+申万一级分层抽样,按行业权重代表性与流动性先验纳入,,L8X上游地基；行业代表性验证；后续指标扩面目标
2000只样本股票池,sh601088,601088.SH,中国神华,上交所,煤炭,,2000只样本池,中证全指+申万一级分层抽样,按行业权重代表性与流动性先验纳入,,L8X上游地基；行业代表性验证；后续指标扩面目标
2000只样本股票池,sz000338,000338.SZ,潍柴动力,深交所,汽车,,2000只样本池,中证全指+申万一级分层抽样,按行业权重代表性与流动性先验纳入,,L8X上游地基；行业代表性验证；后续指标扩面目标
2000只样本股票池,sh600309,600309.SH,万华化学,上交所,基础化工,,2000只样本池,中证全指+申万一级分层抽样,按行业权重代表性与流动性先验纳入,,L8X上游地基；行业代表性验证；后续指标扩面目标
2000只样本股票池,sh600919,600919.SH,江苏银行,上交所,银行,,2000只样本池,中证全指+申万一级分层抽样,按行业权重代表性与流动性先验纳入,,L8X上游地基；行业代表性验证；后续指标扩面目标
2000只样本股票池,sh688012,688012.SH,中微公司,上交所,电子,,2000只样本池,中证全指+申万一级分层抽样,按行业权重代表性与流动性先验纳入,,L8X上游地基；行业代表性验证；后续指标扩面目标
2000只样本股票池,sh603993,603993.SH,洛阳钼业,上交所,有色金属,,2000只样本池,中证全指+申万一级分层抽样,按行业权重代表性与流动性先验纳入,,L8X上游地基；行业代表性验证；后续指标扩面目标
2000只样本股票池,sz000725,000725.SZ,京东方A,深交所,电子,,2000只样本池,中证全指+申万一级分层抽样,按行业权重代表性与流动性先验纳入,,L8X上游地基；行业代表性验证；后续指标扩面目标
2000只样本股票池,sh601816,601816.SH,京沪高铁,上交所,交通运输,,2000只样本池,中证全指+申万一级分层抽样,按行业权重代表性与流动性先验纳入,,L8X上游地基；行业代表性验证；后续指标扩面目标
2000只样本股票池,sz300394,300394.SZ,天孚通信,深交所,通信,,2000只样本池,中证全指+申万一级分层抽样,按行业权重代表性与流动性先验纳入,,L8X上游地基；行业代表性验证；后续指标扩面目标
2000只样本股票池,sh601857,601857.SH,中国石油,上交所,石油石化,,2000只样本池,中证全指+申万一级分层抽样,按行业权重代表性与流动性先验纳入,,L8X上游地基；行业代表性验证；后续指标扩面目标
2000只样本股票池,sz002463,002463.SZ,沪电股份,深交所,电子,,2000只样本池,中证全指+申万一级分层抽样,按行业权重代表性与流动性先验纳入,,L8X上游地基；行业代表性验证；后续指标扩面目标
2000只样本股票池,sh603019,603019.SH,中科曙光,上交所,计算机,,2000只样本池,中证全指+申万一级分层抽样,按行业权重代表性与流动性先验纳入,,L8X上游地基；行业代表性验证；后续指标扩面目标
2000只样本股票池,sh600089,600089.SH,特变电工,上交所,电力设备,,2000只样本池,中证全指+申万一级分层抽样,按行业权重代表性与流动性先验纳入,,L8X上游地基；行业代表性验证；后续指标扩面目标
2000只样本股票池,sh600111,600111.SH,北方稀土,上交所,有色金属,,2000只样本池,中证全指+申万一级分层抽样,按行业权重代表性与流动性先验纳入,,L8X上游地基；行业代表性验证；后续指标扩面目标
2000只样本股票池,sz002415,002415.SZ,海康威视,深交所,计算机,,2000只样本池,中证全指+申万一级分层抽样,按行业权重代表性与流动性先验纳入,,L8X上游地基；行业代表性验证；后续指标扩面目标
2000只样本股票池,sz300124,300124.SZ,汇川技术,深交所,机械设备,,2000只样本池,中证全指+申万一级分层抽样,按行业权重代表性与流动性先验纳入,,L8X上游地基；行业代表性验证；后续指标扩面目标
2000只样本股票池,sh600487,600487.SH,亨通光电,上交所,通信,,2000只样本池,中证全指+申万一级分层抽样,按行业权重代表性与流动性先验纳入,,L8X上游地基；行业代表性验证；后续指标扩面目标
2000只样本股票池,sh601601,601601.SH,中国太保,上交所,非银金融,,2000只样本池,中证全指+申万一级分层抽样,按行业权重代表性与流动性先验纳入,,L8X上游地基；行业代表性验证；后续指标扩面目标
2000只样本股票池,sz000792,000792.SZ,盐湖股份,深交所,基础化工,,2000只样本池,中证全指+申万一级分层抽样,按行业权重代表性与流动性先验纳入,,L8X上游地基；行业代表性验证；后续指标扩面目标
2000只样本股票池,sh600000,600000.SH,浦发银行,上交所,银行,,2000只样本池,中证全指+申万一级分层抽样,按行业权重代表性与流动性先验纳入,,L8X上游地基；行业代表性验证；后续指标扩面目标
2000只样本股票池,sz002714,002714.SZ,牧原股份,深交所,农林牧渔,,2000只样本池,中证全指+申万一级分层抽样,按行业权重代表性与流动性先验纳入,,L8X上游地基；行业代表性验证；后续指标扩面目标
2000只样本股票池,sz002028,002028.SZ,思源电气,深交所,电力设备,,2000只样本池,中证全指+申万一级分层抽样,按行业权重代表性与流动性先验纳入,,L8X上游地基；行业代表性验证；后续指标扩面目标
2000只样本股票池,sh600031,600031.SH,三一重工,上交所,机械设备,,2000只样本池,中证全指+申万一级分层抽样,按行业权重代表性与流动性先验纳入,,L8X上游地基；行业代表性验证；后续指标扩面目标
2000只样本股票池,sz000988,000988.SZ,华工科技,深交所,机械设备,,2000只样本池,中证全指+申万一级分层抽样,按行业权重代表性与流动性先验纳入,,L8X上游地基；行业代表性验证；后续指标扩面目标
2000只样本股票池,sz000063,000063.SZ,中兴通讯,深交所,通信,,2000只样本池,中证全指+申万一级分层抽样,按行业权重代表性与流动性先验纳入,,L8X上游地基；行业代表性验证；后续指标扩面目标
2000只样本股票池,sz300408,300408.SZ,三环集团,深交所,电子,,2000只样本池,中证全指+申万一级分层抽样,按行业权重代表性与流动性先验纳入,,L8X上游地基；行业代表性验证；后续指标扩面目标
2000只样本股票池,sh601688,601688.SH,华泰证券,上交所,非银金融,,2000只样本池,中证全指+申万一级分层抽样,按行业权重代表性与流动性先验纳入,,L8X上游地基；行业代表性验证；后续指标扩面目标
2000只样本股票池,sz000001,000001.SZ,平安银行,深交所,银行,,2000只样本池,中证全指+申万一级分层抽样,按行业权重代表性与流动性先验纳入,,L8X上游地基；行业代表性验证；后续指标扩面目标
2000只样本股票池,sz002230,002230.SZ,科大讯飞,深交所,计算机,,2000只样本池,中证全指+申万一级分层抽样,按行业权重代表性与流动性先验纳入,,L8X上游地基；行业代表性验证；后续指标扩面目标
2000只样本股票池,sz002142,002142.SZ,宁波银行,深交所,银行,,2000只样本池,中证全指+申万一级分层抽样,按行业权重代表性与流动性先验纳入,,L8X上游地基；行业代表性验证；后续指标扩面目标
2000只样本股票池,sz002050,002050.SZ,三花智控,深交所,家用电器,,2000只样本池,中证全指+申万一级分层抽样,按行业权重代表性与流动性先验纳入,,L8X上游地基；行业代表性验证；后续指标扩面目标
2000只样本股票池,sh600406,600406.SH,国电南瑞,上交所,电力设备,,2000只样本池,中证全指+申万一级分层抽样,按行业权重代表性与流动性先验纳入,,L8X上游地基；行业代表性验证；后续指标扩面目标
2000只样本股票池,sh688521,688521.SH,芯原股份,上交所,电子,,2000只样本池,中证全指+申万一级分层抽样,按行业权重代表性与流动性先验纳入,,L8X上游地基；行业代表性验证；后续指标扩面目标
2000只样本股票池,sz300760,300760.SZ,迈瑞医疗,深交所,医药生物,,2000只样本池,中证全指+申万一级分层抽样,按行业权重代表性与流动性先验纳入,,L8X上游地基；行业代表性验证；后续指标扩面目标
2000只样本股票池,sh601668,601668.SH,中国建筑,上交所,建筑装饰,,2000只样本池,中证全指+申万一级分层抽样,按行业权重代表性与流动性先验纳入,,L8X上游地基；行业代表性验证；后续指标扩面目标
2000只样本股票池,sh601225,601225.SH,陕西煤业,上交所,煤炭,,2000只样本池,中证全指+申万一级分层抽样,按行业权重代表性与流动性先验纳入,,L8X上游地基；行业代表性验证；后续指标扩面目标
2000只样本股票池,sh603799,603799.SH,华友钴业,上交所,有色金属,,2000只样本池,中证全指+申万一级分层抽样,按行业权重代表性与流动性先验纳入,,L8X上游地基；行业代表性验证；后续指标扩面目标
2000只样本股票池,sz002460,002460.SZ,赣锋锂业,深交所,有色金属,,2000只样本池,中证全指+申万一级分层抽样,按行业权重代表性与流动性先验纳入,,L8X上游地基；行业代表性验证；后续指标扩面目标
2000只样本股票池,sh601012,601012.SH,隆基绿能,上交所,电力设备,,2000只样本池,中证全指+申万一级分层抽样,按行业权重代表性与流动性先验纳入,,L8X上游地基；行业代表性验证；后续指标扩面目标
2000只样本股票池,sh600938,600938.SH,中国海油,上交所,石油石化,,2000只样本池,中证全指+申万一级分层抽样,按行业权重代表性与流动性先验纳入,,L8X上游地基；行业代表性验证；后续指标扩面目标
2000只样本股票池,sh688498,688498.SH,源杰科技,上交所,电子,,2000只样本池,中证全指+申万一级分层抽样,按行业权重代表性与流动性先验纳入,,L8X上游地基；行业代表性验证；后续指标扩面目标
2000只样本股票池,sh600660,600660.SH,福耀玻璃,上交所,汽车,,2000只样本池,中证全指+申万一级分层抽样,按行业权重代表性与流动性先验纳入,,L8X上游地基；行业代表性验证；后续指标扩面目标
2000只样本股票池,sz000425,000425.SZ,徐工机械,深交所,机械设备,,2000只样本池,中证全指+申万一级分层抽样,按行业权重代表性与流动性先验纳入,,L8X上游地基；行业代表性验证；后续指标扩面目标
2000只样本股票池,sh601728,601728.SH,中国电信,上交所,通信,,2000只样本池,中证全指+申万一级分层抽样,按行业权重代表性与流动性先验纳入,,L8X上游地基；行业代表性验证；后续指标扩面目标
2000只样本股票池,sh601229,601229.SH,上海银行,上交所,银行,,2000只样本池,中证全指+申万一级分层抽样,按行业权重代表性与流动性先验纳入,,L8X上游地基；行业代表性验证；后续指标扩面目标
2000只样本股票池,sh600183,600183.SH,生益科技,上交所,电子,,2000只样本池,中证全指+申万一级分层抽样,按行业权重代表性与流动性先验纳入,,L8X上游地基；行业代表性验证；后续指标扩面目标
2000只样本股票池,sh601600,601600.SH,中国铝业,上交所,有色金属,,2000只样本池,中证全指+申万一级分层抽样,按行业权重代表性与流动性先验纳入,,L8X上游地基；行业代表性验证；后续指标扩面目标
2000只样本股票池,sh600016,600016.SH,民生银行,上交所,银行,,2000只样本池,中证全指+申万一级分层抽样,按行业权重代表性与流动性先验纳入,,L8X上游地基；行业代表性验证；后续指标扩面目标
2000只样本股票池,sz300014,300014.SZ,亿纬锂能,深交所,电力设备,,2000只样本池,中证全指+申万一级分层抽样,按行业权重代表性与流动性先验纳入,,L8X上游地基；行业代表性验证；后续指标扩面目标
2000只样本股票池,sh600522,600522.SH,中天科技,上交所,通信,,2000只样本池,中证全指+申万一级分层抽样,按行业权重代表性与流动性先验纳入,,L8X上游地基；行业代表性验证；后续指标扩面目标
2000只样本股票池,sz000100,000100.SZ,TCL科技,深交所,电子,,2000只样本池,中证全指+申万一级分层抽样,按行业权重代表性与流动性先验纳入,,L8X上游地基；行业代表性验证；后续指标扩面目标
2000只样本股票池,sh601919,601919.SH,中远海控,上交所,交通运输,,2000只样本池,中证全指+申万一级分层抽样,按行业权重代表性与流动性先验纳入,,L8X上游地基；行业代表性验证；后续指标扩面目标
2000只样本股票池,sz002352,002352.SZ,顺丰控股,深交所,交通运输,,2000只样本池,中证全指+申万一级分层抽样,按行业权重代表性与流动性先验纳入,,L8X上游地基；行业代表性验证；后续指标扩面目标
2000只样本股票池,sh600926,600926.SH,杭州银行,上交所,银行,,2000只样本池,中证全指+申万一级分层抽样,按行业权重代表性与流动性先验纳入,,L8X上游地基；行业代表性验证；后续指标扩面目标
2000只样本股票池,sz300136,300136.SZ,信维通信,深交所,电子,,2000只样本池,中证全指+申万一级分层抽样,按行业权重代表性与流动性先验纳入,,L8X上游地基；行业代表性验证；后续指标扩面目标
2000只样本股票池,sz300857,300857.SZ,协创数据,深交所,电子,,2000只样本池,中证全指+申万一级分层抽样,按行业权重代表性与流动性先验纳入,,L8X上游地基；行业代表性验证；后续指标扩面目标
2000只样本股票池,sz300498,300498.SZ,温氏股份,深交所,农林牧渔,,2000只样本池,中证全指+申万一级分层抽样,按行业权重代表性与流动性先验纳入,,L8X上游地基；行业代表性验证；后续指标扩面目标
2000只样本股票池,sh600941,600941.SH,中国移动,上交所,通信,,2000只样本池,中证全指+申万一级分层抽样,按行业权重代表性与流动性先验纳入,,L8X上游地基；行业代表性验证；后续指标扩面目标
2000只样本股票池,sh688525,688525.SH,佰维存储,上交所,电子,,2000只样本池,中证全指+申万一级分层抽样,按行业权重代表性与流动性先验纳入,,L8X上游地基；行业代表性验证；后续指标扩面目标
2000只样本股票池,sz002709,002709.SZ,天赐材料,深交所,电力设备,,2000只样本池,中证全指+申万一级分层抽样,按行业权重代表性与流动性先验纳入,,L8X上游地基；行业代表性验证；后续指标扩面目标
2000只样本股票池,sh601939,601939.SH,建设银行,上交所,银行,,2000只样本池,中证全指+申万一级分层抽样,按行业权重代表性与流动性先验纳入,,L8X上游地基；行业代表性验证；后续指标扩面目标
2000只样本股票池,sz002353,002353.SZ,杰瑞股份,深交所,机械设备,,2000只样本池,中证全指+申万一级分层抽样,按行业权重代表性与流动性先验纳入,,L8X上游地基；行业代表性验证；后续指标扩面目标
2000只样本股票池,sz002916,002916.SZ,深南电路,深交所,电子,,2000只样本池,中证全指+申万一级分层抽样,按行业权重代表性与流动性先验纳入,,L8X上游地基；行业代表性验证；后续指标扩面目标
2000只样本股票池,sh603501,603501.SH,豪威集团,上交所,电子,,2000只样本池,中证全指+申万一级分层抽样,按行业权重代表性与流动性先验纳入,,L8X上游地基；行业代表性验证；后续指标扩面目标
2000只样本股票池,sz002008,002008.SZ,大族激光,深交所,机械设备,,2000只样本池,中证全指+申万一级分层抽样,按行业权重代表性与流动性先验纳入,,L8X上游地基；行业代表性验证；后续指标扩面目标
2000只样本股票池,sh600176,600176.SH,中国巨石,上交所,建筑材料,,2000只样本池,中证全指+申万一级分层抽样,按行业权重代表性与流动性先验纳入,,L8X上游地基；行业代表性验证；后续指标扩面目标
2000只样本股票池,sh600418,600418.SH,江淮汽车,上交所,汽车,,2000只样本池,中证全指+申万一级分层抽样,按行业权重代表性与流动性先验纳入,,L8X上游地基；行业代表性验证；后续指标扩面目标
2000只样本股票池,sz002466,002466.SZ,天齐锂业,深交所,有色金属,,2000只样本池,中证全指+申万一级分层抽样,按行业权重代表性与流动性先验纳入,,L8X上游地基；行业代表性验证；后续指标扩面目标
2000只样本股票池,sh601988,601988.SH,中国银行,上交所,银行,,2000只样本池,中证全指+申万一级分层抽样,按行业权重代表性与流动性先验纳入,,L8X上游地基；行业代表性验证；后续指标扩面目标
2000只样本股票池,sh600690,600690.SH,海尔智家,上交所,家用电器,,2000只样本池,中证全指+申万一级分层抽样,按行业权重代表性与流动性先验纳入,,L8X上游地基；行业代表性验证；后续指标扩面目标
2000只样本股票池,sh601169,601169.SH,北京银行,上交所,银行,,2000只样本池,中证全指+申万一级分层抽样,按行业权重代表性与流动性先验纳入,,L8X上游地基；行业代表性验证；后续指标扩面目标
2000只样本股票池,sh600028,600028.SH,中国石化,上交所,石油石化,,2000只样本池,中证全指+申万一级分层抽样,按行业权重代表性与流动性先验纳入,,L8X上游地基；行业代表性验证；后续指标扩面目标
2000只样本股票池,sz300604,300604.SZ,长川科技,深交所,电子,,2000只样本池,中证全指+申万一级分层抽样,按行业权重代表性与流动性先验纳入,,L8X上游地基；行业代表性验证；后续指标扩面目标
2000只样本股票池,sh600489,600489.SH,中金黄金,上交所,有色金属,,2000只样本池,中证全指+申万一级分层抽样,按行业权重代表性与流动性先验纳入,,L8X上游地基；行业代表性验证；后续指标扩面目标
2000只样本股票池,sh688072,688072.SH,拓荆科技,上交所,电子,,2000只样本池,中证全指+申万一级分层抽样,按行业权重代表性与流动性先验纳入,,L8X上游地基；行业代表性验证；后续指标扩面目标
2000只样本股票池,sh601985,601985.SH,中国核电,上交所,公用事业,,2000只样本池,中证全指+申万一级分层抽样,按行业权重代表性与流动性先验纳入,,L8X上游地基；行业代表性验证；后续指标扩面目标
2000只样本股票池,sz000568,000568.SZ,泸州老窖,深交所,食品饮料,,2000只样本池,中证全指+申万一级分层抽样,按行业权重代表性与流动性先验纳入,,L8X上游地基；行业代表性验证；后续指标扩面目标
2000只样本股票池,sh601009,601009.SH,南京银行,上交所,银行,,2000只样本池,中证全指+申万一级分层抽样,按行业权重代表性与流动性先验纳入,,L8X上游地基；行业代表性验证；后续指标扩面目标
2000只样本股票池,sh601766,601766.SH,中国中车,上交所,机械设备,,2000只样本池,中证全指+申万一级分层抽样,按行业权重代表性与流动性先验纳入,,L8X上游地基；行业代表性验证；后续指标扩面目标
2000只样本股票池,sz300442,300442.SZ,润泽科技,深交所,通信,,2000只样本池,中证全指+申万一级分层抽样,按行业权重代表性与流动性先验纳入,,L8X上游地基；行业代表性验证；后续指标扩面目标
2000只样本股票池,sh601127,601127.SH,赛力斯,上交所,汽车,,2000只样本池,中证全指+申万一级分层抽样,按行业权重代表性与流动性先验纳入,,L8X上游地基；行业代表性验证；后续指标扩面目标
2000只样本股票池,sz001309,001309.SZ,德明利,深交所,电子,,2000只样本池,中证全指+申万一级分层抽样,按行业权重代表性与流动性先验纳入,,L8X上游地基；行业代表性验证；后续指标扩面目标
2000只样本股票池,sz000977,000977.SZ,浪潮信息,深交所,计算机,,2000只样本池,中证全指+申万一级分层抽样,按行业权重代表性与流动性先验纳入,,L8X上游地基；行业代表性验证；后续指标扩面目标
2000只样本股票池,sz300033,300033.SZ,同花顺,深交所,计算机,,2000只样本池,中证全指+申万一级分层抽样,按行业权重代表性与流动性先验纳入,,L8X上游地基；行业代表性验证；后续指标扩面目标
2000只样本股票池,sh600050,600050.SH,中国联通,上交所,通信,,2000只样本池,中证全指+申万一级分层抽样,按行业权重代表性与流动性先验纳入,,L8X上游地基；行业代表性验证；后续指标扩面目标
2000只样本股票池,sz000408,000408.SZ,藏格矿业,深交所,有色金属,,2000只样本池,中证全指+申万一级分层抽样,按行业权重代表性与流动性先验纳入,,L8X上游地基；行业代表性验证；后续指标扩面目标
2000只样本股票池,sz002281,002281.SZ,光迅科技,深交所,通信,,2000只样本池,中证全指+申万一级分层抽样,按行业权重代表性与流动性先验纳入,,L8X上游地基；行业代表性验证；后续指标扩面目标
2000只样本股票池,sh600809,600809.SH,山西汾酒,上交所,食品饮料,,2000只样本池,中证全指+申万一级分层抽样,按行业权重代表性与流动性先验纳入,,L8X上游地基；行业代表性验证；后续指标扩面目标
2000只样本股票池,sh600989,600989.SH,宝丰能源,上交所,基础化工,,2000只样本池,中证全指+申万一级分层抽样,按行业权重代表性与流动性先验纳入,,L8X上游地基；行业代表性验证；后续指标扩面目标
2000只样本股票池,sz301308,301308.SZ,江波龙,深交所,电子,,2000只样本池,中证全指+申万一级分层抽样,按行业权重代表性与流动性先验纳入,,L8X上游地基；行业代表性验证；后续指标扩面目标
2000只样本股票池,sz002202,002202.SZ,金风科技,深交所,电力设备,,2000只样本池,中证全指+申万一级分层抽样,按行业权重代表性与流动性先验纳入,,L8X上游地基；行业代表性验证；后续指标扩面目标
2000只样本股票池,sz000807,000807.SZ,云铝股份,深交所,有色金属,,2000只样本池,中证全指+申万一级分层抽样,按行业权重代表性与流动性先验纳入,,L8X上游地基；行业代表性验证；后续指标扩面目标
2000只样本股票池,sh600584,600584.SH,长电科技,上交所,电子,,2000只样本池,中证全指+申万一级分层抽样,按行业权重代表性与流动性先验纳入,,L8X上游地基；行业代表性验证；后续指标扩面目标
2000只样本股票池,sz002738,002738.SZ,中矿资源,深交所,有色金属,,2000只样本池,中证全指+申万一级分层抽样,按行业权重代表性与流动性先验纳入,,L8X上游地基；行业代表性验证；后续指标扩面目标
2000只样本股票池,sh603288,603288.SH,海天味业,上交所,食品饮料,,2000只样本池,中证全指+申万一级分层抽样,按行业权重代表性与流动性先验纳入,,L8X上游地基；行业代表性验证；后续指标扩面目标
2000只样本股票池,sh601888,601888.SH,中国中免,上交所,商贸零售,,2000只样本池,中证全指+申万一级分层抽样,按行业权重代表性与流动性先验纳入,,L8X上游地基；行业代表性验证；后续指标扩面目标
2000只样本股票池,sz300390,300390.SZ,天华新能,深交所,电力设备,,2000只样本池,中证全指+申万一级分层抽样,按行业权重代表性与流动性先验纳入,,L8X上游地基；行业代表性验证；后续指标扩面目标
2000只样本股票池,sz000938,000938.SZ,紫光股份,深交所,计算机,,2000只样本池,中证全指+申万一级分层抽样,按行业权重代表性与流动性先验纳入,,L8X上游地基；行业代表性验证；后续指标扩面目标
2000只样本股票池,sh600549,600549.SH,厦门钨业,上交所,有色金属,,2000只样本池,中证全指+申万一级分层抽样,按行业权重代表性与流动性先验纳入,,L8X上游地基；行业代表性验证；后续指标扩面目标
2000只样本股票池,sh600104,600104.SH,上汽集团,上交所,汽车,,2000只样本池,中证全指+申万一级分层抽样,按行业权重代表性与流动性先验纳入,,L8X上游地基；行业代表性验证；后续指标扩面目标
2000只样本股票池,sh600988,600988.SH,赤峰黄金,上交所,有色金属,,2000只样本池,中证全指+申万一级分层抽样,按行业权重代表性与流动性先验纳入,,L8X上游地基；行业代表性验证；后续指标扩面目标
2000只样本股票池,sh601006,601006.SH,大秦铁路,上交所,交通运输,,2000只样本池,中证全指+申万一级分层抽样,按行业权重代表性与流动性先验纳入,,L8X上游地基；行业代表性验证；后续指标扩面目标
2000只样本股票池,sz002027,002027.SZ,分众传媒,深交所,传媒,,2000只样本池,中证全指+申万一级分层抽样,按行业权重代表性与流动性先验纳入,,L8X上游地基；行业代表性验证；后续指标扩面目标
2000只样本股票池,sh600879,600879.SH,航天电子,上交所,国防军工,,2000只样本池,中证全指+申万一级分层抽样,按行业权重代表性与流动性先验纳入,,L8X上游地基；行业代表性验证；后续指标扩面目标
2000只样本股票池,sz002156,002156.SZ,通富微电,深交所,电子,,2000只样本池,中证全指+申万一级分层抽样,按行业权重代表性与流动性先验纳入,,L8X上游地基；行业代表性验证；后续指标扩面目标
2000只样本股票池,sz000776,000776.SZ,广发证券,深交所,非银金融,,2000只样本池,中证全指+申万一级分层抽样,按行业权重代表性与流动性先验纳入,,L8X上游地基；行业代表性验证；后续指标扩面目标
2000只样本股票池,sh600547,600547.SH,山东黄金,上交所,有色金属,,2000只样本池,中证全指+申万一级分层抽样,按行业权重代表性与流动性先验纳入,,L8X上游地基；行业代表性验证；后续指标扩面目标
2000只样本股票池,sz300058,300058.SZ,蓝色光标,深交所,传媒,,2000只样本池,中证全指+申万一级分层抽样,按行业权重代表性与流动性先验纳入,,L8X上游地基；行业代表性验证；后续指标扩面目标
2000只样本股票池,sh600893,600893.SH,航发动力,上交所,国防军工,,2000只样本池,中证全指+申万一级分层抽样,按行业权重代表性与流动性先验纳入,,L8X上游地基；行业代表性验证；后续指标扩面目标
2000只样本股票池,sh601628,601628.SH,中国人寿,上交所,非银金融,,2000只样本池,中证全指+申万一级分层抽样,按行业权重代表性与流动性先验纳入,,L8X上游地基；行业代表性验证；后续指标扩面目标
2000只样本股票池,sh600010,600010.SH,包钢股份,上交所,钢铁,,2000只样本池,中证全指+申万一级分层抽样,按行业权重代表性与流动性先验纳入,,L8X上游地基；行业代表性验证；后续指标扩面目标
2000只样本股票池,sz300450,300450.SZ,先导智能,深交所,电力设备,,2000只样本池,中证全指+申万一级分层抽样,按行业权重代表性与流动性先验纳入,,L8X上游地基；行业代表性验证；后续指标扩面目标
2000只样本股票池,sz002241,002241.SZ,歌尔股份,深交所,电子,,2000只样本池,中证全指+申万一级分层抽样,按行业权重代表性与流动性先验纳入,,L8X上游地基；行业代表性验证；后续指标扩面目标
2000只样本股票池,sh600118,600118.SH,中国卫星,上交所,国防军工,,2000只样本池,中证全指+申万一级分层抽样,按行业权重代表性与流动性先验纳入,,L8X上游地基；行业代表性验证；后续指标扩面目标
2000只样本股票池,sz000426,000426.SZ,兴业银锡,深交所,有色金属,,2000只样本池,中证全指+申万一级分层抽样,按行业权重代表性与流动性先验纳入,,L8X上游地基；行业代表性验证；后续指标扩面目标
2000只样本股票池,sz300548,300548.SZ,长芯博创,深交所,通信,,2000只样本池,中证全指+申万一级分层抽样,按行业权重代表性与流动性先验纳入,,L8X上游地基；行业代表性验证；后续指标扩面目标
2000只样本股票池,sz002625,002625.SZ,光启技术,深交所,国防军工,,2000只样本池,中证全指+申万一级分层抽样,按行业权重代表性与流动性先验纳入,,L8X上游地基；行业代表性验证；后续指标扩面目标
2000只样本股票池,sh600905,600905.SH,三峡能源,上交所,公用事业,,2000只样本池,中证全指+申万一级分层抽样,按行业权重代表性与流动性先验纳入,,L8X上游地基；行业代表性验证；后续指标扩面目标
2000只样本股票池,sh688111,688111.SH,金山办公,上交所,计算机,,2000只样本池,中证全指+申万一级分层抽样,按行业权重代表性与流动性先验纳入,,L8X上游地基；行业代表性验证；后续指标扩面目标
2000只样本股票池,sh600999,600999.SH,招商证券,上交所,非银金融,,2000只样本池,中证全指+申万一级分层抽样,按行业权重代表性与流动性先验纳入,,L8X上游地基；行业代表性验证；后续指标扩面目标
2000只样本股票池,sh601818,601818.SH,光大银行,上交所,银行,,2000只样本池,中证全指+申万一级分层抽样,按行业权重代表性与流动性先验纳入,,L8X上游地基；行业代表性验证；后续指标扩面目标
2000只样本股票池,sh688347,688347.SH,华虹公司,上交所,电子,,2000只样本池,中证全指+申万一级分层抽样,按行业权重代表性与流动性先验纳入,,L8X上游地基；行业代表性验证；后续指标扩面目标
2000只样本股票池,sz300475,300475.SZ,香农芯创,深交所,电子,,2000只样本池,中证全指+申万一级分层抽样,按行业权重代表性与流动性先验纳入,,L8X上游地基；行业代表性验证；后续指标扩面目标
2000只样本股票池,sh601872,601872.SH,招商轮船,上交所,交通运输,,2000只样本池,中证全指+申万一级分层抽样,按行业权重代表性与流动性先验纳入,,L8X上游地基；行业代表性验证；后续指标扩面目标
2000只样本股票池,sh600426,600426.SH,华鲁恒升,上交所,基础化工,,2000只样本池,中证全指+申万一级分层抽样,按行业权重代表性与流动性先验纳入,,L8X上游地基；行业代表性验证；后续指标扩面目标
2000只样本股票池,sh601100,601100.SH,恒立液压,上交所,机械设备,,2000只样本池,中证全指+申万一级分层抽样,按行业权重代表性与流动性先验纳入,,L8X上游地基；行业代表性验证；后续指标扩面目标
2000只样本股票池,sh601658,601658.SH,邮储银行,上交所,银行,,2000只样本池,中证全指+申万一级分层抽样,按行业权重代表性与流动性先验纳入,,L8X上游地基；行业代表性验证；后续指标扩面目标
2000只样本股票池,sz002837,002837.SZ,英维克,深交所,机械设备,,2000只样本池,中证全指+申万一级分层抽样,按行业权重代表性与流动性先验纳入,,L8X上游地基；行业代表性验证；后续指标扩面目标
2000只样本股票池,sh605117,605117.SH,德业股份,上交所,电力设备,,2000只样本池,中证全指+申万一级分层抽样,按行业权重代表性与流动性先验纳入,,L8X上游地基；行业代表性验证；后续指标扩面目标
2000只样本股票池,sh600019,600019.SH,宝钢股份,上交所,钢铁,,2000只样本池,中证全指+申万一级分层抽样,按行业权重代表性与流动性先验纳入,,L8X上游地基；行业代表性验证；后续指标扩面目标
2000只样本股票池,sh688271,688271.SH,联影医疗,上交所,医药生物,,2000只样本池,中证全指+申万一级分层抽样,按行业权重代表性与流动性先验纳入,,L8X上游地基；行业代表性验证；后续指标扩面目标
2000只样本股票池,sh601336,601336.SH,新华保险,上交所,非银金融,,2000只样本池,中证全指+申万一级分层抽样,按行业权重代表性与流动性先验纳入,,L8X上游地基；行业代表性验证；后续指标扩面目标
2000只样本股票池,sz002001,002001.SZ,新和成,深交所,基础化工,,2000只样本池,中证全指+申万一级分层抽样,按行业权重代表性与流动性先验纳入,,L8X上游地基；行业代表性验证；后续指标扩面目标
2000只样本股票池,sh688002,688002.SH,睿创微纳,上交所,国防军工,,2000只样本池,中证全指+申万一级分层抽样,按行业权重代表性与流动性先验纳入,,L8X上游地基；行业代表性验证；后续指标扩面目标
2000只样本股票池,sh600673,600673.SH,东阳光,上交所,综合,,2000只样本池,中证全指+申万一级分层抽样,按行业权重代表性与流动性先验纳入,,L8X上游地基；行业代表性验证；后续指标扩面目标
2000只样本股票池,sz000657,000657.SZ,中钨高新,深交所,有色金属,,2000只样本池,中证全指+申万一级分层抽样,按行业权重代表性与流动性先验纳入,,L8X上游地基；行业代表性验证；后续指标扩面目标
2000只样本股票池,sz002049,002049.SZ,紫光国微,深交所,电子,,2000只样本池,中证全指+申万一级分层抽样,按行业权重代表性与流动性先验纳入,,L8X上游地基；行业代表性验证；后续指标扩面目标
2000只样本股票池,sh601689,601689.SH,拓普集团,上交所,汽车,,2000只样本池,中证全指+申万一级分层抽样,按行业权重代表性与流动性先验纳入,,L8X上游地基；行业代表性验证；后续指标扩面目标
2000只样本股票池,sh601825,601825.SH,沪农商行,上交所,银行,,2000只样本池,中证全指+申万一级分层抽样,按行业权重代表性与流动性先验纳入,,L8X上游地基；行业代表性验证；后续指标扩面目标
2000只样本股票池,sh601390,601390.SH,中国中铁,上交所,建筑装饰,,2000只样本池,中证全指+申万一级分层抽样,按行业权重代表性与流动性先验纳入,,L8X上游地基；行业代表性验证；后续指标扩面目标
2000只样本股票池,sh601727,601727.SH,上海电气,上交所,电力设备,,2000只样本池,中证全指+申万一级分层抽样,按行业权重代表性与流动性先验纳入,,L8X上游地基；行业代表性验证；后续指标扩面目标
2000只样本股票池,sz002600,002600.SZ,领益智造,深交所,电子,,2000只样本池,中证全指+申万一级分层抽样,按行业权重代表性与流动性先验纳入,,L8X上游地基；行业代表性验证；后续指标扩面目标
2000只样本股票池,sz300433,300433.SZ,蓝思科技,深交所,电子,,2000只样本池,中证全指+申万一级分层抽样,按行业权重代表性与流动性先验纳入,,L8X上游地基；行业代表性验证；后续指标扩面目标
2000只样本股票池,sh600585,600585.SH,海螺水泥,上交所,建筑材料,,2000只样本池,中证全指+申万一级分层抽样,按行业权重代表性与流动性先验纳入,,L8X上游地基；行业代表性验证；后续指标扩面目标
2000只样本股票池,sz000933,000933.SZ,神火股份,深交所,有色金属,,2000只样本池,中证全指+申万一级分层抽样,按行业权重代表性与流动性先验纳入,,L8X上游地基；行业代表性验证；后续指标扩面目标
2000只样本股票池,sh688777,688777.SH,中控技术,上交所,机械设备,,2000只样本池,中证全指+申万一级分层抽样,按行业权重代表性与流动性先验纳入,,L8X上游地基；行业代表性验证；后续指标扩面目标
2000只样本股票池,sz002938,002938.SZ,鹏鼎控股,深交所,电子,,2000只样本池,中证全指+申万一级分层抽样,按行业权重代表性与流动性先验纳入,,L8X上游地基；行业代表性验证；后续指标扩面目标
2000只样本股票池,sz300015,300015.SZ,爱尔眼科,深交所,医药生物,,2000只样本池,中证全指+申万一级分层抽样,按行业权重代表性与流动性先验纳入,,L8X上游地基；行业代表性验证；后续指标扩面目标
2000只样本股票池,sz002648,002648.SZ,卫星化学,深交所,基础化工,,2000只样本池,中证全指+申万一级分层抽样,按行业权重代表性与流动性先验纳入,,L8X上游地基；行业代表性验证；后续指标扩面目标
2000只样本股票池,sz000630,000630.SZ,铜陵有色,深交所,有色金属,,2000只样本池,中证全指+申万一级分层抽样,按行业权重代表性与流动性先验纳入,,L8X上游地基；行业代表性验证；后续指标扩面目标
2000只样本股票池,sh601168,601168.SH,西部矿业,上交所,有色金属,,2000只样本池,中证全指+申万一级分层抽样,按行业权重代表性与流动性先验纳入,,L8X上游地基；行业代表性验证；后续指标扩面目标
2000只样本股票池,sh600105,600105.SH,永鼎股份,上交所,通信,,2000只样本池,中证全指+申万一级分层抽样,按行业权重代表性与流动性先验纳入,,L8X上游地基；行业代表性验证；后续指标扩面目标
2000只样本股票池,sh600160,600160.SH,巨化股份,上交所,基础化工,,2000只样本池,中证全指+申万一级分层抽样,按行业权重代表性与流动性先验纳入,,L8X上游地基；行业代表性验证；后续指标扩面目标
2000只样本股票池,sh601838,601838.SH,成都银行,上交所,银行,,2000只样本池,中证全指+申万一级分层抽样,按行业权重代表性与流动性先验纳入,,L8X上游地基；行业代表性验证；后续指标扩面目标
2000只样本股票池,sz002812,002812.SZ,恩捷股份,深交所,电力设备,,2000只样本池,中证全指+申万一级分层抽样,按行业权重代表性与流动性先验纳入,,L8X上游地基；行业代表性验证；后续指标扩面目标
2000只样本股票池,sz002851,002851.SZ,麦格米特,深交所,电力设备,,2000只样本池,中证全指+申万一级分层抽样,按行业权重代表性与流动性先验纳入,,L8X上游地基；行业代表性验证；后续指标扩面目标
2000只样本股票池,sh688120,688120.SH,华海清科,上交所,电子,,2000只样本池,中证全指+申万一级分层抽样,按行业权重代表性与流动性先验纳入,,L8X上游地基；行业代表性验证；后续指标扩面目标
2000只样本股票池,sz002195,002195.SZ,岩山科技,深交所,计算机,,2000只样本池,中证全指+申万一级分层抽样,按行业权重代表性与流动性先验纳入,,L8X上游地基；行业代表性验证；后续指标扩面目标
2000只样本股票池,sh600958,600958.SH,东方证券,上交所,非银金融,,2000只样本池,中证全指+申万一级分层抽样,按行业权重代表性与流动性先验纳入,,L8X上游地基；行业代表性验证；后续指标扩面目标
2000只样本股票池,sz300757,300757.SZ,罗博特科,深交所,机械设备,,2000只样本池,中证全指+申万一级分层抽样,按行业权重代表性与流动性先验纳入,,L8X上游地基；行业代表性验证；后续指标扩面目标
2000只样本股票池,sh601669,601669.SH,中国电建,上交所,建筑装饰,,2000只样本池,中证全指+申万一级分层抽样,按行业权重代表性与流动性先验纳入,,L8X上游地基；行业代表性验证；后续指标扩面目标
2000只样本股票池,sh603083,603083.SH,剑桥科技,上交所,通信,,2000只样本池,中证全指+申万一级分层抽样,按行业权重代表性与流动性先验纳入,,L8X上游地基；行业代表性验证；后续指标扩面目标
2000只样本股票池,sh600875,600875.SH,东方电气,上交所,电力设备,,2000只样本池,中证全指+申万一级分层抽样,按行业权重代表性与流动性先验纳入,,L8X上游地基；行业代表性验证；后续指标扩面目标
2000只样本股票池,sh600703,600703.SH,三安光电,上交所,电子,,2000只样本池,中证全指+申万一级分层抽样,按行业权重代表性与流动性先验纳入,,L8X上游地基；行业代表性验证；后续指标扩面目标
2000只样本股票池,sh600438,600438.SH,通威股份,上交所,电力设备,,2000只样本池,中证全指+申万一级分层抽样,按行业权重代表性与流动性先验纳入,,L8X上游地基；行业代表性验证；后续指标扩面目标
2000只样本股票池,sz002436,002436.SZ,兴森科技,深交所,电子,,2000只样本池,中证全指+申万一级分层抽样,按行业权重代表性与流动性先验纳入,,L8X上游地基；行业代表性验证；后续指标扩面目标
2000只样本股票池,sz300054,300054.SZ,鼎龙股份,深交所,电子,,2000只样本池,中证全指+申万一级分层抽样,按行业权重代表性与流动性先验纳入,,L8X上游地基；行业代表性验证；后续指标扩面目标
2000只样本股票池,sz000538,000538.SZ,云南白药,深交所,医药生物,,2000只样本池,中证全指+申万一级分层抽样,按行业权重代表性与流动性先验纳入,,L8X上游地基；行业代表性验证；后续指标扩面目标
2000只样本股票池,sz000625,000625.SZ,长安汽车,深交所,汽车,,2000只样本池,中证全指+申万一级分层抽样,按行业权重代表性与流动性先验纳入,,L8X上游地基；行业代表性验证；后续指标扩面目标
2000只样本股票池,sh600066,600066.SH,宇通客车,上交所,汽车,,2000只样本池,中证全指+申万一级分层抽样,按行业权重代表性与流动性先验纳入,,L8X上游地基；行业代表性验证；后续指标扩面目标
2000只样本股票池,sh600362,600362.SH,江西铜业,上交所,有色金属,,2000只样本池,中证全指+申万一级分层抽样,按行业权重代表性与流动性先验纳入,,L8X上游地基；行业代表性验证；后续指标扩面目标
2000只样本股票池,sz002340,002340.SZ,格林美,深交所,电力设备,,2000只样本池,中证全指+申万一级分层抽样,按行业权重代表性与流动性先验纳入,,L8X上游地基；行业代表性验证；后续指标扩面目标
2000只样本股票池,sh600346,600346.SH,恒力石化,上交所,石油石化,,2000只样本池,中证全指+申万一级分层抽样,按行业权重代表性与流动性先验纳入,,L8X上游地基；行业代表性验证；后续指标扩面目标
2000只样本股票池,sz002532,002532.SZ,天山铝业,深交所,有色金属,,2000只样本池,中证全指+申万一级分层抽样,按行业权重代表性与流动性先验纳入,,L8X上游地基；行业代表性验证；后续指标扩面目标
2000只样本股票池,sz002179,002179.SZ,中航光电,深交所,国防军工,,2000只样本池,中证全指+申万一级分层抽样,按行业权重代表性与流动性先验纳入,,L8X上游地基；行业代表性验证；后续指标扩面目标
2000只样本股票池,sz002273,002273.SZ,水晶光电,深交所,电子,,2000只样本池,中证全指+申万一级分层抽样,按行业权重代表性与流动性先验纳入,,L8X上游地基；行业代表性验证；后续指标扩面目标
2000只样本股票池,sh600096,600096.SH,云天化,上交所,基础化工,,2000只样本池,中证全指+申万一级分层抽样,按行业权重代表性与流动性先验纳入,,L8X上游地基；行业代表性验证；后续指标扩面目标
2000只样本股票池,sz300395,300395.SZ,菲利华,深交所,国防军工,,2000只样本池,中证全指+申万一级分层抽样,按行业权重代表性与流动性先验纳入,,L8X上游地基；行业代表性验证；后续指标扩面目标
2000只样本股票池,sh601998,601998.SH,中信银行,上交所,银行,,2000只样本池,中证全指+申万一级分层抽样,按行业权重代表性与流动性先验纳入,,L8X上游地基；行业代表性验证；后续指标扩面目标
2000只样本股票池,sh601916,601916.SH,浙商银行,上交所,银行,,2000只样本池,中证全指+申万一级分层抽样,按行业权重代表性与流动性先验纳入,,L8X上游地基；行业代表性验证；后续指标扩面目标
2000只样本股票池,sz002261,002261.SZ,拓维信息,深交所,计算机,,2000只样本池,中证全指+申万一级分层抽样,按行业权重代表性与流动性先验纳入,,L8X上游地基；行业代表性验证；后续指标扩面目标
2000只样本股票池,sh600048,600048.SH,保利发展,上交所,房地产,,2000只样本池,中证全指+申万一级分层抽样,按行业权重代表性与流动性先验纳入,,L8X上游地基；行业代表性验证；后续指标扩面目标
2000只样本股票池,sh688110,688110.SH,东芯股份,上交所,电子,,2000只样本池,中证全指+申万一级分层抽样,按行业权重代表性与流动性先验纳入,,L8X上游地基；行业代表性验证；后续指标扩面目标
2000只样本股票池,sz002240,002240.SZ,盛新锂能,深交所,有色金属,,2000只样本池,中证全指+申万一级分层抽样,按行业权重代表性与流动性先验纳入,,L8X上游地基；行业代表性验证；后续指标扩面目标
2000只样本股票池,sz002558,002558.SZ,巨人网络,深交所,传媒,,2000只样本池,中证全指+申万一级分层抽样,按行业权重代表性与流动性先验纳入,,L8X上游地基；行业代表性验证；后续指标扩面目标
2000只样本股票池,sh600015,600015.SH,华夏银行,上交所,银行,,2000只样本池,中证全指+申万一级分层抽样,按行业权重代表性与流动性先验纳入,,L8X上游地基；行业代表性验证；后续指标扩面目标
2000只样本股票池,sz002131,002131.SZ,利欧股份,深交所,机械设备,,2000只样本池,中证全指+申万一级分层抽样,按行业权重代表性与流动性先验纳入,,L8X上游地基；行业代表性验证；后续指标扩面目标
2000只样本股票池,sh600482,600482.SH,中国动力,上交所,电力设备,,2000只样本池,中证全指+申万一级分层抽样,按行业权重代表性与流动性先验纳入,,L8X上游地基；行业代表性验证；后续指标扩面目标
2000只样本股票池,sh688048,688048.SH,长光华芯,上交所,电子,,2000只样本池,中证全指+申万一级分层抽样,按行业权重代表性与流动性先验纳入,,L8X上游地基；行业代表性验证；后续指标扩面目标
2000只样本股票池,sz000975,000975.SZ,山金国际,深交所,有色金属,,2000只样本池,中证全指+申万一级分层抽样,按行业权重代表性与流动性先验纳入,,L8X上游地基；行业代表性验证；后续指标扩面目标
2000只样本股票池,sz301358,301358.SZ,湖南裕能,深交所,电力设备,,2000只样本池,中证全指+申万一级分层抽样,按行业权重代表性与流动性先验纳入,,L8X上游地基；行业代表性验证；后续指标扩面目标
2000只样本股票池,sh601179,601179.SH,中国西电,上交所,电力设备,,2000只样本池,中证全指+申万一级分层抽样,按行业权重代表性与流动性先验纳入,,L8X上游地基；行业代表性验证；后续指标扩面目标
2000只样本股票池,sh600436,600436.SH,片仔癀,上交所,医药生物,,2000只样本池,中证全指+申万一级分层抽样,按行业权重代表性与流动性先验纳入,,L8X上游地基；行业代表性验证；后续指标扩面目标
2000只样本股票池,sh601869,601869.SH,长飞光纤,上交所,通信,,2000只样本池,中证全指+申万一级分层抽样,按行业权重代表性与流动性先验纳入,,L8X上游地基；行业代表性验证；后续指标扩面目标
2000只样本股票池,sz300418,300418.SZ,昆仑万维,深交所,传媒,,2000只样本池,中证全指+申万一级分层抽样,按行业权重代表性与流动性先验纳入,,L8X上游地基；行业代表性验证；后续指标扩面目标
2000只样本股票池,sz002407,002407.SZ,多氟多,深交所,基础化工,,2000只样本池,中证全指+申万一级分层抽样,按行业权重代表性与流动性先验纳入,,L8X上游地基；行业代表性验证；后续指标扩面目标
2000只样本股票池,sh600795,600795.SH,国电电力,上交所,公用事业,,2000只样本池,中证全指+申万一级分层抽样,按行业权重代表性与流动性先验纳入,,L8X上游地基；行业代表性验证；后续指标扩面目标
2000只样本股票池,sh688313,688313.SH,仕佳光子,上交所,通信,,2000只样本池,中证全指+申万一级分层抽样,按行业权重代表性与流动性先验纳入,,L8X上游地基；行业代表性验证；后续指标扩面目标
2000只样本股票池,sz000166,000166.SZ,申万宏源,深交所,非银金融,,2000只样本池,中证全指+申万一级分层抽样,按行业权重代表性与流动性先验纳入,,L8X上游地基；行业代表性验证；后续指标扩面目标
2000只样本股票池,sh605499,605499.SH,东鹏饮料,上交所,食品饮料,,2000只样本池,中证全指+申万一级分层抽样,按行业权重代表性与流动性先验纳入,,L8X上游地基；行业代表性验证；后续指标扩面目标
2000只样本股票池,sz300223,300223.SZ,北京君正,深交所,电子,,2000只样本池,中证全指+申万一级分层抽样,按行业权重代表性与流动性先验纳入,,L8X上游地基；行业代表性验证；后续指标扩面目标
2000只样本股票池,sh603296,603296.SH,华勤技术,上交所,电子,,2000只样本池,中证全指+申万一级分层抽样,按行业权重代表性与流动性先验纳入,,L8X上游地基；行业代表性验证；后续指标扩面目标
2000只样本股票池,sz002493,002493.SZ,荣盛石化,深交所,石油石化,,2000只样本池,中证全指+申万一级分层抽样,按行业权重代表性与流动性先验纳入,,L8X上游地基；行业代表性验证；后续指标扩面目标
2000只样本股票池,sh601377,601377.SH,兴业证券,上交所,非银金融,,2000只样本池,中证全指+申万一级分层抽样,按行业权重代表性与流动性先验纳入,,L8X上游地基；行业代表性验证；后续指标扩面目标
2000只样本股票池,sh600580,600580.SH,卧龙电驱,上交所,电力设备,,2000只样本池,中证全指+申万一级分层抽样,按行业权重代表性与流动性先验纳入,,L8X上游地基；行业代表性验证；后续指标扩面目标
2000只样本股票池,sz002311,002311.SZ,海大集团,深交所,农林牧渔,,2000只样本池,中证全指+申万一级分层抽样,按行业权重代表性与流动性先验纳入,,L8X上游地基；行业代表性验证；后续指标扩面目标
2000只样本股票池,sh688361,688361.SH,中科飞测,上交所,电子,,2000只样本池,中证全指+申万一级分层抽样,按行业权重代表性与流动性先验纳入,,L8X上游地基；行业代表性验证；后续指标扩面目标
2000只样本股票池,sz300207,300207.SZ,欣旺达,深交所,电力设备,,2000只样本池,中证全指+申万一级分层抽样,按行业权重代表性与流动性先验纳入,,L8X上游地基；行业代表性验证；后续指标扩面目标
2000只样本股票池,sh600570,600570.SH,恒生电子,上交所,计算机,,2000只样本池,中证全指+申万一级分层抽样,按行业权重代表性与流动性先验纳入,,L8X上游地基；行业代表性验证；后续指标扩面目标
2000只样本股票池,sh600188,600188.SH,兖矿能源,上交所,煤炭,,2000只样本池,中证全指+申万一级分层抽样,按行业权重代表性与流动性先验纳入,,L8X上游地基；行业代表性验证；后续指标扩面目标
2000只样本股票池,sz300751,300751.SZ,迈为股份,深交所,电力设备,,2000只样本池,中证全指+申万一级分层抽样,按行业权重代表性与流动性先验纳入,,L8X上游地基；行业代表性验证；后续指标扩面目标
2000只样本股票池,sz000703,000703.SZ,恒逸石化,深交所,石油石化,,2000只样本池,中证全指+申万一级分层抽样,按行业权重代表性与流动性先验纳入,,L8X上游地基；行业代表性验证；后续指标扩面目标
2000只样本股票池,sz000831,000831.SZ,中国稀土,深交所,有色金属,,2000只样本池,中证全指+申万一级分层抽样,按行业权重代表性与流动性先验纳入,,L8X上游地基；行业代表性验证；后续指标扩面目标
2000只样本股票池,sh601995,601995.SH,中金公司,上交所,非银金融,,2000只样本池,中证全指+申万一级分层抽样,按行业权重代表性与流动性先验纳入,,L8X上游地基；行业代表性验证；后续指标扩面目标
2000只样本股票池,sh600760,600760.SH,中航沈飞,上交所,国防军工,,2000只样本池,中证全指+申万一级分层抽样,按行业权重代表性与流动性先验纳入,,L8X上游地基；行业代表性验证；后续指标扩面目标
2000只样本股票池,sz000157,000157.SZ,中联重科,深交所,机械设备,,2000只样本池,中证全指+申万一级分层抽样,按行业权重代表性与流动性先验纳入,,L8X上游地基；行业代表性验证；后续指标扩面目标
2000只样本股票池,sz002074,002074.SZ,国轩高科,深交所,电力设备,,2000只样本池,中证全指+申万一级分层抽样,按行业权重代表性与流动性先验纳入,,L8X上游地基；行业代表性验证；后续指标扩面目标
2000只样本股票池,sh688702,688702.SH,盛科通信,上交所,电子,,2000只样本池,中证全指+申万一级分层抽样,按行业权重代表性与流动性先验纳入,,L8X上游地基；行业代表性验证；后续指标扩面目标
2000只样本股票池,sh688126,688126.SH,沪硅产业,上交所,电子,,2000只样本池,中证全指+申万一级分层抽样,按行业权重代表性与流动性先验纳入,,L8X上游地基；行业代表性验证；后续指标扩面目标
2000只样本股票池,sz300661,300661.SZ,圣邦股份,深交所,电子,,2000只样本池,中证全指+申万一级分层抽样,按行业权重代表性与流动性先验纳入,,L8X上游地基；行业代表性验证；后续指标扩面目标
2000只样本股票池,sh601868,601868.SH,中国能建,上交所,建筑装饰,,2000只样本池,中证全指+申万一级分层抽样,按行业权重代表性与流动性先验纳入,,L8X上游地基；行业代表性验证；后续指标扩面目标
2000只样本股票池,sz300017,300017.SZ,网宿科技,深交所,计算机,,2000只样本池,中证全指+申万一级分层抽样,按行业权重代表性与流动性先验纳入,,L8X上游地基；行业代表性验证；后续指标扩面目标
2000只样本股票池,sh603659,603659.SH,璞泰来,上交所,电力设备,,2000只样本池,中证全指+申万一级分层抽样,按行业权重代表性与流动性先验纳入,,L8X上游地基；行业代表性验证；后续指标扩面目标
2000只样本股票池,sz002126,002126.SZ,银轮股份,深交所,汽车,,2000只样本池,中证全指+申万一级分层抽样,按行业权重代表性与流动性先验纳入,,L8X上游地基；行业代表性验证；后续指标扩面目标
2000只样本股票池,sh601360,601360.SH,三六零,上交所,计算机,,2000只样本池,中证全指+申万一级分层抽样,按行业权重代表性与流动性先验纳入,,L8X上游地基；行业代表性验证；后续指标扩面目标
2000只样本股票池,sh600221,600221.SH,海航控股,上交所,交通运输,,2000只样本池,中证全指+申万一级分层抽样,按行业权重代表性与流动性先验纳入,,L8X上游地基；行业代表性验证；后续指标扩面目标
2000只样本股票池,sh601077,601077.SH,渝农商行,上交所,银行,,2000只样本池,中证全指+申万一级分层抽样,按行业权重代表性与流动性先验纳入,,L8X上游地基；行业代表性验证；后续指标扩面目标
2000只样本股票池,sh600885,600885.SH,宏发股份,上交所,电力设备,,2000只样本池,中证全指+申万一级分层抽样,按行业权重代表性与流动性先验纳入,,L8X上游地基；行业代表性验证；后续指标扩面目标
2000只样本股票池,sz300666,300666.SZ,江丰电子,深交所,电子,,2000只样本池,中证全指+申万一级分层抽样,按行业权重代表性与流动性先验纳入,,L8X上游地基；行业代表性验证；后续指标扩面目标
2000只样本股票池,sh603893,603893.SH,瑞芯微,上交所,电子,,2000只样本池,中证全指+申万一级分层抽样,按行业权重代表性与流动性先验纳入,,L8X上游地基；行业代表性验证；后续指标扩面目标
2000只样本股票池,sz002422,002422.SZ,科伦药业,深交所,医药生物,,2000只样本池,中证全指+申万一级分层抽样,按行业权重代表性与流动性先验纳入,,L8X上游地基；行业代表性验证；后续指标扩面目标
2000只样本股票池,sz000066,000066.SZ,中国长城,深交所,计算机,,2000只样本池,中证全指+申万一级分层抽样,按行业权重代表性与流动性先验纳入,,L8X上游地基；行业代表性验证；后续指标扩面目标
2000只样本股票池,sh600157,600157.SH,永泰能源,上交所,煤炭,,2000只样本池,中证全指+申万一级分层抽样,按行业权重代表性与流动性先验纳入,,L8X上游地基；行业代表性验证；后续指标扩面目标
2000只样本股票池,sz002966,002966.SZ,苏州银行,深交所,银行,,2000只样本池,中证全指+申万一级分层抽样,按行业权重代表性与流动性先验纳入,,L8X上游地基；行业代表性验证；后续指标扩面目标
2000只样本股票池,sh600498,600498.SH,烽火通信,上交所,通信,,2000只样本池,中证全指+申万一级分层抽样,按行业权重代表性与流动性先验纳入,,L8X上游地基；行业代表性验证；后续指标扩面目标
2000只样本股票池,sz002080,002080.SZ,中材科技,深交所,建筑材料,,2000只样本池,中证全指+申万一级分层抽样,按行业权重代表性与流动性先验纳入,,L8X上游地基；行业代表性验证；后续指标扩面目标
2000只样本股票池,sh688037,688037.SH,芯源微,上交所,电子,,2000只样本池,中证全指+申万一级分层抽样,按行业权重代表性与流动性先验纳入,,L8X上游地基；行业代表性验证；后续指标扩面目标
2000只样本股票池,sh600219,600219.SH,南山铝业,上交所,有色金属,,2000只样本池,中证全指+申万一级分层抽样,按行业权重代表性与流动性先验纳入,,L8X上游地基；行业代表性验证；后续指标扩面目标
2000只样本股票池,sz002850,002850.SZ,科达利,深交所,电力设备,,2000只样本池,中证全指+申万一级分层抽样,按行业权重代表性与流动性先验纳入,,L8X上游地基；行业代表性验证；后续指标扩面目标
2000只样本股票池,sh601058,601058.SH,赛轮轮胎,上交所,汽车,,2000只样本池,中证全指+申万一级分层抽样,按行业权重代表性与流动性先验纳入,,L8X上游地基；行业代表性验证；后续指标扩面目标
2000只样本股票池,sz002236,002236.SZ,大华股份,深交所,计算机,,2000只样本池,中证全指+申万一级分层抽样,按行业权重代表性与流动性先验纳入,,L8X上游地基；行业代表性验证；后续指标扩面目标
2000只样本股票池,sz002428,002428.SZ,云南锗业,深交所,有色金属,,2000只样本池,中证全指+申万一级分层抽样,按行业权重代表性与流动性先验纳入,,L8X上游地基；行业代表性验证；后续指标扩面目标
2000只样本股票池,sh600392,600392.SH,盛和资源,上交所,有色金属,,2000只样本池,中证全指+申万一级分层抽样,按行业权重代表性与流动性先验纳入,,L8X上游地基；行业代表性验证；后续指标扩面目标
2000只样本股票池,sh600115,600115.SH,中国东航,上交所,交通运输,,2000只样本池,中证全指+申万一级分层抽样,按行业权重代表性与流动性先验纳入,,L8X上游地基；行业代表性验证；后续指标扩面目标
2000只样本股票池,sh600233,600233.SH,圆通速递,上交所,交通运输,,2000只样本池,中证全指+申万一级分层抽样,按行业权重代表性与流动性先验纳入,,L8X上游地基；行业代表性验证；后续指标扩面目标
2000只样本股票池,sh600415,600415.SH,小商品城,上交所,商贸零售,,2000只样本池,中证全指+申万一级分层抽样,按行业权重代表性与流动性先验纳入,,L8X上游地基；行业代表性验证；后续指标扩面目标
2000只样本股票池,sh603308,603308.SH,应流股份,上交所,机械设备,,2000只样本池,中证全指+申万一级分层抽样,按行业权重代表性与流动性先验纳入,,L8X上游地基；行业代表性验证；后续指标扩面目标
2000只样本股票池,sz300037,300037.SZ,新宙邦,深交所,电力设备,,2000只样本池,中证全指+申万一级分层抽样,按行业权重代表性与流动性先验纳入,,L8X上游地基；行业代表性验证；后续指标扩面目标
2000只样本股票池,sz003816,003816.SZ,中国广核,深交所,公用事业,,2000只样本池,中证全指+申万一级分层抽样,按行业权重代表性与流动性先验纳入,,L8X上游地基；行业代表性验证；后续指标扩面目标
2000只样本股票池,sz300339,300339.SZ,润和软件,深交所,计算机,,2000只样本池,中证全指+申万一级分层抽样,按行业权重代表性与流动性先验纳入,,L8X上游地基；行业代表性验证；后续指标扩面目标
2000只样本股票池,sh600026,600026.SH,中远海能,上交所,交通运输,,2000只样本池,中证全指+申万一级分层抽样,按行业权重代表性与流动性先验纳入,,L8X上游地基；行业代表性验证；后续指标扩面目标
2000只样本股票池,sh600143,600143.SH,金发科技,上交所,基础化工,,2000只样本池,中证全指+申万一级分层抽样,按行业权重代表性与流动性先验纳入,,L8X上游地基；行业代表性验证；后续指标扩面目标
2000只样本股票池,sz002128,002128.SZ,电投能源,深交所,煤炭,,2000只样本池,中证全指+申万一级分层抽样,按行业权重代表性与流动性先验纳入,,L8X上游地基；行业代表性验证；后续指标扩面目标
2000只样本股票池,sz300346,300346.SZ,南大光电,深交所,电子,,2000只样本池,中证全指+申万一级分层抽样,按行业权重代表性与流动性先验纳入,,L8X上游地基；行业代表性验证；后续指标扩面目标
2000只样本股票池,sh688099,688099.SH,晶晨股份,上交所,电子,,2000只样本池,中证全指+申万一级分层抽样,按行业权重代表性与流动性先验纳入,,L8X上游地基；行业代表性验证；后续指标扩面目标
2000只样本股票池,sz300803,300803.SZ,指南针,深交所,计算机,,2000只样本池,中证全指+申万一级分层抽样,按行业权重代表性与流动性先验纳入,,L8X上游地基；行业代表性验证；后续指标扩面目标
2000只样本股票池,sz300620,300620.SZ,光库科技,深交所,通信,,2000只样本池,中证全指+申万一级分层抽样,按行业权重代表性与流动性先验纳入,,L8X上游地基；行业代表性验证；后续指标扩面目标
2000只样本股票池,sh688027,688027.SH,国盾量子,上交所,通信,,2000只样本池,中证全指+申万一级分层抽样,按行业权重代表性与流动性先验纳入,,L8X上游地基；行业代表性验证；后续指标扩面目标
2000只样本股票池,sz002497,002497.SZ,雅化集团,深交所,基础化工,,2000只样本池,中证全指+申万一级分层抽样,按行业权重代表性与流动性先验纳入,,L8X上游地基；行业代表性验证；后续指标扩面目标
2000只样本股票池,sz002595,002595.SZ,豪迈科技,深交所,机械设备,,2000只样本池,中证全指+申万一级分层抽样,按行业权重代表性与流动性先验纳入,,L8X上游地基；行业代表性验证；后续指标扩面目标
2000只样本股票池,sh601877,601877.SH,正泰电器,上交所,电力设备,,2000只样本池,中证全指+申万一级分层抽样,按行业权重代表性与流动性先验纳入,,L8X上游地基；行业代表性验证；后续指标扩面目标
2000只样本股票池,sh600601,600601.SH,方正科技,上交所,电子,,2000只样本池,中证全指+申万一级分层抽样,按行业权重代表性与流动性先验纳入,,L8X上游地基；行业代表性验证；后续指标扩面目标
2000只样本股票池,sh688469,688469.SH,芯联集成,上交所,电子,,2000只样本池,中证全指+申万一级分层抽样,按行业权重代表性与流动性先验纳入,,L8X上游地基；行业代表性验证；后续指标扩面目标
2000只样本股票池,sh601233,601233.SH,桐昆股份,上交所,石油石化,,2000只样本池,中证全指+申万一级分层抽样,按行业权重代表性与流动性先验纳入,,L8X上游地基；行业代表性验证；后续指标扩面目标
2000只样本股票池,sz000301,000301.SZ,东方盛虹,深交所,石油石化,,2000只样本池,中证全指+申万一级分层抽样,按行业权重代表性与流动性先验纳入,,L8X上游地基；行业代表性验证；后续指标扩面目标
2000只样本股票池,sz000960,000960.SZ,锡业股份,深交所,有色金属,,2000只样本池,中证全指+申万一级分层抽样,按行业权重代表性与流动性先验纳入,,L8X上游地基；行业代表性验证；后续指标扩面目标
2000只样本股票池,sh600330,600330.SH,天通股份,上交所,电子,,2000只样本池,中证全指+申万一级分层抽样,按行业权重代表性与流动性先验纳入,,L8X上游地基；行业代表性验证；后续指标扩面目标
2000只样本股票池,sh603228,603228.SH,景旺电子,上交所,电子,,2000只样本池,中证全指+申万一级分层抽样,按行业权重代表性与流动性先验纳入,,L8X上游地基；行业代表性验证；后续指标扩面目标
2000只样本股票池,sz300782,300782.SZ,卓胜微,深交所,电子,,2000只样本池,中证全指+申万一级分层抽样,按行业权重代表性与流动性先验纳入,,L8X上游地基；行业代表性验证；后续指标扩面目标
2000只样本股票池,sh600352,600352.SH,浙江龙盛,上交所,基础化工,,2000只样本池,中证全指+申万一级分层抽样,按行业权重代表性与流动性先验纳入,,L8X上游地基；行业代表性验证；后续指标扩面目标
2000只样本股票池,sh601898,601898.SH,中煤能源,上交所,煤炭,,2000只样本池,中证全指+申万一级分层抽样,按行业权重代表性与流动性先验纳入,,L8X上游地基；行业代表性验证；后续指标扩面目标
2000只样本股票池,sz002185,002185.SZ,华天科技,深交所,电子,,2000只样本池,中证全指+申万一级分层抽样,按行业权重代表性与流动性先验纳入,,L8X上游地基；行业代表性验证；后续指标扩面目标
2000只样本股票池,sh600460,600460.SH,士兰微,上交所,电子,,2000只样本池,中证全指+申万一级分层抽样,按行业权重代表性与流动性先验纳入,,L8X上游地基；行业代表性验证；后续指标扩面目标
2000只样本股票池,sh688249,688249.SH,晶合集成,上交所,电子,,2000只样本池,中证全指+申万一级分层抽样,按行业权重代表性与流动性先验纳入,,L8X上游地基；行业代表性验证；后续指标扩面目标
2000只样本股票池,sh600009,600009.SH,上海机场,上交所,交通运输,,2000只样本池,中证全指+申万一级分层抽样,按行业权重代表性与流动性先验纳入,,L8X上游地基；行业代表性验证；后续指标扩面目标
2000只样本股票池,sh688047,688047.SH,龙芯中科,上交所,电子,,2000只样本池,中证全指+申万一级分层抽样,按行业权重代表性与流动性先验纳入,,L8X上游地基；行业代表性验证；后续指标扩面目标
2000只样本股票池,sh688200,688200.SH,华峰测控,上交所,电子,,2000只样本池,中证全指+申万一级分层抽样,按行业权重代表性与流动性先验纳入,,L8X上游地基；行业代表性验证；后续指标扩面目标
2000只样本股票池,sh688036,688036.SH,传音控股,上交所,电子,,2000只样本池,中证全指+申万一级分层抽样,按行业权重代表性与流动性先验纳入,,L8X上游地基；行业代表性验证；后续指标扩面目标
2000只样本股票池,sz002756,002756.SZ,永兴材料,深交所,有色金属,,2000只样本池,中证全指+申万一级分层抽样,按行业权重代表性与流动性先验纳入,,L8X上游地基；行业代表性验证；后续指标扩面目标
2000只样本股票池,sz002555,002555.SZ,三七互娱,深交所,传媒,,2000只样本池,中证全指+申万一级分层抽样,按行业权重代表性与流动性先验纳入,,L8X上游地基；行业代表性验证；后续指标扩面目标
2000只样本股票池,sz002736,002736.SZ,国信证券,深交所,非银金融,,2000只样本池,中证全指+申万一级分层抽样,按行业权重代表性与流动性先验纳入,,L8X上游地基；行业代表性验证；后续指标扩面目标
2000只样本股票池,sz002222,002222.SZ,福晶科技,深交所,电子,,2000只样本池,中证全指+申万一级分层抽样,按行业权重代表性与流动性先验纳入,,L8X上游地基；行业代表性验证；后续指标扩面目标
2000只样本股票池,sh600886,600886.SH,国投电力,上交所,公用事业,,2000只样本池,中证全指+申万一级分层抽样,按行业权重代表性与流动性先验纳入,,L8X上游地基；行业代表性验证；后续指标扩面目标
2000只样本股票池,sz000768,000768.SZ,中航西飞,深交所,国防军工,,2000只样本池,中证全指+申万一级分层抽样,按行业权重代表性与流动性先验纳入,,L8X上游地基；行业代表性验证；后续指标扩面目标
2000只样本股票池,sz002487,002487.SZ,大金重工,深交所,电力设备,,2000只样本池,中证全指+申万一级分层抽样,按行业权重代表性与流动性先验纳入,,L8X上游地基；行业代表性验证；后续指标扩面目标
2000只样本股票池,sz000021,000021.SZ,深科技,深交所,电子,,2000只样本池,中证全指+申万一级分层抽样,按行业权重代表性与流动性先验纳入,,L8X上游地基；行业代表性验证；后续指标扩面目标
2000只样本股票池,sz002155,002155.SZ,湖南黄金,深交所,有色金属,,2000只样本池,中证全指+申万一级分层抽样,按行业权重代表性与流动性先验纳入,,L8X上游地基；行业代表性验证；后续指标扩面目标
2000只样本股票池,sz002797,002797.SZ,第一创业,深交所,非银金融,,2000只样本池,中证全指+申万一级分层抽样,按行业权重代表性与流动性先验纳入,,L8X上游地基；行业代表性验证；后续指标扩面目标
2000只样本股票池,sh601555,601555.SH,东吴证券,上交所,非银金融,,2000只样本池,中证全指+申万一级分层抽样,按行业权重代表性与流动性先验纳入,,L8X上游地基；行业代表性验证；后续指标扩面目标
2000只样本股票池,sh600839,600839.SH,四川长虹,上交所,家用电器,,2000只样本池,中证全指+申万一级分层抽样,按行业权重代表性与流动性先验纳入,,L8X上游地基；行业代表性验证；后续指标扩面目标
2000只样本股票池,sh601208,601208.SH,东材科技,上交所,基础化工,,2000只样本池,中证全指+申万一级分层抽样,按行业权重代表性与流动性先验纳入,,L8X上游地基；行业代表性验证；后续指标扩面目标
2000只样本股票池,sz002465,002465.SZ,海格通信,深交所,国防军工,,2000只样本池,中证全指+申万一级分层抽样,按行业权重代表性与流动性先验纳入,,L8X上游地基；行业代表性验证；后续指标扩面目标
2000只样本股票池,sz001979,001979.SZ,招商蛇口,深交所,房地产,,2000只样本池,中证全指+申万一级分层抽样,按行业权重代表性与流动性先验纳入,,L8X上游地基；行业代表性验证；后续指标扩面目标
2000只样本股票池,sz300115,300115.SZ,长盈精密,深交所,电子,,2000只样本池,中证全指+申万一级分层抽样,按行业权重代表性与流动性先验纳入,,L8X上游地基；行业代表性验证；后续指标扩面目标
2000只样本股票池,sh600196,600196.SH,复星医药,上交所,医药生物,,2000只样本池,中证全指+申万一级分层抽样,按行业权重代表性与流动性先验纳入,,L8X上游地基；行业代表性验证；后续指标扩面目标
2000只样本股票池,sh601117,601117.SH,中国化学,上交所,建筑装饰,,2000只样本池,中证全指+申万一级分层抽样,按行业权重代表性与流动性先验纳入,,L8X上游地基；行业代表性验证；后续指标扩面目标
2000只样本股票池,sz000547,000547.SZ,航天发展,深交所,国防军工,,2000只样本池,中证全指+申万一级分层抽样,按行业权重代表性与流动性先验纳入,,L8X上游地基；行业代表性验证；后续指标扩面目标
2000只样本股票池,sh600372,600372.SH,中航机载,上交所,国防军工,,2000只样本池,中证全指+申万一级分层抽样,按行业权重代表性与流动性先验纳入,,L8X上游地基；行业代表性验证；后续指标扩面目标
2000只样本股票池,sh600011,600011.SH,华能国际,上交所,公用事业,,2000只样本池,中证全指+申万一级分层抽样,按行业权重代表性与流动性先验纳入,,L8X上游地基；行业代表性验证；后续指标扩面目标
2000只样本股票池,sh601186,601186.SH,中国铁建,上交所,建筑装饰,,2000只样本池,中证全指+申万一级分层抽样,按行业权重代表性与流动性先验纳入,,L8X上游地基；行业代表性验证；后续指标扩面目标
2000只样本股票池,sz002920,002920.SZ,德赛西威,深交所,计算机,,2000只样本池,中证全指+申万一级分层抽样,按行业权重代表性与流动性先验纳入,,L8X上游地基；行业代表性验证；后续指标扩面目标
2000只样本股票池,sz002517,002517.SZ,恺英网络,深交所,传媒,,2000只样本池,中证全指+申万一级分层抽样,按行业权重代表性与流动性先验纳入,,L8X上游地基；行业代表性验证；后续指标扩面目标
2000只样本股票池,sh601698,601698.SH,中国卫通,上交所,国防军工,,2000只样本池,中证全指+申万一级分层抽样,按行业权重代表性与流动性先验纳入,,L8X上游地基；行业代表性验证；后续指标扩面目标
2000只样本股票池,sz300438,300438.SZ,鹏辉能源,深交所,电力设备,,2000只样本池,中证全指+申万一级分层抽样,按行业权重代表性与流动性先验纳入,,L8X上游地基；行业代表性验证；后续指标扩面目标
2000只样本股票池,sh688195,688195.SH,腾景科技,上交所,电子,,2000只样本池,中证全指+申万一级分层抽样,按行业权重代表性与流动性先验纳入,,L8X上游地基；行业代表性验证；后续指标扩面目标
2000只样本股票池,sh688396,688396.SH,华润微,上交所,电子,,2000只样本池,中证全指+申万一级分层抽样,按行业权重代表性与流动性先验纳入,,L8X上游地基；行业代表性验证；后续指标扩面目标
2000只样本股票池,sz300759,300759.SZ,康龙化成,深交所,医药生物,,2000只样本池,中证全指+申万一级分层抽样,按行业权重代表性与流动性先验纳入,,L8X上游地基；行业代表性验证；后续指标扩面目标
2000只样本股票池,sh600256,600256.SH,广汇能源,上交所,石油石化,,2000只样本池,中证全指+申万一级分层抽样,按行业权重代表性与流动性先验纳入,,L8X上游地基；行业代表性验证；后续指标扩面目标
2000只样本股票池,sh600884,600884.SH,杉杉股份,上交所,电力设备,,2000只样本池,中证全指+申万一级分层抽样,按行业权重代表性与流动性先验纳入,,L8X上游地基；行业代表性验证；后续指标扩面目标
2000只样本股票池,sz300919,300919.SZ,中伟新材,深交所,电力设备,,2000只样本池,中证全指+申万一级分层抽样,按行业权重代表性与流动性先验纳入,,L8X上游地基；行业代表性验证；后续指标扩面目标
2000只样本股票池,sh688019,688019.SH,安集科技,上交所,电子,,2000只样本池,中证全指+申万一级分层抽样,按行业权重代表性与流动性先验纳入,,L8X上游地基；行业代表性验证；后续指标扩面目标
2000只样本股票池,sh600674,600674.SH,川投能源,上交所,公用事业,,2000只样本池,中证全指+申万一级分层抽样,按行业权重代表性与流动性先验纳入,,L8X上游地基；行业代表性验证；后续指标扩面目标
2000只样本股票池,sz002252,002252.SZ,上海莱士,深交所,医药生物,,2000只样本池,中证全指+申万一级分层抽样,按行业权重代表性与流动性先验纳入,,L8X上游地基；行业代表性验证；后续指标扩面目标
2000只样本股票池,sh600741,600741.SH,华域汽车,上交所,汽车,,2000只样本池,中证全指+申万一级分层抽样,按行业权重代表性与流动性先验纳入,,L8X上游地基；行业代表性验证；后续指标扩面目标
2000只样本股票池,sz300454,300454.SZ,深信服,深交所,计算机,,2000只样本池,中证全指+申万一级分层抽样,按行业权重代表性与流动性先验纳入,,L8X上游地基；行业代表性验证；后续指标扩面目标
2000只样本股票池,sh601788,601788.SH,光大证券,上交所,非银金融,,2000只样本池,中证全指+申万一级分层抽样,按行业权重代表性与流动性先验纳入,,L8X上游地基；行业代表性验证；后续指标扩面目标
2000只样本股票池,sh601901,601901.SH,方正证券,上交所,非银金融,,2000只样本池,中证全指+申万一级分层抽样,按行业权重代表性与流动性先验纳入,,L8X上游地基；行业代表性验证；后续指标扩面目标
2000只样本股票池,sh601066,601066.SH,中信建投,上交所,非银金融,,2000只样本池,中证全指+申万一级分层抽样,按行业权重代表性与流动性先验纳入,,L8X上游地基；行业代表性验证；后续指标扩面目标
2000只样本股票池,sz000893,000893.SZ,亚钾国际,深交所,基础化工,,2000只样本池,中证全指+申万一级分层抽样,按行业权重代表性与流动性先验纳入,,L8X上游地基；行业代表性验证；后续指标扩面目标
2000只样本股票池,sh688122,688122.SH,西部超导,上交所,国防军工,,2000只样本池,中证全指+申万一级分层抽样,按行业权重代表性与流动性先验纳入,,L8X上游地基；行业代表性验证；后续指标扩面目标
2000只样本股票池,sz002304,002304.SZ,洋河股份,深交所,食品饮料,,2000只样本池,中证全指+申万一级分层抽样,按行业权重代表性与流动性先验纳入,,L8X上游地基；行业代表性验证；后续指标扩面目标
2000只样本股票池,sz300432,300432.SZ,富临精工,深交所,电力设备,,2000只样本池,中证全指+申万一级分层抽样,按行业权重代表性与流动性先验纳入,,L8X上游地基；行业代表性验证；后续指标扩面目标
2000只样本股票池,sz002402,002402.SZ,和而泰,深交所,电子,,2000只样本池,中证全指+申万一级分层抽样,按行业权重代表性与流动性先验纳入,,L8X上游地基；行业代表性验证；后续指标扩面目标
2000只样本股票池,sz002456,002456.SZ,欧菲光,深交所,电子,,2000只样本池,中证全指+申万一级分层抽样,按行业权重代表性与流动性先验纳入,,L8X上游地基；行业代表性验证；后续指标扩面目标
2000只样本股票池,sz000963,000963.SZ,华东医药,深交所,医药生物,,2000只样本池,中证全指+申万一级分层抽样,按行业权重代表性与流动性先验纳入,,L8X上游地基；行业代表性验证；后续指标扩面目标
2000只样本股票池,sh603129,603129.SH,春风动力,上交所,汽车,,2000只样本池,中证全指+申万一级分层抽样,按行业权重代表性与流动性先验纳入,,L8X上游地基；行业代表性验证；后续指标扩面目标
2000只样本股票池,sh600029,600029.SH,南方航空,上交所,交通运输,,2000只样本池,中证全指+申万一级分层抽样,按行业权重代表性与流动性先验纳入,,L8X上游地基；行业代表性验证；后续指标扩面目标
2000只样本股票池,sh600895,600895.SH,张江高科,上交所,房地产,,2000只样本池,中证全指+申万一级分层抽样,按行业权重代表性与流动性先验纳入,,L8X上游地基；行业代表性验证；后续指标扩面目标
2000只样本股票池,sh688017,688017.SH,绿的谐波,上交所,机械设备,,2000只样本池,中证全指+申万一级分层抽样,按行业权重代表性与流动性先验纳入,,L8X上游地基；行业代表性验证；后续指标扩面目标
2000只样本股票池,sz300567,300567.SZ,精测电子,深交所,机械设备,,2000只样本池,中证全指+申万一级分层抽样,按行业权重代表性与流动性先验纳入,,L8X上游地基；行业代表性验证；后续指标扩面目标
2000只样本股票池,sh601615,601615.SH,明阳智能,上交所,电力设备,,2000只样本池,中证全指+申万一级分层抽样,按行业权重代表性与流动性先验纳入,,L8X上游地基；行业代表性验证；后续指标扩面目标
2000只样本股票池,sz002271,002271.SZ,东方雨虹,深交所,建筑材料,,2000只样本池,中证全指+申万一级分层抽样,按行业权重代表性与流动性先验纳入,,L8X上游地基；行业代表性验证；后续指标扩面目标
2000只样本股票池,sz300285,300285.SZ,国瓷材料,深交所,电子,,2000只样本池,中证全指+申万一级分层抽样,按行业权重代表性与流动性先验纳入,,L8X上游地基；行业代表性验证；后续指标扩面目标
2000只样本股票池,sz002130,002130.SZ,沃尔核材,深交所,电子,,2000只样本池,中证全指+申万一级分层抽样,按行业权重代表性与流动性先验纳入,,L8X上游地基；行业代表性验证；后续指标扩面目标
2000只样本股票池,sz002294,002294.SZ,信立泰,深交所,医药生物,,2000只样本池,中证全指+申万一级分层抽样,按行业权重代表性与流动性先验纳入,,L8X上游地基；行业代表性验证；后续指标扩面目标
2000只样本股票池,sz300347,300347.SZ,泰格医药,深交所,医药生物,,2000只样本池,中证全指+申万一级分层抽样,按行业权重代表性与流动性先验纳入,,L8X上游地基；行业代表性验证；后续指标扩面目标
2000只样本股票池,sh600331,600331.SH,宏达股份,上交所,基础化工,,2000只样本池,中证全指+申万一级分层抽样,按行业权重代表性与流动性先验纳入,,L8X上游地基；行业代表性验证；后续指标扩面目标
2000只样本股票池,sz000895,000895.SZ,双汇发展,深交所,食品饮料,,2000只样本池,中证全指+申万一级分层抽样,按行业权重代表性与流动性先验纳入,,L8X上游地基；行业代表性验证；后续指标扩面目标
2000只样本股票池,sh601126,601126.SH,四方股份,上交所,电力设备,,2000只样本池,中证全指+申万一级分层抽样,按行业权重代表性与流动性先验纳入,,L8X上游地基；行业代表性验证；后续指标扩面目标
2000只样本股票池,sz300316,300316.SZ,晶盛机电,深交所,电力设备,,2000只样本池,中证全指+申万一级分层抽样,按行业权重代表性与流动性先验纳入,,L8X上游地基；行业代表性验证；后续指标扩面目标
2000只样本股票池,sz002129,002129.SZ,TCL中环,深交所,电力设备,,2000只样本池,中证全指+申万一级分层抽样,按行业权重代表性与流动性先验纳入,,L8X上游地基；行业代表性验证；后续指标扩面目标
2000只样本股票池,sz001389,001389.SZ,广合科技,深交所,电子,,2000只样本池,中证全指+申万一级分层抽样,按行业权重代表性与流动性先验纳入,,L8X上游地基；行业代表性验证；后续指标扩面目标
2000只样本股票池,sz000661,000661.SZ,长春高新,深交所,医药生物,,2000只样本池,中证全指+申万一级分层抽样,按行业权重代表性与流动性先验纳入,,L8X上游地基；行业代表性验证；后续指标扩面目标
2000只样本股票池,sh600699,600699.SH,均胜电子,上交所,汽车,,2000只样本池,中证全指+申万一级分层抽样,按行业权重代表性与流动性先验纳入,,L8X上游地基；行业代表性验证；后续指标扩面目标
2000只样本股票池,sz000878,000878.SZ,云南铜业,深交所,有色金属,,2000只样本池,中证全指+申万一级分层抽样,按行业权重代表性与流动性先验纳入,,L8X上游地基；行业代表性验证；后续指标扩面目标
2000只样本股票池,sh601881,601881.SH,中国银河,上交所,非银金融,,2000只样本池,中证全指+申万一级分层抽样,按行业权重代表性与流动性先验纳入,,L8X上游地基；行业代表性验证；后续指标扩面目标
2000只样本股票池,sz002601,002601.SZ,龙佰集团,深交所,基础化工,,2000只样本池,中证全指+申万一级分层抽样,按行业权重代表性与流动性先验纳入,,L8X上游地基；行业代表性验证；后续指标扩面目标
2000只样本股票池,sz300012,300012.SZ,华测检测,深交所,社会服务,,2000只样本池,中证全指+申万一级分层抽样,按行业权重代表性与流动性先验纳入,,L8X上游地基；行业代表性验证；后续指标扩面目标
2000只样本股票池,sh601665,601665.SH,齐鲁银行,上交所,银行,,2000只样本池,中证全指+申万一级分层抽样,按行业权重代表性与流动性先验纳入,,L8X上游地基；行业代表性验证；后续指标扩面目标
2000只样本股票池,sz002176,002176.SZ,江特电机,深交所,电力设备,,2000只样本池,中证全指+申万一级分层抽样,按行业权重代表性与流动性先验纳入,,L8X上游地基；行业代表性验证；后续指标扩面目标
2000只样本股票池,sz300073,300073.SZ,当升科技,深交所,电力设备,,2000只样本池,中证全指+申万一级分层抽样,按行业权重代表性与流动性先验纳入,,L8X上游地基；行业代表性验证；后续指标扩面目标
2000只样本股票池,sz300672,300672.SZ,国科微,深交所,电子,,2000只样本池,中证全指+申万一级分层抽样,按行业权重代表性与流动性先验纳入,,L8X上游地基；行业代表性验证；后续指标扩面目标
2000只样本股票池,sh688183,688183.SH,生益电子,上交所,电子,,2000只样本池,中证全指+申万一级分层抽样,按行业权重代表性与流动性先验纳入,,L8X上游地基；行业代表性验证；后续指标扩面目标
2000只样本股票池,sh601231,601231.SH,环旭电子,上交所,电子,,2000只样本池,中证全指+申万一级分层抽样,按行业权重代表性与流动性先验纳入,,L8X上游地基；行业代表性验证；后续指标扩面目标
2000只样本股票池,sz002138,002138.SZ,顺络电子,深交所,电子,,2000只样本池,中证全指+申万一级分层抽样,按行业权重代表性与流动性先验纳入,,L8X上游地基；行业代表性验证；后续指标扩面目标
2000只样本股票池,sh600733,600733.SH,北汽蓝谷,上交所,汽车,,2000只样本池,中证全指+申万一级分层抽样,按行业权重代表性与流动性先验纳入,,L8X上游地基；行业代表性验证；后续指标扩面目标
2000只样本股票池,sh600497,600497.SH,驰宏锌锗,上交所,有色金属,,2000只样本池,中证全指+申万一级分层抽样,按行业权重代表性与流动性先验纳入,,L8X上游地基；行业代表性验证；后续指标扩面目标
2000只样本股票池,sh600141,600141.SH,兴发集团,上交所,基础化工,,2000只样本池,中证全指+申万一级分层抽样,按行业权重代表性与流动性先验纳入,,L8X上游地基；行业代表性验证；后续指标扩面目标
2000只样本股票池,sz300762,300762.SZ,上海瀚讯,深交所,国防军工,,2000只样本池,中证全指+申万一级分层抽样,按行业权重代表性与流动性先验纳入,,L8X上游地基；行业代表性验证；后续指标扩面目标
2000只样本股票池,sz000002,000002.SZ,万科A,深交所,房地产,,2000只样本池,中证全指+申万一级分层抽样,按行业权重代表性与流动性先验纳入,,L8X上游地基；行业代表性验证；后续指标扩面目标
2000只样本股票池,sh688223,688223.SH,晶科能源,上交所,电力设备,,2000只样本池,中证全指+申万一级分层抽样,按行业权重代表性与流动性先验纳入,,L8X上游地基；行业代表性验证；后续指标扩面目标
2000只样本股票池,sz300866,300866.SZ,安克创新,深交所,电子,,2000只样本池,中证全指+申万一级分层抽样,按行业权重代表性与流动性先验纳入,,L8X上游地基；行业代表性验证；后续指标扩面目标
2000只样本股票池,sh688235,688235.SH,百济神州,上交所,医药生物,,2000只样本池,中证全指+申万一级分层抽样,按行业权重代表性与流动性先验纳入,,L8X上游地基；行业代表性验证；后续指标扩面目标
2000只样本股票池,sz300255,300255.SZ,常山药业,深交所,医药生物,,2000只样本池,中证全指+申万一级分层抽样,按行业权重代表性与流动性先验纳入,,L8X上游地基；行业代表性验证；后续指标扩面目标
2000只样本股票池,sh603306,603306.SH,华懋科技,上交所,汽车,,2000只样本池,中证全指+申万一级分层抽样,按行业权重代表性与流动性先验纳入,,L8X上游地基；行业代表性验证；后续指标扩面目标
2000只样本股票池,sz002472,002472.SZ,双环传动,深交所,汽车,,2000只样本池,中证全指+申万一级分层抽样,按行业权重代表性与流动性先验纳入,,L8X上游地基；行业代表性验证；后续指标扩面目标
2000只样本股票池,sh688205,688205.SH,德科立,上交所,通信,,2000只样本池,中证全指+申万一级分层抽样,按行业权重代表性与流动性先验纳入,,L8X上游地基；行业代表性验证；后续指标扩面目标
2000只样本股票池,sh688387,688387.SH,信科移动,上交所,通信,,2000只样本池,中证全指+申万一级分层抽样,按行业权重代表性与流动性先验纳入,,L8X上游地基；行业代表性验证；后续指标扩面目标
2000只样本股票池,sz000783,000783.SZ,长江证券,深交所,非银金融,,2000只样本池,中证全指+申万一级分层抽样,按行业权重代表性与流动性先验纳入,,L8X上游地基；行业代表性验证；后续指标扩面目标
2000只样本股票池,sh601108,601108.SH,财通证券,上交所,非银金融,,2000只样本池,中证全指+申万一级分层抽样,按行业权重代表性与流动性先验纳入,,L8X上游地基；行业代表性验证；后续指标扩面目标
2000只样本股票池,sh601878,601878.SH,浙商证券,上交所,非银金融,,2000只样本池,中证全指+申万一级分层抽样,按行业权重代表性与流动性先验纳入,,L8X上游地基；行业代表性验证；后续指标扩面目标
2000只样本股票池,sz300724,300724.SZ,捷佳伟创,深交所,电力设备,,2000只样本池,中证全指+申万一级分层抽样,按行业权重代表性与流动性先验纳入,,L8X上游地基；行业代表性验证；后续指标扩面目标
2000只样本股票池,sz000786,000786.SZ,北新建材,深交所,建筑材料,,2000只样本池,中证全指+申万一级分层抽样,按行业权重代表性与流动性先验纳入,,L8X上游地基；行业代表性验证；后续指标扩面目标
2000只样本股票池,sz300677,300677.SZ,英科医疗,深交所,医药生物,,2000只样本池,中证全指+申万一级分层抽样,按行业权重代表性与流动性先验纳入,,L8X上游地基；行业代表性验证；后续指标扩面目标
2000只样本股票池,sh605589,605589.SH,圣泉集团,上交所,基础化工,,2000只样本池,中证全指+申万一级分层抽样,按行业权重代表性与流动性先验纳入,,L8X上游地基；行业代表性验证；后续指标扩面目标
2000只样本股票池,sh603606,603606.SH,东方电缆,上交所,电力设备,,2000只样本池,中证全指+申万一级分层抽样,按行业权重代表性与流动性先验纳入,,L8X上游地基；行业代表性验证；后续指标扩面目标
2000只样本股票池,sz002157,002157.SZ,正邦科技,深交所,农林牧渔,,2000只样本池,中证全指+申万一级分层抽样,按行业权重代表性与流动性先验纳入,,L8X上游地基；行业代表性验证；后续指标扩面目标
2000只样本股票池,sh688167,688167.SH,炬光科技,上交所,电子,,2000只样本池,中证全指+申万一级分层抽样,按行业权重代表性与流动性先验纳入,,L8X上游地基；行业代表性验证；后续指标扩面目标
2000只样本股票池,sh688220,688220.SH,翱捷科技,上交所,电子,,2000只样本池,中证全指+申万一级分层抽样,按行业权重代表性与流动性先验纳入,,L8X上游地基；行业代表性验证；后续指标扩面目标
2000只样本股票池,sh688536,688536.SH,思瑞浦,上交所,电子,,2000只样本池,中证全指+申万一级分层抽样,按行业权重代表性与流动性先验纳入,,L8X上游地基；行业代表性验证；后续指标扩面目标
2000只样本股票池,sh688385,688385.SH,复旦微电,上交所,电子,,2000只样本池,中证全指+申万一级分层抽样,按行业权重代表性与流动性先验纳入,,L8X上游地基；行业代表性验证；后续指标扩面目标
2000只样本股票池,sh601198,601198.SH,东兴证券,上交所,非银金融,,2000只样本池,中证全指+申万一级分层抽样,按行业权重代表性与流动性先验纳入,,L8X上游地基；行业代表性验证；后续指标扩面目标
2000只样本股票池,sz002414,002414.SZ,高德红外,深交所,国防军工,,2000只样本池,中证全指+申万一级分层抽样,按行业权重代表性与流动性先验纳入,,L8X上游地基；行业代表性验证；后续指标扩面目标
2000只样本股票池,sz300458,300458.SZ,全志科技,深交所,电子,,2000只样本池,中证全指+申万一级分层抽样,按行业权重代表性与流动性先验纳入,,L8X上游地基；行业代表性验证；后续指标扩面目标
2000只样本股票池,sh688141,688141.SH,杰华特,上交所,电子,,2000只样本池,中证全指+申万一级分层抽样,按行业权重代表性与流动性先验纳入,,L8X上游地基；行业代表性验证；后续指标扩面目标
2000只样本股票池,sz002821,002821.SZ,凯莱英,深交所,医药生物,,2000只样本池,中证全指+申万一级分层抽样,按行业权重代表性与流动性先验纳入,,L8X上游地基；行业代表性验证；后续指标扩面目标
2000只样本股票池,sh688578,688578.SH,艾力斯,上交所,医药生物,,2000只样本池,中证全指+申万一级分层抽样,按行业权重代表性与流动性先验纳入,,L8X上游地基；行业代表性验证；后续指标扩面目标
2000只样本股票池,sz000423,000423.SZ,东阿阿胶,深交所,医药生物,,2000只样本池,中证全指+申万一级分层抽样,按行业权重代表性与流动性先验纳入,,L8X上游地基；行业代表性验证；后续指标扩面目标
2000只样本股票池,sh601633,601633.SH,长城汽车,上交所,汽车,,2000只样本池,中证全指+申万一级分层抽样,按行业权重代表性与流动性先验纳入,,L8X上游地基；行业代表性验证；后续指标扩面目标
2000只样本股票池,sh601800,601800.SH,中国交建,上交所,建筑装饰,,2000只样本池,中证全指+申万一级分层抽样,按行业权重代表性与流动性先验纳入,,L8X上游地基；行业代表性验证；后续指标扩面目标
2000只样本股票池,sh600338,600338.SH,西藏珠峰,上交所,有色金属,,2000只样本池,中证全指+申万一级分层抽样,按行业权重代表性与流动性先验纳入,,L8X上游地基；行业代表性验证；后续指标扩面目标
2000只样本股票池,sh601111,601111.SH,中国国航,上交所,交通运输,,2000只样本池,中证全指+申万一级分层抽样,按行业权重代表性与流动性先验纳入,,L8X上游地基；行业代表性验证；后续指标扩面目标
2000只样本股票池,sh601162,601162.SH,天风证券,上交所,非银金融,,2000只样本池,中证全指+申万一级分层抽样,按行业权重代表性与流动性先验纳入,,L8X上游地基；行业代表性验证；后续指标扩面目标
2000只样本股票池,sh601099,601099.SH,太平洋,上交所,非银金融,,2000只样本池,中证全指+申万一级分层抽样,按行业权重代表性与流动性先验纳入,,L8X上游地基；行业代表性验证；后续指标扩面目标
2000只样本股票池,sz002429,002429.SZ,兆驰股份,深交所,家用电器,,2000只样本池,中证全指+申万一级分层抽样,按行业权重代表性与流动性先验纳入,,L8X上游地基；行业代表性验证；后续指标扩面目标
2000只样本股票池,sh688629,688629.SH,华丰科技,上交所,国防军工,,2000只样本池,中证全指+申万一级分层抽样,按行业权重代表性与流动性先验纳入,,L8X上游地基；行业代表性验证；后续指标扩面目标
2000只样本股票池,sh601128,601128.SH,常熟银行,上交所,银行,,2000只样本池,中证全指+申万一级分层抽样,按行业权重代表性与流动性先验纳入,,L8X上游地基；行业代表性验证；后续指标扩面目标
2000只样本股票池,sz002444,002444.SZ,巨星科技,深交所,机械设备,,2000只样本池,中证全指+申万一级分层抽样,按行业权重代表性与流动性先验纳入,,L8X上游地基；行业代表性验证；后续指标扩面目标
2000只样本股票池,sh688676,688676.SH,金盘科技,上交所,电力设备,,2000只样本池,中证全指+申万一级分层抽样,按行业权重代表性与流动性先验纳入,,L8X上游地基；行业代表性验证；后续指标扩面目标
2000只样本股票池,sh688599,688599.SH,天合光能,上交所,电力设备,,2000只样本池,中证全指+申万一级分层抽样,按行业权重代表性与流动性先验纳入,,L8X上游地基；行业代表性验证；后续指标扩面目标
2000只样本股票池,sz300373,300373.SZ,扬杰科技,深交所,电子,,2000只样本池,中证全指+申万一级分层抽样,按行业权重代表性与流动性先验纳入,,L8X上游地基；行业代表性验证；后续指标扩面目标
2000只样本股票池,sz002409,002409.SZ,雅克科技,深交所,电子,,2000只样本池,中证全指+申万一级分层抽样,按行业权重代表性与流动性先验纳入,,L8X上游地基；行业代表性验证；后续指标扩面目标
2000只样本股票池,sh688213,688213.SH,思特威,上交所,电子,,2000只样本池,中证全指+申万一级分层抽样,按行业权重代表性与流动性先验纳入,,L8X上游地基；行业代表性验证；后续指标扩面目标
2000只样本股票池,sz301396,301396.SZ,宏景科技,深交所,计算机,,2000只样本池,中证全指+申万一级分层抽样,按行业权重代表性与流动性先验纳入,,L8X上游地基；行业代表性验证；后续指标扩面目标
2000只样本股票池,sz301236,301236.SZ,软通动力,深交所,计算机,,2000只样本池,中证全指+申万一级分层抽样,按行业权重代表性与流动性先验纳入,,L8X上游地基；行业代表性验证；后续指标扩面目标
2000只样本股票池,sz002203,002203.SZ,海亮股份,深交所,有色金属,,2000只样本池,中证全指+申万一级分层抽样,按行业权重代表性与流动性先验纳入,,L8X上游地基；行业代表性验证；后续指标扩面目标
2000只样本股票池,sz002078,002078.SZ,太阳纸业,深交所,轻工制造,,2000只样本池,中证全指+申万一级分层抽样,按行业权重代表性与流动性先验纳入,,L8X上游地基；行业代表性验证；后续指标扩面目标
2000只样本股票池,sh601577,601577.SH,长沙银行,上交所,银行,,2000只样本池,中证全指+申万一级分层抽样,按行业权重代表性与流动性先验纳入,,L8X上游地基；行业代表性验证；后续指标扩面目标
2000只样本股票池,sh688630,688630.SH,芯碁微装,上交所,机械设备,,2000只样本池,中证全指+申万一级分层抽样,按行业权重代表性与流动性先验纳入,,L8X上游地基；行业代表性验证；后续指标扩面目标
2000只样本股票池,sh688025,688025.SH,杰普特,上交所,机械设备,,2000只样本池,中证全指+申万一级分层抽样,按行业权重代表性与流动性先验纳入,,L8X上游地基；行业代表性验证；后续指标扩面目标
2000只样本股票池,sz301511,301511.SZ,德福科技,深交所,电力设备,,2000只样本池,中证全指+申万一级分层抽样,按行业权重代表性与流动性先验纳入,,L8X上游地基；行业代表性验证；后续指标扩面目标
2000只样本股票池,sz002245,002245.SZ,蔚蓝锂芯,深交所,电力设备,,2000只样本池,中证全指+申万一级分层抽样,按行业权重代表性与流动性先验纳入,,L8X上游地基；行业代表性验证；后续指标扩面目标
2000只样本股票池,sh688766,688766.SH,普冉股份,上交所,电子,,2000只样本池,中证全指+申万一级分层抽样,按行业权重代表性与流动性先验纳入,,L8X上游地基；行业代表性验证；后续指标扩面目标
2000只样本股票池,sh688548,688548.SH,广钢气体,上交所,电子,,2000只样本池,中证全指+申万一级分层抽样,按行业权重代表性与流动性先验纳入,,L8X上游地基；行业代表性验证；后续指标扩面目标
2000只样本股票池,sh600021,600021.SH,上海电力,上交所,公用事业,,2000只样本池,中证全指+申万一级分层抽样,按行业权重代表性与流动性先验纳入,,L8X上游地基；行业代表性验证；后续指标扩面目标
2000只样本股票池,sz002432,002432.SZ,九安医疗,深交所,医药生物,,2000只样本池,中证全指+申万一级分层抽样,按行业权重代表性与流动性先验纳入,,L8X上游地基；行业代表性验证；后续指标扩面目标
2000只样本股票池,sz000766,000766.SZ,通化金马,深交所,医药生物,,2000只样本池,中证全指+申万一级分层抽样,按行业权重代表性与流动性先验纳入,,L8X上游地基；行业代表性验证；后续指标扩面目标
2000只样本股票池,sh600410,600410.SH,华胜天成,上交所,计算机,,2000只样本池,中证全指+申万一级分层抽样,按行业权重代表性与流动性先验纳入,,L8X上游地基；行业代表性验证；后续指标扩面目标
2000只样本股票池,sh600588,600588.SH,用友网络,上交所,计算机,,2000只样本池,中证全指+申万一级分层抽样,按行业权重代表性与流动性先验纳入,,L8X上游地基；行业代表性验证；后续指标扩面目标
2000只样本股票池,sh605376,605376.SH,博迁新材,上交所,有色金属,,2000只样本池,中证全指+申万一级分层抽样,按行业权重代表性与流动性先验纳入,,L8X上游地基；行业代表性验证；后续指标扩面目标
2000只样本股票池,sz000617,000617.SZ,中油资本,深交所,非银金融,,2000只样本池,中证全指+申万一级分层抽样,按行业权重代表性与流动性先验纳入,,L8X上游地基；行业代表性验证；后续指标扩面目标
2000只样本股票池,sh688169,688169.SH,石头科技,上交所,家用电器,,2000只样本池,中证全指+申万一级分层抽样,按行业权重代表性与流动性先验纳入,,L8X上游地基；行业代表性验证；后续指标扩面目标
2000只样本股票池,sz300474,300474.SZ,景嘉微,深交所,国防军工,,2000只样本池,中证全指+申万一级分层抽样,按行业权重代表性与流动性先验纳入,,L8X上游地基；行业代表性验证；后续指标扩面目标
2000只样本股票池,sz001203,001203.SZ,大中矿业,深交所,钢铁,,2000只样本池,中证全指+申万一级分层抽样,按行业权重代表性与流动性先验纳入,,L8X上游地基；行业代表性验证；后续指标扩面目标
2000只样本股票池,sz300456,300456.SZ,赛微电子,深交所,电子,,2000只样本池,中证全指+申万一级分层抽样,按行业权重代表性与流动性先验纳入,,L8X上游地基；行业代表性验证；后续指标扩面目标
2000只样本股票池,sz000981,000981.SZ,山子高科,深交所,汽车,,2000只样本池,中证全指+申万一级分层抽样,按行业权重代表性与流动性先验纳入,,L8X上游地基；行业代表性验证；后续指标扩面目标
2000只样本股票池,sz300496,300496.SZ,中科创达,深交所,计算机,,2000只样本池,中证全指+申万一级分层抽样,按行业权重代表性与流动性先验纳入,,L8X上游地基；行业代表性验证；后续指标扩面目标
2000只样本股票池,sh603979,603979.SH,金诚信,上交所,有色金属,,2000只样本池,中证全指+申万一级分层抽样,按行业权重代表性与流动性先验纳入,,L8X上游地基；行业代表性验证；后续指标扩面目标
2000只样本股票池,sh601021,601021.SH,春秋航空,上交所,交通运输,,2000只样本池,中证全指+申万一级分层抽样,按行业权重代表性与流动性先验纳入,,L8X上游地基；行业代表性验证；后续指标扩面目标
2000只样本股票池,sh600109,600109.SH,国金证券,上交所,非银金融,,2000只样本池,中证全指+申万一级分层抽样,按行业权重代表性与流动性先验纳入,,L8X上游地基；行业代表性验证；后续指标扩面目标
2000只样本股票池,sz300342,300342.SZ,天银机电,深交所,家用电器,,2000只样本池,中证全指+申万一级分层抽样,按行业权重代表性与流动性先验纳入,,L8X上游地基；行业代表性验证；后续指标扩面目标
2000只样本股票池,sz300806,300806.SZ,斯迪克,深交所,基础化工,,2000只样本池,中证全指+申万一级分层抽样,按行业权重代表性与流动性先验纳入,,L8X上游地基；行业代表性验证；后续指标扩面目标
2000只样本股票池,sz002064,002064.SZ,华峰化学,深交所,基础化工,,2000只样本池,中证全指+申万一级分层抽样,按行业权重代表性与流动性先验纳入,,L8X上游地基；行业代表性验证；后续指标扩面目标
2000只样本股票池,sz000683,000683.SZ,博源化工,深交所,基础化工,,2000只样本池,中证全指+申万一级分层抽样,按行业权重代表性与流动性先验纳入,,L8X上游地基；行业代表性验证；后续指标扩面目标
2000只样本股票池,sz000039,000039.SZ,中集集团,深交所,机械设备,,2000只样本池,中证全指+申万一级分层抽样,按行业权重代表性与流动性先验纳入,,L8X上游地基；行业代表性验证；后续指标扩面目标
2000只样本股票池,sh688388,688388.SH,嘉元科技,上交所,电力设备,,2000只样本池,中证全指+申万一级分层抽样,按行业权重代表性与流动性先验纳入,,L8X上游地基；行业代表性验证；后续指标扩面目标
2000只样本股票池,sz300953,300953.SZ,震裕科技,深交所,电力设备,,2000只样本池,中证全指+申万一级分层抽样,按行业权重代表性与流动性先验纳入,,L8X上游地基；行业代表性验证；后续指标扩面目标
2000只样本股票池,sz300763,300763.SZ,锦浪科技,深交所,电力设备,,2000只样本池,中证全指+申万一级分层抽样,按行业权重代表性与流动性先验纳入,,L8X上游地基；行业代表性验证；后续指标扩面目标
2000只样本股票池,sh603920,603920.SH,世运电路,上交所,电子,,2000只样本池,中证全指+申万一级分层抽样,按行业权重代表性与流动性先验纳入,,L8X上游地基；行业代表性验证；后续指标扩面目标
2000只样本股票池,sh688052,688052.SH,纳芯微,上交所,电子,,2000只样本池,中证全指+申万一级分层抽样,按行业权重代表性与流动性先验纳入,,L8X上游地基；行业代表性验证；后续指标扩面目标
2000只样本股票池,sz000155,000155.SZ,川能动力,深交所,公用事业,,2000只样本池,中证全指+申万一级分层抽样,按行业权重代表性与流动性先验纳入,,L8X上游地基；行业代表性验证；后续指标扩面目标
2000只样本股票池,sh600023,600023.SH,浙能电力,上交所,公用事业,,2000只样本池,中证全指+申万一级分层抽样,按行业权重代表性与流动性先验纳入,,L8X上游地基；行业代表性验证；后续指标扩面目标
2000只样本股票池,sh688331,688331.SH,荣昌生物,上交所,医药生物,,2000只样本池,中证全指+申万一级分层抽样,按行业权重代表性与流动性先验纳入,,L8X上游地基；行业代表性验证；后续指标扩面目标
2000只样本股票池,sh688506,688506.SH,百利天恒,上交所,医药生物,,2000只样本池,中证全指+申万一级分层抽样,按行业权重代表性与流动性先验纳入,,L8X上游地基；行业代表性验证；后续指标扩面目标
2000只样本股票池,sh688568,688568.SH,中科星图,上交所,计算机,,2000只样本池,中证全指+申万一级分层抽样,按行业权重代表性与流动性先验纳入,,L8X上游地基；行业代表性验证；后续指标扩面目标
2000只样本股票池,sz002192,002192.SZ,融捷股份,深交所,有色金属,,2000只样本池,中证全指+申万一级分层抽样,按行业权重代表性与流动性先验纳入,,L8X上游地基；行业代表性验证；后续指标扩面目标
2000只样本股票池,sz002716,002716.SZ,湖南白银,深交所,有色金属,,2000只样本池,中证全指+申万一级分层抽样,按行业权重代表性与流动性先验纳入,,L8X上游地基；行业代表性验证；后续指标扩面目标
2000只样本股票池,sh601212,601212.SH,白银有色,上交所,有色金属,,2000只样本池,中证全指+申万一级分层抽样,按行业权重代表性与流动性先验纳入,,L8X上游地基；行业代表性验证；后续指标扩面目标
2000只样本股票池,sz300748,300748.SZ,金力永磁,深交所,有色金属,,2000只样本池,中证全指+申万一级分层抽样,按行业权重代表性与流动性先验纳入,,L8X上游地基；行业代表性验证；后续指标扩面目标
2000只样本股票池,sz002379,002379.SZ,宏桥控股,深交所,有色金属,,2000只样本池,中证全指+申万一级分层抽样,按行业权重代表性与流动性先验纳入,,L8X上游地基；行业代表性验证；后续指标扩面目标
2000只样本股票池,sz300383,300383.SZ,光环新网,深交所,通信,,2000只样本池,中证全指+申万一级分层抽样,按行业权重代表性与流动性先验纳入,,L8X上游地基；行业代表性验证；后续指标扩面目标
2000只样本股票池,sh601319,601319.SH,中国人保,上交所,非银金融,,2000只样本池,中证全指+申万一级分层抽样,按行业权重代表性与流动性先验纳入,,L8X上游地基；行业代表性验证；后续指标扩面目标
2000只样本股票池,sh603345,603345.SH,安井食品,上交所,食品饮料,,2000只样本池,中证全指+申万一级分层抽样,按行业权重代表性与流动性先验纳入,,L8X上游地基；行业代表性验证；后续指标扩面目标
2000只样本股票池,sh600298,600298.SH,安琪酵母,上交所,食品饮料,,2000只样本池,中证全指+申万一级分层抽样,按行业权重代表性与流动性先验纳入,,L8X上游地基；行业代表性验证；后续指标扩面目标
2000只样本股票池,sh600600,600600.SH,青岛啤酒,上交所,食品饮料,,2000只样本池,中证全指+申万一级分层抽样,按行业权重代表性与流动性先验纳入,,L8X上游地基；行业代表性验证；后续指标扩面目标
2000只样本股票池,sh688627,688627.SH,精智达,上交所,机械设备,,2000只样本池,中证全指+申万一级分层抽样,按行业权重代表性与流动性先验纳入,,L8X上游地基；行业代表性验证；后续指标扩面目标
2000只样本股票池,sh600499,600499.SH,科达制造,上交所,机械设备,,2000只样本池,中证全指+申万一级分层抽样,按行业权重代表性与流动性先验纳入,,L8X上游地基；行业代表性验证；后续指标扩面目标
2000只样本股票池,sz002335,002335.SZ,科华数据,深交所,电力设备,,2000只样本池,中证全指+申万一级分层抽样,按行业权重代表性与流动性先验纳入,,L8X上游地基；行业代表性验证；后续指标扩面目标
2000只样本股票池,sz300568,300568.SZ,星源材质,深交所,电力设备,,2000只样本池,中证全指+申万一级分层抽样,按行业权重代表性与流动性先验纳入,,L8X上游地基；行业代表性验证；后续指标扩面目标
2000只样本股票池,sz300870,300870.SZ,欧陆通,深交所,电力设备,,2000只样本池,中证全指+申万一级分层抽样,按行业权重代表性与流动性先验纳入,,L8X上游地基；行业代表性验证；后续指标扩面目标
2000只样本股票池,sh600577,600577.SH,精达股份,上交所,电力设备,,2000只样本池,中证全指+申万一级分层抽样,按行业权重代表性与流动性先验纳入,,L8X上游地基；行业代表性验证；后续指标扩面目标
2000只样本股票池,sh605358,605358.SH,立昂微,上交所,电子,,2000只样本池,中证全指+申万一级分层抽样,按行业权重代表性与流动性先验纳入,,L8X上游地基；行业代表性验证；后续指标扩面目标
2000只样本股票池,sh603179,603179.SH,新泉股份,上交所,汽车,,2000只样本池,中证全指+申万一级分层抽样,按行业权重代表性与流动性先验纳入,,L8X上游地基；行业代表性验证；后续指标扩面目标
2000只样本股票池,sh688343,688343.SH,云天励飞,上交所,计算机,,2000只样本池,中证全指+申万一级分层抽样,按行业权重代表性与流动性先验纳入,,L8X上游地基；行业代表性验证；后续指标扩面目标
2000只样本股票池,sh601677,601677.SH,明泰铝业,上交所,有色金属,,2000只样本池,中证全指+申万一级分层抽样,按行业权重代表性与流动性先验纳入,,L8X上游地基；行业代表性验证；后续指标扩面目标
2000只样本股票池,sz003031,003031.SZ,中瓷电子,深交所,通信,,2000只样本池,中证全指+申万一级分层抽样,按行业权重代表性与流动性先验纳入,,L8X上游地基；行业代表性验证；后续指标扩面目标
2000只样本股票池,sh688375,688375.SH,国博电子,上交所,国防军工,,2000只样本池,中证全指+申万一级分层抽样,按行业权重代表性与流动性先验纳入,,L8X上游地基；行业代表性验证；后续指标扩面目标
2000只样本股票池,sz300972,300972.SZ,万辰集团,深交所,商贸零售,,2000只样本池,中证全指+申万一级分层抽样,按行业权重代表性与流动性先验纳入,,L8X上游地基；行业代表性验证；后续指标扩面目标
2000只样本股票池,sz002459,002459.SZ,晶澳科技,深交所,电力设备,,2000只样本池,中证全指+申万一级分层抽样,按行业权重代表性与流动性先验纳入,,L8X上游地基；行业代表性验证；后续指标扩面目标
2000只样本股票池,sh688472,688472.SH,阿特斯,上交所,电力设备,,2000只样本池,中证全指+申万一级分层抽样,按行业权重代表性与流动性先验纳入,,L8X上游地基；行业代表性验证；后续指标扩面目标
2000只样本股票池,sz300001,300001.SZ,特锐德,深交所,电力设备,,2000只样本池,中证全指+申万一级分层抽样,按行业权重代表性与流动性先验纳入,,L8X上游地基；行业代表性验证；后续指标扩面目标
2000只样本股票池,sh688234,688234.SH,天岳先进,上交所,电子,,2000只样本池,中证全指+申万一级分层抽样,按行业权重代表性与流动性先验纳入,,L8X上游地基；行业代表性验证；后续指标扩面目标
2000只样本股票池,sh688180,688180.SH,君实生物,上交所,医药生物,,2000只样本池,中证全指+申万一级分层抽样,按行业权重代表性与流动性先验纳入,,L8X上游地基；行业代表性验证；后续指标扩面目标
2000只样本股票池,sz000559,000559.SZ,万向钱潮,深交所,汽车,,2000只样本池,中证全指+申万一级分层抽样,按行业权重代表性与流动性先验纳入,,L8X上游地基；行业代表性验证；后续指标扩面目标
2000只样本股票池,sh600039,600039.SH,四川路桥,上交所,建筑装饰,,2000只样本池,中证全指+申万一级分层抽样,按行业权重代表性与流动性先验纳入,,L8X上游地基；行业代表性验证；后续指标扩面目标
2000只样本股票池,sz000034,000034.SZ,神州数码,深交所,计算机,,2000只样本池,中证全指+申万一级分层抽样,按行业权重代表性与流动性先验纳入,,L8X上游地基；行业代表性验证；后续指标扩面目标
2000只样本股票池,sz002405,002405.SZ,四维图新,深交所,计算机,,2000只样本池,中证全指+申万一级分层抽样,按行业权重代表性与流动性先验纳入,,L8X上游地基；行业代表性验证；后续指标扩面目标
2000只样本股票池,sz002149,002149.SZ,西部材料,深交所,有色金属,,2000只样本池,中证全指+申万一级分层抽样,按行业权重代表性与流动性先验纳入,,L8X上游地基；行业代表性验证；后续指标扩面目标
2000只样本股票池,sh600259,600259.SH,中稀有色,上交所,有色金属,,2000只样本池,中证全指+申万一级分层抽样,按行业权重代表性与流动性先验纳入,,L8X上游地基；行业代表性验证；后续指标扩面目标
2000只样本股票池,sh600595,600595.SH,中孚实业,上交所,有色金属,,2000只样本池,中证全指+申万一级分层抽样,按行业权重代表性与流动性先验纳入,,L8X上游地基；行业代表性验证；后续指标扩面目标
2000只样本股票池,sz300570,300570.SZ,太辰光,深交所,通信,,2000只样本池,中证全指+申万一级分层抽样,按行业权重代表性与流动性先验纳入,,L8X上游地基；行业代表性验证；后续指标扩面目标
2000只样本股票池,sz300251,300251.SZ,光线传媒,深交所,传媒,,2000只样本池,中证全指+申万一级分层抽样,按行业权重代表性与流动性先验纳入,,L8X上游地基；行业代表性验证；后续指标扩面目标
2000只样本股票池,sz300409,300409.SZ,道氏技术,深交所,电力设备,,2000只样本池,中证全指+申万一级分层抽样,按行业权重代表性与流动性先验纳入,,L8X上游地基；行业代表性验证；后续指标扩面目标
2000只样本股票池,sh603256,603256.SH,宏和科技,上交所,建筑材料,,2000只样本池,中证全指+申万一级分层抽样,按行业权重代表性与流动性先验纳入,,L8X上游地基；行业代表性验证；后续指标扩面目标
2000只样本股票池,sz000592,000592.SZ,平潭发展,深交所,农林牧渔,,2000只样本池,中证全指+申万一级分层抽样,按行业权重代表性与流动性先验纳入,,L8X上游地基；行业代表性验证；后续指标扩面目标
2000只样本股票池,sz300102,300102.SZ,乾照光电,深交所,电子,,2000只样本池,中证全指+申万一级分层抽样,按行业权重代表性与流动性先验纳入,,L8X上游地基；行业代表性验证；后续指标扩面目标
2000只样本股票池,sz300236,300236.SZ,上海新阳,深交所,电子,,2000只样本池,中证全指+申万一级分层抽样,按行业权重代表性与流动性先验纳入,,L8X上游地基；行业代表性验证；后续指标扩面目标
2000只样本股票池,sz300142,300142.SZ,沃森生物,深交所,医药生物,,2000只样本池,中证全指+申万一级分层抽样,按行业权重代表性与流动性先验纳入,,L8X上游地基；行业代表性验证；后续指标扩面目标
2000只样本股票池,sh603087,603087.SH,甘李药业,上交所,医药生物,,2000只样本池,中证全指+申万一级分层抽样,按行业权重代表性与流动性先验纳入,,L8X上游地基；行业代表性验证；后续指标扩面目标
2000只样本股票池,sz001267,001267.SZ,汇绿生态,深交所,建筑装饰,,2000只样本池,中证全指+申万一级分层抽样,按行业权重代表性与流动性先验纳入,,L8X上游地基；行业代表性验证；后续指标扩面目标
2000只样本股票池,sh601618,601618.SH,中国中冶,上交所,建筑装饰,,2000只样本池,中证全指+申万一级分层抽样,按行业权重代表性与流动性先验纳入,,L8X上游地基；行业代表性验证；后续指标扩面目标
2000只样本股票池,sh600536,600536.SH,中国软件,上交所,计算机,,2000只样本池,中证全指+申万一级分层抽样,按行业权重代表性与流动性先验纳入,,L8X上游地基；行业代表性验证；后续指标扩面目标
2000只样本股票池,sz000060,000060.SZ,中金岭南,深交所,有色金属,,2000只样本池,中证全指+申万一级分层抽样,按行业权重代表性与流动性先验纳入,,L8X上游地基；行业代表性验证；后续指标扩面目标
2000只样本股票池,sz300364,300364.SZ,中文在线,深交所,传媒,,2000只样本池,中证全指+申万一级分层抽样,按行业权重代表性与流动性先验纳入,,L8X上游地基；行业代表性验证；后续指标扩面目标
2000只样本股票池,sh601696,601696.SH,中银证券,上交所,非银金融,,2000只样本池,中证全指+申万一级分层抽样,按行业权重代表性与流动性先验纳入,,L8X上游地基；行业代表性验证；后续指标扩面目标
2000只样本股票池,sh600515,600515.SH,海南机场,上交所,房地产,,2000只样本池,中证全指+申万一级分层抽样,按行业权重代表性与流动性先验纳入,,L8X上游地基；行业代表性验证；后续指标扩面目标
2000只样本股票池,sh601717,601717.SH,中创智领,上交所,机械设备,,2000只样本池,中证全指+申万一级分层抽样,按行业权重代表性与流动性先验纳入,,L8X上游地基；行业代表性验证；后续指标扩面目标
2000只样本股票池,sz000636,000636.SZ,风华高科,深交所,电子,,2000只样本池,中证全指+申万一级分层抽样,按行业权重代表性与流动性先验纳入,,L8X上游地基；行业代表性验证；后续指标扩面目标
2000只样本股票池,sh603005,603005.SH,晶方科技,上交所,电子,,2000只样本池,中证全指+申万一级分层抽样,按行业权重代表性与流动性先验纳入,,L8X上游地基；行业代表性验证；后续指标扩面目标
2000只样本股票池,sh688617,688617.SH,惠泰医疗,上交所,医药生物,,2000只样本池,中证全指+申万一级分层抽样,按行业权重代表性与流动性先验纳入,,L8X上游地基；行业代表性验证；后续指标扩面目标
2000只样本股票池,sz002085,002085.SZ,万丰奥威,深交所,汽车,,2000只样本池,中证全指+申万一级分层抽样,按行业权重代表性与流动性先验纳入,,L8X上游地基；行业代表性验证；后续指标扩面目标
2000只样本股票池,sh601777,601777.SH,千里科技,上交所,汽车,,2000只样本池,中证全指+申万一级分层抽样,按行业权重代表性与流动性先验纳入,,L8X上游地基；行业代表性验证；后续指标扩面目标
2000只样本股票池,sz300170,300170.SZ,汉得信息,深交所,计算机,,2000只样本池,中证全指+申万一级分层抽样,按行业权重代表性与流动性先验纳入,,L8X上游地基；行业代表性验证；后续指标扩面目标
2000只样本股票池,sh603516,603516.SH,淳中科技,上交所,计算机,,2000只样本池,中证全指+申万一级分层抽样,按行业权重代表性与流动性先验纳入,,L8X上游地基；行业代表性验证；后续指标扩面目标
2000只样本股票池,sz002378,002378.SZ,章源钨业,深交所,有色金属,,2000只样本池,中证全指+申万一级分层抽样,按行业权重代表性与流动性先验纳入,,L8X上游地基；行业代表性验证；后续指标扩面目标
2000只样本股票池,sh600637,600637.SH,东方明珠,上交所,传媒,,2000只样本池,中证全指+申万一级分层抽样,按行业权重代表性与流动性先验纳入,,L8X上游地基；行业代表性验证；后续指标扩面目标
2000只样本股票池,sz002624,002624.SZ,完美世界,深交所,传媒,,2000只样本池,中证全指+申万一级分层抽样,按行业权重代表性与流动性先验纳入,,L8X上游地基；行业代表性验证；后续指标扩面目标
2000只样本股票池,sh603369,603369.SH,今世缘,上交所,食品饮料,,2000只样本池,中证全指+申万一级分层抽样,按行业权重代表性与流动性先验纳入,,L8X上游地基；行业代表性验证；后续指标扩面目标
2000只样本股票池,sz002318,002318.SZ,久立特材,深交所,钢铁,,2000只样本池,中证全指+申万一级分层抽样,按行业权重代表性与流动性先验纳入,,L8X上游地基；行业代表性验证；后续指标扩面目标
2000只样本股票池,sh603063,603063.SH,禾望电气,上交所,电力设备,,2000只样本池,中证全指+申万一级分层抽样,按行业权重代表性与流动性先验纳入,,L8X上游地基；行业代表性验证；后续指标扩面目标
2000只样本股票池,sz002506,002506.SZ,协鑫集成,深交所,电力设备,,2000只样本池,中证全指+申万一级分层抽样,按行业权重代表性与流动性先验纳入,,L8X上游地基；行业代表性验证；后续指标扩面目标
2000只样本股票池,sh603806,603806.SH,福斯特,上交所,电力设备,,2000只样本池,中证全指+申万一级分层抽样,按行业权重代表性与流动性先验纳入,,L8X上游地基；行业代表性验证；后续指标扩面目标
2000只样本股票池,sh600732,600732.SH,爱旭股份,上交所,电力设备,,2000只样本池,中证全指+申万一级分层抽样,按行业权重代表性与流动性先验纳入,,L8X上游地基；行业代表性验证；后续指标扩面目标
2000只样本股票池,sz000876,000876.SZ,新 希 望,深交所,农林牧渔,,2000只样本池,中证全指+申万一级分层抽样,按行业权重代表性与流动性先验纳入,,L8X上游地基；行业代表性验证；后续指标扩面目标
2000只样本股票池,sh688372,688372.SH,伟测科技,上交所,电子,,2000只样本池,中证全指+申万一级分层抽样,按行业权重代表性与流动性先验纳入,,L8X上游地基；行业代表性验证；后续指标扩面目标
2000只样本股票池,sz002484,002484.SZ,江海股份,深交所,电子,,2000只样本池,中证全指+申万一级分层抽样,按行业权重代表性与流动性先验纳入,,L8X上游地基；行业代表性验证；后续指标扩面目标
2000只样本股票池,sh688608,688608.SH,恒玄科技,上交所,电子,,2000只样本池,中证全指+申万一级分层抽样,按行业权重代表性与流动性先验纳入,,L8X上游地基；行业代表性验证；后续指标扩面目标
2000只样本股票池,sh688409,688409.SH,富创精密,上交所,电子,,2000只样本池,中证全指+申万一级分层抽样,按行业权重代表性与流动性先验纳入,,L8X上游地基；行业代表性验证；后续指标扩面目标
2000只样本股票池,sh600027,600027.SH,华电国际,上交所,公用事业,,2000只样本池,中证全指+申万一级分层抽样,按行业权重代表性与流动性先验纳入,,L8X上游地基；行业代表性验证；后续指标扩面目标
2000只样本股票池,sz002653,002653.SZ,海思科,深交所,医药生物,,2000只样本池,中证全指+申万一级分层抽样,按行业权重代表性与流动性先验纳入,,L8X上游地基；行业代表性验证；后续指标扩面目标
2000只样本股票池,sh603929,603929.SH,亚翔集成,上交所,建筑装饰,,2000只样本池,中证全指+申万一级分层抽样,按行业权重代表性与流动性先验纳入,,L8X上游地基；行业代表性验证；后续指标扩面目标
2000只样本股票池,sz300738,300738.SZ,奥飞数据,深交所,通信,,2000只样本池,中证全指+申万一级分层抽样,按行业权重代表性与流动性先验纳入,,L8X上游地基；行业代表性验证；后续指标扩面目标
2000只样本股票池,sh600060,600060.SH,海信视像,上交所,家用电器,,2000只样本池,中证全指+申万一级分层抽样,按行业权重代表性与流动性先验纳入,,L8X上游地基；行业代表性验证；后续指标扩面目标
2000只样本股票池,sz002025,002025.SZ,航天电器,深交所,国防军工,,2000只样本池,中证全指+申万一级分层抽样,按行业权重代表性与流动性先验纳入,,L8X上游地基；行业代表性验证；后续指标扩面目标
2000只样本股票池,sz302132,302132.SZ,中航成飞,深交所,国防军工,,2000只样本池,中证全指+申万一级分层抽样,按行业权重代表性与流动性先验纳入,,L8X上游地基；行业代表性验证；后续指标扩面目标
2000只样本股票池,sz000983,000983.SZ,山西焦煤,深交所,煤炭,,2000只样本池,中证全指+申万一级分层抽样,按行业权重代表性与流动性先验纳入,,L8X上游地基；行业代表性验证；后续指标扩面目标
2000只样本股票池,sh600208,600208.SH,衢州发展,上交所,房地产,,2000只样本池,中证全指+申万一级分层抽样,按行业权重代表性与流动性先验纳入,,L8X上游地基；行业代表性验证；后续指标扩面目标
2000只样本股票池,sz000564,000564.SZ,供销大集,深交所,商贸零售,,2000只样本池,中证全指+申万一级分层抽样,按行业权重代表性与流动性先验纳入,,L8X上游地基；行业代表性验证；后续指标扩面目标
2000只样本股票池,sh688333,688333.SH,铂力特,上交所,机械设备,,2000只样本池,中证全指+申万一级分层抽样,按行业权重代表性与流动性先验纳入,,L8X上游地基；行业代表性验证；后续指标扩面目标
2000只样本股票池,sz301377,301377.SZ,鼎泰高科,深交所,机械设备,,2000只样本池,中证全指+申万一级分层抽样,按行业权重代表性与流动性先验纳入,,L8X上游地基；行业代表性验证；后续指标扩面目标
2000只样本股票池,sh603699,603699.SH,纽威股份,上交所,机械设备,,2000只样本池,中证全指+申万一级分层抽样,按行业权重代表性与流动性先验纳入,,L8X上游地基；行业代表性验证；后续指标扩面目标
2000只样本股票池,sz301217,301217.SZ,铜冠铜箔,深交所,电力设备,,2000只样本池,中证全指+申万一级分层抽样,按行业权重代表性与流动性先验纳入,,L8X上游地基；行业代表性验证；后续指标扩面目标
2000只样本股票池,sh603629,603629.SH,利通电子,上交所,电子,,2000只样本池,中证全指+申万一级分层抽样,按行业权重代表性与流动性先验纳入,,L8X上游地基；行业代表性验证；后续指标扩面目标
2000只样本股票池,sh688266,688266.SH,泽璟制药,上交所,医药生物,,2000只样本池,中证全指+申万一级分层抽样,按行业权重代表性与流动性先验纳入,,L8X上游地基；行业代表性验证；后续指标扩面目标
2000只样本股票池,sz300832,300832.SZ,新产业,深交所,医药生物,,2000只样本池,中证全指+申万一级分层抽样,按行业权重代表性与流动性先验纳入,,L8X上游地基；行业代表性验证；后续指标扩面目标
2000只样本股票池,sh600085,600085.SH,同仁堂,上交所,医药生物,,2000只样本池,中证全指+申万一级分层抽样,按行业权重代表性与流动性先验纳入,,L8X上游地基；行业代表性验证；后续指标扩面目标
2000只样本股票池,sh601607,601607.SH,上海医药,上交所,医药生物,,2000只样本池,中证全指+申万一级分层抽样,按行业权重代表性与流动性先验纳入,,L8X上游地基；行业代表性验证；后续指标扩面目标
2000只样本股票池,sh603596,603596.SH,伯特利,上交所,汽车,,2000只样本池,中证全指+申万一级分层抽样,按行业权重代表性与流动性先验纳入,,L8X上游地基；行业代表性验证；后续指标扩面目标
2000只样本股票池,sh603766,603766.SH,隆鑫通用,上交所,汽车,,2000只样本池,中证全指+申万一级分层抽样,按行业权重代表性与流动性先验纳入,,L8X上游地基；行业代表性验证；后续指标扩面目标
2000只样本股票池,sh600845,600845.SH,宝信软件,上交所,计算机,,2000只样本池,中证全指+申万一级分层抽样,按行业权重代表性与流动性先验纳入,,L8X上游地基；行业代表性验证；后续指标扩面目标
2000只样本股票池,sz301269,301269.SZ,华大九天,深交所,计算机,,2000只样本池,中证全指+申万一级分层抽样,按行业权重代表性与流动性先验纳入,,L8X上游地基；行业代表性验证；后续指标扩面目标
2000只样本股票池,sz000158,000158.SZ,常山北明,深交所,计算机,,2000只样本池,中证全指+申万一级分层抽样,按行业权重代表性与流动性先验纳入,,L8X上游地基；行业代表性验证；后续指标扩面目标
2000只样本股票池,sz002180,002180.SZ,奔图科技,深交所,计算机,,2000只样本池,中证全指+申万一级分层抽样,按行业权重代表性与流动性先验纳入,,L8X上游地基；行业代表性验证；后续指标扩面目标
2000只样本股票池,sh601958,601958.SH,金钼股份,上交所,有色金属,,2000只样本池,中证全指+申万一级分层抽样,按行业权重代表性与流动性先验纳入,,L8X上游地基；行业代表性验证；后续指标扩面目标
2000只样本股票池,sz001965,001965.SZ,招商公路,深交所,交通运输,,2000只样本池,中证全指+申万一级分层抽样,按行业权重代表性与流动性先验纳入,,L8X上游地基；行业代表性验证；后续指标扩面目标
2000只样本股票池,sz300002,300002.SZ,神州泰岳,深交所,传媒,,2000只样本池,中证全指+申万一级分层抽样,按行业权重代表性与流动性先验纳入,,L8X上游地基；行业代表性验证；后续指标扩面目标
2000只样本股票池,sz002673,002673.SZ,西部证券,深交所,非银金融,,2000只样本池,中证全指+申万一级分层抽样,按行业权重代表性与流动性先验纳入,,L8X上游地基；行业代表性验证；后续指标扩面目标
2000只样本股票池,sz000728,000728.SZ,国元证券,深交所,非银金融,,2000只样本池,中证全指+申万一级分层抽样,按行业权重代表性与流动性先验纳入,,L8X上游地基；行业代表性验证；后续指标扩面目标
2000只样本股票池,sh600918,600918.SH,中泰证券,上交所,非银金融,,2000只样本池,中证全指+申万一级分层抽样,按行业权重代表性与流动性先验纳入,,L8X上游地基；行业代表性验证；后续指标扩面目标
2000只样本股票池,sz000830,000830.SZ,鲁西化工,深交所,基础化工,,2000只样本池,中证全指+申万一级分层抽样,按行业权重代表性与流动性先验纳入,,L8X上游地基；行业代表性验证；后续指标扩面目标
2000只样本股票池,sh600873,600873.SH,梅花生物,上交所,基础化工,,2000只样本池,中证全指+申万一级分层抽样,按行业权重代表性与流动性先验纳入,,L8X上游地基；行业代表性验证；后续指标扩面目标
2000只样本股票池,sz300699,300699.SZ,光威复材,深交所,国防军工,,2000只样本池,中证全指+申万一级分层抽样,按行业权重代表性与流动性先验纳入,,L8X上游地基；行业代表性验证；后续指标扩面目标
2000只样本股票池,sh600186,600186.SH,莲花控股,上交所,食品饮料,,2000只样本池,中证全指+申万一级分层抽样,按行业权重代表性与流动性先验纳入,,L8X上游地基；行业代表性验证；后续指标扩面目标
2000只样本股票池,sh603156,603156.SH,养元饮品,上交所,食品饮料,,2000只样本池,中证全指+申万一级分层抽样,按行业权重代表性与流动性先验纳入,,L8X上游地基；行业代表性验证；后续指标扩面目标
2000只样本股票池,sh601699,601699.SH,潞安环能,上交所,煤炭,,2000只样本池,中证全指+申万一级分层抽样,按行业权重代表性与流动性先验纳入,,L8X上游地基；行业代表性验证；后续指标扩面目标
2000只样本股票池,sz300024,300024.SZ,机器人,深交所,机械设备,,2000只样本池,中证全指+申万一级分层抽样,按行业权重代表性与流动性先验纳入,,L8X上游地基；行业代表性验证；后续指标扩面目标
2000只样本股票池,sh600869,600869.SH,远东股份,上交所,电力设备,,2000只样本池,中证全指+申万一级分层抽样,按行业权重代表性与流动性先验纳入,,L8X上游地基；行业代表性验证；后续指标扩面目标
2000只样本股票池,sh688390,688390.SH,固德威,上交所,电力设备,,2000只样本池,中证全指+申万一级分层抽样,按行业权重代表性与流动性先验纳入,,L8X上游地基；行业代表性验证；后续指标扩面目标
2000只样本股票池,sz300131,300131.SZ,英唐智控,深交所,电子,,2000只样本池,中证全指+申万一级分层抽样,按行业权重代表性与流动性先验纳入,,L8X上游地基；行业代表性验证；后续指标扩面目标
2000只样本股票池,sz301611,301611.SZ,珂玛科技,深交所,电子,,2000只样本池,中证全指+申万一级分层抽样,按行业权重代表性与流动性先验纳入,,L8X上游地基；行业代表性验证；后续指标扩面目标
2000只样本股票池,sh601778,601778.SH,晶科科技,上交所,公用事业,,2000只样本池,中证全指+申万一级分层抽样,按行业权重代表性与流动性先验纳入,,L8X上游地基；行业代表性验证；后续指标扩面目标
2000只样本股票池,sh600803,600803.SH,新奥股份,上交所,公用事业,,2000只样本池,中证全指+申万一级分层抽样,按行业权重代表性与流动性先验纳入,,L8X上游地基；行业代表性验证；后续指标扩面目标
2000只样本股票池,sh688166,688166.SH,博瑞医药,上交所,医药生物,,2000只样本池,中证全指+申万一级分层抽样,按行业权重代表性与流动性先验纳入,,L8X上游地基；行业代表性验证；后续指标扩面目标
2000只样本股票池,sz300003,300003.SZ,乐普医疗,深交所,医药生物,,2000只样本池,中证全指+申万一级分层抽样,按行业权重代表性与流动性先验纳入,,L8X上游地基；行业代表性验证；后续指标扩面目标
2000只样本股票池,sh600518,600518.SH,康美药业,上交所,医药生物,,2000只样本池,中证全指+申万一级分层抽样,按行业权重代表性与流动性先验纳入,,L8X上游地基；行业代表性验证；后续指标扩面目标
2000只样本股票池,sz301550,301550.SZ,斯菱智驱,深交所,汽车,,2000只样本池,中证全指+申万一级分层抽样,按行业权重代表性与流动性先验纳入,,L8X上游地基；行业代表性验证；后续指标扩面目标
2000只样本股票池,sz002065,002065.SZ,东华软件,深交所,计算机,,2000只样本池,中证全指+申万一级分层抽样,按行业权重代表性与流动性先验纳入,,L8X上游地基；行业代表性验证；后续指标扩面目标
2000只样本股票池,sh600100,600100.SH,同方股份,上交所,计算机,,2000只样本池,中证全指+申万一级分层抽样,按行业权重代表性与流动性先验纳入,,L8X上游地基；行业代表性验证；后续指标扩面目标
2000只样本股票池,sh600388,600388.SH,龙净环保,上交所,环保,,2000只样本池,中证全指+申万一级分层抽样,按行业权重代表性与流动性先验纳入,,L8X上游地基；行业代表性验证；后续指标扩面目标
2000只样本股票池,sh601020,601020.SH,华钰矿业,上交所,有色金属,,2000只样本池,中证全指+申万一级分层抽样,按行业权重代表性与流动性先验纳入,,L8X上游地基；行业代表性验证；后续指标扩面目标
2000只样本股票池,sh688668,688668.SH,鼎通科技,上交所,通信,,2000只样本池,中证全指+申万一级分层抽样,按行业权重代表性与流动性先验纳入,,L8X上游地基；行业代表性验证；后续指标扩面目标
2000只样本股票池,sz300628,300628.SZ,亿联网络,深交所,通信,,2000只样本池,中证全指+申万一级分层抽样,按行业权重代表性与流动性先验纳入,,L8X上游地基；行业代表性验证；后续指标扩面目标
2000只样本股票池,sh603067,603067.SH,振华股份,上交所,基础化工,,2000只样本池,中证全指+申万一级分层抽样,按行业权重代表性与流动性先验纳入,,L8X上游地基；行业代表性验证；后续指标扩面目标
2000只样本股票池,sh600378,600378.SH,昊华科技,上交所,基础化工,,2000只样本池,中证全指+申万一级分层抽样,按行业权重代表性与流动性先验纳入,,L8X上游地基；行业代表性验证；后续指标扩面目标
2000只样本股票池,sh601216,601216.SH,君正集团,上交所,基础化工,,2000只样本池,中证全指+申万一级分层抽样,按行业权重代表性与流动性先验纳入,,L8X上游地基；行业代表性验证；后续指标扩面目标
2000只样本股票池,sz300065,300065.SZ,海兰信,深交所,国防军工,,2000只样本池,中证全指+申万一级分层抽样,按行业权重代表性与流动性先验纳入,,L8X上游地基；行业代表性验证；后续指标扩面目标
2000只样本股票池,sz000729,000729.SZ,燕京啤酒,深交所,食品饮料,,2000只样本池,中证全指+申万一级分层抽样,按行业权重代表性与流动性先验纳入,,L8X上游地基；行业代表性验证；后续指标扩面目标
2000只样本股票池,sh600348,600348.SH,华阳股份,上交所,煤炭,,2000只样本池,中证全指+申万一级分层抽样,按行业权重代表性与流动性先验纳入,,L8X上游地基；行业代表性验证；后续指标扩面目标
2000只样本股票池,sh600641,600641.SH,先导基电,上交所,房地产,,2000只样本池,中证全指+申万一级分层抽样,按行业权重代表性与流动性先验纳入,,L8X上游地基；行业代表性验证；后续指标扩面目标
2000只样本股票池,sz000400,000400.SZ,许继电气,深交所,电力设备,,2000只样本池,中证全指+申万一级分层抽样,按行业权重代表性与流动性先验纳入,,L8X上游地基；行业代表性验证；后续指标扩面目标
2000只样本股票池,sh600312,600312.SH,平高电气,上交所,电力设备,,2000只样本池,中证全指+申万一级分层抽样,按行业权重代表性与流动性先验纳入,,L8X上游地基；行业代表性验证；后续指标扩面目标
2000只样本股票池,sz301526,301526.SZ,国际复材,深交所,建筑材料,,2000只样本池,中证全指+申万一级分层抽样,按行业权重代表性与流动性先验纳入,,L8X上游地基；行业代表性验证；后续指标扩面目标
2000只样本股票池,sh600177,600177.SH,雅戈尔,上交所,纺织服饰,,2000只样本池,中证全指+申万一级分层抽样,按行业权重代表性与流动性先验纳入,,L8X上游地基；行业代表性验证；后续指标扩面目标
2000只样本股票池,sh603160,603160.SH,汇顶科技,上交所,电子,,2000只样本池,中证全指+申万一级分层抽样,按行业权重代表性与流动性先验纳入,,L8X上游地基；行业代表性验证；后续指标扩面目标
2000只样本股票池,sh600930,600930.SH,华电新能,上交所,公用事业,,2000只样本池,中证全指+申万一级分层抽样,按行业权重代表性与流动性先验纳入,,L8X上游地基；行业代表性验证；后续指标扩面目标
2000只样本股票池,sz300122,300122.SZ,智飞生物,深交所,医药生物,,2000只样本池,中证全指+申万一级分层抽样,按行业权重代表性与流动性先验纳入,,L8X上游地基；行业代表性验证；后续指标扩面目标
2000只样本股票池,sz000623,000623.SZ,吉林敖东,深交所,医药生物,,2000只样本池,中证全指+申万一级分层抽样,按行业权重代表性与流动性先验纳入,,L8X上游地基；行业代表性验证；后续指标扩面目标
2000只样本股票池,sh603119,603119.SH,浙江荣泰,上交所,汽车,,2000只样本池,中证全指+申万一级分层抽样,按行业权重代表性与流动性先验纳入,,L8X上游地基；行业代表性验证；后续指标扩面目标
2000只样本股票池,sz002410,002410.SZ,广联达,深交所,计算机,,2000只样本池,中证全指+申万一级分层抽样,按行业权重代表性与流动性先验纳入,,L8X上游地基；行业代表性验证；后续指标扩面目标
2000只样本股票池,sh603588,603588.SH,高能环境,上交所,环保,,2000只样本池,中证全指+申万一级分层抽样,按行业权重代表性与流动性先验纳入,,L8X上游地基；行业代表性验证；后续指标扩面目标
2000只样本股票池,sz000688,000688.SZ,国城矿业,深交所,有色金属,,2000只样本池,中证全指+申万一级分层抽样,按行业权重代表性与流动性先验纳入,,L8X上游地基；行业代表性验证；后续指标扩面目标
2000只样本股票池,sh603077,603077.SH,和邦生物,上交所,基础化工,,2000只样本池,中证全指+申万一级分层抽样,按行业权重代表性与流动性先验纳入,,L8X上游地基；行业代表性验证；后续指标扩面目标
2000只样本股票池,sz002151,002151.SZ,北斗星通,深交所,国防军工,,2000只样本池,中证全指+申万一级分层抽样,按行业权重代表性与流动性先验纳入,,L8X上游地基；行业代表性验证；后续指标扩面目标
2000只样本股票池,sh601997,601997.SH,贵阳银行,上交所,银行,,2000只样本池,中证全指+申万一级分层抽样,按行业权重代表性与流动性先验纳入,,L8X上游地基；行业代表性验证；后续指标扩面目标
2000只样本股票池,sh601933,601933.SH,永辉超市,上交所,商贸零售,,2000只样本池,中证全指+申万一级分层抽样,按行业权重代表性与流动性先验纳入,,L8X上游地基；行业代表性验证；后续指标扩面目标
2000只样本股票池,sz000811,000811.SZ,冰轮环境,深交所,机械设备,,2000只样本池,中证全指+申万一级分层抽样,按行业权重代表性与流动性先验纳入,,L8X上游地基；行业代表性验证；后续指标扩面目标
2000只样本股票池,sh600114,600114.SH,东睦股份,上交所,机械设备,,2000只样本池,中证全指+申万一级分层抽样,按行业权重代表性与流动性先验纳入,,L8X上游地基；行业代表性验证；后续指标扩面目标
2000只样本股票池,sh688005,688005.SH,容百科技,上交所,电力设备,,2000只样本池,中证全指+申万一级分层抽样,按行业权重代表性与流动性先验纳入,,L8X上游地基；行业代表性验证；后续指标扩面目标
2000只样本股票池,sh688503,688503.SH,聚和材料,上交所,电力设备,,2000只样本池,中证全指+申万一级分层抽样,按行业权重代表性与流动性先验纳入,,L8X上游地基；行业代表性验证；后续指标扩面目标
2000只样本股票池,sh600363,600363.SH,联创光电,上交所,电子,,2000只样本池,中证全指+申万一级分层抽样,按行业权重代表性与流动性先验纳入,,L8X上游地基；行业代表性验证；后续指标扩面目标
2000只样本股票池,sh688018,688018.SH,乐鑫科技,上交所,电子,,2000只样本池,中证全指+申万一级分层抽样,按行业权重代表性与流动性先验纳入,,L8X上游地基；行业代表性验证；后续指标扩面目标
2000只样本股票池,sz002015,002015.SZ,协鑫能科,深交所,公用事业,,2000只样本池,中证全指+申万一级分层抽样,按行业权重代表性与流动性先验纳入,,L8X上游地基；行业代表性验证；后续指标扩面目标
2000只样本股票池,sh600025,600025.SH,华能水电,上交所,公用事业,,2000只样本池,中证全指+申万一级分层抽样,按行业权重代表性与流动性先验纳入,,L8X上游地基；行业代表性验证；后续指标扩面目标
2000只样本股票池,sh600642,600642.SH,申能股份,上交所,公用事业,,2000只样本池,中证全指+申万一级分层抽样,按行业权重代表性与流动性先验纳入,,L8X上游地基；行业代表性验证；后续指标扩面目标
2000只样本股票池,sz002223,002223.SZ,鱼跃医疗,深交所,医药生物,,2000只样本池,中证全指+申万一级分层抽样,按行业权重代表性与流动性先验纳入,,L8X上游地基；行业代表性验证；后续指标扩面目标
2000只样本股票池,sz000999,000999.SZ,华润三九,深交所,医药生物,,2000只样本池,中证全指+申万一级分层抽样,按行业权重代表性与流动性先验纳入,,L8X上游地基；行业代表性验证；后续指标扩面目标
2000只样本股票池,sh601799,601799.SH,星宇股份,上交所,汽车,,2000只样本池,中证全指+申万一级分层抽样,按行业权重代表性与流动性先验纳入,,L8X上游地基；行业代表性验证；后续指标扩面目标
2000只样本股票池,sz000967,000967.SZ,盈峰环境,深交所,环保,,2000只样本池,中证全指+申万一级分层抽样,按行业权重代表性与流动性先验纳入,,L8X上游地基；行业代表性验证；后续指标扩面目标
2000只样本股票池,sz300627,300627.SZ,华测导航,深交所,通信,,2000只样本池,中证全指+申万一级分层抽样,按行业权重代表性与流动性先验纳入,,L8X上游地基；行业代表性验证；后续指标扩面目标
2000只样本股票池,sh601975,601975.SH,招商南油,上交所,交通运输,,2000只样本池,中证全指+申万一级分层抽样,按行业权重代表性与流动性先验纳入,,L8X上游地基；行业代表性验证；后续指标扩面目标
2000只样本股票池,sh603444,603444.SH,吉比特,上交所,传媒,,2000只样本池,中证全指+申万一级分层抽样,按行业权重代表性与流动性先验纳入,,L8X上游地基；行业代表性验证；后续指标扩面目标
2000只样本股票池,sz000415,000415.SZ,渤海租赁,深交所,非银金融,,2000只样本池,中证全指+申万一级分层抽样,按行业权重代表性与流动性先验纳入,,L8X上游地基；行业代表性验证；后续指标扩面目标
2000只样本股票池,sz000750,000750.SZ,国海证券,深交所,非银金融,,2000只样本池,中证全指+申万一级分层抽样,按行业权重代表性与流动性先验纳入,,L8X上游地基；行业代表性验证；后续指标扩面目标
2000只样本股票池,sh600486,600486.SH,扬农化工,上交所,基础化工,,2000只样本池,中证全指+申万一级分层抽样,按行业权重代表性与流动性先验纳入,,L8X上游地基；行业代表性验证；后续指标扩面目标
2000只样本股票池,sh688065,688065.SH,凯赛生物,上交所,基础化工,,2000只样本池,中证全指+申万一级分层抽样,按行业权重代表性与流动性先验纳入,,L8X上游地基；行业代表性验证；后续指标扩面目标
2000只样本股票池,sz002413,002413.SZ,雷科防务,深交所,国防军工,,2000只样本池,中证全指+申万一级分层抽样,按行业权重代表性与流动性先验纳入,,L8X上游地基；行业代表性验证；后续指标扩面目标
2000只样本股票池,sh600765,600765.SH,中航重机,上交所,国防军工,,2000只样本池,中证全指+申万一级分层抽样,按行业权重代表性与流动性先验纳入,,L8X上游地基；行业代表性验证；后续指标扩面目标
2000只样本股票池,sz000596,000596.SZ,古井贡酒,深交所,食品饮料,,2000只样本池,中证全指+申万一级分层抽样,按行业权重代表性与流动性先验纳入,,L8X上游地基；行业代表性验证；后续指标扩面目标
2000只样本股票池,sz300896,300896.SZ,爱美客,深交所,美容护理,,2000只样本池,中证全指+申万一级分层抽样,按行业权重代表性与流动性先验纳入,,L8X上游地基；行业代表性验证；后续指标扩面目标
2000只样本股票池,sh603667,603667.SH,五洲新春,上交所,机械设备,,2000只样本池,中证全指+申万一级分层抽样,按行业权重代表性与流动性先验纳入,,L8X上游地基；行业代表性验证；后续指标扩面目标
2000只样本股票池,sz300083,300083.SZ,创世纪,深交所,机械设备,,2000只样本池,中证全指+申万一级分层抽样,按行业权重代表性与流动性先验纳入,,L8X上游地基；行业代表性验证；后续指标扩面目标
2000只样本股票池,sh688778,688778.SH,厦钨新能,上交所,电力设备,,2000只样本池,中证全指+申万一级分层抽样,按行业权重代表性与流动性先验纳入,,L8X上游地基；行业代表性验证；后续指标扩面目标
2000只样本股票池,sz300999,300999.SZ,金龙鱼,深交所,农林牧渔,,2000只样本池,中证全指+申万一级分层抽样,按行业权重代表性与流动性先验纳入,,L8X上游地基；行业代表性验证；后续指标扩面目标
2000只样本股票池,sz002044,002044.SZ,美年健康,深交所,医药生物,,2000只样本池,中证全指+申万一级分层抽样,按行业权重代表性与流动性先验纳入,,L8X上游地基；行业代表性验证；后续指标扩面目标
2000只样本股票池,sh603127,603127.SH,昭衍新药,上交所,医药生物,,2000只样本池,中证全指+申万一级分层抽样,按行业权重代表性与流动性先验纳入,,L8X上游地基；行业代表性验证；后续指标扩面目标
2000只样本股票池,sh600521,600521.SH,华海药业,上交所,医药生物,,2000只样本池,中证全指+申万一级分层抽样,按行业权重代表性与流动性先验纳入,,L8X上游地基；行业代表性验证；后续指标扩面目标
2000只样本股票池,sh600166,600166.SH,福田汽车,上交所,汽车,,2000只样本池,中证全指+申万一级分层抽样,按行业权重代表性与流动性先验纳入,,L8X上游地基；行业代表性验证；后续指标扩面目标
2000只样本股票池,sz300811,300811.SZ,铂科新材,深交所,有色金属,,2000只样本池,中证全指+申万一级分层抽样,按行业权重代表性与流动性先验纳入,,L8X上游地基；行业代表性验证；后续指标扩面目标
2000只样本股票池,sh600061,600061.SH,国投资本,上交所,非银金融,,2000只样本池,中证全指+申万一级分层抽样,按行业权重代表性与流动性先验纳入,,L8X上游地基；行业代表性验证；后续指标扩面目标
2000只样本股票池,sh600909,600909.SH,华安证券,上交所,非银金融,,2000只样本池,中证全指+申万一级分层抽样,按行业权重代表性与流动性先验纳入,,L8X上游地基；行业代表性验证；后续指标扩面目标
2000只样本股票池,sh600369,600369.SH,西南证券,上交所,非银金融,,2000只样本池,中证全指+申万一级分层抽样,按行业权重代表性与流动性先验纳入,,L8X上游地基；行业代表性验证；后续指标扩面目标
2000只样本股票池,sh600862,600862.SH,中航高科,上交所,国防军工,,2000只样本池,中证全指+申万一级分层抽样,按行业权重代表性与流动性先验纳入,,L8X上游地基；行业代表性验证；后续指标扩面目标
2000只样本股票池,sz000629,000629.SZ,钒钛股份,深交所,钢铁,,2000只样本池,中证全指+申万一级分层抽样,按行业权重代表性与流动性先验纳入,,L8X上游地基；行业代表性验证；后续指标扩面目标
2000只样本股票池,sz300769,300769.SZ,德方纳米,深交所,电力设备,,2000只样本池,中证全指+申万一级分层抽样,按行业权重代表性与流动性先验纳入,,L8X上游地基；行业代表性验证；后续指标扩面目标
2000只样本股票池,sh603026,603026.SH,石大胜华,上交所,电力设备,,2000只样本池,中证全指+申万一级分层抽样,按行业权重代表性与流动性先验纳入,,L8X上游地基；行业代表性验证；后续指标扩面目标
2000只样本股票池,sz300118,300118.SZ,东方日升,深交所,电力设备,,2000只样本池,中证全指+申万一级分层抽样,按行业权重代表性与流动性先验纳入,,L8X上游地基；行业代表性验证；后续指标扩面目标
2000只样本股票池,sz002249,002249.SZ,大洋电机,深交所,电力设备,,2000只样本池,中证全指+申万一级分层抽样,按行业权重代表性与流动性先验纳入,,L8X上游地基；行业代表性验证；后续指标扩面目标
2000只样本股票池,sh600737,600737.SH,中粮糖业,上交所,农林牧渔,,2000只样本池,中证全指+申万一级分层抽样,按行业权重代表性与流动性先验纳入,,L8X上游地基；行业代表性验证；后续指标扩面目标
2000只样本股票池,sh600201,600201.SH,生物股份,上交所,农林牧渔,,2000只样本池,中证全指+申万一级分层抽样,按行业权重代表性与流动性先验纳入,,L8X上游地基；行业代表性验证；后续指标扩面目标
2000只样本股票池,sh600206,600206.SH,有研新材,上交所,电子,,2000只样本池,中证全指+申万一级分层抽样,按行业权重代表性与流动性先验纳入,,L8X上游地基；行业代表性验证；后续指标扩面目标
2000只样本股票池,sz300088,300088.SZ,长信科技,深交所,电子,,2000只样本池,中证全指+申万一级分层抽样,按行业权重代表性与流动性先验纳入,,L8X上游地基；行业代表性验证；后续指标扩面目标
2000只样本股票池,sh688519,688519.SH,南亚新材,上交所,电子,,2000只样本池,中证全指+申万一级分层抽样,按行业权重代表性与流动性先验纳入,,L8X上游地基；行业代表性验证；后续指标扩面目标
2000只样本股票池,sh600171,600171.SH,上海贝岭,上交所,电子,,2000只样本池,中证全指+申万一级分层抽样,按行业权重代表性与流动性先验纳入,,L8X上游地基；行业代表性验证；后续指标扩面目标
2000只样本股票池,sh601016,601016.SH,节能风电,上交所,公用事业,,2000只样本池,中证全指+申万一级分层抽样,按行业权重代表性与流动性先验纳入,,L8X上游地基；行业代表性验证；后续指标扩面目标
2000只样本股票池,sz000875,000875.SZ,电投绿能,深交所,公用事业,,2000只样本池,中证全指+申万一级分层抽样,按行业权重代表性与流动性先验纳入,,L8X上游地基；行业代表性验证；后续指标扩面目标
2000只样本股票池,sz000534,000534.SZ,万泽股份,深交所,医药生物,,2000只样本池,中证全指+申万一级分层抽样,按行业权重代表性与流动性先验纳入,,L8X上游地基；行业代表性验证；后续指标扩面目标
2000只样本股票池,sh601611,601611.SH,中国核建,上交所,建筑装饰,,2000只样本池,中证全指+申万一级分层抽样,按行业权重代表性与流动性先验纳入,,L8X上游地基；行业代表性验证；后续指标扩面目标
2000只样本股票池,sh688158,688158.SH,优刻得,上交所,计算机,,2000只样本池,中证全指+申万一级分层抽样,按行业权重代表性与流动性先验纳入,,L8X上游地基；行业代表性验证；后续指标扩面目标
2000只样本股票池,sh688188,688188.SH,柏楚电子,上交所,计算机,,2000只样本池,中证全指+申万一级分层抽样,按行业权重代表性与流动性先验纳入,,L8X上游地基；行业代表性验证；后续指标扩面目标
2000只样本股票池,sz000762,000762.SZ,西藏矿业,深交所,有色金属,,2000只样本池,中证全指+申万一级分层抽样,按行业权重代表性与流动性先验纳入,,L8X上游地基；行业代表性验证；后续指标扩面目标
2000只样本股票池,sh688102,688102.SH,斯瑞新材,上交所,有色金属,,2000只样本池,中证全指+申万一级分层抽样,按行业权重代表性与流动性先验纳入,,L8X上游地基；行业代表性验证；后续指标扩面目标
2000只样本股票池,sh603876,603876.SH,鼎胜新材,上交所,有色金属,,2000只样本池,中证全指+申万一级分层抽样,按行业权重代表性与流动性先验纳入,,L8X上游地基；行业代表性验证；后续指标扩面目标
2000只样本股票池,sh600153,600153.SH,建发股份,上交所,交通运输,,2000只样本池,中证全指+申万一级分层抽样,按行业权重代表性与流动性先验纳入,,L8X上游地基；行业代表性验证；后续指标扩面目标
2000只样本股票池,sh601059,601059.SH,信达证券,上交所,非银金融,,2000只样本池,中证全指+申万一级分层抽样,按行业权重代表性与流动性先验纳入,,L8X上游地基；行业代表性验证；后续指标扩面目标
2000只样本股票池,sh601990,601990.SH,南京证券,上交所,非银金融,,2000只样本池,中证全指+申万一级分层抽样,按行业权重代表性与流动性先验纳入,,L8X上游地基；行业代表性验证；后续指标扩面目标
2000只样本股票池,sz002683,002683.SZ,广东宏大,深交所,基础化工,,2000只样本池,中证全指+申万一级分层抽样,按行业权重代表性与流动性先验纳入,,L8X上游地基；行业代表性验证；后续指标扩面目标
2000只样本股票池,sz300487,300487.SZ,蓝晓科技,深交所,基础化工,,2000只样本池,中证全指+申万一级分层抽样,按行业权重代表性与流动性先验纳入,,L8X上游地基；行业代表性验证；后续指标扩面目标
2000只样本股票池,sz000738,000738.SZ,航发控制,深交所,国防军工,,2000只样本池,中证全指+申万一级分层抽样,按行业权重代表性与流动性先验纳入,,L8X上游地基；行业代表性验证；后续指标扩面目标
2000只样本股票池,sz000733,000733.SZ,振华科技,深交所,国防军工,,2000只样本池,中证全指+申万一级分层抽样,按行业权重代表性与流动性先验纳入,,L8X上游地基；行业代表性验证；后续指标扩面目标
2000只样本股票池,sh601001,601001.SH,晋控煤业,上交所,煤炭,,2000只样本池,中证全指+申万一级分层抽样,按行业权重代表性与流动性先验纳入,,L8X上游地基；行业代表性验证；后续指标扩面目标
2000只样本股票池,sz000932,000932.SZ,华菱钢铁,深交所,钢铁,,2000只样本池,中证全指+申万一级分层抽样,按行业权重代表性与流动性先验纳入,,L8X上游地基；行业代表性验证；后续指标扩面目标
2000只样本股票池,sz002565,002565.SZ,顺灏股份,深交所,轻工制造,,2000只样本池,中证全指+申万一级分层抽样,按行业权重代表性与流动性先验纳入,,L8X上游地基；行业代表性验证；后续指标扩面目标
2000只样本股票池,sh600773,600773.SH,西藏城投,上交所,房地产,,2000只样本池,中证全指+申万一级分层抽样,按行业权重代表性与流动性先验纳入,,L8X上游地基；行业代表性验证；后续指标扩面目标
2000只样本股票池,sh601106,601106.SH,中国一重,上交所,机械设备,,2000只样本池,中证全指+申万一级分层抽样,按行业权重代表性与流动性先验纳入,,L8X上游地基；行业代表性验证；后续指标扩面目标
2000只样本股票池,sz000528,000528.SZ,柳工,深交所,机械设备,,2000只样本池,中证全指+申万一级分层抽样,按行业权重代表性与流动性先验纳入,,L8X上游地基；行业代表性验证；后续指标扩面目标
2000只样本股票池,sh688516,688516.SH,奥特维,上交所,电力设备,,2000只样本池,中证全指+申万一级分层抽样,按行业权重代表性与流动性先验纳入,,L8X上游地基；行业代表性验证；后续指标扩面目标
2000只样本股票池,sz000009,000009.SZ,中国宝安,深交所,电力设备,,2000只样本池,中证全指+申万一级分层抽样,按行业权重代表性与流动性先验纳入,,L8X上游地基；行业代表性验证；后续指标扩面目标
2000只样本股票池,sh600398,600398.SH,海澜之家,上交所,纺织服饰,,2000只样本池,中证全指+申万一级分层抽样,按行业权重代表性与流动性先验纳入,,L8X上游地基；行业代表性验证；后续指标扩面目标
2000只样本股票池,sz000062,000062.SZ,深圳华强,深交所,电子,,2000只样本池,中证全指+申万一级分层抽样,按行业权重代表性与流动性先验纳入,,L8X上游地基；行业代表性验证；后续指标扩面目标
2000只样本股票池,sh688123,688123.SH,聚辰股份,上交所,电子,,2000只样本池,中证全指+申万一级分层抽样,按行业权重代表性与流动性先验纳入,,L8X上游地基；行业代表性验证；后续指标扩面目标
2000只样本股票池,sh688322,688322.SH,奥比中光,上交所,电子,,2000只样本池,中证全指+申万一级分层抽样,按行业权重代表性与流动性先验纳入,,L8X上游地基；行业代表性验证；后续指标扩面目标
2000只样本股票池,sh688127,688127.SH,蓝特光学,上交所,电子,,2000只样本池,中证全指+申万一级分层抽样,按行业权重代表性与流动性先验纳入,,L8X上游地基；行业代表性验证；后续指标扩面目标
2000只样本股票池,sh600563,600563.SH,法拉电子,上交所,电子,,2000只样本池,中证全指+申万一级分层抽样,按行业权重代表性与流动性先验纳入,,L8X上游地基；行业代表性验证；后续指标扩面目标
2000只样本股票池,sz300655,300655.SZ,晶瑞电材,深交所,电子,,2000只样本池,中证全指+申万一级分层抽样,按行业权重代表性与流动性先验纳入,,L8X上游地基；行业代表性验证；后续指标扩面目标
2000只样本股票池,sh601991,601991.SH,大唐发电,上交所,公用事业,,2000只样本池,中证全指+申万一级分层抽样,按行业权重代表性与流动性先验纳入,,L8X上游地基；行业代表性验证；后续指标扩面目标
2000只样本股票池,sh605090,605090.SH,九丰能源,上交所,公用事业,,2000只样本池,中证全指+申万一级分层抽样,按行业权重代表性与流动性先验纳入,,L8X上游地基；行业代表性验证；后续指标扩面目标
2000只样本股票池,sz002007,002007.SZ,华兰生物,深交所,医药生物,,2000只样本池,中证全指+申万一级分层抽样,按行业权重代表性与流动性先验纳入,,L8X上游地基；行业代表性验证；后续指标扩面目标
2000只样本股票池,sh600332,600332.SH,白云山,上交所,医药生物,,2000只样本池,中证全指+申万一级分层抽样,按行业权重代表性与流动性先验纳入,,L8X上游地基；行业代表性验证；后续指标扩面目标
2000只样本股票池,sh601238,601238.SH,广汽集团,上交所,汽车,,2000只样本池,中证全指+申万一级分层抽样,按行业权重代表性与流动性先验纳入,,L8X上游地基；行业代表性验证；后续指标扩面目标
2000只样本股票池,sz300085,300085.SZ,银之杰,深交所,计算机,,2000只样本池,中证全指+申万一级分层抽样,按行业权重代表性与流动性先验纳入,,L8X上游地基；行业代表性验证；后续指标扩面目标
2000只样本股票池,sh688208,688208.SH,道通科技,上交所,计算机,,2000只样本池,中证全指+申万一级分层抽样,按行业权重代表性与流动性先验纳入,,L8X上游地基；行业代表性验证；后续指标扩面目标
2000只样本股票池,sh600323,600323.SH,瀚蓝环境,上交所,环保,,2000只样本池,中证全指+申万一级分层抽样,按行业权重代表性与流动性先验纳入,,L8X上游地基；行业代表性验证；后续指标扩面目标
2000只样本股票池,sz000969,000969.SZ,安泰科技,深交所,有色金属,,2000只样本池,中证全指+申万一级分层抽样,按行业权重代表性与流动性先验纳入,,L8X上游地基；行业代表性验证；后续指标扩面目标
2000只样本股票池,sh603881,603881.SH,数据港,上交所,通信,,2000只样本池,中证全指+申万一级分层抽样,按行业权重代表性与流动性先验纳入,,L8X上游地基；行业代表性验证；后续指标扩面目标
2000只样本股票池,sh600704,600704.SH,物产中大,上交所,交通运输,,2000只样本池,中证全指+申万一级分层抽样,按行业权重代表性与流动性先验纳入,,L8X上游地基；行业代表性验证；后续指标扩面目标
2000只样本股票池,sz002400,002400.SZ,省广集团,深交所,传媒,,2000只样本池,中证全指+申万一级分层抽样,按行业权重代表性与流动性先验纳入,,L8X上游地基；行业代表性验证；后续指标扩面目标
2000只样本股票池,sh600901,600901.SH,江苏金租,上交所,非银金融,,2000只样本池,中证全指+申万一级分层抽样,按行业权重代表性与流动性先验纳入,,L8X上游地基；行业代表性验证；后续指标扩面目标
2000只样本股票池,sz002361,002361.SZ,神剑股份,深交所,基础化工,,2000只样本池,中证全指+申万一级分层抽样,按行业权重代表性与流动性先验纳入,,L8X上游地基；行业代表性验证；后续指标扩面目标
2000只样本股票池,sz000973,000973.SZ,佛塑科技,深交所,基础化工,,2000只样本池,中证全指+申万一级分层抽样,按行业权重代表性与流动性先验纳入,,L8X上游地基；行业代表性验证；后续指标扩面目标
2000只样本股票池,sz002326,002326.SZ,永太科技,深交所,基础化工,,2000只样本池,中证全指+申万一级分层抽样,按行业权重代表性与流动性先验纳入,,L8X上游地基；行业代表性验证；后续指标扩面目标
2000只样本股票池,sh603379,603379.SH,三美股份,上交所,基础化工,,2000只样本池,中证全指+申万一级分层抽样,按行业权重代表性与流动性先验纳入,,L8X上游地基；行业代表性验证；后续指标扩面目标
2000只样本股票池,sh603260,603260.SH,合盛硅业,上交所,基础化工,,2000只样本池,中证全指+申万一级分层抽样,按行业权重代表性与流动性先验纳入,,L8X上游地基；行业代表性验证；后续指标扩面目标
2000只样本股票池,sh603225,603225.SH,新凤鸣,上交所,基础化工,,2000只样本池,中证全指+申万一级分层抽样,按行业权重代表性与流动性先验纳入,,L8X上游地基；行业代表性验证；后续指标扩面目标
2000只样本股票池,sh600316,600316.SH,洪都航空,上交所,国防军工,,2000只样本池,中证全指+申万一级分层抽样,按行业权重代表性与流动性先验纳入,,L8X上游地基；行业代表性验证；后续指标扩面目标
2000只样本股票池,sh600985,600985.SH,淮北矿业,上交所,煤炭,,2000只样本池,中证全指+申万一级分层抽样,按行业权重代表性与流动性先验纳入,,L8X上游地基；行业代表性验证；后续指标扩面目标
2000只样本股票池,sh600516,600516.SH,方大炭素,上交所,钢铁,,2000只样本池,中证全指+申万一级分层抽样,按行业权重代表性与流动性先验纳入,,L8X上游地基；行业代表性验证；后续指标扩面目标
2000只样本股票池,sh600246,600246.SH,万通发展,上交所,房地产,,2000只样本池,中证全指+申万一级分层抽样,按行业权重代表性与流动性先验纳入,,L8X上游地基；行业代表性验证；后续指标扩面目标
2000只样本股票池,sz002342,002342.SZ,巨力索具,深交所,机械设备,,2000只样本池,中证全指+申万一级分层抽样,按行业权重代表性与流动性先验纳入,,L8X上游地基；行业代表性验证；后续指标扩面目标
2000只样本股票池,sz002759,002759.SZ,天际股份,深交所,电力设备,,2000只样本池,中证全指+申万一级分层抽样,按行业权重代表性与流动性先验纳入,,L8X上游地基；行业代表性验证；后续指标扩面目标
2000只样本股票池,sh600110,600110.SH,诺德股份,上交所,电力设备,,2000只样本池,中证全指+申万一级分层抽样,按行业权重代表性与流动性先验纳入,,L8X上游地基；行业代表性验证；后续指标扩面目标
2000只样本股票池,sh605196,605196.SH,华通线缆,上交所,电力设备,,2000只样本池,中证全指+申万一级分层抽样,按行业权重代表性与流动性先验纳入,,L8X上游地基；行业代表性验证；后续指标扩面目标
2000只样本股票池,sz002056,002056.SZ,横店东磁,深交所,电力设备,,2000只样本池,中证全指+申万一级分层抽样,按行业权重代表性与流动性先验纳入,,L8X上游地基；行业代表性验证；后续指标扩面目标
2000只样本股票池,sz300184,300184.SZ,力源信息,深交所,电子,,2000只样本池,中证全指+申万一级分层抽样,按行业权重代表性与流动性先验纳入,,L8X上游地基；行业代表性验证；后续指标扩面目标
2000只样本股票池,sz002841,002841.SZ,视源股份,深交所,电子,,2000只样本池,中证全指+申万一级分层抽样,按行业权重代表性与流动性先验纳入,,L8X上游地基；行业代表性验证；后续指标扩面目标
2000只样本股票池,sh603392,603392.SH,万泰生物,上交所,医药生物,,2000只样本池,中证全指+申万一级分层抽样,按行业权重代表性与流动性先验纳入,,L8X上游地基；行业代表性验证；后续指标扩面目标
2000只样本股票池,sh600589,600589.SH,大位科技,上交所,计算机,,2000只样本池,中证全指+申万一级分层抽样,按行业权重代表性与流动性先验纳入,,L8X上游地基；行业代表性验证；后续指标扩面目标
2000只样本股票池,sz300253,300253.SZ,卫宁健康,深交所,计算机,,2000只样本池,中证全指+申万一级分层抽样,按行业权重代表性与流动性先验纳入,,L8X上游地基；行业代表性验证；后续指标扩面目标
2000只样本股票池,sh688692,688692.SH,达梦数据,上交所,计算机,,2000只样本池,中证全指+申万一级分层抽样,按行业权重代表性与流动性先验纳入,,L8X上游地基；行业代表性验证；后续指标扩面目标
2000只样本股票池,sh600583,600583.SH,海油工程,上交所,石油石化,,2000只样本池,中证全指+申万一级分层抽样,按行业权重代表性与流动性先验纳入,,L8X上游地基；行业代表性验证；后续指标扩面目标
2000只样本股票池,sz000603,000603.SZ,盛达资源,深交所,有色金属,,2000只样本池,中证全指+申万一级分层抽样,按行业权重代表性与流动性先验纳入,,L8X上游地基；行业代表性验证；后续指标扩面目标
2000只样本股票池,sz301205,301205.SZ,联特科技,深交所,通信,,2000只样本池,中证全指+申万一级分层抽样,按行业权重代表性与流动性先验纳入,,L8X上游地基；行业代表性验证；后续指标扩面目标
2000只样本股票池,sh600986,600986.SH,浙文互联,上交所,传媒,,2000只样本池,中证全指+申万一级分层抽样,按行业权重代表性与流动性先验纳入,,L8X上游地基；行业代表性验证；后续指标扩面目标
2000只样本股票池,sz300182,300182.SZ,捷成股份,深交所,传媒,,2000只样本池,中证全指+申万一级分层抽样,按行业权重代表性与流动性先验纳入,,L8X上游地基；行业代表性验证；后续指标扩面目标
2000只样本股票池,sz002739,002739.SZ,儒意电影,深交所,传媒,,2000只样本池,中证全指+申万一级分层抽样,按行业权重代表性与流动性先验纳入,,L8X上游地基；行业代表性验证；后续指标扩面目标
2000只样本股票池,sh601456,601456.SH,国联民生,上交所,非银金融,,2000只样本池,中证全指+申万一级分层抽样,按行业权重代表性与流动性先验纳入,,L8X上游地基；行业代表性验证；后续指标扩面目标
2000只样本股票池,sh603486,603486.SH,科沃斯,上交所,家用电器,,2000只样本池,中证全指+申万一级分层抽样,按行业权重代表性与流动性先验纳入,,L8X上游地基；行业代表性验证；后续指标扩面目标
2000只样本股票池,sh603688,603688.SH,石英股份,上交所,基础化工,,2000只样本池,中证全指+申万一级分层抽样,按行业权重代表性与流动性先验纳入,,L8X上游地基；行业代表性验证；后续指标扩面目标
2000只样本股票池,sz002430,002430.SZ,杭氧股份,深交所,基础化工,,2000只样本池,中证全指+申万一级分层抽样,按行业权重代表性与流动性先验纳入,,L8X上游地基；行业代表性验证；后续指标扩面目标
2000只样本股票池,sz002545,002545.SZ,东方铁塔,深交所,基础化工,,2000只样本池,中证全指+申万一级分层抽样,按行业权重代表性与流动性先验纳入,,L8X上游地基；行业代表性验证；后续指标扩面目标
2000只样本股票池,sz002389,002389.SZ,航天彩虹,深交所,国防军工,,2000只样本池,中证全指+申万一级分层抽样,按行业权重代表性与流动性先验纳入,,L8X上游地基；行业代表性验证；后续指标扩面目标
2000只样本股票池,sh600435,600435.SH,北方导航,上交所,国防军工,,2000只样本池,中证全指+申万一级分层抽样,按行业权重代表性与流动性先验纳入,,L8X上游地基；行业代表性验证；后续指标扩面目标
2000只样本股票池,sz000708,000708.SZ,中信特钢,深交所,钢铁,,2000只样本池,中证全指+申万一级分层抽样,按行业权重代表性与流动性先验纳入,,L8X上游地基；行业代表性验证；后续指标扩面目标
2000只样本股票池,sz002611,002611.SZ,东方精工,深交所,机械设备,,2000只样本池,中证全指+申万一级分层抽样,按行业权重代表性与流动性先验纳入,,L8X上游地基；行业代表性验证；后续指标扩面目标
2000只样本股票池,sz300776,300776.SZ,帝尔激光,深交所,电力设备,,2000只样本池,中证全指+申万一级分层抽样,按行业权重代表性与流动性先验纳入,,L8X上游地基；行业代表性验证；后续指标扩面目标
2000只样本股票池,sh600151,600151.SH,航天机电,上交所,电力设备,,2000只样本池,中证全指+申万一级分层抽样,按行业权重代表性与流动性先验纳入,,L8X上游地基；行业代表性验证；后续指标扩面目标
2000只样本股票池,sz300035,300035.SZ,中科电气,深交所,电力设备,,2000只样本池,中证全指+申万一级分层抽样,按行业权重代表性与流动性先验纳入,,L8X上游地基；行业代表性验证；后续指标扩面目标
2000只样本股票池,sh688303,688303.SH,大全能源,上交所,电力设备,,2000只样本池,中证全指+申万一级分层抽样,按行业权重代表性与流动性先验纳入,,L8X上游地基；行业代表性验证；后续指标扩面目标
2000只样本股票池,sh600801,600801.SH,华新建材,上交所,建筑材料,,2000只样本池,中证全指+申万一级分层抽样,按行业权重代表性与流动性先验纳入,,L8X上游地基；行业代表性验证；后续指标扩面目标
2000只样本股票池,sz300903,300903.SZ,科翔股份,深交所,电子,,2000只样本池,中证全指+申万一级分层抽样,按行业权重代表性与流动性先验纳入,,L8X上游地基；行业代表性验证；后续指标扩面目标
2000只样本股票池,sh688082,688082.SH,盛美上海,上交所,电子,,2000只样本池,中证全指+申万一级分层抽样,按行业权重代表性与流动性先验纳入,,L8X上游地基；行业代表性验证；后续指标扩面目标
2000只样本股票池,sz300623,300623.SZ,捷捷微电,深交所,电子,,2000只样本池,中证全指+申万一级分层抽样,按行业权重代表性与流动性先验纳入,,L8X上游地基；行业代表性验证；后续指标扩面目标
2000只样本股票池,sz002947,002947.SZ,恒铭达,深交所,电子,,2000只样本池,中证全指+申万一级分层抽样,按行业权重代表性与流动性先验纳入,,L8X上游地基；行业代表性验证；后续指标扩面目标
2000只样本股票池,sh600863,600863.SH,华能蒙电,上交所,公用事业,,2000只样本池,中证全指+申万一级分层抽样,按行业权重代表性与流动性先验纳入,,L8X上游地基；行业代表性验证；后续指标扩面目标
2000只样本股票池,sz002617,002617.SZ,露笑科技,深交所,公用事业,,2000只样本池,中证全指+申万一级分层抽样,按行业权重代表性与流动性先验纳入,,L8X上游地基；行业代表性验证；后续指标扩面目标
2000只样本股票池,sz300199,300199.SZ,翰宇药业,深交所,医药生物,,2000只样本池,中证全指+申万一级分层抽样,按行业权重代表性与流动性先验纳入,,L8X上游地基；行业代表性验证；后续指标扩面目标
2000只样本股票池,sh688301,688301.SH,奕瑞科技,上交所,医药生物,,2000只样本池,中证全指+申万一级分层抽样,按行业权重代表性与流动性先验纳入,,L8X上游地基；行业代表性验证；后续指标扩面目标
2000只样本股票池,sz002536,002536.SZ,飞龙股份,深交所,汽车,,2000只样本池,中证全指+申万一级分层抽样,按行业权重代表性与流动性先验纳入,,L8X上游地基；行业代表性验证；后续指标扩面目标
2000只样本股票池,sh600170,600170.SH,上海建工,上交所,建筑装饰,,2000只样本池,中证全指+申万一级分层抽样,按行业权重代表性与流动性先验纳入,,L8X上游地基；行业代表性验证；后续指标扩面目标
2000只样本股票池,sz300469,300469.SZ,信息发展,深交所,计算机,,2000只样本池,中证全指+申万一级分层抽样,按行业权重代表性与流动性先验纳入,,L8X上游地基；行业代表性验证；后续指标扩面目标
2000只样本股票池,sh688327,688327.SH,云从科技,上交所,计算机,,2000只样本池,中证全指+申万一级分层抽样,按行业权重代表性与流动性先验纳入,,L8X上游地基；行业代表性验证；后续指标扩面目标
2000只样本股票池,sz002152,002152.SZ,广电运通,深交所,计算机,,2000只样本池,中证全指+申万一级分层抽样,按行业权重代表性与流动性先验纳入,,L8X上游地基；行业代表性验证；后续指标扩面目标
2000只样本股票池,sh603568,603568.SH,伟明环保,上交所,环保,,2000只样本池,中证全指+申万一级分层抽样,按行业权重代表性与流动性先验纳入,,L8X上游地基；行业代表性验证；后续指标扩面目标
2000只样本股票池,sz300139,300139.SZ,晓程科技,深交所,有色金属,,2000只样本池,中证全指+申万一级分层抽样,按行业权重代表性与流动性先验纳入,,L8X上游地基；行业代表性验证；后续指标扩面目标
2000只样本股票池,sz002171,002171.SZ,楚江新材,深交所,有色金属,,2000只样本池,中证全指+申万一级分层抽样,按行业权重代表性与流动性先验纳入,,L8X上游地基；行业代表性验证；后续指标扩面目标
2000只样本股票池,sh603236,603236.SH,移远通信,上交所,通信,,2000只样本池,中证全指+申万一级分层抽样,按行业权重代表性与流动性先验纳入,,L8X上游地基；行业代表性验证；后续指标扩面目标
2000只样本股票池,sh601018,601018.SH,宁波港,上交所,交通运输,,2000只样本池,中证全指+申万一级分层抽样,按行业权重代表性与流动性先验纳入,,L8X上游地基；行业代表性验证；后续指标扩面目标
2000只样本股票池,sz301171,301171.SZ,易点天下,深交所,传媒,,2000只样本池,中证全指+申万一级分层抽样,按行业权重代表性与流动性先验纳入,,L8X上游地基；行业代表性验证；后续指标扩面目标
2000只样本股票池,sz300459,300459.SZ,汤姆猫,深交所,传媒,,2000只样本池,中证全指+申万一级分层抽样,按行业权重代表性与流动性先验纳入,,L8X上游地基；行业代表性验证；后续指标扩面目标
2000只样本股票池,sz300413,300413.SZ,芒果超媒,深交所,传媒,,2000只样本池,中证全指+申万一级分层抽样,按行业权重代表性与流动性先验纳入,,L8X上游地基；行业代表性验证；后续指标扩面目标
2000只样本股票池,sz300773,300773.SZ,拉卡拉,深交所,非银金融,,2000只样本池,中证全指+申万一级分层抽样,按行业权重代表性与流动性先验纳入,,L8X上游地基；行业代表性验证；后续指标扩面目标
2000只样本股票池,sz002939,002939.SZ,长城证券,深交所,非银金融,,2000只样本池,中证全指+申万一级分层抽样,按行业权重代表性与流动性先验纳入,,L8X上游地基；行业代表性验证；后续指标扩面目标
2000只样本股票池,sz000422,000422.SZ,湖北宜化,深交所,基础化工,,2000只样本池,中证全指+申万一级分层抽样,按行业权重代表性与流动性先验纳入,,L8X上游地基；行业代表性验证；后续指标扩面目标
2000只样本股票池,sz000519,000519.SZ,中兵红箭,深交所,国防军工,,2000只样本池,中证全指+申万一级分层抽样,按行业权重代表性与流动性先验纳入,,L8X上游地基；行业代表性验证；后续指标扩面目标
2000只样本股票池,sh603816,603816.SH,顾家家居,上交所,轻工制造,,2000只样本池,中证全指+申万一级分层抽样,按行业权重代表性与流动性先验纳入,,L8X上游地基；行业代表性验证；后续指标扩面目标
2000只样本股票池,sh603605,603605.SH,珀莱雅,上交所,美容护理,,2000只样本池,中证全指+申万一级分层抽样,按行业权重代表性与流动性先验纳入,,L8X上游地基；行业代表性验证；后续指标扩面目标
2000只样本股票池,sh688531,688531.SH,日联科技,上交所,机械设备,,2000只样本池,中证全指+申万一级分层抽样,按行业权重代表性与流动性先验纳入,,L8X上游地基；行业代表性验证；后续指标扩面目标
2000只样本股票池,sz002046,002046.SZ,国机精工,深交所,机械设备,,2000只样本池,中证全指+申万一级分层抽样,按行业权重代表性与流动性先验纳入,,L8X上游地基；行业代表性验证；后续指标扩面目标
2000只样本股票池,sh603298,603298.SH,杭叉集团,上交所,机械设备,,2000只样本池,中证全指+申万一级分层抽样,按行业权重代表性与流动性先验纳入,,L8X上游地基；行业代表性验证；后续指标扩面目标
2000只样本股票池,sh603338,603338.SH,浙江鼎力,上交所,机械设备,,2000只样本池,中证全指+申万一级分层抽样,按行业权重代表性与流动性先验纳入,,L8X上游地基；行业代表性验证；后续指标扩面目标
2000只样本股票池,sz001696,001696.SZ,宗申动力,深交所,机械设备,,2000只样本池,中证全指+申万一级分层抽样,按行业权重代表性与流动性先验纳入,,L8X上游地基；行业代表性验证；后续指标扩面目标
2000只样本股票池,sz002364,002364.SZ,中恒电气,深交所,电力设备,,2000只样本池,中证全指+申万一级分层抽样,按行业权重代表性与流动性先验纳入,,L8X上游地基；行业代表性验证；后续指标扩面目标
2000只样本股票池,sh600550,600550.SH,保变电气,上交所,电力设备,,2000只样本池,中证全指+申万一级分层抽样,按行业权重代表性与流动性先验纳入,,L8X上游地基；行业代表性验证；后续指标扩面目标
2000只样本股票池,sh601567,601567.SH,三星电气,上交所,电力设备,,2000只样本池,中证全指+申万一级分层抽样,按行业权重代表性与流动性先验纳入,,L8X上游地基；行业代表性验证；后续指标扩面目标
2000只样本股票池,sz300657,300657.SZ,弘信电子,深交所,电子,,2000只样本池,中证全指+申万一级分层抽样,按行业权重代表性与流动性先验纳入,,L8X上游地基；行业代表性验证；后续指标扩面目标
2000只样本股票池,sz300398,300398.SZ,飞凯材料,深交所,电子,,2000只样本池,中证全指+申万一级分层抽样,按行业权重代表性与流动性先验纳入,,L8X上游地基；行业代表性验证；后续指标扩面目标
2000只样本股票池,sz301486,301486.SZ,致尚科技,深交所,电子,,2000只样本池,中证全指+申万一级分层抽样,按行业权重代表性与流动性先验纳入,,L8X上游地基；行业代表性验证；后续指标扩面目标
2000只样本股票池,sh688362,688362.SH,甬矽电子,上交所,电子,,2000只样本池,中证全指+申万一级分层抽样,按行业权重代表性与流动性先验纳入,,L8X上游地基；行业代表性验证；后续指标扩面目标
2000只样本股票池,sz300296,300296.SZ,利亚德,深交所,电子,,2000只样本池,中证全指+申万一级分层抽样,按行业权重代表性与流动性先验纳入,,L8X上游地基；行业代表性验证；后续指标扩面目标
2000只样本股票池,sz301536,301536.SZ,星宸科技,深交所,电子,,2000只样本池,中证全指+申万一级分层抽样,按行业权重代表性与流动性先验纳入,,L8X上游地基；行业代表性验证；后续指标扩面目标
2000只样本股票池,sh600995,600995.SH,南网储能,上交所,公用事业,,2000只样本池,中证全指+申万一级分层抽样,按行业权重代表性与流动性先验纳入,,L8X上游地基；行业代表性验证；后续指标扩面目标
2000只样本股票池,sz000591,000591.SZ,太阳能,深交所,公用事业,,2000只样本池,中证全指+申万一级分层抽样,按行业权重代表性与流动性先验纳入,,L8X上游地基；行业代表性验证；后续指标扩面目标
2000只样本股票池,sz002603,002603.SZ,以岭药业,深交所,医药生物,,2000只样本池,中证全指+申万一级分层抽样,按行业权重代表性与流动性先验纳入,,L8X上游地基；行业代表性验证；后续指标扩面目标
2000只样本股票池,sh603939,603939.SH,益丰药房,上交所,医药生物,,2000只样本池,中证全指+申万一级分层抽样,按行业权重代表性与流动性先验纳入,,L8X上游地基；行业代表性验证；后续指标扩面目标
2000只样本股票池,sh600161,600161.SH,天坛生物,上交所,医药生物,,2000只样本池,中证全指+申万一级分层抽样,按行业权重代表性与流动性先验纳入,,L8X上游地基；行业代表性验证；后续指标扩面目标
2000只样本股票池,sz301005,301005.SZ,超捷股份,深交所,汽车,,2000只样本池,中证全指+申万一级分层抽样,按行业权重代表性与流动性先验纳入,,L8X上游地基；行业代表性验证；后续指标扩面目标
2000只样本股票池,sz000887,000887.SZ,中鼎股份,深交所,汽车,,2000只样本池,中证全指+申万一级分层抽样,按行业权重代表性与流动性先验纳入,,L8X上游地基；行业代表性验证；后续指标扩面目标
2000只样本股票池,sh603778,603778.SH,国晟科技,上交所,建筑装饰,,2000只样本池,中证全指+申万一级分层抽样,按行业权重代表性与流动性先验纳入,,L8X上游地基；行业代表性验证；后续指标扩面目标
2000只样本股票池,sh600667,600667.SH,太极实业,上交所,建筑装饰,,2000只样本池,中证全指+申万一级分层抽样,按行业权重代表性与流动性先验纳入,,L8X上游地基；行业代表性验证；后续指标扩面目标
2000只样本股票池,sz300166,300166.SZ,东方国信,深交所,计算机,,2000只样本池,中证全指+申万一级分层抽样,按行业权重代表性与流动性先验纳入,,L8X上游地基；行业代表性验证；后续指标扩面目标
2000只样本股票池,sh600602,600602.SH,云赛智联,上交所,计算机,,2000只样本池,中证全指+申万一级分层抽样,按行业权重代表性与流动性先验纳入,,L8X上游地基；行业代表性验证；后续指标扩面目标
2000只样本股票池,sz000997,000997.SZ,新 大 陆,深交所,计算机,,2000只样本池,中证全指+申万一级分层抽样,按行业权重代表性与流动性先验纳入,,L8X上游地基；行业代表性验证；后续指标扩面目标
2000只样本股票池,sz002266,002266.SZ,浙富控股,深交所,环保,,2000只样本池,中证全指+申万一级分层抽样,按行业权重代表性与流动性先验纳入,,L8X上游地基；行业代表性验证；后续指标扩面目标
2000只样本股票池,sh600961,600961.SH,株冶集团,上交所,有色金属,,2000只样本池,中证全指+申万一级分层抽样,按行业权重代表性与流动性先验纳入,,L8X上游地基；行业代表性验证；后续指标扩面目标
2000只样本股票池,sz002237,002237.SZ,恒邦股份,深交所,有色金属,,2000只样本池,中证全指+申万一级分层抽样,按行业权重代表性与流动性先验纳入,,L8X上游地基；行业代表性验证；后续指标扩面目标
2000只样本股票池,sz002792,002792.SZ,通宇通讯,深交所,通信,,2000只样本池,中证全指+申万一级分层抽样,按行业权重代表性与流动性先验纳入,,L8X上游地基；行业代表性验证；后续指标扩面目标
2000只样本股票池,sh600018,600018.SH,上港集团,上交所,交通运输,,2000只样本池,中证全指+申万一级分层抽样,按行业权重代表性与流动性先验纳入,,L8X上游地基；行业代表性验证；后续指标扩面目标
2000只样本股票池,sh601000,601000.SH,唐山港,上交所,交通运输,,2000只样本池,中证全指+申万一级分层抽样,按行业权重代表性与流动性先验纳入,,L8X上游地基；行业代表性验证；后续指标扩面目标
2000只样本股票池,sz002926,002926.SZ,华西证券,深交所,非银金融,,2000只样本池,中证全指+申万一级分层抽样,按行业权重代表性与流动性先验纳入,,L8X上游地基；行业代表性验证；后续指标扩面目标
2000只样本股票池,sh600155,600155.SH,华创云信,上交所,非银金融,,2000只样本池,中证全指+申万一级分层抽样,按行业权重代表性与流动性先验纳入,,L8X上游地基；行业代表性验证；后续指标扩面目标
2000只样本股票池,sh600546,600546.SH,山煤国际,上交所,煤炭,,2000只样本池,中证全指+申万一级分层抽样,按行业权重代表性与流动性先验纳入,,L8X上游地基；行业代表性验证；后续指标扩面目标
2000只样本股票池,sh601918,601918.SH,新集能源,上交所,煤炭,,2000只样本池,中证全指+申万一级分层抽样,按行业权重代表性与流动性先验纳入,,L8X上游地基；行业代表性验证；后续指标扩面目标
2000只样本股票池,sz000723,000723.SZ,美锦能源,深交所,煤炭,,2000只样本池,中证全指+申万一级分层抽样,按行业权重代表性与流动性先验纳入,,L8X上游地基；行业代表性验证；后续指标扩面目标
2000只样本股票池,sz002831,002831.SZ,裕同科技,深交所,轻工制造,,2000只样本池,中证全指+申万一级分层抽样,按行业权重代表性与流动性先验纳入,,L8X上游地基；行业代表性验证；后续指标扩面目标
2000只样本股票池,sz002958,002958.SZ,青农商行,深交所,银行,,2000只样本池,中证全指+申万一级分层抽样,按行业权重代表性与流动性先验纳入,,L8X上游地基；行业代表性验证；后续指标扩面目标
2000只样本股票池,sh601155,601155.SH,新城控股,上交所,房地产,,2000只样本池,中证全指+申万一级分层抽样,按行业权重代表性与流动性先验纳入,,L8X上游地基；行业代表性验证；后续指标扩面目标
2000只样本股票池,sh603613,603613.SH,国联股份,上交所,商贸零售,,2000只样本池,中证全指+申万一级分层抽样,按行业权重代表性与流动性先验纳入,,L8X上游地基；行业代表性验证；后续指标扩面目标
2000只样本股票池,sh600343,600343.SH,航天动力,上交所,机械设备,,2000只样本池,中证全指+申万一级分层抽样,按行业权重代表性与流动性先验纳入,,L8X上游地基；行业代表性验证；后续指标扩面目标
2000只样本股票池,sh688400,688400.SH,凌云光,上交所,机械设备,,2000只样本池,中证全指+申万一级分层抽样,按行业权重代表性与流动性先验纳入,,L8X上游地基；行业代表性验证；后续指标扩面目标
2000只样本股票池,sh688257,688257.SH,新锐股份,上交所,机械设备,,2000只样本池,中证全指+申万一级分层抽样,按行业权重代表性与流动性先验纳入,,L8X上游地基；行业代表性验证；后续指标扩面目标
2000只样本股票池,sh688009,688009.SH,中国通号,上交所,机械设备,,2000只样本池,中证全指+申万一级分层抽样,按行业权重代表性与流动性先验纳入,,L8X上游地基；行业代表性验证；后续指标扩面目标
2000只样本股票池,sh688063,688063.SH,派能科技,上交所,电力设备,,2000只样本池,中证全指+申万一级分层抽样,按行业权重代表性与流动性先验纳入,,L8X上游地基；行业代表性验证；后续指标扩面目标
2000只样本股票池,sz002270,002270.SZ,华明装备,深交所,电力设备,,2000只样本池,中证全指+申万一级分层抽样,按行业权重代表性与流动性先验纳入,,L8X上游地基；行业代表性验证；后续指标扩面目标
2000只样本股票池,sh688717,688717.SH,艾罗能源,上交所,电力设备,,2000只样本池,中证全指+申万一级分层抽样,按行业权重代表性与流动性先验纳入,,L8X上游地基；行业代表性验证；后续指标扩面目标
2000只样本股票池,sz001301,001301.SZ,尚太科技,深交所,电力设备,,2000只样本池,中证全指+申万一级分层抽样,按行业权重代表性与流动性先验纳入,,L8X上游地基；行业代表性验证；后续指标扩面目标
2000只样本股票池,sh601636,601636.SH,旗滨集团,上交所,建筑材料,,2000只样本池,中证全指+申万一级分层抽样,按行业权重代表性与流动性先验纳入,,L8X上游地基；行业代表性验证；后续指标扩面目标
2000只样本股票池,sz002385,002385.SZ,大北农,深交所,农林牧渔,,2000只样本池,中证全指+申万一级分层抽样,按行业权重代表性与流动性先验纳入,,L8X上游地基；行业代表性验证；后续指标扩面目标
2000只样本股票池,sz300077,300077.SZ,国民技术,深交所,电子,,2000只样本池,中证全指+申万一级分层抽样,按行业权重代表性与流动性先验纳入,,L8X上游地基；行业代表性验证；后续指标扩面目标
2000只样本股票池,sh605111,605111.SH,新洁能,上交所,电子,,2000只样本池,中证全指+申万一级分层抽样,按行业权重代表性与流动性先验纳入,,L8X上游地基；行业代表性验证；后续指标扩面目标
2000只样本股票池,sz300679,300679.SZ,电连技术,深交所,电子,,2000只样本池,中证全指+申万一级分层抽样,按行业权重代表性与流动性先验纳入,,L8X上游地基；行业代表性验证；后续指标扩面目标
2000只样本股票池,sh603061,603061.SH,金海通,上交所,电子,,2000只样本池,中证全指+申万一级分层抽样,按行业权重代表性与流动性先验纳入,,L8X上游地基；行业代表性验证；后续指标扩面目标
2000只样本股票池,sz002139,002139.SZ,拓邦股份,深交所,电子,,2000只样本池,中证全指+申万一级分层抽样,按行业权重代表性与流动性先验纳入,,L8X上游地基；行业代表性验证；后续指标扩面目标
2000只样本股票池,sz300049,300049.SZ,福瑞医科,深交所,医药生物,,2000只样本池,中证全指+申万一级分层抽样,按行业权重代表性与流动性先验纳入,,L8X上游地基；行业代表性验证；后续指标扩面目标
2000只样本股票池,sz300558,300558.SZ,贝达药业,深交所,医药生物,,2000只样本池,中证全指+申万一级分层抽样,按行业权重代表性与流动性先验纳入,,L8X上游地基；行业代表性验证；后续指标扩面目标
2000只样本股票池,sh600763,600763.SH,通策医疗,上交所,医药生物,,2000只样本池,中证全指+申万一级分层抽样,按行业权重代表性与流动性先验纳入,,L8X上游地基；行业代表性验证；后续指标扩面目标
2000只样本股票池,sz002262,002262.SZ,恩华药业,深交所,医药生物,,2000只样本池,中证全指+申万一级分层抽样,按行业权重代表性与流动性先验纳入,,L8X上游地基；行业代表性验证；后续指标扩面目标
2000只样本股票池,sz000901,000901.SZ,航天科技,深交所,汽车,,2000只样本池,中证全指+申万一级分层抽样,按行业权重代表性与流动性先验纳入,,L8X上游地基；行业代表性验证；后续指标扩面目标
2000只样本股票池,sh688615,688615.SH,合合信息,上交所,计算机,,2000只样本池,中证全指+申万一级分层抽样,按行业权重代表性与流动性先验纳入,,L8X上游地基；行业代表性验证；后续指标扩面目标
2000只样本股票池,sz300277,300277.SZ,汽轮科技,深交所,计算机,,2000只样本池,中证全指+申万一级分层抽样,按行业权重代表性与流动性先验纳入,,L8X上游地基；行业代表性验证；后续指标扩面目标
2000只样本股票池,sh600008,600008.SH,首创环保,上交所,环保,,2000只样本池,中证全指+申万一级分层抽样,按行业权重代表性与流动性先验纳入,,L8X上游地基；行业代表性验证；后续指标扩面目标
2000只样本股票池,sz000962,000962.SZ,东方钽业,深交所,有色金属,,2000只样本池,中证全指+申万一级分层抽样,按行业权重代表性与流动性先验纳入,,L8X上游地基；行业代表性验证；后续指标扩面目标
2000只样本股票池,sz000737,000737.SZ,北方铜业,深交所,有色金属,,2000只样本池,中证全指+申万一级分层抽样,按行业权重代表性与流动性先验纳入,,L8X上游地基；行业代表性验证；后续指标扩面目标
2000只样本股票池,sz300315,300315.SZ,掌趣科技,深交所,传媒,,2000只样本池,中证全指+申万一级分层抽样,按行业权重代表性与流动性先验纳入,,L8X上游地基；行业代表性验证；后续指标扩面目标
2000只样本股票池,sz000987,000987.SZ,越秀资本,深交所,非银金融,,2000只样本池,中证全指+申万一级分层抽样,按行业权重代表性与流动性先验纳入,,L8X上游地基；行业代表性验证；后续指标扩面目标
2000只样本股票池,sh603650,603650.SH,彤程新材,上交所,基础化工,,2000只样本池,中证全指+申万一级分层抽样,按行业权重代表性与流动性先验纳入,,L8X上游地基；行业代表性验证；后续指标扩面目标
2000只样本股票池,sz002895,002895.SZ,川恒股份,深交所,基础化工,,2000只样本池,中证全指+申万一级分层抽样,按行业权重代表性与流动性先验纳入,,L8X上游地基；行业代表性验证；后续指标扩面目标
2000只样本股票池,sh601606,601606.SH,长城军工,上交所,国防军工,,2000只样本池,中证全指+申万一级分层抽样,按行业权重代表性与流动性先验纳入,,L8X上游地基；行业代表性验证；后续指标扩面目标
2000只样本股票池,sh600685,600685.SH,中船防务,上交所,国防军工,,2000只样本池,中证全指+申万一级分层抽样,按行业权重代表性与流动性先验纳入,,L8X上游地基；行业代表性验证；后续指标扩面目标
2000只样本股票池,sh600562,600562.SH,国睿科技,上交所,国防军工,,2000只样本池,中证全指+申万一级分层抽样,按行业权重代表性与流动性先验纳入,,L8X上游地基；行业代表性验证；后续指标扩面目标
2000只样本股票池,sh600132,600132.SH,重庆啤酒,上交所,食品饮料,,2000只样本池,中证全指+申万一级分层抽样,按行业权重代表性与流动性先验纳入,,L8X上游地基；行业代表性验证；后续指标扩面目标
2000只样本股票池,sh600282,600282.SH,南钢股份,上交所,钢铁,,2000只样本池,中证全指+申万一级分层抽样,按行业权重代表性与流动性先验纳入,,L8X上游地基；行业代表性验证；后续指标扩面目标
2000只样本股票池,sz002948,002948.SZ,青岛银行,深交所,银行,,2000只样本池,中证全指+申万一级分层抽样,按行业权重代表性与流动性先验纳入,,L8X上游地基；行业代表性验证；后续指标扩面目标
2000只样本股票池,sz002031,002031.SZ,巨轮智能,深交所,机械设备,,2000只样本池,中证全指+申万一级分层抽样,按行业权重代表性与流动性先验纳入,,L8X上游地基；行业代表性验证；后续指标扩面目标
2000只样本股票池,sh688187,688187.SH,时代电气,上交所,机械设备,,2000只样本池,中证全指+申万一级分层抽样,按行业权重代表性与流动性先验纳入,,L8X上游地基；行业代表性验证；后续指标扩面目标
2000只样本股票池,sz002865,002865.SZ,钧达股份,深交所,电力设备,,2000只样本池,中证全指+申万一级分层抽样,按行业权重代表性与流动性先验纳入,,L8X上游地基；行业代表性验证；后续指标扩面目标
2000只样本股票池,sz300827,300827.SZ,上能电气,深交所,电力设备,,2000只样本池,中证全指+申万一级分层抽样,按行业权重代表性与流动性先验纳入,,L8X上游地基；行业代表性验证；后续指标扩面目标
2000只样本股票池,sh688116,688116.SH,天奈科技,上交所,电力设备,,2000只样本池,中证全指+申万一级分层抽样,按行业权重代表性与流动性先验纳入,,L8X上游地基；行业代表性验证；后续指标扩面目标
2000只样本股票池,sh603737,603737.SH,三棵树,上交所,建筑材料,,2000只样本池,中证全指+申万一级分层抽样,按行业权重代表性与流动性先验纳入,,L8X上游地基；行业代表性验证；后续指标扩面目标
2000只样本股票池,sz002636,002636.SZ,金安国纪,深交所,电子,,2000只样本池,中证全指+申万一级分层抽样,按行业权重代表性与流动性先验纳入,,L8X上游地基；行业代表性验证；后续指标扩面目标
2000只样本股票池,sz300303,300303.SZ,聚飞光电,深交所,电子,,2000只样本池,中证全指+申万一级分层抽样,按行业权重代表性与流动性先验纳入,,L8X上游地基；行业代表性验证；后续指标扩面目标
2000只样本股票池,sh688146,688146.SH,中船特气,上交所,电子,,2000只样本池,中证全指+申万一级分层抽样,按行业权重代表性与流动性先验纳入,,L8X上游地基；行业代表性验证；后续指标扩面目标
2000只样本股票池,sh688800,688800.SH,瑞可达,上交所,电子,,2000只样本池,中证全指+申万一级分层抽样,按行业权重代表性与流动性先验纳入,,L8X上游地基；行业代表性验证；后续指标扩面目标
2000只样本股票池,sz002426,002426.SZ,胜利精密,深交所,电子,,2000只样本池,中证全指+申万一级分层抽样,按行业权重代表性与流动性先验纳入,,L8X上游地基；行业代表性验证；后续指标扩面目标
2000只样本股票池,sz000833,000833.SZ,粤桂股份,深交所,综合,,2000只样本池,中证全指+申万一级分层抽样,按行业权重代表性与流动性先验纳入,,L8X上游地基；行业代表性验证；后续指标扩面目标
2000只样本股票池,sz300765,300765.SZ,新诺威,深交所,医药生物,,2000只样本池,中证全指+申万一级分层抽样,按行业权重代表性与流动性先验纳入,,L8X上游地基；行业代表性验证；后续指标扩面目标
2000只样本股票池,sh688114,688114.SH,华大智造,上交所,医药生物,,2000只样本池,中证全指+申万一级分层抽样,按行业权重代表性与流动性先验纳入,,L8X上游地基；行业代表性验证；后续指标扩面目标
2000只样本股票池,sh600998,600998.SH,九州通,上交所,医药生物,,2000只样本池,中证全指+申万一级分层抽样,按行业权重代表性与流动性先验纳入,,L8X上游地基；行业代表性验证；后续指标扩面目标
2000只样本股票池,sz002048,002048.SZ,宁波华翔,深交所,汽车,,2000只样本池,中证全指+申万一级分层抽样,按行业权重代表性与流动性先验纳入,,L8X上游地基；行业代表性验证；后续指标扩面目标
2000只样本股票池,sz000951,000951.SZ,中国重汽,深交所,汽车,,2000只样本池,中证全指+申万一级分层抽样,按行业权重代表性与流动性先验纳入,,L8X上游地基；行业代表性验证；后续指标扩面目标
2000只样本股票池,sh600820,600820.SH,隧道股份,上交所,建筑装饰,,2000只样本池,中证全指+申万一级分层抽样,按行业权重代表性与流动性先验纳入,,L8X上游地基；行业代表性验证；后续指标扩面目标
2000只样本股票池,sh600301,600301.SH,华锡有色,上交所,有色金属,,2000只样本池,中证全指+申万一级分层抽样,按行业权重代表性与流动性先验纳入,,L8X上游地基；行业代表性验证；后续指标扩面目标
2000只样本股票池,sz000612,000612.SZ,焦作万方,深交所,有色金属,,2000只样本池,中证全指+申万一级分层抽样,按行业权重代表性与流动性先验纳入,,L8X上游地基；行业代表性验证；后续指标扩面目标
2000只样本股票池,sh600490,600490.SH,鹏欣资源,上交所,有色金属,,2000只样本池,中证全指+申万一级分层抽样,按行业权重代表性与流动性先验纳入,,L8X上游地基；行业代表性验证；后续指标扩面目标
2000只样本股票池,sz002092,002092.SZ,中泰化学,深交所,基础化工,,2000只样本池,中证全指+申万一级分层抽样,按行业权重代表性与流动性先验纳入,,L8X上游地基；行业代表性验证；后续指标扩面目标
2000只样本股票池,sz002539,002539.SZ,云图控股,深交所,基础化工,,2000只样本池,中证全指+申万一级分层抽样,按行业权重代表性与流动性先验纳入,,L8X上游地基；行业代表性验证；后续指标扩面目标
2000只样本股票池,sz002607,002607.SZ,中公教育,深交所,社会服务,,2000只样本池,中证全指+申万一级分层抽样,按行业权重代表性与流动性先验纳入,,L8X上游地基；行业代表性验证；后续指标扩面目标
2000只样本股票池,sz300777,300777.SZ,中简科技,深交所,国防军工,,2000只样本池,中证全指+申万一级分层抽样,按行业权重代表性与流动性先验纳入,,L8X上游地基；行业代表性验证；后续指标扩面目标
2000只样本股票池,sh600038,600038.SH,中直股份,上交所,国防军工,,2000只样本池,中证全指+申万一级分层抽样,按行业权重代表性与流动性先验纳入,,L8X上游地基；行业代表性验证；后续指标扩面目标
2000只样本股票池,sh600872,600872.SH,中炬高新,上交所,食品饮料,,2000只样本池,中证全指+申万一级分层抽样,按行业权重代表性与流动性先验纳入,,L8X上游地基；行业代表性验证；后续指标扩面目标
2000只样本股票池,sh601666,601666.SH,平煤股份,上交所,煤炭,,2000只样本池,中证全指+申万一级分层抽样,按行业权重代表性与流动性先验纳入,,L8X上游地基；行业代表性验证；后续指标扩面目标
2000只样本股票池,sz301018,301018.SZ,申菱环境,深交所,机械设备,,2000只样本池,中证全指+申万一级分层抽样,按行业权重代表性与流动性先验纳入,,L8X上游地基；行业代表性验证；后续指标扩面目标
2000只样本股票池,sz300747,300747.SZ,锐科激光,深交所,机械设备,,2000只样本池,中证全指+申万一级分层抽样,按行业权重代表性与流动性先验纳入,,L8X上游地基；行业代表性验证；后续指标扩面目标
2000只样本股票池,sz300257,300257.SZ,开山股份,深交所,机械设备,,2000只样本池,中证全指+申万一级分层抽样,按行业权重代表性与流动性先验纳入,,L8X上游地基；行业代表性验证；后续指标扩面目标
2000只样本股票池,sz300201,300201.SZ,海伦哲,深交所,机械设备,,2000只样本池,中证全指+申万一级分层抽样,按行业权重代表性与流动性先验纳入,,L8X上游地基；行业代表性验证；后续指标扩面目标
2000只样本股票池,sh601399,601399.SH,国机重装,上交所,机械设备,,2000只样本池,中证全指+申万一级分层抽样,按行业权重代表性与流动性先验纳入,,L8X上游地基；行业代表性验证；后续指标扩面目标
2000只样本股票池,sh603728,603728.SH,鸣志电器,上交所,电力设备,,2000只样本池,中证全指+申万一级分层抽样,按行业权重代表性与流动性先验纳入,,L8X上游地基；行业代表性验证；后续指标扩面目标
2000只样本股票池,sh688779,688779.SH,五矿新能,上交所,电力设备,,2000只样本池,中证全指+申万一级分层抽样,按行业权重代表性与流动性先验纳入,,L8X上游地基；行业代表性验证；后续指标扩面目标
2000只样本股票池,sz300850,300850.SZ,新强联,深交所,电力设备,,2000只样本池,中证全指+申万一级分层抽样,按行业权重代表性与流动性先验纳入,,L8X上游地基；行业代表性验证；后续指标扩面目标
2000只样本股票池,sz300593,300593.SZ,新雷能,深交所,电力设备,,2000只样本池,中证全指+申万一级分层抽样,按行业权重代表性与流动性先验纳入,,L8X上游地基；行业代表性验证；后续指标扩面目标
2000只样本股票池,sh600072,600072.SH,中船科技,上交所,电力设备,,2000只样本池,中证全指+申万一级分层抽样,按行业权重代表性与流动性先验纳入,,L8X上游地基；行业代表性验证；后续指标扩面目标
2000只样本股票池,sh603601,603601.SH,再升科技,上交所,建筑材料,,2000只样本池,中证全指+申万一级分层抽样,按行业权重代表性与流动性先验纳入,,L8X上游地基；行业代表性验证；后续指标扩面目标
2000只样本股票池,sh601118,601118.SH,海南橡胶,上交所,农林牧渔,,2000只样本池,中证全指+申万一级分层抽样,按行业权重代表性与流动性先验纳入,,L8X上游地基；行业代表性验证；后续指标扩面目标
2000只样本股票池,sh603290,603290.SH,斯达半导,上交所,电子,,2000只样本池,中证全指+申万一级分层抽样,按行业权重代表性与流动性先验纳入,,L8X上游地基；行业代表性验证；后续指标扩面目标
2000只样本股票池,sh688172,688172.SH,燕东微,上交所,电子,,2000只样本池,中证全指+申万一级分层抽样,按行业权重代表性与流动性先验纳入,,L8X上游地基；行业代表性验证；后续指标扩面目标
2000只样本股票池,sh688652,688652.SH,京仪装备,上交所,电子,,2000只样本池,中证全指+申万一级分层抽样,按行业权重代表性与流动性先验纳入,,L8X上游地基；行业代表性验证；后续指标扩面目标
2000只样本股票池,sh688538,688538.SH,和辉光电,上交所,电子,,2000只样本池,中证全指+申万一级分层抽样,按行业权重代表性与流动性先验纳入,,L8X上游地基；行业代表性验证；后续指标扩面目标
2000只样本股票池,sh600821,600821.SH,金开新能,上交所,公用事业,,2000只样本池,中证全指+申万一级分层抽样,按行业权重代表性与流动性先验纳入,,L8X上游地基；行业代表性验证；后续指标扩面目标
2000只样本股票池,sz002317,002317.SZ,众生药业,深交所,医药生物,,2000只样本池,中证全指+申万一级分层抽样,按行业权重代表性与流动性先验纳入,,L8X上游地基；行业代表性验证；后续指标扩面目标
2000只样本股票池,sz300573,300573.SZ,兴齐眼药,深交所,医药生物,,2000只样本池,中证全指+申万一级分层抽样,按行业权重代表性与流动性先验纳入,,L8X上游地基；行业代表性验证；后续指标扩面目标
2000只样本股票池,sh603301,603301.SH,振德医疗,上交所,医药生物,,2000只样本池,中证全指+申万一级分层抽样,按行业权重代表性与流动性先验纳入,,L8X上游地基；行业代表性验证；后续指标扩面目标
2000只样本股票池,sh600529,600529.SH,山东药玻,上交所,医药生物,,2000只样本池,中证全指+申万一级分层抽样,按行业权重代表性与流动性先验纳入,,L8X上游地基；行业代表性验证；后续指标扩面目标
2000只样本股票池,sh600380,600380.SH,健康元,上交所,医药生物,,2000只样本池,中证全指+申万一级分层抽样,按行业权重代表性与流动性先验纳入,,L8X上游地基；行业代表性验证；后续指标扩面目标
2000只样本股票池,sh600970,600970.SH,中材国际,上交所,建筑装饰,,2000只样本池,中证全指+申万一级分层抽样,按行业权重代表性与流动性先验纳入,,L8X上游地基；行业代表性验证；后续指标扩面目标
2000只样本股票池,sz301316,301316.SZ,慧博云通,深交所,计算机,,2000只样本池,中证全指+申万一级分层抽样,按行业权重代表性与流动性先验纳入,,L8X上游地基；行业代表性验证；后续指标扩面目标
2000只样本股票池,sz300229,300229.SZ,拓尔思,深交所,计算机,,2000只样本池,中证全指+申万一级分层抽样,按行业权重代表性与流动性先验纳入,,L8X上游地基；行业代表性验证；后续指标扩面目标
2000只样本股票池,sz300468,300468.SZ,四方精创,深交所,计算机,,2000只样本池,中证全指+申万一级分层抽样,按行业权重代表性与流动性先验纳入,,L8X上游地基；行业代表性验证；后续指标扩面目标
2000只样本股票池,sh601519,601519.SH,大智慧,上交所,计算机,,2000只样本池,中证全指+申万一级分层抽样,按行业权重代表性与流动性先验纳入,,L8X上游地基；行业代表性验证；后续指标扩面目标
2000只样本股票池,sh603619,603619.SH,中曼石油,上交所,石油石化,,2000只样本池,中证全指+申万一级分层抽样,按行业权重代表性与流动性先验纳入,,L8X上游地基；行业代表性验证；后续指标扩面目标
2000只样本股票池,sh600531,600531.SH,豫光金铅,上交所,有色金属,,2000只样本池,中证全指+申万一级分层抽样,按行业权重代表性与流动性先验纳入,,L8X上游地基；行业代表性验证；后续指标扩面目标
2000只样本股票池,sz002396,002396.SZ,星网锐捷,深交所,通信,,2000只样本池,中证全指+申万一级分层抽样,按行业权重代表性与流动性先验纳入,,L8X上游地基；行业代表性验证；后续指标扩面目标
2000只样本股票池,sh601880,601880.SH,辽港股份,上交所,交通运输,,2000只样本池,中证全指+申万一级分层抽样,按行业权重代表性与流动性先验纳入,,L8X上游地基；行业代表性验证；后续指标扩面目标
2000只样本股票池,sz300113,300113.SZ,顺网科技,深交所,传媒,,2000只样本池,中证全指+申万一级分层抽样,按行业权重代表性与流动性先验纳入,,L8X上游地基；行业代表性验证；后续指标扩面目标
2000只样本股票池,sz000917,000917.SZ,电广传媒,深交所,传媒,,2000只样本池,中证全指+申万一级分层抽样,按行业权重代表性与流动性先验纳入,,L8X上游地基；行业代表性验证；后续指标扩面目标
2000只样本股票池,sz000686,000686.SZ,东北证券,深交所,非银金融,,2000只样本池,中证全指+申万一级分层抽样,按行业权重代表性与流动性先验纳入,,L8X上游地基；行业代表性验证；后续指标扩面目标
2000只样本股票池,sz002500,002500.SZ,山西证券,深交所,非银金融,,2000只样本池,中证全指+申万一级分层抽样,按行业权重代表性与流动性先验纳入,,L8X上游地基；行业代表性验证；后续指标扩面目标
2000只样本股票池,sz002290,002290.SZ,禾盛新材,深交所,家用电器,,2000只样本池,中证全指+申万一级分层抽样,按行业权重代表性与流动性先验纳入,,L8X上游地基；行业代表性验证；后续指标扩面目标
2000只样本股票池,sz002312,002312.SZ,川发龙蟒,深交所,基础化工,,2000只样本池,中证全指+申万一级分层抽样,按行业权重代表性与流动性先验纳入,,L8X上游地基；行业代表性验证；后续指标扩面目标
2000只样本股票池,sz002145,002145.SZ,钛能化学,深交所,基础化工,,2000只样本池,中证全指+申万一级分层抽样,按行业权重代表性与流动性先验纳入,,L8X上游地基；行业代表性验证；后续指标扩面目标
2000只样本股票池,sz300144,300144.SZ,宋城演艺,深交所,社会服务,,2000只样本池,中证全指+申万一级分层抽样,按行业权重代表性与流动性先验纳入,,L8X上游地基；行业代表性验证；后续指标扩面目标
2000只样本股票池,sh688297,688297.SH,中无人机,上交所,国防军工,,2000只样本池,中证全指+申万一级分层抽样,按行业权重代表性与流动性先验纳入,,L8X上游地基；行业代表性验证；后续指标扩面目标
2000只样本股票池,sh600967,600967.SH,内蒙一机,上交所,国防军工,,2000只样本池,中证全指+申万一级分层抽样,按行业权重代表性与流动性先验纳入,,L8X上游地基；行业代表性验证；后续指标扩面目标
2000只样本股票池,sz002969,002969.SZ,嘉美包装,深交所,轻工制造,,2000只样本池,中证全指+申万一级分层抽样,按行业权重代表性与流动性先验纳入,,L8X上游地基；行业代表性验证；后续指标扩面目标
2000只样本股票池,sh603195,603195.SH,公牛集团,上交所,轻工制造,,2000只样本池,中证全指+申万一级分层抽样,按行业权重代表性与流动性先验纳入,,L8X上游地基；行业代表性验证；后续指标扩面目标
2000只样本股票池,sz002244,002244.SZ,滨江集团,深交所,房地产,,2000只样本池,中证全指+申万一级分层抽样,按行业权重代表性与流动性先验纳入,,L8X上游地基；行业代表性验证；后续指标扩面目标
2000只样本股票池,sz300503,300503.SZ,昊志机电,深交所,机械设备,,2000只样本池,中证全指+申万一级分层抽样,按行业权重代表性与流动性先验纳入,,L8X上游地基；行业代表性验证；后续指标扩面目标
2000只样本股票池,sz300499,300499.SZ,高澜股份,深交所,机械设备,,2000只样本池,中证全指+申万一级分层抽样,按行业权重代表性与流动性先验纳入,,L8X上游地基；行业代表性验证；后续指标扩面目标
2000只样本股票池,sz002747,002747.SZ,埃斯顿,深交所,机械设备,,2000只样本池,中证全指+申万一级分层抽样,按行业权重代表性与流动性先验纳入,,L8X上游地基；行业代表性验证；后续指标扩面目标
2000只样本股票池,sz301200,301200.SZ,大族数控,深交所,机械设备,,2000只样本池,中证全指+申万一级分层抽样,按行业权重代表性与流动性先验纳入,,L8X上游地基；行业代表性验证；后续指标扩面目标
2000只样本股票池,sh688559,688559.SH,海目星,上交所,机械设备,,2000只样本池,中证全指+申万一级分层抽样,按行业权重代表性与流动性先验纳入,,L8X上游地基；行业代表性验证；后续指标扩面目标
2000只样本股票池,sz002498,002498.SZ,汉缆股份,深交所,电力设备,,2000只样本池,中证全指+申万一级分层抽样,按行业权重代表性与流动性先验纳入,,L8X上游地基；行业代表性验证；后续指标扩面目标
2000只样本股票池,sz300693,300693.SZ,盛弘股份,深交所,电力设备,,2000只样本池,中证全指+申万一级分层抽样,按行业权重代表性与流动性先验纳入,,L8X上游地基；行业代表性验证；后续指标扩面目标
2000只样本股票池,sh688275,688275.SH,万润新能,上交所,电力设备,,2000只样本池,中证全指+申万一级分层抽样,按行业权重代表性与流动性先验纳入,,L8X上游地基；行业代表性验证；后续指标扩面目标
2000只样本股票池,sz300005,300005.SZ,探路者,深交所,纺织服饰,,2000只样本池,中证全指+申万一级分层抽样,按行业权重代表性与流动性先验纳入,,L8X上游地基；行业代表性验证；后续指标扩面目标
2000只样本股票池,sh600598,600598.SH,北大荒,上交所,农林牧渔,,2000只样本池,中证全指+申万一级分层抽样,按行业权重代表性与流动性先验纳入,,L8X上游地基；行业代表性验证；后续指标扩面目标
2000只样本股票池,sz002299,002299.SZ,圣农发展,深交所,农林牧渔,,2000只样本池,中证全指+申万一级分层抽样,按行业权重代表性与流动性先验纳入,,L8X上游地基；行业代表性验证；后续指标扩面目标
2000只样本股票池,sh600707,600707.SH,彩虹股份,上交所,电子,,2000只样本池,中证全指+申万一级分层抽样,按行业权重代表性与流动性先验纳入,,L8X上游地基；行业代表性验证；后续指标扩面目标
2000只样本股票池,sh600666,600666.SH,奥瑞德,上交所,电子,,2000只样本池,中证全指+申万一级分层抽样,按行业权重代表性与流动性先验纳入,,L8X上游地基；行业代表性验证；后续指标扩面目标
2000只样本股票池,sh603738,603738.SH,泰晶科技,上交所,电子,,2000只样本池,中证全指+申万一级分层抽样,按行业权重代表性与流动性先验纳入,,L8X上游地基；行业代表性验证；后续指标扩面目标
2000只样本股票池,sh600552,600552.SH,凯盛科技,上交所,电子,,2000只样本池,中证全指+申万一级分层抽样,按行业权重代表性与流动性先验纳入,,L8X上游地基；行业代表性验证；后续指标扩面目标
2000只样本股票池,sz002922,002922.SZ,伊戈尔,深交所,电子,,2000只样本池,中证全指+申万一级分层抽样,按行业权重代表性与流动性先验纳入,,L8X上游地基；行业代表性验证；后续指标扩面目标
2000只样本股票池,sh688484,688484.SH,南芯科技,上交所,电子,,2000只样本池,中证全指+申万一级分层抽样,按行业权重代表性与流动性先验纳入,,L8X上游地基；行业代表性验证；后续指标扩面目标
2000只样本股票池,sh600877,600877.SH,电科芯片,上交所,电子,,2000只样本池,中证全指+申万一级分层抽样,按行业权重代表性与流动性先验纳入,,L8X上游地基；行业代表性验证；后续指标扩面目标
2000只样本股票池,sz000690,000690.SZ,宝新能源,深交所,公用事业,,2000只样本池,中证全指+申万一级分层抽样,按行业权重代表性与流动性先验纳入,,L8X上游地基；行业代表性验证；后续指标扩面目标
2000只样本股票池,sz300676,300676.SZ,华大基因,深交所,医药生物,,2000只样本池,中证全指+申万一级分层抽样,按行业权重代表性与流动性先验纳入,,L8X上游地基；行业代表性验证；后续指标扩面目标
2000只样本股票池,sz000513,000513.SZ,丽珠集团,深交所,医药生物,,2000只样本池,中证全指+申万一级分层抽样,按行业权重代表性与流动性先验纳入,,L8X上游地基；行业代表性验证；后续指标扩面目标
2000只样本股票池,sh600329,600329.SH,达仁堂,上交所,医药生物,,2000只样本池,中证全指+申万一级分层抽样,按行业权重代表性与流动性先验纳入,,L8X上游地基；行业代表性验证；后续指标扩面目标
2000只样本股票池,sz000628,000628.SZ,高新发展,深交所,建筑装饰,,2000只样本池,中证全指+申万一级分层抽样,按行业权重代表性与流动性先验纳入,,L8X上游地基；行业代表性验证；后续指标扩面目标
2000只样本股票池,sz300766,300766.SZ,每日互动,深交所,计算机,,2000只样本池,中证全指+申万一级分层抽样,按行业权重代表性与流动性先验纳入,,L8X上游地基；行业代表性验证；后续指标扩面目标
2000只样本股票池,sh600728,600728.SH,佳都科技,上交所,计算机,,2000只样本池,中证全指+申万一级分层抽样,按行业权重代表性与流动性先验纳入,,L8X上游地基；行业代表性验证；后续指标扩面目标
2000只样本股票池,sz000970,000970.SZ,中科三环,深交所,有色金属,,2000只样本池,中证全指+申万一级分层抽样,按行业权重代表性与流动性先验纳入,,L8X上游地基；行业代表性验证；后续指标扩面目标
2000只样本股票池,sz000070,000070.SZ,特发信息,深交所,通信,,2000只样本池,中证全指+申万一级分层抽样,按行业权重代表性与流动性先验纳入,,L8X上游地基；行业代表性验证；后续指标扩面目标
2000只样本股票池,sz002491,002491.SZ,通鼎互联,深交所,通信,,2000只样本池,中证全指+申万一级分层抽样,按行业权重代表性与流动性先验纳入,,L8X上游地基；行业代表性验证；后续指标扩面目标
2000只样本股票池,sz002115,002115.SZ,三维通信,深交所,通信,,2000只样本池,中证全指+申万一级分层抽样,按行业权重代表性与流动性先验纳入,,L8X上游地基；行业代表性验证；后续指标扩面目标
2000只样本股票池,sz300353,300353.SZ,东土科技,深交所,通信,,2000只样本池,中证全指+申万一级分层抽样,按行业权重代表性与流动性先验纳入,,L8X上游地基；行业代表性验证；后续指标扩面目标
2000只样本股票池,sz000582,000582.SZ,北部湾港,深交所,交通运输,,2000只样本池,中证全指+申万一级分层抽样,按行业权重代表性与流动性先验纳入,,L8X上游地基；行业代表性验证；后续指标扩面目标
2000只样本股票池,sh600428,600428.SH,中远海特,上交所,交通运输,,2000只样本池,中证全指+申万一级分层抽样,按行业权重代表性与流动性先验纳入,,L8X上游地基；行业代表性验证；后续指标扩面目标
2000只样本股票池,sz002120,002120.SZ,韵达股份,深交所,交通运输,,2000只样本池,中证全指+申万一级分层抽样,按行业权重代表性与流动性先验纳入,,L8X上游地基；行业代表性验证；后续指标扩面目标
2000只样本股票池,sz300133,300133.SZ,华策影视,深交所,传媒,,2000只样本池,中证全指+申万一级分层抽样,按行业权重代表性与流动性先验纳入,,L8X上游地基；行业代表性验证；后续指标扩面目标
2000只样本股票池,sh600816,600816.SH,建元信托,上交所,非银金融,,2000只样本池,中证全指+申万一级分层抽样,按行业权重代表性与流动性先验纳入,,L8X上游地基；行业代表性验证；后续指标扩面目标
2000只样本股票池,sh600120,600120.SH,浙江东方,上交所,非银金融,,2000只样本池,中证全指+申万一级分层抽样,按行业权重代表性与流动性先验纳入,,L8X上游地基；行业代表性验证；后续指标扩面目标
2000只样本股票池,sh600390,600390.SH,五矿资本,上交所,非银金融,,2000只样本池,中证全指+申万一级分层抽样,按行业权重代表性与流动性先验纳入,,L8X上游地基；行业代表性验证；后续指标扩面目标
2000只样本股票池,sz002250,002250.SZ,联化科技,深交所,基础化工,,2000只样本池,中证全指+申万一级分层抽样,按行业权重代表性与流动性先验纳入,,L8X上游地基；行业代表性验证；后续指标扩面目标
2000只样本股票池,sh600596,600596.SH,新安股份,上交所,基础化工,,2000只样本池,中证全指+申万一级分层抽样,按行业权重代表性与流动性先验纳入,,L8X上游地基；行业代表性验证；后续指标扩面目标
2000只样本股票池,sh600754,600754.SH,锦江酒店,上交所,社会服务,,2000只样本池,中证全指+申万一级分层抽样,按行业权重代表性与流动性先验纳入,,L8X上游地基；行业代表性验证；后续指标扩面目标
2000只样本股票池,sz300775,300775.SZ,三角防务,深交所,国防军工,,2000只样本池,中证全指+申万一级分层抽样,按行业权重代表性与流动性先验纳入,,L8X上游地基；行业代表性验证；后续指标扩面目标
2000只样本股票池,sz300045,300045.SZ,华力创通,深交所,国防军工,,2000只样本池,中证全指+申万一级分层抽样,按行业权重代表性与流动性先验纳入,,L8X上游地基；行业代表性验证；后续指标扩面目标
2000只样本股票池,sh600126,600126.SH,杭钢股份,上交所,钢铁,,2000只样本池,中证全指+申万一级分层抽样,按行业权重代表性与流动性先验纳入,,L8X上游地基；行业代表性验证；后续指标扩面目标
2000只样本股票池,sz002807,002807.SZ,江阴银行,深交所,银行,,2000只样本池,中证全指+申万一级分层抽样,按行业权重代表性与流动性先验纳入,,L8X上游地基；行业代表性验证；后续指标扩面目标
2000只样本股票池,sz300007,300007.SZ,汉威科技,深交所,机械设备,,2000只样本池,中证全指+申万一级分层抽样,按行业权重代表性与流动性先验纳入,,L8X上游地基；行业代表性验证；后续指标扩面目标
2000只样本股票池,sz002639,002639.SZ,雪人集团,深交所,机械设备,,2000只样本池,中证全指+申万一级分层抽样,按行业权重代表性与流动性先验纳入,,L8X上游地基；行业代表性验证；后续指标扩面目标
2000只样本股票池,sh688700,688700.SH,东威科技,上交所,机械设备,,2000只样本池,中证全指+申万一级分层抽样,按行业权重代表性与流动性先验纳入,,L8X上游地基；行业代表性验证；后续指标扩面目标
2000只样本股票池,sh600761,600761.SH,安徽合力,上交所,机械设备,,2000只样本池,中证全指+申万一级分层抽样,按行业权重代表性与流动性先验纳入,,L8X上游地基；行业代表性验证；后续指标扩面目标
2000只样本股票池,sz301029,301029.SZ,怡合达,深交所,机械设备,,2000只样本池,中证全指+申万一级分层抽样,按行业权重代表性与流动性先验纳入,,L8X上游地基；行业代表性验证；后续指标扩面目标
2000只样本股票池,sh601608,601608.SH,中信重工,上交所,机械设备,,2000只样本池,中证全指+申万一级分层抽样,按行业权重代表性与流动性先验纳入,,L8X上游地基；行业代表性验证；后续指标扩面目标
2000只样本股票池,sh600320,600320.SH,振华重工,上交所,机械设备,,2000只样本池,中证全指+申万一级分层抽样,按行业权重代表性与流动性先验纳入,,L8X上游地基；行业代表性验证；后续指标扩面目标
2000只样本股票池,sh603906,603906.SH,龙蟠科技,上交所,电力设备,,2000只样本池,中证全指+申万一级分层抽样,按行业权重代表性与流动性先验纳入,,L8X上游地基；行业代表性验证；后续指标扩面目标
2000只样本股票池,sz301291,301291.SZ,明阳电气,深交所,电力设备,,2000只样本池,中证全指+申万一级分层抽样,按行业权重代表性与流动性先验纳入,,L8X上游地基；行业代表性验证；后续指标扩面目标
2000只样本股票池,sz002518,002518.SZ,科士达,深交所,电力设备,,2000只样本池,中证全指+申万一级分层抽样,按行业权重代表性与流动性先验纳入,,L8X上游地基；行业代表性验证；后续指标扩面目标
2000只样本股票池,sh688147,688147.SH,微导纳米,上交所,电力设备,,2000只样本池,中证全指+申万一级分层抽样,按行业权重代表性与流动性先验纳入,,L8X上游地基；行业代表性验证；后续指标扩面目标
2000只样本股票池,sh688772,688772.SH,珠海冠宇,上交所,电力设备,,2000只样本池,中证全指+申万一级分层抽样,按行业权重代表性与流动性先验纳入,,L8X上游地基；行业代表性验证；后续指标扩面目标
2000只样本股票池,sz300457,300457.SZ,赢合科技,深交所,电力设备,,2000只样本池,中证全指+申万一级分层抽样,按行业权重代表性与流动性先验纳入,,L8X上游地基；行业代表性验证；后续指标扩面目标
2000只样本股票池,sz002531,002531.SZ,天顺风能,深交所,电力设备,,2000只样本池,中证全指+申万一级分层抽样,按行业权重代表性与流动性先验纳入,,L8X上游地基；行业代表性验证；后续指标扩面目标
2000只样本股票池,sh600416,600416.SH,湘电股份,上交所,电力设备,,2000只样本池,中证全指+申万一级分层抽样,按行业权重代表性与流动性先验纳入,,L8X上游地基；行业代表性验证；后续指标扩面目标
2000只样本股票池,sz002366,002366.SZ,融发核电,深交所,电力设备,,2000只样本池,中证全指+申万一级分层抽样,按行业权重代表性与流动性先验纳入,,L8X上游地基；行业代表性验证；后续指标扩面目标
2000只样本股票池,sz002217,002217.SZ,合力泰,深交所,电子,,2000只样本池,中证全指+申万一级分层抽样,按行业权重代表性与流动性先验纳入,,L8X上游地基；行业代表性验证；后续指标扩面目标
2000只样本股票池,sh603773,603773.SH,沃格光电,上交所,电子,,2000只样本池,中证全指+申万一级分层抽样,按行业权重代表性与流动性先验纳入,,L8X上游地基；行业代表性验证；后续指标扩面目标
2000只样本股票池,sz002655,002655.SZ,共达电声,深交所,电子,,2000只样本池,中证全指+申万一级分层抽样,按行业权重代表性与流动性先验纳入,,L8X上游地基；行业代表性验证；后续指标扩面目标
2000只样本股票池,sh688106,688106.SH,金宏气体,上交所,电子,,2000只样本池,中证全指+申万一级分层抽样,按行业权重代表性与流动性先验纳入,,L8X上游地基；行业代表性验证；后续指标扩面目标
2000只样本股票池,sh688268,688268.SH,华特气体,上交所,电子,,2000只样本池,中证全指+申万一级分层抽样,按行业权重代表性与流动性先验纳入,,L8X上游地基；行业代表性验证；后续指标扩面目标
2000只样本股票池,sh603626,603626.SH,科森科技,上交所,电子,,2000只样本池,中证全指+申万一级分层抽样,按行业权重代表性与流动性先验纳入,,L8X上游地基；行业代表性验证；后续指标扩面目标
2000只样本股票池,sh688403,688403.SH,汇成股份,上交所,电子,,2000只样本池,中证全指+申万一级分层抽样,按行业权重代表性与流动性先验纳入,,L8X上游地基；行业代表性验证；后续指标扩面目标
2000只样本股票池,sz301489,301489.SZ,思泉新材,深交所,电子,,2000只样本池,中证全指+申万一级分层抽样,按行业权重代表性与流动性先验纳入,,L8X上游地基；行业代表性验证；后续指标扩面目标
2000只样本股票池,sz300322,300322.SZ,硕贝德,深交所,电子,,2000只样本池,中证全指+申万一级分层抽样,按行业权重代表性与流动性先验纳入,,L8X上游地基；行业代表性验证；后续指标扩面目标
2000只样本股票池,sz002859,002859.SZ,洁美科技,深交所,电子,,2000只样本池,中证全指+申万一级分层抽样,按行业权重代表性与流动性先验纳入,,L8X上游地基；行业代表性验证；后续指标扩面目标
2000只样本股票池,sz000050,000050.SZ,深天马A,深交所,电子,,2000只样本池,中证全指+申万一级分层抽样,按行业权重代表性与流动性先验纳入,,L8X上游地基；行业代表性验证；后续指标扩面目标
2000只样本股票池,sh600226,600226.SH,亨通股份,上交所,公用事业,,2000只样本池,中证全指+申万一级分层抽样,按行业权重代表性与流动性先验纳入,,L8X上游地基；行业代表性验证；后续指标扩面目标
2000只样本股票池,sh600236,600236.SH,桂冠电力,上交所,公用事业,,2000只样本池,中证全指+申万一级分层抽样,按行业权重代表性与流动性先验纳入,,L8X上游地基；行业代表性验证；后续指标扩面目标
2000只样本股票池,sh600483,600483.SH,福能股份,上交所,公用事业,,2000只样本池,中证全指+申万一级分层抽样,按行业权重代表性与流动性先验纳入,,L8X上游地基；行业代表性验证；后续指标扩面目标
2000只样本股票池,sh603538,603538.SH,美诺华,上交所,医药生物,,2000只样本池,中证全指+申万一级分层抽样,按行业权重代表性与流动性先验纳入,,L8X上游地基；行业代表性验证；后续指标扩面目标
2000只样本股票池,sz300436,300436.SZ,广生堂,深交所,医药生物,,2000只样本池,中证全指+申万一级分层抽样,按行业权重代表性与流动性先验纳入,,L8X上游地基；行业代表性验证；后续指标扩面目标
2000只样本股票池,sh688382,688382.SH,益方生物,上交所,医药生物,,2000只样本池,中证全指+申万一级分层抽样,按行业权重代表性与流动性先验纳入,,L8X上游地基；行业代表性验证；后续指标扩面目标
2000只样本股票池,sh600867,600867.SH,通化东宝,上交所,医药生物,,2000只样本池,中证全指+申万一级分层抽样,按行业权重代表性与流动性先验纳入,,L8X上游地基；行业代表性验证；后续指标扩面目标
2000只样本股票池,sh688131,688131.SH,皓元医药,上交所,医药生物,,2000只样本池,中证全指+申万一级分层抽样,按行业权重代表性与流动性先验纳入,,L8X上游地基；行业代表性验证；后续指标扩面目标
2000只样本股票池,sh600535,600535.SH,天士力,上交所,医药生物,,2000只样本池,中证全指+申万一级分层抽样,按行业权重代表性与流动性先验纳入,,L8X上游地基；行业代表性验证；后续指标扩面目标
2000只样本股票池,sh600511,600511.SH,国药股份,上交所,医药生物,,2000只样本池,中证全指+申万一级分层抽样,按行业权重代表性与流动性先验纳入,,L8X上游地基；行业代表性验证；后续指标扩面目标
2000只样本股票池,sh600739,600739.SH,辽宁成大,上交所,医药生物,,2000只样本池,中证全指+申万一级分层抽样,按行业权重代表性与流动性先验纳入,,L8X上游地基；行业代表性验证；后续指标扩面目标
2000只样本股票池,sh603009,603009.SH,北特科技,上交所,汽车,,2000只样本池,中证全指+申万一级分层抽样,按行业权重代表性与流动性先验纳入,,L8X上游地基；行业代表性验证；后续指标扩面目标
2000只样本股票池,sh688031,688031.SH,星环科技,上交所,计算机,,2000只样本池,中证全指+申万一级分层抽样,按行业权重代表性与流动性先验纳入,,L8X上游地基；行业代表性验证；后续指标扩面目标
2000只样本股票池,sz300790,300790.SZ,宇瞳光学,深交所,计算机,,2000只样本池,中证全指+申万一级分层抽样,按行业权重代表性与流动性先验纳入,,L8X上游地基；行业代表性验证；后续指标扩面目标
2000只样本股票池,sz002439,002439.SZ,启明星辰,深交所,计算机,,2000只样本池,中证全指+申万一级分层抽样,按行业权重代表性与流动性先验纳入,,L8X上游地基；行业代表性验证；后续指标扩面目标
2000只样本股票池,sz300674,300674.SZ,宇信科技,深交所,计算机,,2000只样本池,中证全指+申万一级分层抽样,按行业权重代表性与流动性先验纳入,,L8X上游地基；行业代表性验证；后续指标扩面目标
2000只样本股票池,sz000035,000035.SZ,中国天楹,深交所,环保,,2000只样本池,中证全指+申万一级分层抽样,按行业权重代表性与流动性先验纳入,,L8X上游地基；行业代表性验证；后续指标扩面目标
2000只样本股票池,sh600871,600871.SH,石化油服,上交所,石油石化,,2000只样本池,中证全指+申万一级分层抽样,按行业权重代表性与流动性先验纳入,,L8X上游地基；行业代表性验证；后续指标扩面目标
2000只样本股票池,sz002182,002182.SZ,宝武镁业,深交所,有色金属,,2000只样本池,中证全指+申万一级分层抽样,按行业权重代表性与流动性先验纳入,,L8X上游地基；行业代表性验证；后续指标扩面目标
2000只样本股票池,sz002583,002583.SZ,海能达,深交所,通信,,2000只样本池,中证全指+申万一级分层抽样,按行业权重代表性与流动性先验纳入,,L8X上游地基；行业代表性验证；后续指标扩面目标
2000只样本股票池,sh601333,601333.SH,广深铁路,上交所,交通运输,,2000只样本池,中证全指+申万一级分层抽样,按行业权重代表性与流动性先验纳入,,L8X上游地基；行业代表性验证；后续指标扩面目标
2000只样本股票池,sh601375,601375.SH,中原证券,上交所,非银金融,,2000只样本池,中证全指+申万一级分层抽样,按行业权重代表性与流动性先验纳入,,L8X上游地基；行业代表性验证；后续指标扩面目标
2000只样本股票池,sz000921,000921.SZ,海信家电,深交所,家用电器,,2000只样本池,中证全指+申万一级分层抽样,按行业权重代表性与流动性先验纳入,,L8X上游地基；行业代表性验证；后续指标扩面目标
2000只样本股票池,sh601678,601678.SH,滨化股份,上交所,基础化工,,2000只样本池,中证全指+申万一级分层抽样,按行业权重代表性与流动性先验纳入,,L8X上游地基；行业代表性验证；后续指标扩面目标
2000只样本股票池,sz002297,002297.SZ,博云新材,深交所,国防军工,,2000只样本池,中证全指+申万一级分层抽样,按行业权重代表性与流动性先验纳入,,L8X上游地基；行业代表性验证；后续指标扩面目标
2000只样本股票池,sz300008,300008.SZ,天海防务,深交所,国防军工,,2000只样本池,中证全指+申万一级分层抽样,按行业权重代表性与流动性先验纳入,,L8X上游地基；行业代表性验证；后续指标扩面目标
2000只样本股票池,sz000778,000778.SZ,新兴铸管,深交所,钢铁,,2000只样本池,中证全指+申万一级分层抽样,按行业权重代表性与流动性先验纳入,,L8X上游地基；行业代表性验证；后续指标扩面目标
2000只样本股票池,sh601963,601963.SH,重庆银行,上交所,银行,,2000只样本池,中证全指+申万一级分层抽样,按行业权重代表性与流动性先验纳入,,L8X上游地基；行业代表性验证；后续指标扩面目标
2000只样本股票池,sh601528,601528.SH,瑞丰银行,上交所,银行,,2000只样本池,中证全指+申万一级分层抽样,按行业权重代表性与流动性先验纳入,,L8X上游地基；行业代表性验证；后续指标扩面目标
2000只样本股票池,sz002416,002416.SZ,爱施德,深交所,商贸零售,,2000只样本池,中证全指+申万一级分层抽样,按行业权重代表性与流动性先验纳入,,L8X上游地基；行业代表性验证；后续指标扩面目标
2000只样本股票池,sz002975,002975.SZ,博杰股份,深交所,机械设备,,2000只样本池,中证全指+申万一级分层抽样,按行业权重代表性与流动性先验纳入,,L8X上游地基；行业代表性验证；后续指标扩面目标
2000只样本股票池,sh688028,688028.SH,沃尔德,上交所,机械设备,,2000只样本池,中证全指+申万一级分层抽样,按行业权重代表性与流动性先验纳入,,L8X上游地基；行业代表性验证；后续指标扩面目标
2000只样本股票池,sz300260,300260.SZ,新莱应材,深交所,机械设备,,2000只样本池,中证全指+申万一级分层抽样,按行业权重代表性与流动性先验纳入,,L8X上游地基；行业代表性验证；后续指标扩面目标
2000只样本股票池,sh688097,688097.SH,博众精工,上交所,机械设备,,2000只样本池,中证全指+申万一级分层抽样,按行业权重代表性与流动性先验纳入,,L8X上游地基；行业代表性验证；后续指标扩面目标
2000只样本股票池,sz000680,000680.SZ,山推股份,深交所,机械设备,,2000只样本池,中证全指+申万一级分层抽样,按行业权重代表性与流动性先验纳入,,L8X上游地基；行业代表性验证；后续指标扩面目标
2000只样本股票池,sz300842,300842.SZ,帝科股份,深交所,电力设备,,2000只样本池,中证全指+申万一级分层抽样,按行业权重代表性与流动性先验纳入,,L8X上游地基；行业代表性验证；后续指标扩面目标
2000只样本股票池,sz002706,002706.SZ,良信股份,深交所,电力设备,,2000只样本池,中证全指+申万一级分层抽样,按行业权重代表性与流动性先验纳入,,L8X上游地基；行业代表性验证；后续指标扩面目标
2000只样本股票池,sz000682,000682.SZ,东方电子,深交所,电力设备,,2000只样本池,中证全指+申万一级分层抽样,按行业权重代表性与流动性先验纳入,,L8X上游地基；行业代表性验证；后续指标扩面目标
2000只样本股票池,sz002276,002276.SZ,万马股份,深交所,电力设备,,2000只样本池,中证全指+申万一级分层抽样,按行业权重代表性与流动性先验纳入,,L8X上游地基；行业代表性验证；后续指标扩面目标
2000只样本股票池,sh601865,601865.SH,福莱特,上交所,电力设备,,2000只样本池,中证全指+申万一级分层抽样,按行业权重代表性与流动性先验纳入,,L8X上游地基；行业代表性验证；后续指标扩面目标
2000只样本股票池,sh688567,688567.SH,孚能科技,上交所,电力设备,,2000只样本池,中证全指+申万一级分层抽样,按行业权重代表性与流动性先验纳入,,L8X上游地基；行业代表性验证；后续指标扩面目标
2000只样本股票池,sh600326,600326.SH,西藏天路,上交所,建筑材料,,2000只样本池,中证全指+申万一级分层抽样,按行业权重代表性与流动性先验纳入,,L8X上游地基；行业代表性验证；后续指标扩面目标
2000只样本股票池,sz000998,000998.SZ,隆平高科,深交所,农林牧渔,,2000只样本池,中证全指+申万一级分层抽样,按行业权重代表性与流动性先验纳入,,L8X上游地基；行业代表性验证；后续指标扩面目标
2000只样本股票池,sz300602,300602.SZ,飞荣达,深交所,电子,,2000只样本池,中证全指+申万一级分层抽样,按行业权重代表性与流动性先验纳入,,L8X上游地基；行业代表性验证；后续指标扩面目标
2000只样本股票池,sh688150,688150.SH,莱特光电,上交所,电子,,2000只样本池,中证全指+申万一级分层抽样,按行业权重代表性与流动性先验纳入,,L8X上游地基；行业代表性验证；后续指标扩面目标
2000只样本股票池,sh688262,688262.SH,国芯科技,上交所,电子,,2000只样本池,中证全指+申万一级分层抽样,按行业权重代表性与流动性先验纳入,,L8X上游地基；行业代表性验证；后续指标扩面目标
2000只样本股票池,sh688728,688728.SH,格科微,上交所,电子,,2000只样本池,中证全指+申万一级分层抽样,按行业权重代表性与流动性先验纳入,,L8X上游地基；行业代表性验证；后续指标扩面目标
2000只样本股票池,sh688582,688582.SH,芯动联科,上交所,电子,,2000只样本池,中证全指+申万一级分层抽样,按行业权重代表性与流动性先验纳入,,L8X上游地基；行业代表性验证；后续指标扩面目标
2000只样本股票池,sh600452,600452.SH,涪陵电力,上交所,公用事业,,2000只样本池,中证全指+申万一级分层抽样,按行业权重代表性与流动性先验纳入,,L8X上游地基；行业代表性验证；后续指标扩面目标
2000只样本股票池,sh600635,600635.SH,大众公用,上交所,公用事业,,2000只样本池,中证全指+申万一级分层抽样,按行业权重代表性与流动性先验纳入,,L8X上游地基；行业代表性验证；后续指标扩面目标
2000只样本股票池,sz000883,000883.SZ,湖北能源,深交所,公用事业,,2000只样本池,中证全指+申万一级分层抽样,按行业权重代表性与流动性先验纳入,,L8X上游地基；行业代表性验证；后续指标扩面目标
2000只样本股票池,sh600566,600566.SH,济川药业,上交所,医药生物,,2000只样本池,中证全指+申万一级分层抽样,按行业权重代表性与流动性先验纳入,,L8X上游地基；行业代表性验证；后续指标扩面目标
2000只样本股票池,sz300009,300009.SZ,安科生物,深交所,医药生物,,2000只样本池,中证全指+申万一级分层抽样,按行业权重代表性与流动性先验纳入,,L8X上游地基；行业代表性验证；后续指标扩面目标
2000只样本股票池,sz000739,000739.SZ,普洛药业,深交所,医药生物,,2000只样本池,中证全指+申万一级分层抽样,按行业权重代表性与流动性先验纳入,,L8X上游地基；行业代表性验证；后续指标扩面目标
2000只样本股票池,sz300181,300181.SZ,佐力药业,深交所,医药生物,,2000只样本池,中证全指+申万一级分层抽样,按行业权重代表性与流动性先验纳入,,L8X上游地基；行业代表性验证；后续指标扩面目标
2000只样本股票池,sh603305,603305.SH,旭升集团,上交所,汽车,,2000只样本池,中证全指+申万一级分层抽样,按行业权重代表性与流动性先验纳入,,L8X上游地基；行业代表性验证；后续指标扩面目标
2000只样本股票池,sh603319,603319.SH,美湖股份,上交所,汽车,,2000只样本池,中证全指+申万一级分层抽样,按行业权重代表性与流动性先验纳入,,L8X上游地基；行业代表性验证；后续指标扩面目标
2000只样本股票池,sz002984,002984.SZ,森麒麟,深交所,汽车,,2000只样本池,中证全指+申万一级分层抽样,按行业权重代表性与流动性先验纳入,,L8X上游地基；行业代表性验证；后续指标扩面目标
2000只样本股票池,sz000032,000032.SZ,深桑达A,深交所,建筑装饰,,2000只样本池,中证全指+申万一级分层抽样,按行业权重代表性与流动性先验纳入,,L8X上游地基；行业代表性验证；后续指标扩面目标
2000只样本股票池,sz300846,300846.SZ,首都在线,深交所,计算机,,2000只样本池,中证全指+申万一级分层抽样,按行业权重代表性与流动性先验纳入,,L8X上游地基；行业代表性验证；后续指标扩面目标
2000只样本股票池,sz300377,300377.SZ,赢时胜,深交所,计算机,,2000只样本池,中证全指+申万一级分层抽样,按行业权重代表性与流动性先验纳入,,L8X上游地基；行业代表性验证；后续指标扩面目标
2000只样本股票池,sh688088,688088.SH,虹软科技,上交所,计算机,,2000只样本池,中证全指+申万一级分层抽样,按行业权重代表性与流动性先验纳入,,L8X上游地基；行业代表性验证；后续指标扩面目标
2000只样本股票池,sh600131,600131.SH,国网信通,上交所,计算机,,2000只样本池,中证全指+申万一级分层抽样,按行业权重代表性与流动性先验纳入,,L8X上游地基；行业代表性验证；后续指标扩面目标
2000只样本股票池,sz300779,300779.SZ,惠城环保,深交所,环保,,2000只样本池,中证全指+申万一级分层抽样,按行业权重代表性与流动性先验纳入,,L8X上游地基；行业代表性验证；后续指标扩面目标
2000只样本股票池,sz000598,000598.SZ,兴蓉环境,深交所,环保,,2000只样本池,中证全指+申万一级分层抽样,按行业权重代表性与流动性先验纳入,,L8X上游地基；行业代表性验证；后续指标扩面目标
2000只样本股票池,sz301219,301219.SZ,腾远钴业,深交所,有色金属,,2000只样本池,中证全指+申万一级分层抽样,按行业权重代表性与流动性先验纳入,,L8X上游地基；行业代表性验证；后续指标扩面目标
2000只样本股票池,sz000506,000506.SZ,招金黄金,深交所,有色金属,,2000只样本池,中证全指+申万一级分层抽样,按行业权重代表性与流动性先验纳入,,L8X上游地基；行业代表性验证；后续指标扩面目标
2000只样本股票池,sz300618,300618.SZ,寒锐钴业,深交所,有色金属,,2000只样本池,中证全指+申万一级分层抽样,按行业权重代表性与流动性先验纳入,,L8X上游地基；行业代表性验证；后续指标扩面目标
2000只样本股票池,sh600366,600366.SH,宁波韵升,上交所,有色金属,,2000只样本池,中证全指+申万一级分层抽样,按行业权重代表性与流动性先验纳入,,L8X上游地基；行业代表性验证；后续指标扩面目标
2000只样本股票池,sz002544,002544.SZ,普天科技,深交所,通信,,2000只样本池,中证全指+申万一级分层抽样,按行业权重代表性与流动性先验纳入,,L8X上游地基；行业代表性验证；后续指标扩面目标
2000只样本股票池,sz300638,300638.SZ,广和通,深交所,通信,,2000只样本池,中证全指+申万一级分层抽样,按行业权重代表性与流动性先验纳入,,L8X上游地基；行业代表性验证；后续指标扩面目标
2000只样本股票池,sh601866,601866.SH,中远海发,上交所,交通运输,,2000只样本池,中证全指+申万一级分层抽样,按行业权重代表性与流动性先验纳入,,L8X上游地基；行业代表性验证；后续指标扩面目标
2000只样本股票池,sh600179,600179.SH,安通控股,上交所,交通运输,,2000只样本池,中证全指+申万一级分层抽样,按行业权重代表性与流动性先验纳入,,L8X上游地基；行业代表性验证；后续指标扩面目标
2000只样本股票池,sz000681,000681.SZ,视觉中国,深交所,传媒,,2000只样本池,中证全指+申万一级分层抽样,按行业权重代表性与流动性先验纳入,,L8X上游地基；行业代表性验证；后续指标扩面目标
2000只样本股票池,sz002354,002354.SZ,天娱数科,深交所,传媒,,2000只样本池,中证全指+申万一级分层抽样,按行业权重代表性与流动性先验纳入,,L8X上游地基；行业代表性验证；后续指标扩面目标
2000只样本股票池,sh603000,603000.SH,人民网,上交所,传媒,,2000只样本池,中证全指+申万一级分层抽样,按行业权重代表性与流动性先验纳入,,L8X上游地基；行业代表性验证；后续指标扩面目标
2000只样本股票池,sh600977,600977.SH,中国电影,上交所,传媒,,2000只样本池,中证全指+申万一级分层抽样,按行业权重代表性与流动性先验纳入,,L8X上游地基；行业代表性验证；后续指标扩面目标
2000只样本股票池,sh603300,603300.SH,海南华铁,上交所,非银金融,,2000只样本池,中证全指+申万一级分层抽样,按行业权重代表性与流动性先验纳入,,L8X上游地基；行业代表性验证；后续指标扩面目标
2000只样本股票池,sh601236,601236.SH,红塔证券,上交所,非银金融,,2000只样本池,中证全指+申万一级分层抽样,按行业权重代表性与流动性先验纳入,,L8X上游地基；行业代表性验证；后续指标扩面目标
2000只样本股票池,sh688295,688295.SH,中复神鹰,上交所,基础化工,,2000只样本池,中证全指+申万一级分层抽样,按行业权重代表性与流动性先验纳入,,L8X上游地基；行业代表性验证；后续指标扩面目标
2000只样本股票池,sz301216,301216.SZ,万凯新材,深交所,基础化工,,2000只样本池,中证全指+申万一级分层抽样,按行业权重代表性与流动性先验纳入,,L8X上游地基；行业代表性验证；后续指标扩面目标
2000只样本股票池,sz002170,002170.SZ,芭田股份,深交所,基础化工,,2000只样本池,中证全指+申万一级分层抽样,按行业权重代表性与流动性先验纳入,,L8X上游地基；行业代表性验证；后续指标扩面目标
2000只样本股票池,sh600063,600063.SH,皖维高新,上交所,基础化工,,2000只样本池,中证全指+申万一级分层抽样,按行业权重代表性与流动性先验纳入,,L8X上游地基；行业代表性验证；后续指标扩面目标
2000只样本股票池,sh600258,600258.SH,首旅酒店,上交所,社会服务,,2000只样本池,中证全指+申万一级分层抽样,按行业权重代表性与流动性先验纳入,,L8X上游地基；行业代表性验证；后续指标扩面目标
2000只样本股票池,sh688239,688239.SH,航宇科技,上交所,国防军工,,2000只样本池,中证全指+申万一级分层抽样,按行业权重代表性与流动性先验纳入,,L8X上游地基；行业代表性验证；后续指标扩面目标
2000只样本股票池,sh688281,688281.SH,华秦科技,上交所,国防军工,,2000只样本池,中证全指+申万一级分层抽样,按行业权重代表性与流动性先验纳入,,L8X上游地基；行业代表性验证；后续指标扩面目标
2000只样本股票池,sh600702,600702.SH,舍得酒业,上交所,食品饮料,,2000只样本池,中证全指+申万一级分层抽样,按行业权重代表性与流动性先验纳入,,L8X上游地基；行业代表性验证；后续指标扩面目标
2000只样本股票池,sz300146,300146.SZ,汤臣倍健,深交所,食品饮料,,2000只样本池,中证全指+申万一级分层抽样,按行业权重代表性与流动性先验纳入,,L8X上游地基；行业代表性验证；后续指标扩面目标
2000只样本股票池,sh601187,601187.SH,厦门银行,上交所,银行,,2000只样本池,中证全指+申万一级分层抽样,按行业权重代表性与流动性先验纳入,,L8X上游地基；行业代表性验证；后续指标扩面目标
2000只样本股票池,sh603323,603323.SH,苏农银行,上交所,银行,,2000只样本池,中证全指+申万一级分层抽样,按行业权重代表性与流动性先验纳入,,L8X上游地基；行业代表性验证；后续指标扩面目标
2000只样本股票池,sh600064,600064.SH,南京高科,上交所,房地产,,2000只样本池,中证全指+申万一级分层抽样,按行业权重代表性与流动性先验纳入,,L8X上游地基；行业代表性验证；后续指标扩面目标
2000只样本股票池,sh600663,600663.SH,陆家嘴,上交所,房地产,,2000只样本池,中证全指+申万一级分层抽样,按行业权重代表性与流动性先验纳入,,L8X上游地基；行业代表性验证；后续指标扩面目标
2000只样本股票池,sz002183,002183.SZ,怡亚通,深交所,商贸零售,,2000只样本池,中证全指+申万一级分层抽样,按行业权重代表性与流动性先验纳入,,L8X上游地基；行业代表性验证；后续指标扩面目标
2000只样本股票池,sh600859,600859.SH,王府井,上交所,商贸零售,,2000只样本池,中证全指+申万一级分层抽样,按行业权重代表性与流动性先验纳入,,L8X上游地基；行业代表性验证；后续指标扩面目标
2000只样本股票池,sz300607,300607.SZ,拓斯达,深交所,机械设备,,2000只样本池,中证全指+申万一级分层抽样,按行业权重代表性与流动性先验纳入,,L8X上游地基；行业代表性验证；后续指标扩面目标
2000只样本股票池,sh688433,688433.SH,华曙高科,上交所,机械设备,,2000只样本池,中证全指+申万一级分层抽样,按行业权重代表性与流动性先验纳入,,L8X上游地基；行业代表性验证；后续指标扩面目标
2000只样本股票池,sh688518,688518.SH,联赢激光,上交所,机械设备,,2000只样本池,中证全指+申万一级分层抽样,按行业权重代表性与流动性先验纳入,,L8X上游地基；行业代表性验证；后续指标扩面目标
2000只样本股票池,sh603618,603618.SH,杭电股份,上交所,电力设备,,2000只样本池,中证全指+申万一级分层抽样,按行业权重代表性与流动性先验纳入,,L8X上游地基；行业代表性验证；后续指标扩面目标
2000只样本股票池,sz002580,002580.SZ,圣阳股份,深交所,电力设备,,2000只样本池,中证全指+申万一级分层抽样,按行业权重代表性与流动性先验纳入,,L8X上游地基；行业代表性验证；后续指标扩面目标
2000只样本股票池,sz301232,301232.SZ,飞沃科技,深交所,电力设备,,2000只样本池,中证全指+申万一级分层抽样,按行业权重代表性与流动性先验纳入,,L8X上游地基；行业代表性验证；后续指标扩面目标
2000只样本股票池,sh600478,600478.SH,科力远,上交所,电力设备,,2000只样本池,中证全指+申万一级分层抽样,按行业权重代表性与流动性先验纳入,,L8X上游地基；行业代表性验证；后续指标扩面目标
2000只样本股票池,sz003022,003022.SZ,联泓新科,深交所,电力设备,,2000只样本池,中证全指+申万一级分层抽样,按行业权重代表性与流动性先验纳入,,L8X上游地基；行业代表性验证；后续指标扩面目标
2000只样本股票池,sz300185,300185.SZ,通裕重工,深交所,电力设备,,2000只样本池,中证全指+申万一级分层抽样,按行业权重代表性与流动性先验纳入,,L8X上游地基；行业代表性验证；后续指标扩面目标
2000只样本股票池,sh688392,688392.SH,骄成超声,上交所,电力设备,,2000只样本池,中证全指+申万一级分层抽样,按行业权重代表性与流动性先验纳入,,L8X上游地基；行业代表性验证；后续指标扩面目标
2000只样本股票池,sz001287,001287.SZ,中电港,深交所,电子,,2000只样本池,中证全指+申万一级分层抽样,按行业权重代表性与流动性先验纳入,,L8X上游地基；行业代表性验证；后续指标扩面目标
2000只样本股票池,sz300323,300323.SZ,华灿光电,深交所,电子,,2000只样本池,中证全指+申万一级分层抽样,按行业权重代表性与流动性先验纳入,,L8X上游地基；行业代表性验证；后续指标扩面目标
2000只样本股票池,sh688502,688502.SH,茂莱光学,上交所,电子,,2000只样本池,中证全指+申万一级分层抽样,按行业权重代表性与流动性先验纳入,,L8X上游地基；行业代表性验证；后续指标扩面目标
2000只样本股票池,sz300053,300053.SZ,航宇微,深交所,电子,,2000只样本池,中证全指+申万一级分层抽样,按行业权重代表性与流动性先验纳入,,L8X上游地基；行业代表性验证；后续指标扩面目标
2000只样本股票池,sz300684,300684.SZ,中石科技,深交所,电子,,2000只样本池,中证全指+申万一级分层抽样,按行业权重代表性与流动性先验纳入,,L8X上游地基；行业代表性验证；后续指标扩面目标
2000只样本股票池,sz301626,301626.SZ,苏州天脉,深交所,电子,,2000只样本池,中证全指+申万一级分层抽样,按行业权重代表性与流动性先验纳入,,L8X上游地基；行业代表性验证；后续指标扩面目标
2000只样本股票池,sz002815,002815.SZ,崇达技术,深交所,电子,,2000只样本池,中证全指+申万一级分层抽样,按行业权重代表性与流动性先验纳入,,L8X上游地基；行业代表性验证；后续指标扩面目标
2000只样本股票池,sz002654,002654.SZ,万润科技,深交所,电子,,2000只样本池,中证全指+申万一级分层抽样,按行业权重代表性与流动性先验纳入,,L8X上游地基；行业代表性验证；后续指标扩面目标
2000只样本股票池,sz300331,300331.SZ,苏大维格,深交所,电子,,2000只样本池,中证全指+申万一级分层抽样,按行业权重代表性与流动性先验纳入,,L8X上游地基；行业代表性验证；后续指标扩面目标
2000只样本股票池,sz002745,002745.SZ,木林森,深交所,电子,,2000只样本池,中证全指+申万一级分层抽样,按行业权重代表性与流动性先验纳入,,L8X上游地基；行业代表性验证；后续指标扩面目标
2000只样本股票池,sh600578,600578.SH,京能电力,上交所,公用事业,,2000只样本池,中证全指+申万一级分层抽样,按行业权重代表性与流动性先验纳入,,L8X上游地基；行业代表性验证；后续指标扩面目标
2000只样本股票池,sz000027,000027.SZ,深圳能源,深交所,公用事业,,2000只样本池,中证全指+申万一级分层抽样,按行业权重代表性与流动性先验纳入,,L8X上游地基；行业代表性验证；后续指标扩面目标
2000只样本股票池,sz300244,300244.SZ,迪安诊断,深交所,医药生物,,2000只样本池,中证全指+申万一级分层抽样,按行业权重代表性与流动性先验纳入,,L8X上游地基；行业代表性验证；后续指标扩面目标
2000只样本股票池,sh688321,688321.SH,微芯生物,上交所,医药生物,,2000只样本池,中证全指+申万一级分层抽样,按行业权重代表性与流动性先验纳入,,L8X上游地基；行业代表性验证；后续指标扩面目标
2000只样本股票池,sh600645,600645.SH,中源协和,上交所,医药生物,,2000只样本池,中证全指+申万一级分层抽样,按行业权重代表性与流动性先验纳入,,L8X上游地基；行业代表性验证；后续指标扩面目标
2000只样本股票池,sh600216,600216.SH,浙江医药,上交所,医药生物,,2000只样本池,中证全指+申万一级分层抽样,按行业权重代表性与流动性先验纳入,,L8X上游地基；行业代表性验证；后续指标扩面目标
2000只样本股票池,sh600285,600285.SH,羚锐制药,上交所,医药生物,,2000只样本池,中证全指+申万一级分层抽样,按行业权重代表性与流动性先验纳入,,L8X上游地基；行业代表性验证；后续指标扩面目标
2000只样本股票池,sz300100,300100.SZ,双林股份,深交所,汽车,,2000只样本池,中证全指+申万一级分层抽样,按行业权重代表性与流动性先验纳入,,L8X上游地基；行业代表性验证；后续指标扩面目标
2000只样本股票池,sz002488,002488.SZ,金固股份,深交所,汽车,,2000只样本池,中证全指+申万一级分层抽样,按行业权重代表性与流动性先验纳入,,L8X上游地基；行业代表性验证；后续指标扩面目标
2000只样本股票池,sh601966,601966.SH,玲珑轮胎,上交所,汽车,,2000只样本池,中证全指+申万一级分层抽样,按行业权重代表性与流动性先验纳入,,L8X上游地基；行业代表性验证；后续指标扩面目标
2000只样本股票池,sz000800,000800.SZ,一汽解放,深交所,汽车,,2000只样本池,中证全指+申万一级分层抽样,按行业权重代表性与流动性先验纳入,,L8X上游地基；行业代表性验证；后续指标扩面目标
2000只样本股票池,sh600629,600629.SH,华建集团,上交所,建筑装饰,,2000只样本池,中证全指+申万一级分层抽样,按行业权重代表性与流动性先验纳入,,L8X上游地基；行业代表性验证；后续指标扩面目标
2000只样本股票池,sz300624,300624.SZ,万兴科技,深交所,计算机,,2000只样本池,中证全指+申万一级分层抽样,按行业权重代表性与流动性先验纳入,,L8X上游地基；行业代表性验证；后续指标扩面目标
2000只样本股票池,sh688227,688227.SH,品高股份,上交所,计算机,,2000只样本池,中证全指+申万一级分层抽样,按行业权重代表性与流动性先验纳入,,L8X上游地基；行业代表性验证；后续指标扩面目标
2000只样本股票池,sz002373,002373.SZ,千方科技,深交所,计算机,,2000只样本池,中证全指+申万一级分层抽样,按行业权重代表性与流动性先验纳入,,L8X上游地基；行业代表性验证；后续指标扩面目标
2000只样本股票池,sz002645,002645.SZ,华宏科技,深交所,环保,,2000只样本池,中证全指+申万一级分层抽样,按行业权重代表性与流动性先验纳入,,L8X上游地基；行业代表性验证；后续指标扩面目标
2000只样本股票池,sz300328,300328.SZ,宜安科技,深交所,有色金属,,2000只样本池,中证全指+申万一级分层抽样,按行业权重代表性与流动性先验纳入,,L8X上游地基；行业代表性验证；后续指标扩面目标
2000只样本股票池,sh600459,600459.SH,贵研铂业,上交所,有色金属,,2000只样本池,中证全指+申万一级分层抽样,按行业权重代表性与流动性先验纳入,,L8X上游地基；行业代表性验证；后续指标扩面目标
2000只样本股票池,sz000758,000758.SZ,中色股份,深交所,有色金属,,2000只样本池,中证全指+申万一级分层抽样,按行业权重代表性与流动性先验纳入,,L8X上游地基；行业代表性验证；后续指标扩面目标
2000只样本股票池,sh601137,601137.SH,博威合金,上交所,有色金属,,2000只样本池,中证全指+申万一级分层抽样,按行业权重代表性与流动性先验纳入,,L8X上游地基；行业代表性验证；后续指标扩面目标
2000只样本股票池,sz002796,002796.SZ,世嘉科技,深交所,通信,,2000只样本池,中证全指+申万一级分层抽样,按行业权重代表性与流动性先验纳入,,L8X上游地基；行业代表性验证；后续指标扩面目标
2000只样本股票池,sz002104,002104.SZ,恒宝股份,深交所,通信,,2000只样本池,中证全指+申万一级分层抽样,按行业权重代表性与流动性先验纳入,,L8X上游地基；行业代表性验证；后续指标扩面目标
2000只样本股票池,sz002468,002468.SZ,申通快递,深交所,交通运输,,2000只样本池,中证全指+申万一级分层抽样,按行业权重代表性与流动性先验纳入,,L8X上游地基；行业代表性验证；后续指标扩面目标
2000只样本股票池,sh603885,603885.SH,吉祥航空,上交所,交通运输,,2000只样本池,中证全指+申万一级分层抽样,按行业权重代表性与流动性先验纳入,,L8X上游地基；行业代表性验证；后续指标扩面目标
2000只样本股票池,sh601156,601156.SH,东航物流,上交所,交通运输,,2000只样本池,中证全指+申万一级分层抽样,按行业权重代表性与流动性先验纳入,,L8X上游地基；行业代表性验证；后续指标扩面目标
2000只样本股票池,sh600633,600633.SH,浙数文化,上交所,传媒,,2000只样本池,中证全指+申万一级分层抽样,按行业权重代表性与流动性先验纳入,,L8X上游地基；行业代表性验证；后续指标扩面目标
2000只样本股票池,sz002174,002174.SZ,游族网络,深交所,传媒,,2000只样本池,中证全指+申万一级分层抽样,按行业权重代表性与流动性先验纳入,,L8X上游地基；行业代表性验证；后续指标扩面目标
2000只样本股票池,sh600959,600959.SH,江苏有线,上交所,传媒,,2000只样本池,中证全指+申万一级分层抽样,按行业权重代表性与流动性先验纳入,,L8X上游地基；行业代表性验证；后续指标扩面目标
2000只样本股票池,sh600517,600517.SH,国网英大,上交所,非银金融,,2000只样本池,中证全指+申万一级分层抽样,按行业权重代表性与流动性先验纳入,,L8X上游地基；行业代表性验证；后续指标扩面目标
2000只样本股票池,sh600095,600095.SH,湘财股份,上交所,非银金融,,2000只样本池,中证全指+申万一级分层抽样,按行业权重代表性与流动性先验纳入,,L8X上游地基；行业代表性验证；后续指标扩面目标
2000只样本股票池,sz000563,000563.SZ,陕国投A,深交所,非银金融,,2000只样本池,中证全指+申万一级分层抽样,按行业权重代表性与流动性先验纳入,,L8X上游地基；行业代表性验证；后续指标扩面目标
2000只样本股票池,sh600619,600619.SH,海立股份,上交所,家用电器,,2000只样本池,中证全指+申万一级分层抽样,按行业权重代表性与流动性先验纳入,,L8X上游地基；行业代表性验证；后续指标扩面目标
2000只样本股票池,sh688585,688585.SH,上纬新材,上交所,基础化工,,2000只样本池,中证全指+申万一级分层抽样,按行业权重代表性与流动性先验纳入,,L8X上游地基；行业代表性验证；后续指标扩面目标
2000只样本股票池,sz000420,000420.SZ,吉林化纤,深交所,基础化工,,2000只样本池,中证全指+申万一级分层抽样,按行业权重代表性与流动性先验纳入,,L8X上游地基；行业代表性验证；后续指标扩面目标
2000只样本股票池,sz002324,002324.SZ,普利特,深交所,基础化工,,2000只样本池,中证全指+申万一级分层抽样,按行业权重代表性与流动性先验纳入,,L8X上游地基；行业代表性验证；后续指标扩面目标
2000只样本股票池,sz000949,000949.SZ,新乡化纤,深交所,基础化工,,2000只样本池,中证全指+申万一级分层抽样,按行业权重代表性与流动性先验纳入,,L8X上游地基；行业代表性验证；后续指标扩面目标
2000只样本股票池,sh600389,600389.SH,江山股份,上交所,基础化工,,2000只样本池,中证全指+申万一级分层抽样,按行业权重代表性与流动性先验纳入,,L8X上游地基；行业代表性验证；后续指标扩面目标
2000只样本股票池,sh603663,603663.SH,三祥新材,上交所,基础化工,,2000只样本池,中证全指+申万一级分层抽样,按行业权重代表性与流动性先验纳入,,L8X上游地基；行业代表性验证；后续指标扩面目标
2000只样本股票池,sh600409,600409.SH,三友化工,上交所,基础化工,,2000只样本池,中证全指+申万一级分层抽样,按行业权重代表性与流动性先验纳入,,L8X上游地基；行业代表性验证；后续指标扩面目标
2000只样本股票池,sz300900,300900.SZ,广联航空,深交所,国防军工,,2000只样本池,中证全指+申万一级分层抽样,按行业权重代表性与流动性先验纳入,,L8X上游地基；行业代表性验证；后续指标扩面目标
2000只样本股票池,sz000799,000799.SZ,酒鬼酒,深交所,食品饮料,,2000只样本池,中证全指+申万一级分层抽样,按行业权重代表性与流动性先验纳入,,L8X上游地基；行业代表性验证；后续指标扩面目标
2000只样本股票池,sz002568,002568.SZ,百润股份,深交所,食品饮料,,2000只样本池,中证全指+申万一级分层抽样,按行业权重代表性与流动性先验纳入,,L8X上游地基；行业代表性验证；后续指标扩面目标
2000只样本股票池,sh600559,600559.SH,老白干酒,上交所,食品饮料,,2000只样本池,中证全指+申万一级分层抽样,按行业权重代表性与流动性先验纳入,,L8X上游地基；行业代表性验证；后续指标扩面目标
2000只样本股票池,sh603589,603589.SH,口子窖,上交所,食品饮料,,2000只样本池,中证全指+申万一级分层抽样,按行业权重代表性与流动性先验纳入,,L8X上游地基；行业代表性验证；后续指标扩面目标
2000只样本股票池,sz002507,002507.SZ,涪陵榨菜,深交所,食品饮料,,2000只样本池,中证全指+申万一级分层抽样,按行业权重代表性与流动性先验纳入,,L8X上游地基；行业代表性验证；后续指标扩面目标
2000只样本股票池,sh600397,600397.SH,江钨装备,上交所,煤炭,,2000只样本池,中证全指+申万一级分层抽样,按行业权重代表性与流动性先验纳入,,L8X上游地基；行业代表性验证；后续指标扩面目标
2000只样本股票池,sz000709,000709.SZ,河钢股份,深交所,钢铁,,2000只样本池,中证全指+申万一级分层抽样,按行业权重代表性与流动性先验纳入,,L8X上游地基；行业代表性验证；后续指标扩面目标
2000只样本股票池,sz000825,000825.SZ,太钢不锈,深交所,钢铁,,2000只样本池,中证全指+申万一级分层抽样,按行业权重代表性与流动性先验纳入,,L8X上游地基；行业代表性验证；后续指标扩面目标
2000只样本股票池,sz002701,002701.SZ,奥瑞金,深交所,轻工制造,,2000只样本池,中证全指+申万一级分层抽样,按行业权重代表性与流动性先验纳入,,L8X上游地基；行业代表性验证；后续指标扩面目标
2000只样本股票池,sz002936,002936.SZ,郑州银行,深交所,银行,,2000只样本池,中证全指+申万一级分层抽样,按行业权重代表性与流动性先验纳入,,L8X上游地基；行业代表性验证；后续指标扩面目标
2000只样本股票池,sh600383,600383.SH,金地集团,上交所,房地产,,2000只样本池,中证全指+申万一级分层抽样,按行业权重代表性与流动性先验纳入,,L8X上游地基；行业代表性验证；后续指标扩面目标
2000只样本股票池,sz000006,000006.SZ,深振业A,深交所,房地产,,2000只样本池,中证全指+申万一级分层抽样,按行业权重代表性与流动性先验纳入,,L8X上游地基；行业代表性验证；后续指标扩面目标
2000只样本股票池,sz000069,000069.SZ,华侨城A,深交所,房地产,,2000只样本池,中证全指+申万一级分层抽样,按行业权重代表性与流动性先验纳入,,L8X上游地基；行业代表性验证；后续指标扩面目标
2000只样本股票池,sh600113,600113.SH,浙江东日,上交所,商贸零售,,2000只样本池,中证全指+申万一级分层抽样,按行业权重代表性与流动性先验纳入,,L8X上游地基；行业代表性验证；后续指标扩面目标
2000只样本股票池,sz000829,000829.SZ,天音控股,深交所,商贸零售,,2000只样本池,中证全指+申万一级分层抽样,按行业权重代表性与流动性先验纳入,,L8X上游地基；行业代表性验证；后续指标扩面目标
2000只样本股票池,sh600655,600655.SH,豫园股份,上交所,商贸零售,,2000只样本池,中证全指+申万一级分层抽样,按行业权重代表性与流动性先验纳入,,L8X上游地基；行业代表性验证；后续指标扩面目标
2000只样本股票池,sz002957,002957.SZ,科瑞技术,深交所,机械设备,,2000只样本池,中证全指+申万一级分层抽样,按行业权重代表性与流动性先验纳入,,L8X上游地基；行业代表性验证；后续指标扩面目标
2000只样本股票池,sz301128,301128.SZ,强瑞技术,深交所,机械设备,,2000只样本池,中证全指+申万一级分层抽样,按行业权重代表性与流动性先验纳入,,L8X上游地基；行业代表性验证；后续指标扩面目标
2000只样本股票池,sh688308,688308.SH,欧科亿,上交所,机械设备,,2000只样本池,中证全指+申万一级分层抽样,按行业权重代表性与流动性先验纳入,,L8X上游地基；行业代表性验证；后续指标扩面目标
2000只样本股票池,sz301510,301510.SZ,固高科技,深交所,机械设备,,2000只样本池,中证全指+申万一级分层抽样,按行业权重代表性与流动性先验纳入,,L8X上游地基；行业代表性验证；后续指标扩面目标
2000只样本股票池,sh600582,600582.SH,天地科技,上交所,机械设备,,2000只样本池,中证全指+申万一级分层抽样,按行业权重代表性与流动性先验纳入,,L8X上游地基；行业代表性验证；后续指标扩面目标
2000只样本股票池,sz002471,002471.SZ,中超控股,深交所,电力设备,,2000只样本池,中证全指+申万一级分层抽样,按行业权重代表性与流动性先验纳入,,L8X上游地基；行业代表性验证；后续指标扩面目标
2000只样本股票池,sh603031,603031.SH,安孚科技,上交所,电力设备,,2000只样本池,中证全指+申万一级分层抽样,按行业权重代表性与流动性先验纳入,,L8X上游地基；行业代表性验证；后续指标扩面目标
2000只样本股票池,sz301150,301150.SZ,中一科技,深交所,电力设备,,2000只样本池,中证全指+申万一级分层抽样,按行业权重代表性与流动性先验纳入,,L8X上游地基；行业代表性验证；后续指标扩面目标
2000只样本股票池,sz003021,003021.SZ,兆威机电,深交所,电力设备,,2000只样本池,中证全指+申万一级分层抽样,按行业权重代表性与流动性先验纳入,,L8X上游地基；行业代表性验证；后续指标扩面目标
2000只样本股票池,sh688248,688248.SH,南网科技,上交所,电力设备,,2000只样本池,中证全指+申万一级分层抽样,按行业权重代表性与流动性先验纳入,,L8X上游地基；行业代表性验证；后续指标扩面目标
2000只样本股票池,sz300761,300761.SZ,立华股份,深交所,农林牧渔,,2000只样本池,中证全指+申万一级分层抽样,按行业权重代表性与流动性先验纳入,,L8X上游地基；行业代表性验证；后续指标扩面目标
2000只样本股票池,sh688661,688661.SH,和林微纳,上交所,电子,,2000只样本池,中证全指+申万一级分层抽样,按行业权重代表性与流动性先验纳入,,L8X上游地基；行业代表性验证；后续指标扩面目标
2000只样本股票池,sh688593,688593.SH,新相微,上交所,电子,,2000只样本池,中证全指+申万一级分层抽样,按行业权重代表性与流动性先验纳入,,L8X上游地基；行业代表性验证；后续指标扩面目标
2000只样本股票池,sz301031,301031.SZ,中熔电气,深交所,电子,,2000只样本池,中证全指+申万一级分层抽样,按行业权重代表性与流动性先验纳入,,L8X上游地基；行业代表性验证；后续指标扩面目标
2000只样本股票池,sh688279,688279.SH,峰岹科技,上交所,电子,,2000只样本池,中证全指+申万一级分层抽样,按行业权重代表性与流动性先验纳入,,L8X上游地基；行业代表性验证；后续指标扩面目标
2000只样本股票池,sz002643,002643.SZ,万润股份,深交所,电子,,2000只样本池,中证全指+申万一级分层抽样,按行业权重代表性与流动性先验纳入,,L8X上游地基；行业代表性验证；后续指标扩面目标
2000只样本股票池,sz002681,002681.SZ,奋达科技,深交所,电子,,2000只样本池,中证全指+申万一级分层抽样,按行业权重代表性与流动性先验纳入,,L8X上游地基；行业代表性验证；后续指标扩面目标
2000只样本股票池,sz300735,300735.SZ,光弘科技,深交所,电子,,2000只样本池,中证全指+申万一级分层抽样,按行业权重代表性与流动性先验纳入,,L8X上游地基；行业代表性验证；后续指标扩面目标
2000只样本股票池,sz001896,001896.SZ,豫能控股,深交所,公用事业,,2000只样本池,中证全指+申万一级分层抽样,按行业权重代表性与流动性先验纳入,,L8X上游地基；行业代表性验证；后续指标扩面目标
2000只样本股票池,sz000543,000543.SZ,皖能电力,深交所,公用事业,,2000只样本池,中证全指+申万一级分层抽样,按行业权重代表性与流动性先验纳入,,L8X上游地基；行业代表性验证；后续指标扩面目标
2000只样本股票池,sz301293,301293.SZ,三博脑科,深交所,医药生物,,2000只样本池,中证全指+申万一级分层抽样,按行业权重代表性与流动性先验纳入,,L8X上游地基；行业代表性验证；后续指标扩面目标
2000只样本股票池,sh688336,688336.SH,三生国健,上交所,医药生物,,2000只样本池,中证全指+申万一级分层抽样,按行业权重代表性与流动性先验纳入,,L8X上游地基；行业代表性验证；后续指标扩面目标
2000只样本股票池,sh688677,688677.SH,海泰新光,上交所,医药生物,,2000只样本池,中证全指+申万一级分层抽样,按行业权重代表性与流动性先验纳入,,L8X上游地基；行业代表性验证；后续指标扩面目标
2000只样本股票池,sz300725,300725.SZ,药石科技,深交所,医药生物,,2000只样本池,中证全指+申万一级分层抽样,按行业权重代表性与流动性先验纳入,,L8X上游地基；行业代表性验证；后续指标扩面目标
2000只样本股票池,sz300601,300601.SZ,康泰生物,深交所,医药生物,,2000只样本池,中证全指+申万一级分层抽样,按行业权重代表性与流动性先验纳入,,L8X上游地基；行业代表性验证；后续指标扩面目标
2000只样本股票池,sh600267,600267.SH,海正药业,上交所,医药生物,,2000只样本池,中证全指+申万一级分层抽样,按行业权重代表性与流动性先验纳入,,L8X上游地基；行业代表性验证；后续指标扩面目标
2000只样本股票池,sz002773,002773.SZ,康弘药业,深交所,医药生物,,2000只样本池,中证全指+申万一级分层抽样,按行业权重代表性与流动性先验纳入,,L8X上游地基；行业代表性验证；后续指标扩面目标
2000只样本股票池,sh688278,688278.SH,特宝生物,上交所,医药生物,,2000只样本池,中证全指+申万一级分层抽样,按行业权重代表性与流动性先验纳入,,L8X上游地基；行业代表性验证；后续指标扩面目标
2000只样本股票池,sz300529,300529.SZ,健帆生物,深交所,医药生物,,2000只样本池,中证全指+申万一级分层抽样,按行业权重代表性与流动性先验纳入,,L8X上游地基；行业代表性验证；后续指标扩面目标
2000只样本股票池,sh688029,688029.SH,南微医学,上交所,医药生物,,2000只样本池,中证全指+申万一级分层抽样,按行业权重代表性与流动性先验纳入,,L8X上游地基；行业代表性验证；后续指标扩面目标
2000只样本股票池,sh600750,600750.SH,华润江中,上交所,医药生物,,2000只样本池,中证全指+申万一级分层抽样,按行业权重代表性与流动性先验纳入,,L8X上游地基；行业代表性验证；后续指标扩面目标
2000只样本股票池,sh603997,603997.SH,继峰股份,上交所,汽车,,2000只样本池,中证全指+申万一级分层抽样,按行业权重代表性与流动性先验纳入,,L8X上游地基；行业代表性验证；后续指标扩面目标
2000只样本股票池,sz000581,000581.SZ,威孚高科,深交所,汽车,,2000只样本池,中证全指+申万一级分层抽样,按行业权重代表性与流动性先验纳入,,L8X上游地基；行业代表性验证；后续指标扩面目标
2000只样本股票池,sz002081,002081.SZ,金螳螂,深交所,建筑装饰,,2000只样本池,中证全指+申万一级分层抽样,按行业权重代表性与流动性先验纳入,,L8X上游地基；行业代表性验证；后续指标扩面目标
2000只样本股票池,sz002310,002310.SZ,东方新能,深交所,建筑装饰,,2000只样本池,中证全指+申万一级分层抽样,按行业权重代表性与流动性先验纳入,,L8X上游地基；行业代表性验证；后续指标扩面目标
2000只样本股票池,sz000815,000815.SZ,美利云,深交所,计算机,,2000只样本池,中证全指+申万一级分层抽样,按行业权重代表性与流动性先验纳入,,L8X上游地基；行业代表性验证；后续指标扩面目标
2000只样本股票池,sz300302,300302.SZ,同有科技,深交所,计算机,,2000只样本池,中证全指+申万一级分层抽样,按行业权重代表性与流动性先验纳入,,L8X上游地基；行业代表性验证；后续指标扩面目标
2000只样本股票池,sz301248,301248.SZ,杰创智能,深交所,计算机,,2000只样本池,中证全指+申万一级分层抽样,按行业权重代表性与流动性先验纳入,,L8X上游地基；行业代表性验证；后续指标扩面目标
2000只样本股票池,sz300455,300455.SZ,航天智装,深交所,计算机,,2000只样本池,中证全指+申万一级分层抽样,按行业权重代表性与流动性先验纳入,,L8X上游地基；行业代表性验证；后续指标扩面目标
2000只样本股票池,sz002063,002063.SZ,远光软件,深交所,计算机,,2000只样本池,中证全指+申万一级分层抽样,按行业权重代表性与流动性先验纳入,,L8X上游地基；行业代表性验证；后续指标扩面目标
2000只样本股票池,sh603887,603887.SH,城地香江,上交所,计算机,,2000只样本池,中证全指+申万一级分层抽样,按行业权重代表性与流动性先验纳入,,L8X上游地基；行业代表性验证；后续指标扩面目标
2000只样本股票池,sh600271,600271.SH,航天信息,上交所,计算机,,2000只样本池,中证全指+申万一级分层抽样,按行业权重代表性与流动性先验纳入,,L8X上游地基；行业代表性验证；后续指标扩面目标
2000只样本股票池,sh603927,603927.SH,中科软,上交所,计算机,,2000只样本池,中证全指+申万一级分层抽样,按行业权重代表性与流动性先验纳入,,L8X上游地基；行业代表性验证；后续指标扩面目标
2000只样本股票池,sz300348,300348.SZ,长亮科技,深交所,计算机,,2000只样本池,中证全指+申万一级分层抽样,按行业权重代表性与流动性先验纳入,,L8X上游地基；行业代表性验证；后续指标扩面目标
2000只样本股票池,sz002268,002268.SZ,电科网安,深交所,计算机,,2000只样本池,中证全指+申万一级分层抽样,按行业权重代表性与流动性先验纳入,,L8X上游地基；行业代表性验证；后续指标扩面目标
2000只样本股票池,sh600133,600133.SH,东湖高新,上交所,环保,,2000只样本池,中证全指+申万一级分层抽样,按行业权重代表性与流动性先验纳入,,L8X上游地基；行业代表性验证；后续指标扩面目标
2000只样本股票池,sz002408,002408.SZ,齐翔腾达,深交所,石油石化,,2000只样本池,中证全指+申万一级分层抽样,按行业权重代表性与流动性先验纳入,,L8X上游地基；行业代表性验证；后续指标扩面目标
2000只样本股票池,sz001337,001337.SZ,四川黄金,深交所,有色金属,,2000只样本池,中证全指+申万一级分层抽样,按行业权重代表性与流动性先验纳入,,L8X上游地基；行业代表性验证；后续指标扩面目标
2000只样本股票池,sz300855,300855.SZ,图南股份,深交所,有色金属,,2000只样本池,中证全指+申万一级分层抽样,按行业权重代表性与流动性先验纳入,,L8X上游地基；行业代表性验证；后续指标扩面目标
2000只样本股票池,sh600456,600456.SH,宝钛股份,上交所,有色金属,,2000只样本池,中证全指+申万一级分层抽样,按行业权重代表性与流动性先验纳入,,L8X上游地基；行业代表性验证；后续指标扩面目标
2000只样本股票池,sh603220,603220.SH,中贝通信,上交所,通信,,2000只样本池,中证全指+申万一级分层抽样,按行业权重代表性与流动性先验纳入,,L8X上游地基；行业代表性验证；后续指标扩面目标
2000只样本股票池,sz002467,002467.SZ,二六三,深交所,通信,,2000只样本池,中证全指+申万一级分层抽样,按行业权重代表性与流动性先验纳入,,L8X上游地基；行业代表性验证；后续指标扩面目标
2000只样本股票池,sz300098,300098.SZ,高新兴,深交所,通信,,2000只样本池,中证全指+申万一级分层抽样,按行业权重代表性与流动性先验纳入,,L8X上游地基；行业代表性验证；后续指标扩面目标
2000只样本股票池,sz000099,000099.SZ,中信海直,深交所,交通运输,,2000只样本池,中证全指+申万一级分层抽样,按行业权重代表性与流动性先验纳入,,L8X上游地基；行业代表性验证；后续指标扩面目标
2000只样本股票池,sh603565,603565.SH,中谷物流,上交所,交通运输,,2000只样本池,中证全指+申万一级分层抽样,按行业权重代表性与流动性先验纳入,,L8X上游地基；行业代表性验证；后续指标扩面目标
2000只样本股票池,sz000088,000088.SZ,盐田港,深交所,交通运输,,2000只样本池,中证全指+申万一级分层抽样,按行业权重代表性与流动性先验纳入,,L8X上游地基；行业代表性验证；后续指标扩面目标
2000只样本股票池,sh600755,600755.SH,厦门国贸,上交所,交通运输,,2000只样本池,中证全指+申万一级分层抽样,按行业权重代表性与流动性先验纳入,,L8X上游地基；行业代表性验证；后续指标扩面目标
2000只样本股票池,sh601598,601598.SH,中国外运,上交所,交通运输,,2000只样本池,中证全指+申万一级分层抽样,按行业权重代表性与流动性先验纳入,,L8X上游地基；行业代表性验证；后续指标扩面目标
2000只样本股票池,sz000958,000958.SZ,电投产融,深交所,非银金融,,2000只样本池,中证全指+申万一级分层抽样,按行业权重代表性与流动性先验纳入,,L8X上游地基；行业代表性验证；后续指标扩面目标
2000只样本股票池,sh601136,601136.SH,首创证券,上交所,非银金融,,2000只样本池,中证全指+申万一级分层抽样,按行业权重代表性与流动性先验纳入,,L8X上游地基；行业代表性验证；后续指标扩面目标
2000只样本股票池,sz002423,002423.SZ,中粮资本,深交所,非银金融,,2000只样本池,中证全指+申万一级分层抽样,按行业权重代表性与流动性先验纳入,,L8X上游地基；行业代表性验证；后续指标扩面目标
2000只样本股票池,sz300821,300821.SZ,东岳硅材,深交所,基础化工,,2000只样本池,中证全指+申万一级分层抽样,按行业权重代表性与流动性先验纳入,,L8X上游地基；行业代表性验证；后续指标扩面目标
2000只样本股票池,sz002108,002108.SZ,沧州明珠,深交所,基础化工,,2000只样本池,中证全指+申万一级分层抽样,按行业权重代表性与流动性先验纳入,,L8X上游地基；行业代表性验证；后续指标扩面目标
2000只样本股票池,sz000510,000510.SZ,新金路,深交所,基础化工,,2000只样本池,中证全指+申万一级分层抽样,按行业权重代表性与流动性先验纳入,,L8X上游地基；行业代表性验证；后续指标扩面目标
2000只样本股票池,sz000990,000990.SZ,诚志股份,深交所,基础化工,,2000只样本池,中证全指+申万一级分层抽样,按行业权重代表性与流动性先验纳入,,L8X上游地基；行业代表性验证；后续指标扩面目标
2000只样本股票池,sz300109,300109.SZ,新开源,深交所,基础化工,,2000只样本池,中证全指+申万一级分层抽样,按行业权重代表性与流动性先验纳入,,L8X上游地基；行业代表性验证；后续指标扩面目标
2000只样本股票池,sz000902,000902.SZ,新洋丰,深交所,基础化工,,2000只样本池,中证全指+申万一级分层抽样,按行业权重代表性与流动性先验纳入,,L8X上游地基；行业代表性验证；后续指标扩面目标
2000只样本股票池,sz301035,301035.SZ,润丰股份,深交所,基础化工,,2000只样本池,中证全指+申万一级分层抽样,按行业权重代表性与流动性先验纳入,,L8X上游地基；行业代表性验证；后续指标扩面目标
2000只样本股票池,sh600158,600158.SH,中体产业,上交所,社会服务,,2000只样本池,中证全指+申万一级分层抽样,按行业权重代表性与流动性先验纳入,,L8X上游地基；行业代表性验证；后续指标扩面目标
2000只样本股票池,sh600590,600590.SH,泰豪科技,上交所,国防军工,,2000只样本池,中证全指+申万一级分层抽样,按行业权重代表性与流动性先验纳入,,L8X上游地基；行业代表性验证；后续指标扩面目标
2000只样本股票池,sz300034,300034.SZ,钢研高纳,深交所,国防军工,,2000只样本池,中证全指+申万一级分层抽样,按行业权重代表性与流动性先验纳入,,L8X上游地基；行业代表性验证；后续指标扩面目标
2000只样本股票池,sz002446,002446.SZ,盛路通信,深交所,国防军工,,2000只样本池,中证全指+申万一级分层抽样,按行业权重代表性与流动性先验纳入,,L8X上游地基；行业代表性验证；后续指标扩面目标
2000只样本股票池,sh603678,603678.SH,火炬电子,上交所,国防军工,,2000只样本池,中证全指+申万一级分层抽样,按行业权重代表性与流动性先验纳入,,L8X上游地基；行业代表性验证；后续指标扩面目标
2000只样本股票池,sh603198,603198.SH,迎驾贡酒,上交所,食品饮料,,2000只样本池,中证全指+申万一级分层抽样,按行业权重代表性与流动性先验纳入,,L8X上游地基；行业代表性验证；后续指标扩面目标
2000只样本股票池,sh600808,600808.SH,马钢股份,上交所,钢铁,,2000只样本池,中证全指+申万一级分层抽样,按行业权重代表性与流动性先验纳入,,L8X上游地基；行业代表性验证；后续指标扩面目标
2000只样本股票池,sh600295,600295.SH,鄂尔多斯,上交所,钢铁,,2000只样本池,中证全指+申万一级分层抽样,按行业权重代表性与流动性先验纳入,,L8X上游地基；行业代表性验证；后续指标扩面目标
2000只样本股票池,sh603899,603899.SH,晨光股份,上交所,轻工制造,,2000只样本池,中证全指+申万一级分层抽样,按行业权重代表性与流动性先验纳入,,L8X上游地基；行业代表性验证；后续指标扩面目标
2000只样本股票池,sz002839,002839.SZ,张家港行,深交所,银行,,2000只样本池,中证全指+申万一级分层抽样,按行业权重代表性与流动性先验纳入,,L8X上游地基；行业代表性验证；后续指标扩面目标
2000只样本股票池,sz001227,001227.SZ,兰州银行,深交所,银行,,2000只样本池,中证全指+申万一级分层抽样,按行业权重代表性与流动性先验纳入,,L8X上游地基；行业代表性验证；后续指标扩面目标
2000只样本股票池,sh600908,600908.SH,无锡银行,上交所,银行,,2000只样本池,中证全指+申万一级分层抽样,按行业权重代表性与流动性先验纳入,,L8X上游地基；行业代表性验证；后续指标扩面目标
2000只样本股票池,sh600848,600848.SH,上海临港,上交所,房地产,,2000只样本池,中证全指+申万一级分层抽样,按行业权重代表性与流动性先验纳入,,L8X上游地基；行业代表性验证；后续指标扩面目标
2000只样本股票池,sz002091,002091.SZ,江苏国泰,深交所,商贸零售,,2000只样本池,中证全指+申万一级分层抽样,按行业权重代表性与流动性先验纳入,,L8X上游地基；行业代表性验证；后续指标扩面目标
2000只样本股票池,sz300179,300179.SZ,四方达,深交所,机械设备,,2000只样本池,中证全指+申万一级分层抽样,按行业权重代表性与流动性先验纳入,,L8X上游地基；行业代表性验证；后续指标扩面目标
2000只样本股票池,sz002943,002943.SZ,宇晶股份,深交所,机械设备,,2000只样本池,中证全指+申万一级分层抽样,按行业权重代表性与流动性先验纳入,,L8X上游地基；行业代表性验证；后续指标扩面目标
2000只样本股票池,sh600172,600172.SH,黄河旋风,上交所,机械设备,,2000只样本池,中证全指+申万一级分层抽样,按行业权重代表性与流动性先验纳入,,L8X上游地基；行业代表性验证；后续指标扩面目标
2000只样本股票池,sh603283,603283.SH,赛腾股份,上交所,机械设备,,2000只样本池,中证全指+申万一级分层抽样,按行业权重代表性与流动性先验纳入,,L8X上游地基；行业代表性验证；后续指标扩面目标
2000只样本股票池,sz300263,300263.SZ,隆华科技,深交所,机械设备,,2000只样本池,中证全指+申万一级分层抽样,按行业权重代表性与流动性先验纳入,,L8X上游地基；行业代表性验证；后续指标扩面目标
2000只样本股票池,sz300486,300486.SZ,东杰智能,深交所,机械设备,,2000只样本池,中证全指+申万一级分层抽样,按行业权重代表性与流动性先验纳入,,L8X上游地基；行业代表性验证；后续指标扩面目标
2000只样本股票池,sz300756,300756.SZ,金马游乐,深交所,机械设备,,2000只样本池,中证全指+申万一级分层抽样,按行业权重代表性与流动性先验纳入,,L8X上游地基；行业代表性验证；后续指标扩面目标
2000只样本股票池,sh600528,600528.SH,中铁工业,上交所,机械设备,,2000只样本池,中证全指+申万一级分层抽样,按行业权重代表性与流动性先验纳入,,L8X上游地基；行业代表性验证；后续指标扩面目标
2000只样本股票池,sz300444,300444.SZ,双杰电气,深交所,电力设备,,2000只样本池,中证全指+申万一级分层抽样,按行业权重代表性与流动性先验纳入,,L8X上游地基；行业代表性验证；后续指标扩面目标
2000只样本股票池,sz300129,300129.SZ,泰胜风能,深交所,电力设备,,2000只样本池,中证全指+申万一级分层抽样,按行业权重代表性与流动性先验纳入,,L8X上游地基；行业代表性验证；后续指标扩面目标
2000只样本股票池,sh688353,688353.SH,华盛锂电,上交所,电力设备,,2000只样本池,中证全指+申万一级分层抽样,按行业权重代表性与流动性先验纳入,,L8X上游地基；行业代表性验证；后续指标扩面目标
2000只样本股票池,sh688556,688556.SH,高测股份,上交所,电力设备,,2000只样本池,中证全指+申万一级分层抽样,按行业权重代表性与流动性先验纳入,,L8X上游地基；行业代表性验证；后续指标扩面目标
2000只样本股票池,sh603185,603185.SH,弘元绿能,上交所,电力设备,,2000只样本池,中证全指+申万一级分层抽样,按行业权重代表性与流动性先验纳入,,L8X上游地基；行业代表性验证；后续指标扩面目标
2000只样本股票池,sz300393,300393.SZ,中来股份,深交所,电力设备,,2000只样本池,中证全指+申万一级分层抽样,按行业权重代表性与流动性先验纳入,,L8X上游地基；行业代表性验证；后续指标扩面目标
2000只样本股票池,sz002392,002392.SZ,北京利尔,深交所,建筑材料,,2000只样本池,中证全指+申万一级分层抽样,按行业权重代表性与流动性先验纳入,,L8X上游地基；行业代表性验证；后续指标扩面目标
2000只样本股票池,sz002100,002100.SZ,天康生物,深交所,农林牧渔,,2000只样本池,中证全指+申万一级分层抽样,按行业权重代表性与流动性先验纳入,,L8X上游地基；行业代表性验证；后续指标扩面目标
2000只样本股票池,sz301183,301183.SZ,东田微,深交所,电子,,2000只样本池,中证全指+申万一级分层抽样,按行业权重代表性与流动性先验纳入,,L8X上游地基；行业代表性验证；后续指标扩面目标
2000只样本股票池,sh688691,688691.SH,灿芯股份,上交所,电子,,2000只样本池,中证全指+申万一级分层抽样,按行业权重代表性与流动性先验纳入,,L8X上游地基；行业代表性验证；后续指标扩面目标
2000只样本股票池,sh603186,603186.SH,华正新材,上交所,电子,,2000只样本池,中证全指+申万一级分层抽样,按行业权重代表性与流动性先验纳入,,L8X上游地基；行业代表性验证；后续指标扩面目标
2000只样本股票池,sh603341,603341.SH,龙旗科技,上交所,电子,,2000只样本池,中证全指+申万一级分层抽样,按行业权重代表性与流动性先验纳入,,L8X上游地基；行业代表性验证；后续指标扩面目标
2000只样本股票池,sh688401,688401.SH,路维光电,上交所,电子,,2000只样本池,中证全指+申万一级分层抽样,按行业权重代表性与流动性先验纳入,,L8X上游地基；行业代表性验证；后续指标扩面目标
2000只样本股票池,sh600353,600353.SH,旭光电子,上交所,电子,,2000只样本池,中证全指+申万一级分层抽样,按行业权重代表性与流动性先验纳入,,L8X上游地基；行业代表性验证；后续指标扩面目标
2000只样本股票池,sz300319,300319.SZ,麦捷科技,深交所,电子,,2000只样本池,中证全指+申万一级分层抽样,按行业权重代表性与流动性先验纳入,,L8X上游地基；行业代表性验证；后续指标扩面目标
2000只样本股票池,sz301285,301285.SZ,鸿日达,深交所,电子,,2000只样本池,中证全指+申万一级分层抽样,按行业权重代表性与流动性先验纳入,,L8X上游地基；行业代表性验证；后续指标扩面目标
2000只样本股票池,sh600744,600744.SH,华银电力,上交所,公用事业,,2000只样本池,中证全指+申万一级分层抽样,按行业权重代表性与流动性先验纳入,,L8X上游地基；行业代表性验证；后续指标扩面目标
2000只样本股票池,sz300483,300483.SZ,首华燃气,深交所,公用事业,,2000只样本池,中证全指+申万一级分层抽样,按行业权重代表性与流动性先验纳入,,L8X上游地基；行业代表性验证；后续指标扩面目标
2000只样本股票池,sz001286,001286.SZ,陕西能源,深交所,公用事业,,2000只样本池,中证全指+申万一级分层抽样,按行业权重代表性与流动性先验纳入,,L8X上游地基；行业代表性验证；后续指标扩面目标
2000只样本股票池,sh601222,601222.SH,林洋能源,上交所,公用事业,,2000只样本池,中证全指+申万一级分层抽样,按行业权重代表性与流动性先验纳入,,L8X上游地基；行业代表性验证；后续指标扩面目标
2000只样本股票池,sh688319,688319.SH,欧林生物,上交所,医药生物,,2000只样本池,中证全指+申万一级分层抽样,按行业权重代表性与流动性先验纳入,,L8X上游地基；行业代表性验证；后续指标扩面目标
2000只样本股票池,sh688062,688062.SH,迈威生物,上交所,医药生物,,2000只样本池,中证全指+申万一级分层抽样,按行业权重代表性与流动性先验纳入,,L8X上游地基；行业代表性验证；后续指标扩面目标
2000只样本股票池,sz002020,002020.SZ,京新药业,深交所,医药生物,,2000只样本池,中证全指+申万一级分层抽样,按行业权重代表性与流动性先验纳入,,L8X上游地基；行业代表性验证；后续指标扩面目标
2000只样本股票池,sz002675,002675.SZ,东诚药业,深交所,医药生物,,2000只样本池,中证全指+申万一级分层抽样,按行业权重代表性与流动性先验纳入,,L8X上游地基；行业代表性验证；后续指标扩面目标
2000只样本股票池,sh603233,603233.SH,大参林,上交所,医药生物,,2000只样本池,中证全指+申万一级分层抽样,按行业权重代表性与流动性先验纳入,,L8X上游地基；行业代表性验证；后续指标扩面目标
2000只样本股票池,sh603858,603858.SH,步长制药,上交所,医药生物,,2000只样本池,中证全指+申万一级分层抽样,按行业权重代表性与流动性先验纳入,,L8X上游地基；行业代表性验证；后续指标扩面目标
2000只样本股票池,sz002283,002283.SZ,天润工业,深交所,汽车,,2000只样本池,中证全指+申万一级分层抽样,按行业权重代表性与流动性先验纳入,,L8X上游地基；行业代表性验证；后续指标扩面目标
2000只样本股票池,sz000980,000980.SZ,众泰汽车,深交所,汽车,,2000只样本池,中证全指+申万一级分层抽样,按行业权重代表性与流动性先验纳入,,L8X上游地基；行业代表性验证；后续指标扩面目标
2000只样本股票池,sh600933,600933.SH,爱柯迪,上交所,汽车,,2000只样本池,中证全指+申万一级分层抽样,按行业权重代表性与流动性先验纳入,,L8X上游地基；行业代表性验证；后续指标扩面目标
2000只样本股票池,sz301345,301345.SZ,涛涛车业,深交所,汽车,,2000只样本池,中证全指+申万一级分层抽样,按行业权重代表性与流动性先验纳入,,L8X上游地基；行业代表性验证；后续指标扩面目标
2000只样本股票池,sh688258,688258.SH,卓易信息,上交所,计算机,,2000只样本池,中证全指+申万一级分层抽样,按行业权重代表性与流动性先验纳入,,L8X上游地基；行业代表性验证；后续指标扩面目标
2000只样本股票池,sz300378,300378.SZ,鼎捷数智,深交所,计算机,,2000只样本池,中证全指+申万一级分层抽样,按行业权重代表性与流动性先验纳入,,L8X上游地基；行业代表性验证；后续指标扩面目标
2000只样本股票池,sh688318,688318.SH,财富趋势,上交所,计算机,,2000只样本池,中证全指+申万一级分层抽样,按行业权重代表性与流动性先验纳入,,L8X上游地基；行业代表性验证；后续指标扩面目标
2000只样本股票池,sh600446,600446.SH,金证股份,上交所,计算机,,2000只样本池,中证全指+申万一级分层抽样,按行业权重代表性与流动性先验纳入,,L8X上游地基；行业代表性验证；后续指标扩面目标
2000只样本股票池,sz300682,300682.SZ,朗新科技,深交所,计算机,,2000只样本池,中证全指+申万一级分层抽样,按行业权重代表性与流动性先验纳入,,L8X上游地基；行业代表性验证；后续指标扩面目标
2000只样本股票池,sh600797,600797.SH,浙大网新,上交所,计算机,,2000只样本池,中证全指+申万一级分层抽样,按行业权重代表性与流动性先验纳入,,L8X上游地基；行业代表性验证；后续指标扩面目标
2000只样本股票池,sz300324,300324.SZ,旋极信息,深交所,计算机,,2000只样本池,中证全指+申万一级分层抽样,按行业权重代表性与流动性先验纳入,,L8X上游地基；行业代表性验证；后续指标扩面目标
2000只样本股票池,sz002212,002212.SZ,天融信,深交所,计算机,,2000只样本池,中证全指+申万一级分层抽样,按行业权重代表性与流动性先验纳入,,L8X上游地基；行业代表性验证；后续指标扩面目标
2000只样本股票池,sz300130,300130.SZ,新国都,深交所,计算机,,2000只样本池,中证全指+申万一级分层抽样,按行业权重代表性与流动性先验纳入,,L8X上游地基；行业代表性验证；后续指标扩面目标
2000只样本股票池,sz000685,000685.SZ,中山公用,深交所,环保,,2000只样本池,中证全指+申万一级分层抽样,按行业权重代表性与流动性先验纳入,,L8X上游地基；行业代表性验证；后续指标扩面目标
2000只样本股票池,sz300070,300070.SZ,碧水源,深交所,环保,,2000只样本池,中证全指+申万一级分层抽样,按行业权重代表性与流动性先验纳入,,L8X上游地基；行业代表性验证；后续指标扩面目标
2000只样本股票池,sh601808,601808.SH,中海油服,上交所,石油石化,,2000只样本池,中证全指+申万一级分层抽样,按行业权重代表性与流动性先验纳入,,L8X上游地基；行业代表性验证；后续指标扩面目标
2000只样本股票池,sh600968,600968.SH,海油发展,上交所,石油石化,,2000只样本池,中证全指+申万一级分层抽样,按行业权重代表性与流动性先验纳入,,L8X上游地基；行业代表性验证；后续指标扩面目标
2000只样本股票池,sz002842,002842.SZ,翔鹭钨业,深交所,有色金属,,2000只样本池,中证全指+申万一级分层抽样,按行业权重代表性与流动性先验纳入,,L8X上游地基；行业代表性验证；后续指标扩面目标
2000只样本股票池,sh601069,601069.SH,西部黄金,上交所,有色金属,,2000只样本池,中证全指+申万一级分层抽样,按行业权重代表性与流动性先验纳入,,L8X上游地基；行业代表性验证；后续指标扩面目标
2000只样本股票池,sh601609,601609.SH,金田股份,上交所,有色金属,,2000只样本池,中证全指+申万一级分层抽样,按行业权重代表性与流动性先验纳入,,L8X上游地基；行业代表性验证；后续指标扩面目标
2000只样本股票池,sz002929,002929.SZ,润建股份,深交所,通信,,2000只样本池,中证全指+申万一级分层抽样,按行业权重代表性与流动性先验纳入,,L8X上游地基；行业代表性验证；后续指标扩面目标
2000只样本股票池,sz301165,301165.SZ,锐捷网络,深交所,通信,,2000只样本池,中证全指+申万一级分层抽样,按行业权重代表性与流动性先验纳入,,L8X上游地基；行业代表性验证；后续指标扩面目标
2000只样本股票池,sh603871,603871.SH,嘉友国际,上交所,交通运输,,2000只样本池,中证全指+申万一级分层抽样,按行业权重代表性与流动性先验纳入,,L8X上游地基；行业代表性验证；后续指标扩面目标
2000只样本股票池,sh600004,600004.SH,白云机场,上交所,交通运输,,2000只样本池,中证全指+申万一级分层抽样,按行业权重代表性与流动性先验纳入,,L8X上游地基；行业代表性验证；后续指标扩面目标
2000只样本股票池,sz002508,002508.SZ,老板电器,深交所,家用电器,,2000只样本池,中证全指+申万一级分层抽样,按行业权重代表性与流动性先验纳入,,L8X上游地基；行业代表性验证；后续指标扩面目标
2000只样本股票池,sh688300,688300.SH,联瑞新材,上交所,基础化工,,2000只样本池,中证全指+申万一级分层抽样,按行业权重代表性与流动性先验纳入,,L8X上游地基；行业代表性验证；后续指标扩面目标
2000只样本股票池,sh603612,603612.SH,索通发展,上交所,基础化工,,2000只样本池,中证全指+申万一级分层抽样,按行业权重代表性与流动性先验纳入,,L8X上游地基；行业代表性验证；后续指标扩面目标
2000只样本股票池,sh600391,600391.SH,航发科技,上交所,国防军工,,2000只样本池,中证全指+申万一级分层抽样,按行业权重代表性与流动性先验纳入,,L8X上游地基；行业代表性验证；后续指标扩面目标
2000只样本股票池,sh603267,603267.SH,鸿远电子,上交所,国防军工,,2000只样本池,中证全指+申万一级分层抽样,按行业权重代表性与流动性先验纳入,,L8X上游地基；行业代表性验证；后续指标扩面目标
2000只样本股票池,sz002338,002338.SZ,奥普光电,深交所,国防军工,,2000只样本池,中证全指+申万一级分层抽样,按行业权重代表性与流动性先验纳入,,L8X上游地基；行业代表性验证；后续指标扩面目标
2000只样本股票池,sz300101,300101.SZ,振芯科技,深交所,国防军工,,2000只样本池,中证全指+申万一级分层抽样,按行业权重代表性与流动性先验纳入,,L8X上游地基；行业代表性验证；后续指标扩面目标
2000只样本股票池,sh603833,603833.SH,欧派家居,上交所,轻工制造,,2000只样本池,中证全指+申万一级分层抽样,按行业权重代表性与流动性先验纳入,,L8X上游地基；行业代表性验证；后续指标扩面目标
2000只样本股票池,sh600210,600210.SH,紫江企业,上交所,轻工制造,,2000只样本池,中证全指+申万一级分层抽样,按行业权重代表性与流动性先验纳入,,L8X上游地基；行业代表性验证；后续指标扩面目标
2000只样本股票池,sz300957,300957.SZ,贝泰妮,深交所,美容护理,,2000只样本池,中证全指+申万一级分层抽样,按行业权重代表性与流动性先验纳入,,L8X上游地基；行业代表性验证；后续指标扩面目标
2000只样本股票池,sh601860,601860.SH,紫金银行,上交所,银行,,2000只样本池,中证全指+申万一级分层抽样,按行业权重代表性与流动性先验纳入,,L8X上游地基；行业代表性验证；后续指标扩面目标
2000只样本股票池,sz000620,000620.SZ,盈新发展,深交所,房地产,,2000只样本池,中证全指+申万一级分层抽样,按行业权重代表性与流动性先验纳入,,L8X上游地基；行业代表性验证；后续指标扩面目标
2000只样本股票池,sz002979,002979.SZ,雷赛智能,深交所,机械设备,,2000只样本池,中证全指+申万一级分层抽样,按行业权重代表性与流动性先验纳入,,L8X上游地基；行业代表性验证；后续指标扩面目标
2000只样本股票池,sz300718,300718.SZ,长盛轴承,深交所,机械设备,,2000只样本池,中证全指+申万一级分层抽样,按行业权重代表性与流动性先验纳入,,L8X上游地基；行业代表性验证；后续指标扩面目标
2000只样本股票池,sz002896,002896.SZ,中大力德,深交所,机械设备,,2000只样本池,中证全指+申万一级分层抽样,按行业权重代表性与流动性先验纳入,,L8X上游地基；行业代表性验证；后续指标扩面目标
2000只样本股票池,sz301338,301338.SZ,凯格精机,深交所,机械设备,,2000只样本池,中证全指+申万一级分层抽样,按行业权重代表性与流动性先验纳入,,L8X上游地基；行业代表性验证；后续指标扩面目标
2000只样本股票池,sh603662,603662.SH,柯力传感,上交所,机械设备,,2000只样本池,中证全指+申万一级分层抽样,按行业权重代表性与流动性先验纳入,,L8X上游地基；行业代表性验证；后续指标扩面目标
2000只样本股票池,sh688059,688059.SH,华锐精密,上交所,机械设备,,2000只样本池,中证全指+申万一级分层抽样,按行业权重代表性与流动性先验纳入,,L8X上游地基；行业代表性验证；后续指标扩面目标
2000只样本股票池,sz300415,300415.SZ,伊之密,深交所,机械设备,,2000只样本池,中证全指+申万一级分层抽样,按行业权重代表性与流动性先验纳入,,L8X上游地基；行业代表性验证；后续指标扩面目标
2000只样本股票池,sz000410,000410.SZ,沈阳机床,深交所,机械设备,,2000只样本池,中证全指+申万一级分层抽样,按行业权重代表性与流动性先验纳入,,L8X上游地基；行业代表性验证；后续指标扩面目标
2000只样本股票池,sh601311,601311.SH,骆驼股份,上交所,电力设备,,2000只样本池,中证全指+申万一级分层抽样,按行业权重代表性与流动性先验纳入,,L8X上游地基；行业代表性验证；后续指标扩面目标
2000只样本股票池,sz002169,002169.SZ,智光电气,深交所,电力设备,,2000只样本池,中证全指+申万一级分层抽样,按行业权重代表性与流动性先验纳入,,L8X上游地基；行业代表性验证；后续指标扩面目标
2000只样本股票池,sz002121,002121.SZ,科陆电子,深交所,电力设备,,2000只样本池,中证全指+申万一级分层抽样,按行业权重代表性与流动性先验纳入,,L8X上游地基；行业代表性验证；后续指标扩面目标
2000只样本股票池,sz002785,002785.SZ,万里石,深交所,建筑材料,,2000只样本池,中证全指+申万一级分层抽样,按行业权重代表性与流动性先验纳入,,L8X上游地基；行业代表性验证；后续指标扩面目标
2000只样本股票池,sz300613,300613.SZ,富瀚微,深交所,电子,,2000只样本池,中证全指+申万一级分层抽样,按行业权重代表性与流动性先验纳入,,L8X上游地基；行业代表性验证；后续指标扩面目标
2000只样本股票池,sz300489,300489.SZ,光智科技,深交所,电子,,2000只样本池,中证全指+申万一级分层抽样,按行业权重代表性与流动性先验纳入,,L8X上游地基；行业代表性验证；后续指标扩面目标
2000只样本股票池,sh688515,688515.SH,裕太微,上交所,电子,,2000只样本池,中证全指+申万一级分层抽样,按行业权重代表性与流动性先验纳入,,L8X上游地基；行业代表性验证；后续指标扩面目标
2000只样本股票池,sz300814,300814.SZ,中富电路,深交所,电子,,2000只样本池,中证全指+申万一级分层抽样,按行业权重代表性与流动性先验纳入,,L8X上游地基；行业代表性验证；后续指标扩面目标
2000只样本股票池,sz300975,300975.SZ,商络电子,深交所,电子,,2000只样本池,中证全指+申万一级分层抽样,按行业权重代表性与流动性先验纳入,,L8X上游地基；行业代表性验证；后续指标扩面目标
2000只样本股票池,sz002036,002036.SZ,联创电子,深交所,电子,,2000只样本池,中证全指+申万一级分层抽样,按行业权重代表性与流动性先验纳入,,L8X上游地基；行业代表性验证；后续指标扩面目标
2000只样本股票池,sz300576,300576.SZ,容大感光,深交所,电子,,2000只样本池,中证全指+申万一级分层抽样,按行业权重代表性与流动性先验纳入,,L8X上游地基；行业代表性验证；后续指标扩面目标
2000只样本股票池,sz003035,003035.SZ,南网能源,深交所,公用事业,,2000只样本池,中证全指+申万一级分层抽样,按行业权重代表性与流动性先验纳入,,L8X上游地基；行业代表性验证；后续指标扩面目标
2000只样本股票池,sz000537,000537.SZ,绿发电力,深交所,公用事业,,2000只样本池,中证全指+申万一级分层抽样,按行业权重代表性与流动性先验纳入,,L8X上游地基；行业代表性验证；后续指标扩面目标
2000只样本股票池,sh601619,601619.SH,嘉泽新能,上交所,公用事业,,2000只样本池,中证全指+申万一级分层抽样,按行业权重代表性与流动性先验纳入,,L8X上游地基；行业代表性验证；后续指标扩面目标
2000只样本股票池,sh603393,603393.SH,新天然气,上交所,公用事业,,2000只样本池,中证全指+申万一级分层抽样,按行业权重代表性与流动性先验纳入,,L8X上游地基；行业代表性验证；后续指标扩面目标
2000只样本股票池,sz300497,300497.SZ,富祥药业,深交所,医药生物,,2000只样本池,中证全指+申万一级分层抽样,按行业权重代表性与流动性先验纳入,,L8X上游地基；行业代表性验证；后续指标扩面目标
2000只样本股票池,sz300204,300204.SZ,舒泰神,深交所,医药生物,,2000只样本池,中证全指+申万一级分层抽样,按行业权重代表性与流动性先验纳入,,L8X上游地基；行业代表性验证；后续指标扩面目标
2000只样本股票池,sz002173,002173.SZ,创新医疗,深交所,医药生物,,2000只样本池,中证全指+申万一级分层抽样,按行业权重代表性与流动性先验纳入,,L8X上游地基；行业代表性验证；后续指标扩面目标
2000只样本股票池,sz301093,301093.SZ,华兰股份,深交所,医药生物,,2000只样本池,中证全指+申万一级分层抽样,按行业权重代表性与流动性先验纳入,,L8X上游地基；行业代表性验证；后续指标扩面目标
2000只样本股票池,sh688690,688690.SH,纳微科技,上交所,医药生物,,2000只样本池,中证全指+申万一级分层抽样,按行业权重代表性与流动性先验纳入,,L8X上游地基；行业代表性验证；后续指标扩面目标
2000只样本股票池,sh600572,600572.SH,康恩贝,上交所,医药生物,,2000只样本池,中证全指+申万一级分层抽样,按行业权重代表性与流动性先验纳入,,L8X上游地基；行业代表性验证；后续指标扩面目标
2000只样本股票池,sz300357,300357.SZ,我武生物,深交所,医药生物,,2000只样本池,中证全指+申万一级分层抽样,按行业权重代表性与流动性先验纳入,,L8X上游地基；行业代表性验证；后续指标扩面目标
2000只样本股票池,sz002019,002019.SZ,亿帆医药,深交所,医药生物,,2000只样本池,中证全指+申万一级分层抽样,按行业权重代表性与流动性先验纳入,,L8X上游地基；行业代表性验证；后续指标扩面目标
2000只样本股票池,sz002004,002004.SZ,华邦健康,深交所,医药生物,,2000只样本池,中证全指+申万一级分层抽样,按行业权重代表性与流动性先验纳入,,L8X上游地基；行业代表性验证；后续指标扩面目标
2000只样本股票池,sz000403,000403.SZ,派林生物,深交所,医药生物,,2000只样本池,中证全指+申万一级分层抽样,按行业权重代表性与流动性先验纳入,,L8X上游地基；行业代表性验证；后续指标扩面目标
2000只样本股票池,sh688050,688050.SH,爱博医疗,上交所,医药生物,,2000只样本池,中证全指+申万一级分层抽样,按行业权重代表性与流动性先验纳入,,L8X上游地基；行业代表性验证；后续指标扩面目标
2000只样本股票池,sh600771,600771.SH,广誉远,上交所,医药生物,,2000只样本池,中证全指+申万一级分层抽样,按行业权重代表性与流动性先验纳入,,L8X上游地基；行业代表性验证；后续指标扩面目标
2000只样本股票池,sz002906,002906.SZ,华阳集团,深交所,汽车,,2000只样本池,中证全指+申万一级分层抽样,按行业权重代表性与流动性先验纳入,,L8X上游地基；行业代表性验证；后续指标扩面目标
2000只样本股票池,sh688612,688612.SH,威迈斯,上交所,汽车,,2000只样本池,中证全指+申万一级分层抽样,按行业权重代表性与流动性先验纳入,,L8X上游地基；行业代表性验证；后续指标扩面目标
2000只样本股票池,sh605289,605289.SH,罗曼股份,上交所,建筑装饰,,2000只样本池,中证全指+申万一级分层抽样,按行业权重代表性与流动性先验纳入,,L8X上游地基；行业代表性验证；后续指标扩面目标
2000只样本股票池,sz002541,002541.SZ,鸿路钢构,深交所,建筑装饰,,2000只样本池,中证全指+申万一级分层抽样,按行业权重代表性与流动性先验纳入,,L8X上游地基；行业代表性验证；后续指标扩面目标
2000只样本股票池,sz300209,300209.SZ,行云科技,深交所,计算机,,2000只样本池,中证全指+申万一级分层抽样,按行业权重代表性与流动性先验纳入,,L8X上游地基；行业代表性验证；后续指标扩面目标
2000只样本股票池,sz300042,300042.SZ,朗科科技,深交所,计算机,,2000只样本池,中证全指+申万一级分层抽样,按行业权重代表性与流动性先验纳入,,L8X上游地基；行业代表性验证；后续指标扩面目标
2000只样本股票池,sz301095,301095.SZ,广立微,深交所,计算机,,2000只样本池,中证全指+申万一级分层抽样,按行业权重代表性与流动性先验纳入,,L8X上游地基；行业代表性验证；后续指标扩面目标
2000只样本股票池,sz300520,300520.SZ,科大国创,深交所,计算机,,2000只样本池,中证全指+申万一级分层抽样,按行业权重代表性与流动性先验纳入,,L8X上游地基；行业代表性验证；后续指标扩面目标
2000只样本股票池,sz002153,002153.SZ,石基信息,深交所,计算机,,2000只样本池,中证全指+申万一级分层抽样,按行业权重代表性与流动性先验纳入,,L8X上游地基；行业代表性验证；后续指标扩面目标
2000只样本股票池,sz300290,300290.SZ,荣科科技,深交所,计算机,,2000只样本池,中证全指+申万一级分层抽样,按行业权重代表性与流动性先验纳入,,L8X上游地基；行业代表性验证；后续指标扩面目标
2000只样本股票池,sh688561,688561.SH,奇安信,上交所,计算机,,2000只样本池,中证全指+申万一级分层抽样,按行业权重代表性与流动性先验纳入,,L8X上游地基；行业代表性验证；后续指标扩面目标
2000只样本股票池,sz000555,000555.SZ,神州信息,深交所,计算机,,2000只样本池,中证全指+申万一级分层抽样,按行业权重代表性与流动性先验纳入,,L8X上游地基；行业代表性验证；后续指标扩面目标
2000只样本股票池,sz300047,300047.SZ,天源迪科,深交所,计算机,,2000只样本池,中证全指+申万一级分层抽样,按行业权重代表性与流动性先验纳入,,L8X上游地基；行业代表性验证；后续指标扩面目标
2000只样本股票池,sh600850,600850.SH,电科数字,上交所,计算机,,2000只样本池,中证全指+申万一级分层抽样,按行业权重代表性与流动性先验纳入,,L8X上游地基；行业代表性验证；后续指标扩面目标
2000只样本股票池,sz300079,300079.SZ,数码视讯,深交所,计算机,,2000只样本池,中证全指+申万一级分层抽样,按行业权重代表性与流动性先验纳入,,L8X上游地基；行业代表性验证；后续指标扩面目标
2000只样本股票池,sh600718,600718.SH,东软集团,上交所,计算机,,2000只样本池,中证全指+申万一级分层抽样,按行业权重代表性与流动性先验纳入,,L8X上游地基；行业代表性验证；后续指标扩面目标
2000只样本股票池,sh603686,603686.SH,福龙马,上交所,环保,,2000只样本池,中证全指+申万一级分层抽样,按行业权重代表性与流动性先验纳入,,L8X上游地基；行业代表性验证；后续指标扩面目标
2000只样本股票池,sh600461,600461.SH,洪城环境,上交所,环保,,2000只样本池,中证全指+申万一级分层抽样,按行业权重代表性与流动性先验纳入,,L8X上游地基；行业代表性验证；后续指标扩面目标
2000只样本股票池,sz300164,300164.SZ,通源石油,深交所,石油石化,,2000只样本池,中证全指+申万一级分层抽样,按行业权重代表性与流动性先验纳入,,L8X上游地基；行业代表性验证；后续指标扩面目标
2000只样本股票池,sz300191,300191.SZ,潜能恒信,深交所,石油石化,,2000只样本池,中证全指+申万一级分层抽样,按行业权重代表性与流动性先验纳入,,L8X上游地基；行业代表性验证；后续指标扩面目标
2000只样本股票池,sz002167,002167.SZ,东方锆业,深交所,有色金属,,2000只样本池,中证全指+申万一级分层抽样,按行业权重代表性与流动性先验纳入,,L8X上游地基；行业代表性验证；后续指标扩面目标
2000只样本股票池,sh600776,600776.SH,东方通信,上交所,通信,,2000只样本池,中证全指+申万一级分层抽样,按行业权重代表性与流动性先验纳入,,L8X上游地基；行业代表性验证；后续指标扩面目标
2000只样本股票池,sh600345,600345.SH,长江通信,上交所,通信,,2000只样本池,中证全指+申万一级分层抽样,按行业权重代表性与流动性先验纳入,,L8X上游地基；行业代表性验证；后续指标扩面目标
2000只样本股票池,sz000839,000839.SZ,国安股份,深交所,通信,,2000只样本池,中证全指+申万一级分层抽样,按行业权重代表性与流动性先验纳入,,L8X上游地基；行业代表性验证；后续指标扩面目标
2000只样本股票池,sh600057,600057.SH,厦门象屿,上交所,交通运输,,2000只样本池,中证全指+申万一级分层抽样,按行业权重代表性与流动性先验纳入,,L8X上游地基；行业代表性验证；后续指标扩面目标
2000只样本股票池,sz002010,002010.SZ,传化智联,深交所,交通运输,,2000只样本池,中证全指+申万一级分层抽样,按行业权重代表性与流动性先验纳入,,L8X上游地基；行业代表性验证；后续指标扩面目标
2000只样本股票池,sz001330,001330.SZ,博纳影业,深交所,传媒,,2000只样本池,中证全指+申万一级分层抽样,按行业权重代表性与流动性先验纳入,,L8X上游地基；行业代表性验证；后续指标扩面目标
2000只样本股票池,sh601098,601098.SH,中南传媒,上交所,传媒,,2000只样本池,中证全指+申万一级分层抽样,按行业权重代表性与流动性先验纳入,,L8X上游地基；行业代表性验证；后续指标扩面目标
2000只样本股票池,sh600906,600906.SH,财达证券,上交所,非银金融,,2000只样本池,中证全指+申万一级分层抽样,按行业权重代表性与流动性先验纳入,,L8X上游地基；行业代表性验证；后续指标扩面目标
2000只样本股票池,sz000935,000935.SZ,四川双马,深交所,非银金融,,2000只样本池,中证全指+申万一级分层抽样,按行业权重代表性与流动性先验纳入,,L8X上游地基；行业代表性验证；后续指标扩面目标
2000只样本股票池,sz000818,000818.SZ,航锦科技,深交所,基础化工,,2000只样本池,中证全指+申万一级分层抽样,按行业权重代表性与流动性先验纳入,,L8X上游地基；行业代表性验证；后续指标扩面目标
2000只样本股票池,sz002549,002549.SZ,凯美特气,深交所,基础化工,,2000只样本池,中证全指+申万一级分层抽样,按行业权重代表性与流动性先验纳入,,L8X上游地基；行业代表性验证；后续指标扩面目标
2000只样本股票池,sz301071,301071.SZ,力量钻石,深交所,基础化工,,2000只样本池,中证全指+申万一级分层抽样,按行业权重代表性与流动性先验纳入,,L8X上游地基；行业代表性验证；后续指标扩面目标
2000只样本股票池,sh600623,600623.SH,华谊集团,上交所,基础化工,,2000只样本池,中证全指+申万一级分层抽样,按行业权重代表性与流动性先验纳入,,L8X上游地基；行业代表性验证；后续指标扩面目标
2000只样本股票池,sh605020,605020.SH,永和股份,上交所,基础化工,,2000只样本池,中证全指+申万一级分层抽样,按行业权重代表性与流动性先验纳入,,L8X上游地基；行业代表性验证；后续指标扩面目标
2000只样本股票池,sh600500,600500.SH,中化国际,上交所,基础化工,,2000只样本池,中证全指+申万一级分层抽样,按行业权重代表性与流动性先验纳入,,L8X上游地基；行业代表性验证；后续指标扩面目标
2000只样本股票池,sz002246,002246.SZ,北化股份,深交所,基础化工,,2000只样本池,中证全指+申万一级分层抽样,按行业权重代表性与流动性先验纳入,,L8X上游地基；行业代表性验证；后续指标扩面目标
2000只样本股票池,sh603599,603599.SH,广信股份,上交所,基础化工,,2000只样本池,中证全指+申万一级分层抽样,按行业权重代表性与流动性先验纳入,,L8X上游地基；行业代表性验证；后续指标扩面目标
2000只样本股票池,sz002597,002597.SZ,金禾实业,深交所,基础化工,,2000只样本池,中证全指+申万一级分层抽样,按行业权重代表性与流动性先验纳入,,L8X上游地基；行业代表性验证；后续指标扩面目标
2000只样本股票池,sh603360,603360.SH,百傲化学,上交所,基础化工,,2000只样本池,中证全指+申万一级分层抽样,按行业权重代表性与流动性先验纳入,,L8X上游地基；行业代表性验证；后续指标扩面目标
2000只样本股票池,sz300938,300938.SZ,信测标准,深交所,社会服务,,2000只样本池,中证全指+申万一级分层抽样,按行业权重代表性与流动性先验纳入,,L8X上游地基；行业代表性验证；后续指标扩面目标
2000只样本股票池,sh688523,688523.SH,航天环宇,上交所,国防军工,,2000只样本池,中证全指+申万一级分层抽样,按行业权重代表性与流动性先验纳入,,L8X上游地基；行业代表性验证；后续指标扩面目标
2000只样本股票池,sz300726,300726.SZ,宏达电子,深交所,国防军工,,2000只样本池,中证全指+申万一级分层抽样,按行业权重代表性与流动性先验纳入,,L8X上游地基；行业代表性验证；后续指标扩面目标
2000只样本股票池,sh688543,688543.SH,国科军工,上交所,国防军工,,2000只样本池,中证全指+申万一级分层抽样,按行业权重代表性与流动性先验纳入,,L8X上游地基；行业代表性验证；后续指标扩面目标
2000只样本股票池,sz002515,002515.SZ,金字火腿,深交所,食品饮料,,2000只样本池,中证全指+申万一级分层抽样,按行业权重代表性与流动性先验纳入,,L8X上游地基；行业代表性验证；后续指标扩面目标
2000只样本股票池,sh600507,600507.SH,方大特钢,上交所,钢铁,,2000只样本池,中证全指+申万一级分层抽样,按行业权重代表性与流动性先验纳入,,L8X上游地基；行业代表性验证；后续指标扩面目标
2000只样本股票池,sh601005,601005.SH,重庆钢铁,上交所,钢铁,,2000只样本池,中证全指+申万一级分层抽样,按行业权重代表性与流动性先验纳入,,L8X上游地基；行业代表性验证；后续指标扩面目标
2000只样本股票池,sh600103,600103.SH,青山纸业,上交所,轻工制造,,2000只样本池,中证全指+申万一级分层抽样,按行业权重代表性与流动性先验纳入,,L8X上游地基；行业代表性验证；后续指标扩面目标
2000只样本股票池,sz002229,002229.SZ,鸿博股份,深交所,轻工制造,,2000只样本池,中证全指+申万一级分层抽样,按行业权重代表性与流动性先验纳入,,L8X上游地基；行业代表性验证；后续指标扩面目标
2000只样本股票池,sh688363,688363.SH,华熙生物,上交所,美容护理,,2000只样本池,中证全指+申万一级分层抽样,按行业权重代表性与流动性先验纳入,,L8X上游地基；行业代表性验证；后续指标扩面目标
2000只样本股票池,sh600325,600325.SH,华发股份,上交所,房地产,,2000只样本池,中证全指+申万一级分层抽样,按行业权重代表性与流动性先验纳入,,L8X上游地基；行业代表性验证；后续指标扩面目标
2000只样本股票池,sz002315,002315.SZ,焦点科技,深交所,商贸零售,,2000只样本池,中证全指+申万一级分层抽样,按行业权重代表性与流动性先验纳入,,L8X上游地基；行业代表性验证；后续指标扩面目标
2000只样本股票池,sh601061,601061.SH,中信金属,上交所,商贸零售,,2000只样本池,中证全指+申万一级分层抽样,按行业权重代表性与流动性先验纳入,,L8X上游地基；行业代表性验证；后续指标扩面目标
2000只样本股票池,sz301078,301078.SZ,孩子王,深交所,商贸零售,,2000只样本池,中证全指+申万一级分层抽样,按行业权重代表性与流动性先验纳入,,L8X上游地基；行业代表性验证；后续指标扩面目标
2000只样本股票池,sz002251,002251.SZ,步步高,深交所,商贸零售,,2000只样本池,中证全指+申万一级分层抽样,按行业权重代表性与流动性先验纳入,,L8X上游地基；行业代表性验证；后续指标扩面目标
2000只样本股票池,sz002009,002009.SZ,天奇股份,深交所,机械设备,,2000只样本池,中证全指+申万一级分层抽样,按行业权重代表性与流动性先验纳入,,L8X上游地基；行业代表性验证；后续指标扩面目标
2000只样本股票池,sz002685,002685.SZ,华东重机,深交所,机械设备,,2000只样本池,中证全指+申万一级分层抽样,按行业权重代表性与流动性先验纳入,,L8X上游地基；行业代表性验证；后续指标扩面目标
2000只样本股票池,sz301392,301392.SZ,汇成真空,深交所,机械设备,,2000只样本池,中证全指+申万一级分层抽样,按行业权重代表性与流动性先验纳入,,L8X上游地基；行业代表性验证；后续指标扩面目标
2000只样本股票池,sz300480,300480.SZ,光力科技,深交所,机械设备,,2000只样本池,中证全指+申万一级分层抽样,按行业权重代表性与流动性先验纳入,,L8X上游地基；行业代表性验证；后续指标扩面目标
2000只样本股票池,sh688698,688698.SH,伟创电气,上交所,机械设备,,2000只样本池,中证全指+申万一级分层抽样,按行业权重代表性与流动性先验纳入,,L8X上游地基；行业代表性验证；后续指标扩面目标
2000只样本股票池,sz002779,002779.SZ,中坚科技,深交所,机械设备,,2000只样本池,中证全指+申万一级分层抽样,按行业权重代表性与流动性先验纳入,,L8X上游地基；行业代表性验证；后续指标扩面目标
2000只样本股票池,sz002698,002698.SZ,博实股份,深交所,机械设备,,2000只样本池,中证全指+申万一级分层抽样,按行业权重代表性与流动性先验纳入,,L8X上游地基；行业代表性验证；后续指标扩面目标
2000只样本股票池,sh688596,688596.SH,正帆科技,上交所,机械设备,,2000只样本池,中证全指+申万一级分层抽样,按行业权重代表性与流动性先验纳入,,L8X上游地基；行业代表性验证；后续指标扩面目标
2000只样本股票池,sz002006,002006.SZ,精工科技,深交所,机械设备,,2000只样本池,中证全指+申万一级分层抽样,按行业权重代表性与流动性先验纳入,,L8X上游地基；行业代表性验证；后续指标扩面目标
2000只样本股票池,sh600835,600835.SH,上海机电,上交所,机械设备,,2000只样本池,中证全指+申万一级分层抽样,按行业权重代表性与流动性先验纳入,,L8X上游地基；行业代表性验证；后续指标扩面目标
2000只样本股票池,sz002097,002097.SZ,山河智能,深交所,机械设备,,2000只样本池,中证全指+申万一级分层抽样,按行业权重代表性与流动性先验纳入,,L8X上游地基；行业代表性验证；后续指标扩面目标
2000只样本股票池,sh603337,603337.SH,杰克科技,上交所,机械设备,,2000只样本池,中证全指+申万一级分层抽样,按行业权重代表性与流动性先验纳入,,L8X上游地基；行业代表性验证；后续指标扩面目标
2000只样本股票池,sh688425,688425.SH,铁建重工,上交所,机械设备,,2000只样本池,中证全指+申万一级分层抽样,按行业权重代表性与流动性先验纳入,,L8X上游地基；行业代表性验证；后续指标扩面目标
2000只样本股票池,sz301292,301292.SZ,海科新源,深交所,电力设备,,2000只样本池,中证全指+申万一级分层抽样,按行业权重代表性与流动性先验纳入,,L8X上游地基；行业代表性验证；后续指标扩面目标
2000只样本股票池,sz002079,002079.SZ,苏州固锝,深交所,电力设备,,2000只样本池,中证全指+申万一级分层抽样,按行业权重代表性与流动性先验纳入,,L8X上游地基；行业代表性验证；后续指标扩面目标
2000只样本股票池,sz002733,002733.SZ,雄韬股份,深交所,电力设备,,2000只样本池,中证全指+申万一级分层抽样,按行业权重代表性与流动性先验纳入,,L8X上游地基；行业代表性验证；后续指标扩面目标
2000只样本股票池,sh688006,688006.SH,杭可科技,上交所,电力设备,,2000只样本池,中证全指+申万一级分层抽样,按行业权重代表性与流动性先验纳入,,L8X上游地基；行业代表性验证；后续指标扩面目标
2000只样本股票池,sz300660,300660.SZ,江苏雷利,深交所,电力设备,,2000只样本池,中证全指+申万一级分层抽样,按行业权重代表性与流动性先验纳入,,L8X上游地基；行业代表性验证；后续指标扩面目标
2000只样本股票池,sh600481,600481.SH,双良节能,上交所,电力设备,,2000只样本池,中证全指+申万一级分层抽样,按行业权重代表性与流动性先验纳入,,L8X上游地基；行业代表性验证；后续指标扩面目标
2000只样本股票池,sh600268,600268.SH,国电南自,上交所,电力设备,,2000只样本池,中证全指+申万一级分层抽样,按行业权重代表性与流动性先验纳入,,L8X上游地基；行业代表性验证；后续指标扩面目标
2000只样本股票池,sz300772,300772.SZ,运达股份,深交所,电力设备,,2000只样本池,中证全指+申万一级分层抽样,按行业权重代表性与流动性先验纳入,,L8X上游地基；行业代表性验证；后续指标扩面目标
2000只样本股票池,sz002255,002255.SZ,海陆重工,深交所,电力设备,,2000只样本池,中证全指+申万一级分层抽样,按行业权重代表性与流动性先验纳入,,L8X上游地基；行业代表性验证；后续指标扩面目标
2000只样本股票池,sz002043,002043.SZ,兔宝宝,深交所,建筑材料,,2000只样本池,中证全指+申万一级分层抽样,按行业权重代表性与流动性先验纳入,,L8X上游地基；行业代表性验证；后续指标扩面目标
2000只样本股票池,sz002083,002083.SZ,孚日股份,深交所,纺织服饰,,2000只样本池,中证全指+申万一级分层抽样,按行业权重代表性与流动性先验纳入,,L8X上游地基；行业代表性验证；后续指标扩面目标
2000只样本股票池,sh600916,600916.SH,中国黄金,上交所,纺织服饰,,2000只样本池,中证全指+申万一级分层抽样,按行业权重代表性与流动性先验纳入,,L8X上游地基；行业代表性验证；后续指标扩面目标
2000只样本股票池,sz002215,002215.SZ,诺普信,深交所,农林牧渔,,2000只样本池,中证全指+申万一级分层抽样,按行业权重代表性与流动性先验纳入,,L8X上游地基；行业代表性验证；后续指标扩面目标
2000只样本股票池,sz002458,002458.SZ,益生股份,深交所,农林牧渔,,2000只样本池,中证全指+申万一级分层抽样,按行业权重代表性与流动性先验纳入,,L8X上游地基；行业代表性验证；后续指标扩面目标
2000只样本股票池,sh603936,603936.SH,博敏电子,上交所,电子,,2000只样本池,中证全指+申万一级分层抽样,按行业权重代表性与流动性先验纳入,,L8X上游地基；行业代表性验证；后续指标扩面目标
2000只样本股票池,sh603002,603002.SH,宏昌电子,上交所,电子,,2000只样本池,中证全指+申万一级分层抽样,按行业权重代表性与流动性先验纳入,,L8X上游地基；行业代表性验证；后续指标扩面目标
2000只样本股票池,sh688233,688233.SH,神工股份,上交所,电子,,2000只样本池,中证全指+申万一级分层抽样,按行业权重代表性与流动性先验纳入,,L8X上游地基；行业代表性验证；后续指标扩面目标
2000只样本股票池,sh688380,688380.SH,中微半导,上交所,电子,,2000只样本池,中证全指+申万一级分层抽样,按行业权重代表性与流动性先验纳入,,L8X上游地基；行业代表性验证；后续指标扩面目标
2000只样本股票池,sh688508,688508.SH,芯朋微,上交所,电子,,2000只样本池,中证全指+申万一级分层抽样,按行业权重代表性与流动性先验纳入,,L8X上游地基；行业代表性验证；后续指标扩面目标
2000只样本股票池,sh603690,603690.SH,至纯科技,上交所,电子,,2000只样本池,中证全指+申万一级分层抽样,按行业权重代表性与流动性先验纳入,,L8X上游地基；行业代表性验证；后续指标扩面目标
2000只样本股票池,sh688378,688378.SH,奥来德,上交所,电子,,2000只样本池,中证全指+申万一级分层抽样,按行业权重代表性与流动性先验纳入,,L8X上游地基；行业代表性验证；后续指标扩面目标
2000只样本股票池,sz300327,300327.SZ,中颖电子,深交所,电子,,2000只样本池,中证全指+申万一级分层抽样,按行业权重代表性与流动性先验纳入,,L8X上游地基；行业代表性验证；后续指标扩面目标
2000只样本股票池,sh600396,600396.SH,华电辽能,上交所,公用事业,,2000只样本池,中证全指+申万一级分层抽样,按行业权重代表性与流动性先验纳入,,L8X上游地基；行业代表性验证；后续指标扩面目标
2000只样本股票池,sh600726,600726.SH,华电能源,上交所,公用事业,,2000只样本池,中证全指+申万一级分层抽样,按行业权重代表性与流动性先验纳入,,L8X上游地基；行业代表性验证；后续指标扩面目标
2000只样本股票池,sz000791,000791.SZ,甘肃能源,深交所,公用事业,,2000只样本池,中证全指+申万一级分层抽样,按行业权重代表性与流动性先验纳入,,L8X上游地基；行业代表性验证；后续指标扩面目标
2000只样本股票池,sz002256,002256.SZ,兆新股份,深交所,公用事业,,2000只样本池,中证全指+申万一级分层抽样,按行业权重代表性与流动性先验纳入,,L8X上游地基；行业代表性验证；后续指标扩面目标
2000只样本股票池,sh600509,600509.SH,天富能源,上交所,公用事业,,2000只样本池,中证全指+申万一级分层抽样,按行业权重代表性与流动性先验纳入,,L8X上游地基；行业代表性验证；后续指标扩面目标
2000只样本股票池,sh600098,600098.SH,广州发展,上交所,公用事业,,2000只样本池,中证全指+申万一级分层抽样,按行业权重代表性与流动性先验纳入,,L8X上游地基；行业代表性验证；后续指标扩面目标
2000只样本股票池,sz300723,300723.SZ,一品红,深交所,医药生物,,2000只样本池,中证全指+申万一级分层抽样,按行业权重代表性与流动性先验纳入,,L8X上游地基；行业代表性验证；后续指标扩面目标
2000只样本股票池,sz002437,002437.SZ,誉衡药业,深交所,医药生物,,2000只样本池,中证全指+申万一级分层抽样,按行业权重代表性与流动性先验纳入,,L8X上游地基；行业代表性验证；后续指标扩面目标
2000只样本股票池,sh688192,688192.SH,迪哲医药,上交所,医药生物,,2000只样本池,中证全指+申万一级分层抽样,按行业权重代表性与流动性先验纳入,,L8X上游地基；行业代表性验证；后续指标扩面目标
2000只样本股票池,sh603882,603882.SH,金域医学,上交所,医药生物,,2000只样本池,中证全指+申万一级分层抽样,按行业权重代表性与流动性先验纳入,,L8X上游地基；行业代表性验证；后续指标扩面目标
2000只样本股票池,sh603456,603456.SH,九洲药业,上交所,医药生物,,2000只样本池,中证全指+申万一级分层抽样,按行业权重代表性与流动性先验纳入,,L8X上游地基；行业代表性验证；后续指标扩面目标
2000只样本股票池,sh688016,688016.SH,心脉医疗,上交所,医药生物,,2000只样本池,中证全指+申万一级分层抽样,按行业权重代表性与流动性先验纳入,,L8X上游地基；行业代表性验证；后续指标扩面目标
2000只样本股票池,sh600056,600056.SH,中国医药,上交所,医药生物,,2000只样本池,中证全指+申万一级分层抽样,按行业权重代表性与流动性先验纳入,,L8X上游地基；行业代表性验证；后续指标扩面目标
2000只样本股票池,sh688068,688068.SH,热景生物,上交所,医药生物,,2000只样本池,中证全指+申万一级分层抽样,按行业权重代表性与流动性先验纳入,,L8X上游地基；行业代表性验证；后续指标扩面目标
2000只样本股票池,sz300595,300595.SZ,欧普康视,深交所,医药生物,,2000只样本池,中证全指+申万一级分层抽样,按行业权重代表性与流动性先验纳入,,L8X上游地基；行业代表性验证；后续指标扩面目标
2000只样本股票池,sh600993,600993.SH,马应龙,上交所,医药生物,,2000只样本池,中证全指+申万一级分层抽样,按行业权重代表性与流动性先验纳入,,L8X上游地基；行业代表性验证；后续指标扩面目标
2000只样本股票池,sh600062,600062.SH,华润双鹤,上交所,医药生物,,2000只样本池,中证全指+申万一级分层抽样,按行业权重代表性与流动性先验纳入,,L8X上游地基；行业代表性验证；后续指标扩面目标
2000只样本股票池,sz301263,301263.SZ,泰恩康,深交所,医药生物,,2000只样本池,中证全指+申万一级分层抽样,按行业权重代表性与流动性先验纳入,,L8X上游地基；行业代表性验证；后续指标扩面目标
2000只样本股票池,sz000700,000700.SZ,模塑科技,深交所,汽车,,2000只样本池,中证全指+申万一级分层抽样,按行业权重代表性与流动性先验纳入,,L8X上游地基；行业代表性验证；后续指标扩面目标
2000只样本股票池,sh600480,600480.SH,凌云股份,上交所,汽车,,2000只样本池,中证全指+申万一级分层抽样,按行业权重代表性与流动性先验纳入,,L8X上游地基；行业代表性验证；后续指标扩面目标
2000只样本股票池,sh603358,603358.SH,华达科技,上交所,汽车,,2000只样本池,中证全指+申万一级分层抽样,按行业权重代表性与流动性先验纳入,,L8X上游地基；行业代表性验证；后续指标扩面目标
2000只样本股票池,sz002239,002239.SZ,奥特佳,深交所,汽车,,2000只样本池,中证全指+申万一级分层抽样,按行业权重代表性与流动性先验纳入,,L8X上游地基；行业代表性验证；后续指标扩面目标
2000只样本股票池,sz000065,000065.SZ,北方国际,深交所,建筑装饰,,2000只样本池,中证全指+申万一级分层抽样,按行业权重代表性与流动性先验纳入,,L8X上游地基；行业代表性验证；后续指标扩面目标
2000只样本股票池,sz002163,002163.SZ,海南发展,深交所,建筑装饰,,2000只样本池,中证全指+申万一级分层抽样,按行业权重代表性与流动性先验纳入,,L8X上游地基；行业代表性验证；后续指标扩面目标
2000只样本股票池,sh603859,603859.SH,能科科技,上交所,计算机,,2000只样本池,中证全指+申万一级分层抽样,按行业权重代表性与流动性先验纳入,,L8X上游地基；行业代表性验证；后续指标扩面目标
2000只样本股票池,sz002368,002368.SZ,太极股份,深交所,计算机,,2000只样本池,中证全指+申万一级分层抽样,按行业权重代表性与流动性先验纳入,,L8X上游地基；行业代表性验证；后续指标扩面目标
2000只样本股票池,sz300036,300036.SZ,超图软件,深交所,计算机,,2000只样本池,中证全指+申万一级分层抽样,按行业权重代表性与流动性先验纳入,,L8X上游地基；行业代表性验证；后续指标扩面目标
2000只样本股票池,sz002221,002221.SZ,东华能源,深交所,石油石化,,2000只样本池,中证全指+申万一级分层抽样,按行业权重代表性与流动性先验纳入,,L8X上游地基；行业代表性验证；后续指标扩面目标
2000只样本股票池,sh600888,600888.SH,新疆众和,上交所,有色金属,,2000只样本池,中证全指+申万一级分层抽样,按行业权重代表性与流动性先验纳入,,L8X上游地基；行业代表性验证；后续指标扩面目标
2000只样本股票池,sz300224,300224.SZ,正海磁材,深交所,有色金属,,2000只样本池,中证全指+申万一级分层抽样,按行业权重代表性与流动性先验纳入,,L8X上游地基；行业代表性验证；后续指标扩面目标
2000只样本股票池,sz301382,301382.SZ,蜂助手,深交所,通信,,2000只样本池,中证全指+申万一级分层抽样,按行业权重代表性与流动性先验纳入,,L8X上游地基；行业代表性验证；后续指标扩面目标
2000只样本股票池,sz002123,002123.SZ,梦网科技,深交所,通信,,2000只样本池,中证全指+申万一级分层抽样,按行业权重代表性与流动性先验纳入,,L8X上游地基；行业代表性验证；后续指标扩面目标
2000只样本股票池,sz000089,000089.SZ,深圳机场,深交所,交通运输,,2000只样本池,中证全指+申万一级分层抽样,按行业权重代表性与流动性先验纳入,,L8X上游地基；行业代表性验证；后续指标扩面目标
2000只样本股票池,sz002181,002181.SZ,粤传媒,深交所,传媒,,2000只样本池,中证全指+申万一级分层抽样,按行业权重代表性与流动性先验纳入,,L8X上游地基；行业代表性验证；后续指标扩面目标
2000只样本股票池,sh600556,600556.SH,天下秀,上交所,传媒,,2000只样本池,中证全指+申万一级分层抽样,按行业权重代表性与流动性先验纳入,,L8X上游地基；行业代表性验证；后续指标扩面目标
2000只样本股票池,sz300031,300031.SZ,宝通科技,深交所,传媒,,2000只样本池,中证全指+申万一级分层抽样,按行业权重代表性与流动性先验纳入,,L8X上游地基；行业代表性验证；后续指标扩面目标
2000只样本股票池,sz002292,002292.SZ,奥飞娱乐,深交所,传媒,,2000只样本池,中证全指+申万一级分层抽样,按行业权重代表性与流动性先验纳入,,L8X上游地基；行业代表性验证；后续指标扩面目标
2000只样本股票池,sh600864,600864.SH,哈投股份,上交所,非银金融,,2000只样本池,中证全指+申万一级分层抽样,按行业权重代表性与流动性先验纳入,,L8X上游地基；行业代表性验证；后续指标扩面目标
2000只样本股票池,sz002670,002670.SZ,国盛证券,深交所,非银金融,,2000只样本池,中证全指+申万一级分层抽样,按行业权重代表性与流动性先验纳入,,L8X上游地基；行业代表性验证；后续指标扩面目标
2000只样本股票池,sh600621,600621.SH,华鑫股份,上交所,非银金融,,2000只样本池,中证全指+申万一级分层抽样,按行业权重代表性与流动性先验纳入,,L8X上游地基；行业代表性验证；后续指标扩面目标
2000只样本股票池,sz000801,000801.SZ,四川九洲,深交所,家用电器,,2000只样本池,中证全指+申万一级分层抽样,按行业权重代表性与流动性先验纳入,,L8X上游地基；行业代表性验证；后续指标扩面目标
2000只样本股票池,sz002011,002011.SZ,盾安环境,深交所,家用电器,,2000只样本池,中证全指+申万一级分层抽样,按行业权重代表性与流动性先验纳入,,L8X上游地基；行业代表性验证；后续指标扩面目标
2000只样本股票池,sz002032,002032.SZ,苏泊尔,深交所,家用电器,,2000只样本池,中证全指+申万一级分层抽样,按行业权重代表性与流动性先验纳入,,L8X上游地基；行业代表性验证；后续指标扩面目标
2000只样本股票池,sz002470,002470.SZ,金正大,深交所,基础化工,,2000只样本池,中证全指+申万一级分层抽样,按行业权重代表性与流动性先验纳入,,L8X上游地基；行业代表性验证；后续指标扩面目标
2000只样本股票池,sz002455,002455.SZ,百川股份,深交所,基础化工,,2000只样本池,中证全指+申万一级分层抽样,按行业权重代表性与流动性先验纳入,,L8X上游地基；行业代表性验证；后续指标扩面目标
2000只样本股票池,sz002440,002440.SZ,闰土股份,深交所,基础化工,,2000只样本池,中证全指+申万一级分层抽样,按行业权重代表性与流动性先验纳入,,L8X上游地基；行业代表性验证；后续指标扩面目标
2000只样本股票池,sh603505,603505.SH,金石资源,上交所,基础化工,,2000只样本池,中证全指+申万一级分层抽样,按行业权重代表性与流动性先验纳入,,L8X上游地基；行业代表性验证；后续指标扩面目标
2000只样本股票池,sh603281,603281.SH,江瀚新材,上交所,基础化工,,2000只样本池,中证全指+申万一级分层抽样,按行业权重代表性与流动性先验纳入,,L8X上游地基；行业代表性验证；后续指标扩面目标
2000只样本股票池,sz300072,300072.SZ,海新能科,深交所,基础化工,,2000只样本池,中证全指+申万一级分层抽样,按行业权重代表性与流动性先验纳入,,L8X上游地基；行业代表性验证；后续指标扩面目标
2000只样本股票池,sh600273,600273.SH,嘉化能源,上交所,基础化工,,2000只样本池,中证全指+申万一级分层抽样,按行业权重代表性与流动性先验纳入,,L8X上游地基；行业代表性验证；后续指标扩面目标
2000只样本股票池,sz002023,002023.SZ,海特高新,深交所,国防军工,,2000只样本池,中证全指+申万一级分层抽样,按行业权重代表性与流动性先验纳入,,L8X上游地基；行业代表性验证；后续指标扩面目标
2000只样本股票池,sh601890,601890.SH,亚星锚链,上交所,国防军工,,2000只样本池,中证全指+申万一级分层抽样,按行业权重代表性与流动性先验纳入,,L8X上游地基；行业代表性验证；后续指标扩面目标
2000只样本股票池,sh688563,688563.SH,航材股份,上交所,国防军工,,2000只样本池,中证全指+申万一级分层抽样,按行业权重代表性与流动性先验纳入,,L8X上游地基；行业代表性验证；后续指标扩面目标
2000只样本股票池,sh603712,603712.SH,七一二,上交所,国防军工,,2000只样本池,中证全指+申万一级分层抽样,按行业权重代表性与流动性先验纳入,,L8X上游地基；行业代表性验证；后续指标扩面目标
2000只样本股票池,sh601969,601969.SH,海南矿业,上交所,钢铁,,2000只样本池,中证全指+申万一级分层抽样,按行业权重代表性与流动性先验纳入,,L8X上游地基；行业代表性验证；后续指标扩面目标
2000只样本股票池,sz002348,002348.SZ,高乐股份,深交所,轻工制造,,2000只样本池,中证全指+申万一级分层抽样,按行业权重代表性与流动性先验纳入,,L8X上游地基；行业代表性验证；后续指标扩面目标
2000只样本股票池,sh600567,600567.SH,山鹰国际,上交所,轻工制造,,2000只样本池,中证全指+申万一级分层抽样,按行业权重代表性与流动性先验纳入,,L8X上游地基；行业代表性验证；后续指标扩面目标
2000只样本股票池,sz300888,300888.SZ,稳健医疗,深交所,美容护理,,2000只样本池,中证全指+申万一级分层抽样,按行业权重代表性与流动性先验纳入,,L8X上游地基；行业代表性验证；后续指标扩面目标
2000只样本股票池,sh600094,600094.SH,大名城,上交所,房地产,,2000只样本池,中证全指+申万一级分层抽样,按行业权重代表性与流动性先验纳入,,L8X上游地基；行业代表性验证；后续指标扩面目标
2000只样本股票池,sh600185,600185.SH,珠免集团,上交所,商贸零售,,2000只样本池,中证全指+申万一级分层抽样,按行业权重代表性与流动性先验纳入,,L8X上游地基；行业代表性验证；后续指标扩面目标
2000只样本股票池,sh603698,603698.SH,航天工程,上交所,机械设备,,2000只样本池,中证全指+申万一级分层抽样,按行业权重代表性与流动性先验纳入,,L8X上游地基；行业代表性验证；后续指标扩面目标
2000只样本股票池,sz002272,002272.SZ,川润股份,深交所,机械设备,,2000只样本池,中证全指+申万一级分层抽样,按行业权重代表性与流动性先验纳入,,L8X上游地基；行业代表性验证；后续指标扩面目标
2000只样本股票池,sh603011,603011.SH,合锻智能,上交所,机械设备,,2000只样本池,中证全指+申万一级分层抽样,按行业权重代表性与流动性先验纳入,,L8X上游地基；行业代表性验证；后续指标扩面目标
2000只样本股票池,sz300382,300382.SZ,斯莱克,深交所,机械设备,,2000只样本池,中证全指+申万一级分层抽样,按行业权重代表性与流动性先验纳入,,L8X上游地基；行业代表性验证；后续指标扩面目标
2000只样本股票池,sh605305,605305.SH,中际联合,上交所,机械设备,,2000只样本池,中证全指+申万一级分层抽样,按行业权重代表性与流动性先验纳入,,L8X上游地基；行业代表性验证；后续指标扩面目标
2000只样本股票池,sz300276,300276.SZ,三丰智能,深交所,机械设备,,2000只样本池,中证全指+申万一级分层抽样,按行业权重代表性与流动性先验纳入,,L8X上游地基；行业代表性验证；后续指标扩面目标
2000只样本股票池,sz000837,000837.SZ,秦川机床,深交所,机械设备,,2000只样本池,中证全指+申万一级分层抽样,按行业权重代表性与流动性先验纳入,,L8X上游地基；行业代表性验证；后续指标扩面目标
2000只样本股票池,sh688003,688003.SH,天准科技,上交所,机械设备,,2000只样本池,中证全指+申万一级分层抽样,按行业权重代表性与流动性先验纳入,,L8X上游地基；行业代表性验证；后续指标扩面目标
2000只样本股票池,sz000927,000927.SZ,中国铁物,深交所,机械设备,,2000只样本池,中证全指+申万一级分层抽样,按行业权重代表性与流动性先验纳入,,L8X上游地基；行业代表性验证；后续指标扩面目标
2000只样本股票池,sz002073,002073.SZ,软控股份,深交所,机械设备,,2000只样本池,中证全指+申万一级分层抽样,按行业权重代表性与流动性先验纳入,,L8X上游地基；行业代表性验证；后续指标扩面目标
2000只样本股票池,sz300048,300048.SZ,合康新能,深交所,机械设备,,2000只样本池,中证全指+申万一级分层抽样,按行业权重代表性与流动性先验纳入,,L8X上游地基；行业代表性验证；后续指标扩面目标
2000只样本股票池,sh603985,603985.SH,恒润股份,上交所,电力设备,,2000只样本池,中证全指+申万一级分层抽样,按行业权重代表性与流动性先验纳入,,L8X上游地基；行业代表性验证；后续指标扩面目标
2000只样本股票池,sh603507,603507.SH,振江股份,上交所,电力设备,,2000只样本池,中证全指+申万一级分层抽样,按行业权重代表性与流动性先验纳入,,L8X上游地基；行业代表性验证；后续指标扩面目标
2000只样本股票池,sz002196,002196.SZ,方正电机,深交所,电力设备,,2000只样本池,中证全指+申万一级分层抽样,按行业权重代表性与流动性先验纳入,,L8X上游地基；行业代表性验证；后续指标扩面目标
2000只样本股票池,sz300153,300153.SZ,科泰电源,深交所,电力设备,,2000只样本池,中证全指+申万一级分层抽样,按行业权重代表性与流动性先验纳入,,L8X上游地基；行业代表性验证；后续指标扩面目标
2000只样本股票池,sz301487,301487.SZ,盟固利,深交所,电力设备,,2000只样本池,中证全指+申万一级分层抽样,按行业权重代表性与流动性先验纳入,,L8X上游地基；行业代表性验证；后续指标扩面目标
2000只样本股票池,sz000049,000049.SZ,德赛电池,深交所,电力设备,,2000只样本池,中证全指+申万一级分层抽样,按行业权重代表性与流动性先验纳入,,L8X上游地基；行业代表性验证；后续指标扩面目标
2000只样本股票池,sz300222,300222.SZ,科大智能,深交所,电力设备,,2000只样本池,中证全指+申万一级分层抽样,按行业权重代表性与流动性先验纳入,,L8X上游地基；行业代表性验证；后续指标扩面目标
2000只样本股票池,sz300443,300443.SZ,金雷股份,深交所,电力设备,,2000只样本池,中证全指+申万一级分层抽样,按行业权重代表性与流动性先验纳入,,L8X上游地基；行业代表性验证；后续指标扩面目标
2000只样本股票池,sh688663,688663.SH,新风光,上交所,电力设备,,2000只样本池,中证全指+申万一级分层抽样,按行业权重代表性与流动性先验纳入,,L8X上游地基；行业代表性验证；后续指标扩面目标
2000只样本股票池,sz300128,300128.SZ,锦富技术,深交所,电力设备,,2000只样本池,中证全指+申万一级分层抽样,按行业权重代表性与流动性先验纳入,,L8X上游地基；行业代表性验证；后续指标扩面目标
2000只样本股票池,sz002533,002533.SZ,金杯电工,深交所,电力设备,,2000只样本池,中证全指+申万一级分层抽样,按行业权重代表性与流动性先验纳入,,L8X上游地基；行业代表性验证；后续指标扩面目标
2000只样本股票池,sz001212,001212.SZ,中旗新材,深交所,建筑材料,,2000只样本池,中证全指+申万一级分层抽样,按行业权重代表性与流动性先验纳入,,L8X上游地基；行业代表性验证；后续指标扩面目标
2000只样本股票池,sz000672,000672.SZ,上峰水泥,深交所,建筑材料,,2000只样本池,中证全指+申万一级分层抽样,按行业权重代表性与流动性先验纳入,,L8X上游地基；行业代表性验证；后续指标扩面目标
2000只样本股票池,sz002372,002372.SZ,伟星新材,深交所,建筑材料,,2000只样本池,中证全指+申万一级分层抽样,按行业权重代表性与流动性先验纳入,,L8X上游地基；行业代表性验证；后续指标扩面目标
2000只样本股票池,sz002233,002233.SZ,塔牌集团,深交所,建筑材料,,2000只样本池,中证全指+申万一级分层抽样,按行业权重代表性与流动性先验纳入,,L8X上游地基；行业代表性验证；后续指标扩面目标
2000只样本股票池,sz002832,002832.SZ,比音勒芬,深交所,纺织服饰,,2000只样本池,中证全指+申万一级分层抽样,按行业权重代表性与流动性先验纳入,,L8X上游地基；行业代表性验证；后续指标扩面目标
2000只样本股票池,sz002003,002003.SZ,伟星股份,深交所,纺织服饰,,2000只样本池,中证全指+申万一级分层抽样,按行业权重代表性与流动性先验纳入,,L8X上游地基；行业代表性验证；后续指标扩面目标
2000只样本股票池,sh600108,600108.SH,亚盛集团,上交所,农林牧渔,,2000只样本池,中证全指+申万一级分层抽样,按行业权重代表性与流动性先验纳入,,L8X上游地基；行业代表性验证；后续指标扩面目标
2000只样本股票池,sz002213,002213.SZ,大为股份,深交所,电子,,2000只样本池,中证全指+申万一级分层抽样,按行业权重代表性与流动性先验纳入,,L8X上游地基；行业代表性验证；后续指标扩面目标
2000只样本股票池,sz300671,300671.SZ,富满微,深交所,电子,,2000只样本池,中证全指+申万一级分层抽样,按行业权重代表性与流动性先验纳入,,L8X上游地基；行业代表性验证；后续指标扩面目标
2000只样本股票池,sz000727,000727.SZ,冠捷科技,深交所,电子,,2000只样本池,中证全指+申万一级分层抽样,按行业权重代表性与流动性先验纳入,,L8X上游地基；行业代表性验证；后续指标扩面目标
2000只样本股票池,sh688549,688549.SH,中巨芯,上交所,电子,,2000只样本池,中证全指+申万一级分层抽样,按行业权重代表性与流动性先验纳入,,L8X上游地基；行业代表性验证；后续指标扩面目标
2000只样本股票池,sz300843,300843.SZ,胜蓝股份,深交所,电子,,2000只样本池,中证全指+申万一级分层抽样,按行业权重代表性与流动性先验纳入,,L8X上游地基；行业代表性验证；后续指标扩面目标
2000只样本股票池,sz002741,002741.SZ,光华科技,深交所,电子,,2000只样本池,中证全指+申万一级分层抽样,按行业权重代表性与流动性先验纳入,,L8X上游地基；行业代表性验证；后续指标扩面目标
2000只样本股票池,sh688049,688049.SH,炬芯科技,上交所,电子,,2000只样本池,中证全指+申万一级分层抽样,按行业权重代表性与流动性先验纳入,,L8X上游地基；行业代表性验证；后续指标扩面目标
2000只样本股票池,sz301086,301086.SZ,鸿富瀚,深交所,电子,,2000只样本池,中证全指+申万一级分层抽样,按行业权重代表性与流动性先验纳入,,L8X上游地基；行业代表性验证；后续指标扩面目标
2000只样本股票池,sh688709,688709.SH,成都华微,上交所,电子,,2000只样本池,中证全指+申万一级分层抽样,按行业权重代表性与流动性先验纳入,,L8X上游地基；行业代表性验证；后续指标扩面目标
2000只样本股票池,sh603991,603991.SH,至正股份,上交所,电子,,2000只样本池,中证全指+申万一级分层抽样,按行业权重代表性与流动性先验纳入,,L8X上游地基；行业代表性验证；后续指标扩面目标
2000只样本股票池,sz002387,002387.SZ,维信诺,深交所,电子,,2000只样本池,中证全指+申万一级分层抽样,按行业权重代表性与流动性先验纳入,,L8X上游地基；行业代表性验证；后续指标扩面目标
2000只样本股票池,sz000767,000767.SZ,晋控电力,深交所,公用事业,,2000只样本池,中证全指+申万一级分层抽样,按行业权重代表性与流动性先验纳入,,L8X上游地基；行业代表性验证；后续指标扩面目标
2000只样本股票池,sh600032,600032.SH,浙江新能,上交所,公用事业,,2000只样本池,中证全指+申万一级分层抽样,按行业权重代表性与流动性先验纳入,,L8X上游地基；行业代表性验证；后续指标扩面目标
2000只样本股票池,sh603950,603950.SH,长源东谷,上交所,汽车,,2000只样本池,中证全指+申万一级分层抽样,按行业权重代表性与流动性先验纳入,,L8X上游地基；行业代表性验证；后续指标扩面目标
2000只样本股票池,sz300547,300547.SZ,川环科技,深交所,汽车,,2000只样本池,中证全指+申万一级分层抽样,按行业权重代表性与流动性先验纳入,,L8X上游地基；行业代表性验证；后续指标扩面目标
2000只样本股票池,sz000880,000880.SZ,潍柴重机,深交所,汽车,,2000只样本池,中证全指+申万一级分层抽样,按行业权重代表性与流动性先验纳入,,L8X上游地基；行业代表性验证；后续指标扩面目标
2000只样本股票池,sz002448,002448.SZ,中原内配,深交所,汽车,,2000只样本池,中证全指+申万一级分层抽样,按行业权重代表性与流动性先验纳入,,L8X上游地基；行业代表性验证；后续指标扩面目标
2000只样本股票池,sz300580,300580.SZ,贝斯特,深交所,汽车,,2000只样本池,中证全指+申万一级分层抽样,按行业权重代表性与流动性先验纳入,,L8X上游地基；行业代表性验证；后续指标扩面目标
2000只样本股票池,sz002265,002265.SZ,建设工业,深交所,汽车,,2000只样本池,中证全指+申万一级分层抽样,按行业权重代表性与流动性先验纳入,,L8X上游地基；行业代表性验证；后续指标扩面目标
2000只样本股票池,sh603809,603809.SH,豪能股份,上交所,汽车,,2000只样本池,中证全指+申万一级分层抽样,按行业权重代表性与流动性先验纳入,,L8X上游地基；行业代表性验证；后续指标扩面目标
2000只样本股票池,sh600651,600651.SH,飞乐音响,上交所,汽车,,2000只样本池,中证全指+申万一级分层抽样,按行业权重代表性与流动性先验纳入,,L8X上游地基；行业代表性验证；后续指标扩面目标
2000只样本股票池,sz002537,002537.SZ,海联金汇,深交所,汽车,,2000只样本池,中证全指+申万一级分层抽样,按行业权重代表性与流动性先验纳入,,L8X上游地基；行业代表性验证；后续指标扩面目标
2000只样本股票池,sz002510,002510.SZ,天汽模,深交所,汽车,,2000只样本池,中证全指+申万一级分层抽样,按行业权重代表性与流动性先验纳入,,L8X上游地基；行业代表性验证；后续指标扩面目标
2000只样本股票池,sh600339,600339.SH,中油工程,上交所,石油石化,,2000只样本池,中证全指+申万一级分层抽样,按行业权重代表性与流动性先验纳入,,L8X上游地基；行业代表性验证；后续指标扩面目标
2000只样本股票池,sz300055,300055.SZ,万邦达,深交所,石油石化,,2000只样本池,中证全指+申万一级分层抽样,按行业权重代表性与流动性先验纳入,,L8X上游地基；行业代表性验证；后续指标扩面目标
2000只样本股票池,sh600688,600688.SH,上海石化,上交所,石油石化,,2000只样本池,中证全指+申万一级分层抽样,按行业权重代表性与流动性先验纳入,,L8X上游地基；行业代表性验证；后续指标扩面目标
2000只样本股票池,sz300057,300057.SZ,万顺新材,深交所,有色金属,,2000只样本池,中证全指+申万一级分层抽样,按行业权重代表性与流动性先验纳入,,L8X上游地基；行业代表性验证；后续指标扩面目标
2000只样本股票池,sz000751,000751.SZ,锌业股份,深交所,有色金属,,2000只样本池,中证全指+申万一级分层抽样,按行业权重代表性与流动性先验纳入,,L8X上游地基；行业代表性验证；后续指标扩面目标
2000只样本股票池,sz300337,300337.SZ,银邦股份,深交所,有色金属,,2000只样本池,中证全指+申万一级分层抽样,按行业权重代表性与流动性先验纳入,,L8X上游地基；行业代表性验证；后续指标扩面目标
2000只样本股票池,sz300835,300835.SZ,龙磁科技,深交所,有色金属,,2000只样本池,中证全指+申万一级分层抽样,按行业权重代表性与流动性先验纳入,,L8X上游地基；行业代表性验证；后续指标扩面目标
2000只样本股票池,sh600361,600361.SH,创新新材,上交所,有色金属,,2000只样本池,中证全指+申万一级分层抽样,按行业权重代表性与流动性先验纳入,,L8X上游地基；行业代表性验证；后续指标扩面目标
2000只样本股票池,sh603118,603118.SH,共进股份,上交所,通信,,2000只样本池,中证全指+申万一级分层抽样,按行业权重代表性与流动性先验纳入,,L8X上游地基；行业代表性验证；后续指标扩面目标
2000只样本股票池,sh600717,600717.SH,天津港,上交所,交通运输,,2000只样本池,中证全指+申万一级分层抽样,按行业权重代表性与流动性先验纳入,,L8X上游地基；行业代表性验证；后续指标扩面目标
2000只样本股票池,sh600350,600350.SH,山东高速,上交所,交通运输,,2000只样本池,中证全指+申万一级分层抽样,按行业权重代表性与流动性先验纳入,,L8X上游地基；行业代表性验证；后续指标扩面目标
2000只样本股票池,sh600787,600787.SH,中储股份,上交所,交通运输,,2000只样本池,中证全指+申万一级分层抽样,按行业权重代表性与流动性先验纳入,,L8X上游地基；行业代表性验证；后续指标扩面目标
2000只样本股票池,sz000810,000810.SZ,创维数字,深交所,家用电器,,2000只样本池,中证全指+申万一级分层抽样,按行业权重代表性与流动性先验纳入,,L8X上游地基；行业代表性验证；后续指标扩面目标
2000只样本股票池,sz300731,300731.SZ,科创新源,深交所,基础化工,,2000只样本池,中证全指+申万一级分层抽样,按行业权重代表性与流动性先验纳入,,L8X上游地基；行业代表性验证；后续指标扩面目标
2000只样本股票池,sz300596,300596.SZ,利安隆,深交所,基础化工,,2000只样本池,中证全指+申万一级分层抽样,按行业权重代表性与流动性先验纳入,,L8X上游地基；行业代表性验证；后续指标扩面目标
2000只样本股票池,sz002734,002734.SZ,利民股份,深交所,基础化工,,2000只样本池,中证全指+申万一级分层抽样,按行业权重代表性与流动性先验纳入,,L8X上游地基；行业代表性验证；后续指标扩面目标
2000只样本股票池,sz002768,002768.SZ,国恩股份,深交所,基础化工,,2000只样本池,中证全指+申万一级分层抽样,按行业权重代表性与流动性先验纳入,,L8X上游地基；行业代表性验证；后续指标扩面目标
2000只样本股票池,sz002838,002838.SZ,道恩股份,深交所,基础化工,,2000只样本池,中证全指+申万一级分层抽样,按行业权重代表性与流动性先验纳入,,L8X上游地基；行业代表性验证；后续指标扩面目标
2000只样本股票池,sh600075,600075.SH,新疆天业,上交所,基础化工,,2000只样本池,中证全指+申万一级分层抽样,按行业权重代表性与流动性先验纳入,,L8X上游地基；行业代表性验证；后续指标扩面目标
2000只样本股票池,sz002254,002254.SZ,泰和新材,深交所,基础化工,,2000只样本池,中证全指+申万一级分层抽样,按行业权重代表性与流动性先验纳入,,L8X上游地基；行业代表性验证；后续指标扩面目标
2000只样本股票池,sh600328,600328.SH,中盐化工,上交所,基础化工,,2000只样本池,中证全指+申万一级分层抽样,按行业权重代表性与流动性先验纳入,,L8X上游地基；行业代表性验证；后续指标扩面目标
2000只样本股票池,sz300910,300910.SZ,瑞丰新材,深交所,基础化工,,2000只样本池,中证全指+申万一级分层抽样,按行业权重代表性与流动性先验纳入,,L8X上游地基；行业代表性验证；后续指标扩面目标
2000只样本股票池,sz002226,002226.SZ,江南化工,深交所,基础化工,,2000只样本池,中证全指+申万一级分层抽样,按行业权重代表性与流动性先验纳入,,L8X上游地基；行业代表性验证；后续指标扩面目标
2000只样本股票池,sz002967,002967.SZ,广电计量,深交所,社会服务,,2000只样本池,中证全指+申万一级分层抽样,按行业权重代表性与流动性先验纳入,,L8X上游地基；行业代表性验证；后续指标扩面目标
2000只样本股票池,sz002557,002557.SZ,洽洽食品,深交所,食品饮料,,2000只样本池,中证全指+申万一级分层抽样,按行业权重代表性与流动性先验纳入,,L8X上游地基；行业代表性验证；后续指标扩面目标
2000只样本股票池,sh601101,601101.SH,昊华能源,上交所,煤炭,,2000只样本池,中证全指+申万一级分层抽样,按行业权重代表性与流动性先验纳入,,L8X上游地基；行业代表性验证；后续指标扩面目标
2000只样本股票池,sz002067,002067.SZ,景兴纸业,深交所,轻工制造,,2000只样本池,中证全指+申万一级分层抽样,按行业权重代表性与流动性先验纳入,,L8X上游地基；行业代表性验证；后续指标扩面目标
2000只样本股票池,sz002572,002572.SZ,索菲亚,深交所,轻工制造,,2000只样本池,中证全指+申万一级分层抽样,按行业权重代表性与流动性先验纳入,,L8X上游地基；行业代表性验证；后续指标扩面目标
2000只样本股票池,sh600315,600315.SH,上海家化,上交所,美容护理,,2000只样本池,中证全指+申万一级分层抽样,按行业权重代表性与流动性先验纳入,,L8X上游地基；行业代表性验证；后续指标扩面目标
2000只样本股票池,sh600606,600606.SH,绿地控股,上交所,房地产,,2000只样本池,中证全指+申万一级分层抽样,按行业权重代表性与流动性先验纳入,,L8X上游地基；行业代表性验证；后续指标扩面目标
2000只样本股票池,sh600266,600266.SH,城建发展,上交所,房地产,,2000只样本池,中证全指+申万一级分层抽样,按行业权重代表性与流动性先验纳入,,L8X上游地基；行业代表性验证；后续指标扩面目标
2000只样本股票池,sh600710,600710.SH,苏美达,上交所,商贸零售,,2000只样本池,中证全指+申万一级分层抽样,按行业权重代表性与流动性先验纳入,,L8X上游地基；行业代表性验证；后续指标扩面目标
2000只样本股票池,sh600827,600827.SH,百联股份,上交所,商贸零售,,2000只样本池,中证全指+申万一级分层抽样,按行业权重代表性与流动性先验纳入,,L8X上游地基；行业代表性验证；后续指标扩面目标
2000只样本股票池,sz000785,000785.SZ,居然智家,深交所,商贸零售,,2000只样本池,中证全指+申万一级分层抽样,按行业权重代表性与流动性先验纳入,,L8X上游地基；行业代表性验证；后续指标扩面目标
2000只样本股票池,sz000925,000925.SZ,众合科技,深交所,机械设备,,2000只样本池,中证全指+申万一级分层抽样,按行业权重代表性与流动性先验纳入,,L8X上游地基；行业代表性验证；后续指标扩面目标
2000只样本股票池,sz002931,002931.SZ,锋龙股份,深交所,机械设备,,2000只样本池,中证全指+申万一级分层抽样,按行业权重代表性与流动性先验纳入,,L8X上游地基；行业代表性验证；后续指标扩面目标
2000只样本股票池,sh600783,600783.SH,鲁信创投,上交所,机械设备,,2000只样本池,中证全指+申万一级分层抽样,按行业权重代表性与流动性先验纳入,,L8X上游地基；行业代表性验证；后续指标扩面目标
2000只样本股票池,sh688312,688312.SH,燕麦科技,上交所,机械设备,,2000只样本池,中证全指+申万一级分层抽样,按行业权重代表性与流动性先验纳入,,L8X上游地基；行业代表性验证；后续指标扩面目标
2000只样本股票池,sz002560,002560.SZ,通达股份,深交所,电力设备,,2000只样本池,中证全指+申万一级分层抽样,按行业权重代表性与流动性先验纳入,,L8X上游地基；行业代表性验证；后续指标扩面目标
2000只样本股票池,sz001208,001208.SZ,华菱线缆,深交所,电力设备,,2000只样本池,中证全指+申万一级分层抽样,按行业权重代表性与流动性先验纳入,,L8X上游地基；行业代表性验证；后续指标扩面目标
2000只样本股票池,sz300490,300490.SZ,华自科技,深交所,电力设备,,2000只样本池,中证全指+申万一级分层抽样,按行业权重代表性与流动性先验纳入,,L8X上游地基；行业代表性验证；后续指标扩面目标
2000只样本股票池,sh688226,688226.SH,威腾电气,上交所,电力设备,,2000只样本池,中证全指+申万一级分层抽样,按行业权重代表性与流动性先验纳入,,L8X上游地基；行业代表性验证；后续指标扩面目标
2000只样本股票池,sh688155,688155.SH,先惠技术,上交所,电力设备,,2000只样本池,中证全指+申万一级分层抽样,按行业权重代表性与流动性先验纳入,,L8X上游地基；行业代表性验证；后续指标扩面目标
2000只样本股票池,sh688499,688499.SH,利元亨,上交所,电力设备,,2000只样本池,中证全指+申万一级分层抽样,按行业权重代表性与流动性先验纳入,,L8X上游地基；行业代表性验证；后续指标扩面目标
2000只样本股票池,sz000922,000922.SZ,佳电股份,深交所,电力设备,,2000只样本池,中证全指+申万一级分层抽样,按行业权重代表性与流动性先验纳入,,L8X上游地基；行业代表性验证；后续指标扩面目标
2000只样本股票池,sh603218,603218.SH,日月股份,上交所,电力设备,,2000只样本池,中证全指+申万一级分层抽样,按行业权重代表性与流动性先验纳入,,L8X上游地基；行业代表性验证；后续指标扩面目标
2000只样本股票池,sh688660,688660.SH,电气风电,上交所,电力设备,,2000只样本池,中证全指+申万一级分层抽样,按行业权重代表性与流动性先验纳入,,L8X上游地基；行业代表性验证；后续指标扩面目标
2000只样本股票池,sz000877,000877.SZ,天山股份,深交所,建筑材料,,2000只样本池,中证全指+申万一级分层抽样,按行业权重代表性与流动性先验纳入,,L8X上游地基；行业代表性验证；后续指标扩面目标
2000只样本股票池,sz002345,002345.SZ,潮宏基,深交所,纺织服饰,,2000只样本池,中证全指+申万一级分层抽样,按行业权重代表性与流动性先验纳入,,L8X上游地基；行业代表性验证；后续指标扩面目标
2000只样本股票池,sz300979,300979.SZ,华利集团,深交所,纺织服饰,,2000只样本池,中证全指+申万一级分层抽样,按行业权重代表性与流动性先验纳入,,L8X上游地基；行业代表性验证；后续指标扩面目标
2000只样本股票池,sz301498,301498.SZ,乖宝宠物,深交所,农林牧渔,,2000只样本池,中证全指+申万一级分层抽样,按行业权重代表性与流动性先验纳入,,L8X上游地基；行业代表性验证；后续指标扩面目标
2000只样本股票池,sz300189,300189.SZ,神农种业,深交所,农林牧渔,,2000只样本池,中证全指+申万一级分层抽样,按行业权重代表性与流动性先验纳入,,L8X上游地基；行业代表性验证；后续指标扩面目标
2000只样本股票池,sz002891,002891.SZ,中宠股份,深交所,农林牧渔,,2000只样本池,中证全指+申万一级分层抽样,按行业权重代表性与流动性先验纳入,,L8X上游地基；行业代表性验证；后续指标扩面目标
2000只样本股票池,sz301297,301297.SZ,富乐德,深交所,电子,,2000只样本池,中证全指+申万一级分层抽样,按行业权重代表性与流动性先验纳入,,L8X上游地基；行业代表性验证；后续指标扩面目标
2000只样本股票池,sz301123,301123.SZ,奕东电子,深交所,电子,,2000只样本池,中证全指+申万一级分层抽样,按行业权重代表性与流动性先验纳入,,L8X上游地基；行业代表性验证；后续指标扩面目标
2000只样本股票池,sh688678,688678.SH,福立旺,上交所,电子,,2000只样本池,中证全指+申万一级分层抽样,按行业权重代表性与流动性先验纳入,,L8X上游地基；行业代表性验证；后续指标扩面目标
2000只样本股票池,sh603052,603052.SH,可川科技,上交所,电子,,2000只样本池,中证全指+申万一级分层抽样,按行业权重代表性与流动性先验纳入,,L8X上游地基；行业代表性验证；后续指标扩面目标
2000只样本股票池,sh688535,688535.SH,华海诚科,上交所,电子,,2000只样本池,中证全指+申万一级分层抽样,按行业权重代表性与流动性先验纳入,,L8X上游地基；行业代表性验证；后续指标扩面目标
2000只样本股票池,sz002913,002913.SZ,奥士康,深交所,电子,,2000只样本池,中证全指+申万一级分层抽样,按行业权重代表性与流动性先验纳入,,L8X上游地基；行业代表性验证；后续指标扩面目标
2000只样本股票池,sh688381,688381.SH,帝奥微,上交所,电子,,2000只样本池,中证全指+申万一级分层抽样,按行业权重代表性与流动性先验纳入,,L8X上游地基；行业代表性验证；后续指标扩面目标
2000只样本股票池,sz002993,002993.SZ,奥海科技,深交所,电子,,2000只样本池,中证全指+申万一级分层抽样,按行业权重代表性与流动性先验纳入,,L8X上游地基；行业代表性验证；后续指标扩面目标
2000只样本股票池,sz300709,300709.SZ,精研科技,深交所,电子,,2000只样本池,中证全指+申万一级分层抽样,按行业权重代表性与流动性先验纳入,,L8X上游地基；行业代表性验证；后续指标扩面目标
2000只样本股票池,sh688798,688798.SH,艾为电子,上交所,电子,,2000只样本池,中证全指+申万一级分层抽样,按行业权重代表性与流动性先验纳入,,L8X上游地基；行业代表性验证；后续指标扩面目标
2000只样本股票池,sz300493,300493.SZ,润欣科技,深交所,电子,,2000只样本池,中证全指+申万一级分层抽样,按行业权重代表性与流动性先验纳入,,L8X上游地基；行业代表性验证；后续指标扩面目标
2000只样本股票池,sz000536,000536.SZ,华映科技,深交所,电子,,2000只样本池,中证全指+申万一级分层抽样,按行业权重代表性与流动性先验纳入,,L8X上游地基；行业代表性验证；后续指标扩面目标
2000只样本股票池,sh688352,688352.SH,颀中科技,上交所,电子,,2000只样本池,中证全指+申万一级分层抽样,按行业权重代表性与流动性先验纳入,,L8X上游地基；行业代表性验证；后续指标扩面目标
2000只样本股票池,sz300680,300680.SZ,隆盛科技,深交所,汽车,,2000只样本池,中证全指+申万一级分层抽样,按行业权重代表性与流动性先验纳入,,L8X上游地基；行业代表性验证；后续指标扩面目标
2000只样本股票池,sz002703,002703.SZ,浙江世宝,深交所,汽车,,2000只样本池,中证全指+申万一级分层抽样,按行业权重代表性与流动性先验纳入,,L8X上游地基；行业代表性验证；后续指标扩面目标
2000只样本股票池,sz300681,300681.SZ,英搏尔,深交所,汽车,,2000只样本池,中证全指+申万一级分层抽样,按行业权重代表性与流动性先验纳入,,L8X上游地基；行业代表性验证；后续指标扩面目标
2000只样本股票池,sh600686,600686.SH,金龙汽车,上交所,汽车,,2000只样本池,中证全指+申万一级分层抽样,按行业权重代表性与流动性先验纳入,,L8X上游地基；行业代表性验证；后续指标扩面目标
2000只样本股票池,sz300446,300446.SZ,航天智造,深交所,汽车,,2000只样本池,中证全指+申万一级分层抽样,按行业权重代表性与流动性先验纳入,,L8X上游地基；行业代表性验证；后续指标扩面目标
2000只样本股票池,sz300304,300304.SZ,云意电气,深交所,汽车,,2000只样本池,中证全指+申万一级分层抽样,按行业权重代表性与流动性先验纳入,,L8X上游地基；行业代表性验证；后续指标扩面目标
2000只样本股票池,sz000572,000572.SZ,海马汽车,深交所,汽车,,2000只样本池,中证全指+申万一级分层抽样,按行业权重代表性与流动性先验纳入,,L8X上游地基；行业代表性验证；后续指标扩面目标
2000只样本股票池,sh603786,603786.SH,科博达,上交所,汽车,,2000只样本池,中证全指+申万一级分层抽样,按行业权重代表性与流动性先验纳入,,L8X上游地基；行业代表性验证；后续指标扩面目标
2000只样本股票池,sz000589,000589.SZ,贵州轮胎,深交所,汽车,,2000只样本池,中证全指+申万一级分层抽样,按行业权重代表性与流动性先验纳入,,L8X上游地基；行业代表性验证；后续指标扩面目标
2000只样本股票池,sh601965,601965.SH,中国汽研,上交所,汽车,,2000只样本池,中证全指+申万一级分层抽样,按行业权重代表性与流动性先验纳入,,L8X上游地基；行业代表性验证；后续指标扩面目标
2000只样本股票池,sz301039,301039.SZ,中集车辆,深交所,汽车,,2000只样本池,中证全指+申万一级分层抽样,按行业权重代表性与流动性先验纳入,,L8X上游地基；行业代表性验证；后续指标扩面目标
2000只样本股票池,sz002062,002062.SZ,宏润建设,深交所,建筑装饰,,2000只样本池,中证全指+申万一级分层抽样,按行业权重代表性与流动性先验纳入,,L8X上游地基；行业代表性验证；后续指标扩面目标
2000只样本股票池,sh600496,600496.SH,精工钢构,上交所,建筑装饰,,2000只样本池,中证全指+申万一级分层抽样,按行业权重代表性与流动性先验纳入,,L8X上游地基；行业代表性验证；后续指标扩面目标
2000只样本股票池,sh600502,600502.SH,安徽建工,上交所,建筑装饰,,2000只样本池,中证全指+申万一级分层抽样,按行业权重代表性与流动性先验纳入,,L8X上游地基；行业代表性验证；后续指标扩面目标
2000只样本股票池,sh600255,600255.SH,鑫科材料,上交所,有色金属,,2000只样本池,中证全指+申万一级分层抽样,按行业权重代表性与流动性先验纳入,,L8X上游地基；行业代表性验证；后续指标扩面目标
2000只样本股票池,sz000795,000795.SZ,英洛华,深交所,有色金属,,2000只样本池,中证全指+申万一级分层抽样,按行业权重代表性与流动性先验纳入,,L8X上游地基；行业代表性验证；后续指标扩面目标
2000只样本股票池,sh688143,688143.SH,长盈通,上交所,通信,,2000只样本池,中证全指+申万一级分层抽样,按行业权重代表性与流动性先验纳入,,L8X上游地基；行业代表性验证；后续指标扩面目标
2000只样本股票池,sh688418,688418.SH,震有科技,上交所,通信,,2000只样本池,中证全指+申万一级分层抽样,按行业权重代表性与流动性先验纳入,,L8X上游地基；行业代表性验证；后续指标扩面目标
2000只样本股票池,sz002897,002897.SZ,意华股份,深交所,通信,,2000只样本池,中证全指+申万一级分层抽样,按行业权重代表性与流动性先验纳入,,L8X上游地基；行业代表性验证；后续指标扩面目标
2000只样本股票池,sz002017,002017.SZ,东信和平,深交所,通信,,2000只样本池,中证全指+申万一级分层抽样,按行业权重代表性与流动性先验纳入,,L8X上游地基；行业代表性验证；后续指标扩面目标
2000只样本股票池,sh600106,600106.SH,重庆路桥,上交所,交通运输,,2000只样本池,中证全指+申万一级分层抽样,按行业权重代表性与流动性先验纳入,,L8X上游地基；行业代表性验证；后续指标扩面目标
2000只样本股票池,sz000429,000429.SZ,粤高速A,深交所,交通运输,,2000只样本池,中证全指+申万一级分层抽样,按行业权重代表性与流动性先验纳入,,L8X上游地基；行业代表性验证；后续指标扩面目标
2000只样本股票池,sh601298,601298.SH,青岛港,上交所,交通运输,,2000只样本池,中证全指+申万一级分层抽样,按行业权重代表性与流动性先验纳入,,L8X上游地基；行业代表性验证；后续指标扩面目标
2000只样本股票池,sz000712,000712.SZ,锦龙股份,深交所,非银金融,,2000只样本池,中证全指+申万一级分层抽样,按行业权重代表性与流动性先验纳入,,L8X上游地基；行业代表性验证；后续指标扩面目标
2000只样本股票池,sz002847,002847.SZ,盐津铺子,深交所,食品饮料,,2000只样本池,中证全指+申万一级分层抽样,按行业权重代表性与流动性先验纳入,,L8X上游地基；行业代表性验证；后续指标扩面目标
2000只样本股票池,sh600779,600779.SH,水井坊,上交所,食品饮料,,2000只样本池,中证全指+申万一级分层抽样,按行业权重代表性与流动性先验纳入,,L8X上游地基；行业代表性验证；后续指标扩面目标
2000只样本股票池,sz000860,000860.SZ,顺鑫农业,深交所,食品饮料,,2000只样本池,中证全指+申万一级分层抽样,按行业权重代表性与流动性先验纳入,,L8X上游地基；行业代表性验证；后续指标扩面目标
2000只样本股票池,sz000552,000552.SZ,甘肃能化,深交所,煤炭,,2000只样本池,中证全指+申万一级分层抽样,按行业权重代表性与流动性先验纳入,,L8X上游地基；行业代表性验证；后续指标扩面目标
2000只样本股票池,sh600123,600123.SH,兰花科创,上交所,煤炭,,2000只样本池,中证全指+申万一级分层抽样,按行业权重代表性与流动性先验纳入,,L8X上游地基；行业代表性验证；后续指标扩面目标
2000只样本股票池,sh600925,600925.SH,苏能股份,上交所,煤炭,,2000只样本池,中证全指+申万一级分层抽样,按行业权重代表性与流动性先验纳入,,L8X上游地基；行业代表性验证；后续指标扩面目标
2000只样本股票池,sz002980,002980.SZ,华盛昌,深交所,电力设备,,2000只样本池,中证全指+申万一级分层抽样,按行业权重代表性与流动性先验纳入,,L8X上游地基；行业代表性验证；后续指标扩面目标
2000只样本股票池,sz300265,300265.SZ,通光线缆,深交所,电力设备,,2000只样本池,中证全指+申万一级分层抽样,按行业权重代表性与流动性先验纳入,,L8X上游地基；行业代表性验证；后续指标扩面目标
2000只样本股票池,sz000533,000533.SZ,顺钠股份,深交所,电力设备,,2000只样本池,中证全指+申万一级分层抽样,按行业权重代表性与流动性先验纳入,,L8X上游地基；行业代表性验证；后续指标扩面目标
2000只样本股票池,sh688707,688707.SH,振华新材,上交所,电力设备,,2000只样本池,中证全指+申万一级分层抽样,按行业权重代表性与流动性先验纳入,,L8X上游地基；行业代表性验证；后续指标扩面目标
2000只样本股票池,sz300617,300617.SZ,安靠智电,深交所,电力设备,,2000只样本池,中证全指+申万一级分层抽样,按行业权重代表性与流动性先验纳入,,L8X上游地基；行业代表性验证；后续指标扩面目标
2000只样本股票池,sz002125,002125.SZ,湘潭电化,深交所,电力设备,,2000只样本池,中证全指+申万一级分层抽样,按行业权重代表性与流动性先验纳入,,L8X上游地基；行业代表性验证；后续指标扩面目标
2000只样本股票池,sz001283,001283.SZ,豪鹏科技,深交所,电力设备,,2000只样本池,中证全指+申万一级分层抽样,按行业权重代表性与流动性先验纳入,,L8X上游地基；行业代表性验证；后续指标扩面目标
2000只样本股票池,sh600973,600973.SH,宝胜股份,上交所,电力设备,,2000只样本池,中证全指+申万一级分层抽样,按行业权重代表性与流动性先验纳入,,L8X上游地基；行业代表性验证；后续指标扩面目标
2000只样本股票池,sz300427,300427.SZ,红相股份,深交所,电力设备,,2000只样本池,中证全指+申万一级分层抽样,按行业权重代表性与流动性先验纳入,,L8X上游地基；行业代表性验证；后续指标扩面目标
2000只样本股票池,sh688032,688032.SH,禾迈股份,上交所,电力设备,,2000只样本池,中证全指+申万一级分层抽样,按行业权重代表性与流动性先验纳入,,L8X上游地基；行业代表性验证；后续指标扩面目标
2000只样本股票池,sz002534,002534.SZ,西子洁能,深交所,电力设备,,2000只样本池,中证全指+申万一级分层抽样,按行业权重代表性与流动性先验纳入,,L8X上游地基；行业代表性验证；后续指标扩面目标
2000只样本股票池,sh603556,603556.SH,海兴电力,上交所,电力设备,,2000只样本池,中证全指+申万一级分层抽样,按行业权重代表性与流动性先验纳入,,L8X上游地基；行业代表性验证；后续指标扩面目标
2000只样本股票池,sh688349,688349.SH,三一重能,上交所,电力设备,,2000只样本池,中证全指+申万一级分层抽样,按行业权重代表性与流动性先验纳入,,L8X上游地基；行业代表性验证；后续指标扩面目标
2000只样本股票池,sz002201,002201.SZ,九鼎新材,深交所,建筑材料,,2000只样本池,中证全指+申万一级分层抽样,按行业权重代表性与流动性先验纳入,,L8X上游地基；行业代表性验证；后续指标扩面目标
2000只样本股票池,sh600586,600586.SH,金晶科技,上交所,建筑材料,,2000只样本池,中证全指+申万一级分层抽样,按行业权重代表性与流动性先验纳入,,L8X上游地基；行业代表性验证；后续指标扩面目标
2000只样本股票池,sh605599,605599.SH,菜百股份,上交所,纺织服饰,,2000只样本池,中证全指+申万一级分层抽样,按行业权重代表性与流动性先验纳入,,L8X上游地基；行业代表性验证；后续指标扩面目标
2000只样本股票池,sz002867,002867.SZ,周大生,深交所,纺织服饰,,2000只样本池,中证全指+申万一级分层抽样,按行业权重代表性与流动性先验纳入,,L8X上游地基；行业代表性验证；后续指标扩面目标
2000只样本股票池,sz002293,002293.SZ,罗莱生活,深交所,纺织服饰,,2000只样本池,中证全指+申万一级分层抽样,按行业权重代表性与流动性先验纳入,,L8X上游地基；行业代表性验证；后续指标扩面目标
2000只样本股票池,sz002721,002721.SZ,金一文化,深交所,纺织服饰,,2000只样本池,中证全指+申万一级分层抽样,按行业权重代表性与流动性先验纳入,,L8X上游地基；行业代表性验证；后续指标扩面目标
2000只样本股票池,sh603477,603477.SH,巨星农牧,上交所,农林牧渔,,2000只样本池,中证全指+申万一级分层抽样,按行业权重代表性与流动性先验纳入,,L8X上游地基；行业代表性验证；后续指标扩面目标
2000只样本股票池,sz002124,002124.SZ,天邦食品,深交所,农林牧渔,,2000只样本池,中证全指+申万一级分层抽样,按行业权重代表性与流动性先验纳入,,L8X上游地基；行业代表性验证；后续指标扩面目标
2000只样本股票池,sh600251,600251.SH,冠农股份,上交所,农林牧渔,,2000只样本池,中证全指+申万一级分层抽样,按行业权重代表性与流动性先验纳入,,L8X上游地基；行业代表性验证；后续指标扩面目标
2000只样本股票池,sz300087,300087.SZ,荃银高科,深交所,农林牧渔,,2000只样本池,中证全指+申万一级分层抽样,按行业权重代表性与流动性先验纳入,,L8X上游地基；行业代表性验证；后续指标扩面目标
2000只样本股票池,sz000930,000930.SZ,中粮科技,深交所,农林牧渔,,2000只样本池,中证全指+申万一级分层抽样,按行业权重代表性与流动性先验纳入,,L8X上游地基；行业代表性验证；后续指标扩面目标
2000只样本股票池,sz000735,000735.SZ,罗牛山,深交所,农林牧渔,,2000只样本池,中证全指+申万一级分层抽样,按行业权重代表性与流动性先验纳入,,L8X上游地基；行业代表性验证；后续指标扩面目标
2000只样本股票池,sz000823,000823.SZ,超声电子,深交所,电子,,2000只样本池,中证全指+申万一级分层抽样,按行业权重代表性与流动性先验纳入,,L8X上游地基；行业代表性验证；后续指标扩面目标
2000只样本股票池,sz001298,001298.SZ,好上好,深交所,电子,,2000只样本池,中证全指+申万一级分层抽样,按行业权重代表性与流动性先验纳入,,L8X上游地基；行业代表性验证；后续指标扩面目标
2000只样本股票池,sh603890,603890.SH,春秋电子,上交所,电子,,2000只样本池,中证全指+申万一级分层抽样,按行业权重代表性与流动性先验纳入,,L8X上游地基；行业代表性验证；后续指标扩面目标
2000只样本股票池,sh688020,688020.SH,方邦股份,上交所,电子,,2000只样本池,中证全指+申万一级分层抽样,按行业权重代表性与流动性先验纳入,,L8X上游地基；行业代表性验证；后续指标扩面目标
2000只样本股票池,sz300739,300739.SZ,明阳电路,深交所,电子,,2000只样本池,中证全指+申万一级分层抽样,按行业权重代表性与流动性先验纳入,,L8X上游地基；行业代表性验证；后续指标扩面目标
2000只样本股票池,sh603078,603078.SH,江化微,上交所,电子,,2000只样本池,中证全指+申万一级分层抽样,按行业权重代表性与流动性先验纳入,,L8X上游地基；行业代表性验证；后续指标扩面目标
2000只样本股票池,sh688416,688416.SH,恒烁股份,上交所,电子,,2000只样本池,中证全指+申万一级分层抽样,按行业权重代表性与流动性先验纳入,,L8X上游地基；行业代表性验证；后续指标扩面目标
2000只样本股票池,sh688135,688135.SH,利扬芯片,上交所,电子,,2000只样本池,中证全指+申万一级分层抽样,按行业权重代表性与流动性先验纳入,,L8X上游地基；行业代表性验证；后续指标扩面目标
2000只样本股票池,sh688432,688432.SH,有研硅,上交所,电子,,2000只样本池,中证全指+申万一级分层抽样,按行业权重代表性与流动性先验纳入,,L8X上游地基；行业代表性验证；后续指标扩面目标
2000只样本股票池,sh603328,603328.SH,依顿电子,上交所,电子,,2000只样本池,中证全指+申万一级分层抽样,按行业权重代表性与流动性先验纳入,,L8X上游地基；行业代表性验证；后续指标扩面目标
2000只样本股票池,sh600203,600203.SH,福日电子,上交所,电子,,2000只样本池,中证全指+申万一级分层抽样,按行业权重代表性与流动性先验纳入,,L8X上游地基；行业代表性验证；后续指标扩面目标
2000只样本股票池,sh688368,688368.SH,晶丰明源,上交所,电子,,2000只样本池,中证全指+申万一级分层抽样,按行业权重代表性与流动性先验纳入,,L8X上游地基；行业代表性验证；后续指标扩面目标
2000只样本股票池,sh688359,688359.SH,三孚新科,上交所,电子,,2000只样本池,中证全指+申万一级分层抽样,按行业权重代表性与流动性先验纳入,,L8X上游地基；行业代表性验证；后续指标扩面目标
2000只样本股票池,sz002077,002077.SZ,大港股份,深交所,电子,,2000只样本池,中证全指+申万一级分层抽样,按行业权重代表性与流动性先验纳入,,L8X上游地基；行业代表性验证；后续指标扩面目标
2000只样本股票池,sz300046,300046.SZ,台基股份,深交所,电子,,2000只样本池,中证全指+申万一级分层抽样,按行业权重代表性与流动性先验纳入,,L8X上游地基；行业代表性验证；后续指标扩面目标
2000只样本股票池,sz002925,002925.SZ,盈趣科技,深交所,电子,,2000只样本池,中证全指+申万一级分层抽样,按行业权重代表性与流动性先验纳入,,L8X上游地基；行业代表性验证；后续指标扩面目标
2000只样本股票池,sz300708,300708.SZ,聚灿光电,深交所,电子,,2000只样本池,中证全指+申万一级分层抽样,按行业权重代表性与流动性先验纳入,,L8X上游地基；行业代表性验证；后续指标扩面目标
2000只样本股票池,sh688711,688711.SH,宏微科技,上交所,电子,,2000只样本池,中证全指+申万一级分层抽样,按行业权重代表性与流动性先验纳入,,L8X上游地基；行业代表性验证；后续指标扩面目标
2000只样本股票池,sz300232,300232.SZ,洲明科技,深交所,电子,,2000只样本池,中证全指+申万一级分层抽样,按行业权重代表性与流动性先验纳入,,L8X上游地基；行业代表性验证；后续指标扩面目标
2000只样本股票池,sh688591,688591.SH,泰凌微,上交所,电子,,2000只样本池,中证全指+申万一级分层抽样,按行业权重代表性与流动性先验纳入,,L8X上游地基；行业代表性验证；后续指标扩面目标
2000只样本股票池,sz002106,002106.SZ,莱宝高科,深交所,电子,,2000只样本池,中证全指+申万一级分层抽样,按行业权重代表性与流动性先验纳入,,L8X上游地基；行业代表性验证；后续指标扩面目标
2000只样本股票池,sh600770,600770.SH,综艺股份,上交所,综合,,2000只样本池,中证全指+申万一级分层抽样,按行业权重代表性与流动性先验纳入,,L8X上游地基；行业代表性验证；后续指标扩面目标
2000只样本股票池,sz002328,002328.SZ,新朋股份,深交所,汽车,,2000只样本池,中证全指+申万一级分层抽样,按行业权重代表性与流动性先验纳入,,L8X上游地基；行业代表性验证；后续指标扩面目标
2000只样本股票池,sz301529,301529.SZ,福赛科技,深交所,汽车,,2000只样本池,中证全指+申万一级分层抽样,按行业权重代表性与流动性先验纳入,,L8X上游地基；行业代表性验证；后续指标扩面目标
2000只样本股票池,sz002284,002284.SZ,亚太股份,深交所,汽车,,2000只样本池,中证全指+申万一级分层抽样,按行业权重代表性与流动性先验纳入,,L8X上游地基；行业代表性验证；后续指标扩面目标
2000只样本股票池,sz300428,300428.SZ,立中集团,深交所,汽车,,2000只样本池,中证全指+申万一级分层抽样,按行业权重代表性与流动性先验纳入,,L8X上游地基；行业代表性验证；后续指标扩面目标
2000只样本股票池,sh603529,603529.SH,爱玛科技,上交所,汽车,,2000只样本池,中证全指+申万一级分层抽样,按行业权重代表性与流动性先验纳入,,L8X上游地基；行业代表性验证；后续指标扩面目标
2000只样本股票池,sz301007,301007.SZ,德迈仕,深交所,汽车,,2000只样本池,中证全指+申万一级分层抽样,按行业权重代表性与流动性先验纳入,,L8X上游地基；行业代表性验证；后续指标扩面目标
2000只样本股票池,sz300986,300986.SZ,志特新材,深交所,建筑装饰,,2000只样本池,中证全指+申万一级分层抽样,按行业权重代表性与流动性先验纳入,,L8X上游地基；行业代表性验证；后续指标扩面目标
2000只样本股票池,sz002135,002135.SZ,东南网架,深交所,建筑装饰,,2000只样本池,中证全指+申万一级分层抽样,按行业权重代表性与流动性先验纳入,,L8X上游地基；行业代表性验证；后续指标扩面目标
2000只样本股票池,sz000928,000928.SZ,中钢国际,深交所,建筑装饰,,2000只样本池,中证全指+申万一级分层抽样,按行业权重代表性与流动性先验纳入,,L8X上游地基；行业代表性验证；后续指标扩面目标
2000只样本股票池,sh601096,601096.SH,宏盛华源,上交所,建筑装饰,,2000只样本池,中证全指+申万一级分层抽样,按行业权重代表性与流动性先验纳入,,L8X上游地基；行业代表性验证；后续指标扩面目标
2000只样本股票池,sz002941,002941.SZ,新疆交建,深交所,建筑装饰,,2000只样本池,中证全指+申万一级分层抽样,按行业权重代表性与流动性先验纳入,,L8X上游地基；行业代表性验证；后续指标扩面目标
2000只样本股票池,sz002210,002210.SZ,飞马国际,深交所,环保,,2000只样本池,中证全指+申万一级分层抽样,按行业权重代表性与流动性先验纳入,,L8X上游地基；行业代表性验证；后续指标扩面目标
2000只样本股票池,sh600292,600292.SH,电投水电,上交所,环保,,2000只样本池,中证全指+申万一级分层抽样,按行业权重代表性与流动性先验纳入,,L8X上游地基；行业代表性验证；后续指标扩面目标
2000只样本股票池,sz301127,301127.SZ,武汉天源,深交所,环保,,2000只样本池,中证全指+申万一级分层抽样,按行业权重代表性与流动性先验纳入,,L8X上游地基；行业代表性验证；后续指标扩面目标
2000只样本股票池,sh603399,603399.SH,永杉锂业,上交所,有色金属,,2000只样本池,中证全指+申万一级分层抽样,按行业权重代表性与流动性先验纳入,,L8X上游地基；行业代表性验证；后续指标扩面目标
2000只样本股票池,sh603124,603124.SH,江南新材,上交所,有色金属,,2000只样本池,中证全指+申万一级分层抽样,按行业权重代表性与流动性先验纳入,,L8X上游地基；行业代表性验证；后续指标扩面目标
2000只样本股票池,sh601702,601702.SH,华峰铝业,上交所,有色金属,,2000只样本池,中证全指+申万一级分层抽样,按行业权重代表性与流动性先验纳入,,L8X上游地基；行业代表性验证；后续指标扩面目标
2000只样本股票池,sh600775,600775.SH,南京熊猫,上交所,通信,,2000只样本池,中证全指+申万一级分层抽样,按行业权重代表性与流动性先验纳入,,L8X上游地基；行业代表性验证；后续指标扩面目标
2000只样本股票池,sh600751,600751.SH,海航科技,上交所,交通运输,,2000只样本池,中证全指+申万一级分层抽样,按行业权重代表性与流动性先验纳入,,L8X上游地基；行业代表性验证；后续指标扩面目标
2000只样本股票池,sz002928,002928.SZ,华夏航空,深交所,交通运输,,2000只样本池,中证全指+申万一级分层抽样,按行业权重代表性与流动性先验纳入,,L8X上游地基；行业代表性验证；后续指标扩面目标
2000只样本股票池,sz300572,300572.SZ,安车检测,深交所,社会服务,,2000只样本池,中证全指+申万一级分层抽样,按行业权重代表性与流动性先验纳入,,L8X上游地基；行业代表性验证；后续指标扩面目标
2000只样本股票池,sz300416,300416.SZ,苏试试验,深交所,社会服务,,2000只样本池,中证全指+申万一级分层抽样,按行业权重代表性与流动性先验纳入,,L8X上游地基；行业代表性验证；后续指标扩面目标
2000只样本股票池,sz000796,000796.SZ,凯撒旅业,深交所,社会服务,,2000只样本池,中证全指+申万一级分层抽样,按行业权重代表性与流动性先验纳入,,L8X上游地基；行业代表性验证；后续指标扩面目标
2000只样本股票池,sh603027,603027.SH,千禾味业,上交所,食品饮料,,2000只样本池,中证全指+申万一级分层抽样,按行业权重代表性与流动性先验纳入,,L8X上游地基；行业代表性验证；后续指标扩面目标
2000只样本股票池,sh600059,600059.SH,古越龙山,上交所,食品饮料,,2000只样本池,中证全指+申万一级分层抽样,按行业权重代表性与流动性先验纳入,,L8X上游地基；行业代表性验证；后续指标扩面目标
2000只样本股票池,sz000937,000937.SZ,冀中能源,深交所,煤炭,,2000只样本池,中证全指+申万一级分层抽样,按行业权重代表性与流动性先验纳入,,L8X上游地基；行业代表性验证；后续指标扩面目标
2000只样本股票池,sh600395,600395.SH,盘江股份,上交所,煤炭,,2000只样本池,中证全指+申万一级分层抽样,按行业权重代表性与流动性先验纳入,,L8X上游地基；行业代表性验证；后续指标扩面目标
2000只样本股票池,sh603687,603687.SH,大胜达,上交所,轻工制造,,2000只样本池,中证全指+申万一级分层抽样,按行业权重代表性与流动性先验纳入,,L8X上游地基；行业代表性验证；后续指标扩面目标
2000只样本股票池,sz300740,300740.SZ,水羊股份,深交所,美容护理,,2000只样本池,中证全指+申万一级分层抽样,按行业权重代表性与流动性先验纳入,,L8X上游地基；行业代表性验证；后续指标扩面目标
2000只样本股票池,sh600152,600152.SH,维科技术,上交所,电力设备,,2000只样本池,中证全指+申万一级分层抽样,按行业权重代表性与流动性先验纳入,,L8X上游地基；行业代表性验证；后续指标扩面目标
2000只样本股票池,sz002309,002309.SZ,中利集团,深交所,电力设备,,2000只样本池,中证全指+申万一级分层抽样,按行业权重代表性与流动性先验纳入,,L8X上游地基；行业代表性验证；后续指标扩面目标
2000只样本股票池,sz002350,002350.SZ,北京科锐,深交所,电力设备,,2000只样本池,中证全指+申万一级分层抽样,按行业权重代表性与流动性先验纳入,,L8X上游地基；行业代表性验证；后续指标扩面目标
2000只样本股票池,sh603897,603897.SH,长城科技,上交所,电力设备,,2000只样本池,中证全指+申万一级分层抽样,按行业权重代表性与流动性先验纳入,,L8X上游地基；行业代表性验证；后续指标扩面目标
2000只样本股票池,sh603530,603530.SH,神马电力,上交所,电力设备,,2000只样本池,中证全指+申万一级分层抽样,按行业权重代表性与流动性先验纳入,,L8X上游地基；行业代表性验证；后续指标扩面目标
2000只样本股票池,sz002452,002452.SZ,长高电新,深交所,电力设备,,2000只样本池,中证全指+申万一级分层抽样,按行业权重代表性与流动性先验纳入,,L8X上游地基；行业代表性验证；后续指标扩面目标
2000只样本股票池,sz300619,300619.SZ,金银河,深交所,电力设备,,2000只样本池,中证全指+申万一级分层抽样,按行业权重代表性与流动性先验纳入,,L8X上游地基；行业代表性验证；后续指标扩面目标
2000只样本股票池,sh688191,688191.SH,智洋创新,上交所,电力设备,,2000只样本池,中证全指+申万一级分层抽样,按行业权重代表性与流动性先验纳入,,L8X上游地基；行业代表性验证；后续指标扩面目标
2000只样本股票池,sh601218,601218.SH,吉鑫科技,上交所,电力设备,,2000只样本池,中证全指+申万一级分层抽样,按行业权重代表性与流动性先验纳入,,L8X上游地基；行业代表性验证；后续指标扩面目标
2000只样本股票池,sz300018,300018.SZ,中元股份,深交所,电力设备,,2000只样本池,中证全指+申万一级分层抽样,按行业权重代表性与流动性先验纳入,,L8X上游地基；行业代表性验证；后续指标扩面目标
2000只样本股票池,sz301155,301155.SZ,海力风电,深交所,电力设备,,2000只样本池,中证全指+申万一级分层抽样,按行业权重代表性与流动性先验纳入,,L8X上游地基；行业代表性验证；后续指标扩面目标
2000只样本股票池,sh688408,688408.SH,中信博,上交所,电力设备,,2000只样本池,中证全指+申万一级分层抽样,按行业权重代表性与流动性先验纳入,,L8X上游地基；行业代表性验证；后续指标扩面目标
2000只样本股票池,sz300569,300569.SZ,天能重工,深交所,电力设备,,2000只样本池,中证全指+申万一级分层抽样,按行业权重代表性与流动性先验纳入,,L8X上游地基；行业代表性验证；后续指标扩面目标
2000只样本股票池,sz002358,002358.SZ,森源电气,深交所,电力设备,,2000只样本池,中证全指+申万一级分层抽样,按行业权重代表性与流动性先验纳入,,L8X上游地基；行业代表性验证；后续指标扩面目标
2000只样本股票池,sz002042,002042.SZ,华孚时尚,深交所,纺织服饰,,2000只样本池,中证全指+申万一级分层抽样,按行业权重代表性与流动性先验纳入,,L8X上游地基；行业代表性验证；后续指标扩面目标
2000只样本股票池,sz002885,002885.SZ,京泉华,深交所,电子,,2000只样本池,中证全指+申万一级分层抽样,按行业权重代表性与流动性先验纳入,,L8X上游地基；行业代表性验证；后续指标扩面目标
2000只样本股票池,sz301389,301389.SZ,隆扬电子,深交所,电子,,2000只样本池,中证全指+申万一级分层抽样,按行业权重代表性与流动性先验纳入,,L8X上游地基；行业代表性验证；后续指标扩面目标
2000只样本股票池,sz002134,002134.SZ,天津普林,深交所,电子,,2000只样本池,中证全指+申万一级分层抽样,按行业权重代表性与流动性先验纳入,,L8X上游地基；行业代表性验证；后续指标扩面目标
2000只样本股票池,sh688035,688035.SH,德邦科技,上交所,电子,,2000只样本池,中证全指+申万一级分层抽样,按行业权重代表性与流动性先验纳入,,L8X上游地基；行业代表性验证；后续指标扩面目标
2000只样本股票池,sz002579,002579.SZ,中京电子,深交所,电子,,2000只样本池,中证全指+申万一级分层抽样,按行业权重代表性与流动性先验纳入,,L8X上游地基；行业代表性验证；后续指标扩面目标
2000只样本股票池,sz002119,002119.SZ,康强电子,深交所,电子,,2000只样本池,中证全指+申万一级分层抽样,按行业权重代表性与流动性先验纳入,,L8X上游地基；行业代表性验证；后续指标扩面目标
2000只样本股票池,sh688107,688107.SH,安路科技,上交所,电子,,2000只样本池,中证全指+申万一级分层抽样,按行业权重代表性与流动性先验纳入,,L8X上游地基；行业代表性验证；后续指标扩面目标
2000只样本股票池,sz301326,301326.SZ,捷邦科技,深交所,电子,,2000只样本池,中证全指+申万一级分层抽样,按行业权重代表性与流动性先验纳入,,L8X上游地基；行业代表性验证；后续指标扩面目标
2000只样本股票池,sz300429,300429.SZ,强力新材,深交所,电子,,2000只样本池,中证全指+申万一级分层抽样,按行业权重代表性与流动性先验纳入,,L8X上游地基；行业代表性验证；后续指标扩面目标
2000只样本股票池,sz000670,000670.SZ,盈方微,深交所,电子,,2000只样本池,中证全指+申万一级分层抽样,按行业权重代表性与流动性先验纳入,,L8X上游地基；行业代表性验证；后续指标扩面目标
2000只样本股票池,sh603297,603297.SH,永新光学,上交所,电子,,2000只样本池,中证全指+申万一级分层抽样,按行业权重代表性与流动性先验纳入,,L8X上游地基；行业代表性验证；后续指标扩面目标
2000只样本股票池,sh688261,688261.SH,东微半导,上交所,电子,,2000只样本池,中证全指+申万一级分层抽样,按行业权重代表性与流动性先验纳入,,L8X上游地基；行业代表性验证；后续指标扩面目标
2000只样本股票池,sz002635,002635.SZ,安洁科技,深交所,电子,,2000只样本池,中证全指+申万一级分层抽样,按行业权重代表性与流动性先验纳入,,L8X上游地基；行业代表性验证；后续指标扩面目标
2000只样本股票池,sh688486,688486.SH,龙迅股份,上交所,电子,,2000只样本池,中证全指+申万一级分层抽样,按行业权重代表性与流动性先验纳入,,L8X上游地基；行业代表性验证；后续指标扩面目标
2000只样本股票池,sh688210,688210.SH,统联精密,上交所,电子,,2000只样本池,中证全指+申万一级分层抽样,按行业权重代表性与流动性先验纳入,,L8X上游地基；行业代表性验证；后续指标扩面目标
2000只样本股票池,sh688653,688653.SH,康希通信,上交所,电子,,2000只样本池,中证全指+申万一级分层抽样,按行业权重代表性与流动性先验纳入,,L8X上游地基；行业代表性验证；后续指标扩面目标
2000只样本股票池,sh688332,688332.SH,中科蓝讯,上交所,电子,,2000只样本池,中证全指+申万一级分层抽样,按行业权重代表性与流动性先验纳入,,L8X上游地基；行业代表性验证；后续指标扩面目标
2000只样本股票池,sh688153,688153.SH,唯捷创芯,上交所,电子,,2000只样本池,中证全指+申万一级分层抽样,按行业权重代表性与流动性先验纳入,,L8X上游地基；行业代表性验证；后续指标扩面目标
2000只样本股票池,sh688299,688299.SH,长阳科技,上交所,电子,,2000只样本池,中证全指+申万一级分层抽样,按行业权重代表性与流动性先验纳入,,L8X上游地基；行业代表性验证；后续指标扩面目标
2000只样本股票池,sh688325,688325.SH,赛微微电,上交所,电子,,2000只样本池,中证全指+申万一级分层抽样,按行业权重代表性与流动性先验纳入,,L8X上游地基；行业代表性验证；后续指标扩面目标
2000只样本股票池,sz002161,002161.SZ,远望谷,深交所,电子,,2000只样本池,中证全指+申万一级分层抽样,按行业权重代表性与流动性先验纳入,,L8X上游地基；行业代表性验证；后续指标扩面目标
2000只样本股票池,sz002045,002045.SZ,国光电器,深交所,电子,,2000只样本池,中证全指+申万一级分层抽样,按行业权重代表性与流动性先验纳入,,L8X上游地基；行业代表性验证；后续指标扩面目标
2000只样本股票池,sh600881,600881.SH,亚泰集团,上交所,综合,,2000只样本池,中证全指+申万一级分层抽样,按行业权重代表性与流动性先验纳入,,L8X上游地基；行业代表性验证；后续指标扩面目标
2000只样本股票池,sz300863,300863.SZ,卡倍亿,深交所,汽车,,2000只样本池,中证全指+申万一级分层抽样,按行业权重代表性与流动性先验纳入,,L8X上游地基；行业代表性验证；后续指标扩面目标
2000只样本股票池,sz002965,002965.SZ,祥鑫科技,深交所,汽车,,2000只样本池,中证全指+申万一级分层抽样,按行业权重代表性与流动性先验纳入,,L8X上游地基；行业代表性验证；后续指标扩面目标
2000只样本股票池,sz000551,000551.SZ,创元科技,深交所,环保,,2000只样本池,中证全指+申万一级分层抽样,按行业权重代表性与流动性先验纳入,,L8X上游地基；行业代表性验证；后续指标扩面目标
2000只样本股票池,sz000059,000059.SZ,华锦股份,深交所,石油石化,,2000只样本池,中证全指+申万一级分层抽样,按行业权重代表性与流动性先验纳入,,L8X上游地基；行业代表性验证；后续指标扩面目标
2000只样本股票池,sh603115,603115.SH,海星股份,上交所,有色金属,,2000只样本池,中证全指+申万一级分层抽样,按行业权重代表性与流动性先验纳入,,L8X上游地基；行业代表性验证；后续指标扩面目标
2000只样本股票池,sh601388,601388.SH,怡球资源,上交所,有色金属,,2000只样本池,中证全指+申万一级分层抽样,按行业权重代表性与流动性先验纳入,,L8X上游地基；行业代表性验证；后续指标扩面目标
2000只样本股票池,sh603045,603045.SH,福达合金,上交所,有色金属,,2000只样本池,中证全指+申万一级分层抽样,按行业权重代表性与流动性先验纳入,,L8X上游地基；行业代表性验证；后续指标扩面目标
2000只样本股票池,sz002902,002902.SZ,铭普光磁,深交所,通信,,2000只样本池,中证全指+申万一级分层抽样,按行业权重代表性与流动性先验纳入,,L8X上游地基；行业代表性验证；后续指标扩面目标
2000只样本股票池,sz300913,300913.SZ,兆龙互连,深交所,通信,,2000只样本池,中证全指+申万一级分层抽样,按行业权重代表性与流动性先验纳入,,L8X上游地基；行业代表性验证；后续指标扩面目标
2000只样本股票池,sz300292,300292.SZ,吴通控股,深交所,通信,,2000只样本池,中证全指+申万一级分层抽样,按行业权重代表性与流动性先验纳入,,L8X上游地基；行业代表性验证；后续指标扩面目标
2000只样本股票池,sh600198,600198.SH,大唐电信,上交所,通信,,2000只样本池,中证全指+申万一级分层抽样,按行业权重代表性与流动性先验纳入,,L8X上游地基；行业代表性验证；后续指标扩面目标
2000只样本股票池,sz002881,002881.SZ,美格智能,深交所,通信,,2000只样本池,中证全指+申万一级分层抽样,按行业权重代表性与流动性先验纳入,,L8X上游地基；行业代表性验证；后续指标扩面目标
2000只样本股票池,sh688100,688100.SH,威胜信息,上交所,通信,,2000只样本池,中证全指+申万一级分层抽样,按行业权重代表性与流动性先验纳入,,L8X上游地基；行业代表性验证；后续指标扩面目标
2000只样本股票池,sz300213,300213.SZ,佳讯飞鸿,深交所,通信,,2000只样本池,中证全指+申万一级分层抽样,按行业权重代表性与流动性先验纳入,,L8X上游地基；行业代表性验证；后续指标扩面目标
2000只样本股票池,sz002418,002418.SZ,康盛股份,深交所,家用电器,,2000只样本池,中证全指+申万一级分层抽样,按行业权重代表性与流动性先验纳入,,L8X上游地基；行业代表性验证；后续指标扩面目标
2000只样本股票池,sz002052,002052.SZ,同洲电子,深交所,家用电器,,2000只样本池,中证全指+申万一级分层抽样,按行业权重代表性与流动性先验纳入,,L8X上游地基；行业代表性验证；后续指标扩面目标
2000只样本股票池,sz002668,002668.SZ,TCL智家,深交所,家用电器,,2000只样本池,中证全指+申万一级分层抽样,按行业权重代表性与流动性先验纳入,,L8X上游地基；行业代表性验证；后续指标扩面目标
2000只样本股票池,sz300217,300217.SZ,东方电热,深交所,家用电器,,2000只样本池,中证全指+申万一级分层抽样,按行业权重代表性与流动性先验纳入,,L8X上游地基；行业代表性验证；后续指标扩面目标
2000只样本股票池,sh688696,688696.SH,极米科技,上交所,家用电器,,2000只样本池,中证全指+申万一级分层抽样,按行业权重代表性与流动性先验纳入,,L8X上游地基；行业代表性验证；后续指标扩面目标
2000只样本股票池,sz002243,002243.SZ,力合科创,深交所,社会服务,,2000只样本池,中证全指+申万一级分层抽样,按行业权重代表性与流动性先验纳入,,L8X上游地基；行业代表性验证；后续指标扩面目标
2000只样本股票池,sz002057,002057.SZ,中钢天源,深交所,社会服务,,2000只样本池,中证全指+申万一级分层抽样,按行业权重代表性与流动性先验纳入,,L8X上游地基；行业代表性验证；后续指标扩面目标
2000只样本股票池,sh603317,603317.SH,天味食品,上交所,食品饮料,,2000只样本池,中证全指+申万一级分层抽样,按行业权重代表性与流动性先验纳入,,L8X上游地基；行业代表性验证；后续指标扩面目标
2000只样本股票池,sh600882,600882.SH,妙可蓝多,上交所,食品饮料,,2000只样本池,中证全指+申万一级分层抽样,按行业权重代表性与流动性先验纳入,,L8X上游地基；行业代表性验证；后续指标扩面目标
2000只样本股票池,sz000848,000848.SZ,承德露露,深交所,食品饮料,,2000只样本池,中证全指+申万一级分层抽样,按行业权重代表性与流动性先验纳入,,L8X上游地基；行业代表性验证；后续指标扩面目标
2000只样本股票池,sz002570,002570.SZ,贝因美,深交所,食品饮料,,2000只样本池,中证全指+申万一级分层抽样,按行业权重代表性与流动性先验纳入,,L8X上游地基；行业代表性验证；后续指标扩面目标
2000只样本股票池,sz002216,002216.SZ,三全食品,深交所,食品饮料,,2000只样本池,中证全指+申万一级分层抽样,按行业权重代表性与流动性先验纳入,,L8X上游地基；行业代表性验证；后续指标扩面目标
2000只样本股票池,sz002946,002946.SZ,新乳业,深交所,食品饮料,,2000只样本池,中证全指+申万一级分层抽样,按行业权重代表性与流动性先验纳入,,L8X上游地基；行业代表性验证；后续指标扩面目标
2000只样本股票池,sh600305,600305.SH,恒顺醋业,上交所,食品饮料,,2000只样本池,中证全指+申万一级分层抽样,按行业权重代表性与流动性先验纳入,,L8X上游地基；行业代表性验证；后续指标扩面目标
2000只样本股票池,sh600597,600597.SH,光明乳业,上交所,食品饮料,,2000只样本池,中证全指+申万一级分层抽样,按行业权重代表性与流动性先验纳入,,L8X上游地基；行业代表性验证；后续指标扩面目标
2000只样本股票池,sh600575,600575.SH,淮河能源,上交所,煤炭,,2000只样本池,中证全指+申万一级分层抽样,按行业权重代表性与流动性先验纳入,,L8X上游地基；行业代表性验证；后续指标扩面目标
2000只样本股票池,sh600740,600740.SH,山西焦化,上交所,煤炭,,2000只样本池,中证全指+申万一级分层抽样,按行业权重代表性与流动性先验纳入,,L8X上游地基；行业代表性验证；后续指标扩面目标
2000只样本股票池,sh600971,600971.SH,恒源煤电,上交所,煤炭,,2000只样本池,中证全指+申万一级分层抽样,按行业权重代表性与流动性先验纳入,,L8X上游地基；行业代表性验证；后续指标扩面目标
2000只样本股票池,sh600433,600433.SH,冠豪高新,上交所,轻工制造,,2000只样本池,中证全指+申万一级分层抽样,按行业权重代表性与流动性先验纳入,,L8X上游地基；行业代表性验证；后续指标扩面目标
2000只样本股票池,sz002235,002235.SZ,安妮股份,深交所,轻工制造,,2000只样本池,中证全指+申万一级分层抽样,按行业权重代表性与流动性先验纳入,,L8X上游地基；行业代表性验证；后续指标扩面目标
2000只样本股票池,sz000659,000659.SZ,珠海中富,深交所,轻工制造,,2000只样本池,中证全指+申万一级分层抽样,按行业权重代表性与流动性先验纳入,,L8X上游地基；行业代表性验证；后续指标扩面目标
2000只样本股票池,sz002511,002511.SZ,中顺洁柔,深交所,美容护理,,2000只样本池,中证全指+申万一级分层抽样,按行业权重代表性与流动性先验纳入,,L8X上游地基；行业代表性验证；后续指标扩面目标
2000只样本股票池,sh600928,600928.SH,西安银行,上交所,银行,,2000只样本池,中证全指+申万一级分层抽样,按行业权重代表性与流动性先验纳入,,L8X上游地基；行业代表性验证；后续指标扩面目标
2000只样本股票池,sz300632,300632.SZ,光莆股份,深交所,电子,,2000只样本池,中证全指+申万一级分层抽样,按行业权重代表性与流动性先验纳入,,L8X上游地基；行业代表性验证；后续指标扩面目标
2000只样本股票池,sz002866,002866.SZ,传艺科技,深交所,电子,,2000只样本池,中证全指+申万一级分层抽样,按行业权重代表性与流动性先验纳入,,L8X上游地基；行业代表性验证；后续指标扩面目标
2000只样本股票池,sz300868,300868.SZ,杰美特,深交所,电子,,2000只样本池,中证全指+申万一级分层抽样,按行业权重代表性与流动性先验纳入,,L8X上游地基；行业代表性验证；后续指标扩面目标
2000只样本股票池,sz301421,301421.SZ,波长光电,深交所,电子,,2000只样本池,中证全指+申万一级分层抽样,按行业权重代表性与流动性先验纳入,,L8X上游地基；行业代表性验证；后续指标扩面目标
2000只样本股票池,sz301369,301369.SZ,联动科技,深交所,电子,,2000只样本池,中证全指+申万一级分层抽样,按行业权重代表性与流动性先验纳入,,L8X上游地基；行业代表性验证；后续指标扩面目标
2000只样本股票池,sz301606,301606.SZ,绿联科技,深交所,电子,,2000只样本池,中证全指+申万一级分层抽样,按行业权重代表性与流动性先验纳入,,L8X上游地基；行业代表性验证；后续指标扩面目标
2000只样本股票池,sh688603,688603.SH,天承科技,上交所,电子,,2000只样本池,中证全指+申万一级分层抽样,按行业权重代表性与流动性先验纳入,,L8X上游地基；行业代表性验证；后续指标扩面目标
2000只样本股票池,sz301566,301566.SZ,达利凯普,深交所,电子,,2000只样本池,中证全指+申万一级分层抽样,按行业权重代表性与流动性先验纳入,,L8X上游地基；行业代表性验证；后续指标扩面目标
2000只样本股票池,sh688720,688720.SH,艾森股份,上交所,电子,,2000只样本池,中证全指+申万一级分层抽样,按行业权重代表性与流动性先验纳入,,L8X上游地基；行业代表性验证；后续指标扩面目标
2000只样本股票池,sh600237,600237.SH,铜峰电子,上交所,电子,,2000只样本池,中证全指+申万一级分层抽样,按行业权重代表性与流动性先验纳入,,L8X上游地基；行业代表性验证；后续指标扩面目标
2000只样本股票池,sh603703,603703.SH,盛洋科技,上交所,电子,,2000只样本池,中证全指+申万一级分层抽样,按行业权重代表性与流动性先验纳入,,L8X上游地基；行业代表性验证；后续指标扩面目标
2000只样本股票池,sz002782,002782.SZ,可立克,深交所,电子,,2000只样本池,中证全指+申万一级分层抽样,按行业权重代表性与流动性先验纳入,,L8X上游地基；行业代表性验证；后续指标扩面目标
2000只样本股票池,sh688007,688007.SH,光峰科技,上交所,电子,,2000只样本池,中证全指+申万一级分层抽样,按行业权重代表性与流动性先验纳入,,L8X上游地基；行业代表性验证；后续指标扩面目标
2000只样本股票池,sz002992,002992.SZ,宝明科技,深交所,电子,,2000只样本池,中证全指+申万一级分层抽样,按行业权重代表性与流动性先验纳入,,L8X上游地基；行业代表性验证；后续指标扩面目标
2000只样本股票池,sz002351,002351.SZ,漫步者,深交所,电子,,2000只样本池,中证全指+申万一级分层抽样,按行业权重代表性与流动性先验纳入,,L8X上游地基；行业代表性验证；后续指标扩面目标
2000只样本股票池,sz000753,000753.SZ,漳州发展,深交所,综合,,2000只样本池,中证全指+申万一级分层抽样,按行业权重代表性与流动性先验纳入,,L8X上游地基；行业代表性验证；后续指标扩面目标
2000只样本股票池,sz000652,000652.SZ,泰达股份,深交所,综合,,2000只样本池,中证全指+申万一级分层抽样,按行业权重代表性与流动性先验纳入,,L8X上游地基；行业代表性验证；后续指标扩面目标
2000只样本股票池,sh600682,600682.SH,南京新百,上交所,综合,,2000只样本池,中证全指+申万一级分层抽样,按行业权重代表性与流动性先验纳入,,L8X上游地基；行业代表性验证；后续指标扩面目标
2000只样本股票池,sz000968,000968.SZ,蓝焰控股,深交所,石油石化,,2000只样本池,中证全指+申万一级分层抽样,按行业权重代表性与流动性先验纳入,,L8X上游地基；行业代表性验证；后续指标扩面目标
2000只样本股票池,sh688456,688456.SH,有研粉材,上交所,有色金属,,2000只样本池,中证全指+申万一级分层抽样,按行业权重代表性与流动性先验纳入,,L8X上游地基；行业代表性验证；后续指标扩面目标
2000只样本股票池,sz002978,002978.SZ,安宁股份,深交所,有色金属,,2000只样本池,中证全指+申万一级分层抽样,按行业权重代表性与流动性先验纳入,,L8X上游地基；行业代表性验证；后续指标扩面目标
2000只样本股票池,sz002194,002194.SZ,武汉凡谷,深交所,通信,,2000只样本池,中证全指+申万一级分层抽样,按行业权重代表性与流动性先验纳入,,L8X上游地基；行业代表性验证；后续指标扩面目标
2000只样本股票池,sz301191,301191.SZ,菲菱科思,深交所,通信,,2000只样本池,中证全指+申万一级分层抽样,按行业权重代表性与流动性先验纳入,,L8X上游地基；行业代表性验证；后续指标扩面目标
2000只样本股票池,sz301307,301307.SZ,美利信,深交所,通信,,2000只样本池,中证全指+申万一级分层抽样,按行业权重代表性与流动性先验纳入,,L8X上游地基；行业代表性验证；后续指标扩面目标
2000只样本股票池,sz002296,002296.SZ,辉煌科技,深交所,通信,,2000只样本池,中证全指+申万一级分层抽样,按行业权重代表性与流动性先验纳入,,L8X上游地基；行业代表性验证；后续指标扩面目标
2000只样本股票池,sz002705,002705.SZ,新宝股份,深交所,家用电器,,2000只样本池,中证全指+申万一级分层抽样,按行业权重代表性与流动性先验纳入,,L8X上游地基；行业代表性验证；后续指标扩面目标
2000只样本股票池,sz301362,301362.SZ,民爆光电,深交所,家用电器,,2000只样本池,中证全指+申万一级分层抽样,按行业权重代表性与流动性先验纳入,,L8X上游地基；行业代表性验证；后续指标扩面目标
2000只样本股票池,sz002638,002638.SZ,勤上股份,深交所,家用电器,,2000只样本池,中证全指+申万一级分层抽样,按行业权重代表性与流动性先验纳入,,L8X上游地基；行业代表性验证；后续指标扩面目标
2000只样本股票池,sh603112,603112.SH,华翔股份,上交所,家用电器,,2000只样本池,中证全指+申万一级分层抽样,按行业权重代表性与流动性先验纳入,,L8X上游地基；行业代表性验证；后续指标扩面目标
2000只样本股票池,sz002626,002626.SZ,金达威,深交所,食品饮料,,2000只样本池,中证全指+申万一级分层抽样,按行业权重代表性与流动性先验纳入,,L8X上游地基；行业代表性验证；后续指标扩面目标
2000只样本股票池,sz002461,002461.SZ,珠江啤酒,深交所,食品饮料,,2000只样本池,中证全指+申万一级分层抽样,按行业权重代表性与流动性先验纳入,,L8X上游地基；行业代表性验证；后续指标扩面目标
2000只样本股票池,sz300783,300783.SZ,三只松鼠,深交所,食品饮料,,2000只样本池,中证全指+申万一级分层抽样,按行业权重代表性与流动性先验纳入,,L8X上游地基；行业代表性验证；后续指标扩面目标
2000只样本股票池,sz301629,301629.SZ,矽电股份,深交所,电子,,2000只样本池,中证全指+申万一级分层抽样,按行业权重代表性与流动性先验纳入,,L8X上游地基；行业代表性验证；后续指标扩面目标
2000只样本股票池,sz300706,300706.SZ,阿石创,深交所,电子,,2000只样本池,中证全指+申万一级分层抽样,按行业权重代表性与流动性先验纳入,,L8X上游地基；行业代表性验证；后续指标扩面目标
2000只样本股票池,sz301189,301189.SZ,奥尼电子,深交所,电子,,2000只样本池,中证全指+申万一级分层抽样,按行业权重代表性与流动性先验纳入,,L8X上游地基；行业代表性验证；后续指标扩面目标
2000只样本股票池,sz003026,003026.SZ,中晶科技,深交所,电子,,2000只样本池,中证全指+申万一级分层抽样,按行业权重代表性与流动性先验纳入,,L8X上游地基；行业代表性验证；后续指标扩面目标
2000只样本股票池,sh688530,688530.SH,欧莱新材,上交所,电子,,2000只样本池,中证全指+申万一级分层抽样,按行业权重代表性与流动性先验纳入,,L8X上游地基；行业代表性验证；后续指标扩面目标
2000只样本股票池,sh688584,688584.SH,上海合晶,上交所,电子,,2000只样本池,中证全指+申万一级分层抽样,按行业权重代表性与流动性先验纳入,,L8X上游地基；行业代表性验证；后续指标扩面目标
2000只样本股票池,sz301099,301099.SZ,雅创电子,深交所,电子,,2000只样本池,中证全指+申万一级分层抽样,按行业权重代表性与流动性先验纳入,,L8X上游地基；行业代表性验证；后续指标扩面目标
2000只样本股票池,sz300831,300831.SZ,派瑞股份,深交所,电子,,2000只样本池,中证全指+申万一级分层抽样,按行业权重代表性与流动性先验纳入,,L8X上游地基；行业代表性验证；后续指标扩面目标
2000只样本股票池,sz301251,301251.SZ,威尔高,深交所,电子,,2000只样本池,中证全指+申万一级分层抽样,按行业权重代表性与流动性先验纳入,,L8X上游地基；行业代表性验证；后续指标扩面目标
2000只样本股票池,sh688601,688601.SH,力芯微,上交所,电子,,2000只样本池,中证全指+申万一级分层抽样,按行业权重代表性与流动性先验纳入,,L8X上游地基；行业代表性验证；后续指标扩面目标
2000只样本股票池,sh688209,688209.SH,英集芯,上交所,电子,,2000只样本池,中证全指+申万一级分层抽样,按行业权重代表性与流动性先验纳入,,L8X上游地基；行业代表性验证；后续指标扩面目标
2000只样本股票池,sz300566,300566.SZ,激智科技,深交所,电子,,2000只样本池,中证全指+申万一级分层抽样,按行业权重代表性与流动性先验纳入,,L8X上游地基；行业代表性验证；后续指标扩面目标
2000只样本股票池,sz003019,003019.SZ,宸展光电,深交所,电子,,2000只样本池,中证全指+申万一级分层抽样,按行业权重代表性与流动性先验纳入,,L8X上游地基；行业代表性验证；后续指标扩面目标
2000只样本股票池,sz003043,003043.SZ,华亚智能,深交所,电子,,2000只样本池,中证全指+申万一级分层抽样,按行业权重代表性与流动性先验纳入,,L8X上游地基；行业代表性验证；后续指标扩面目标
2000只样本股票池,sz002876,002876.SZ,三利谱,深交所,电子,,2000只样本池,中证全指+申万一级分层抽样,按行业权重代表性与流动性先验纳入,,L8X上游地基；行业代表性验证；后续指标扩面目标
2000只样本股票池,sz300032,300032.SZ,金龙机电,深交所,电子,,2000只样本池,中证全指+申万一级分层抽样,按行业权重代表性与流动性先验纳入,,L8X上游地基；行业代表性验证；后续指标扩面目标
2000只样本股票池,sh688181,688181.SH,八亿时空,上交所,电子,,2000只样本池,中证全指+申万一级分层抽样,按行业权重代表性与流动性先验纳入,,L8X上游地基；行业代表性验证；后续指标扩面目标
2000只样本股票池,sh688512,688512.SH,慧智微,上交所,电子,,2000只样本池,中证全指+申万一级分层抽样,按行业权重代表性与流动性先验纳入,,L8X上游地基；行业代表性验证；后续指标扩面目标
2000只样本股票池,sh688550,688550.SH,瑞联新材,上交所,电子,,2000只样本池,中证全指+申万一级分层抽样,按行业权重代表性与流动性先验纳入,,L8X上游地基；行业代表性验证；后续指标扩面目标
2000只样本股票池,sz300909,300909.SZ,汇创达,深交所,电子,,2000只样本池,中证全指+申万一级分层抽样,按行业权重代表性与流动性先验纳入,,L8X上游地基；行业代表性验证；后续指标扩面目标
2000只样本股票池,sz300120,300120.SZ,经纬辉开,深交所,电子,,2000只样本池,中证全指+申万一级分层抽样,按行业权重代表性与流动性先验纳入,,L8X上游地基；行业代表性验证；后续指标扩面目标
2000只样本股票池,sz002449,002449.SZ,国星光电,深交所,电子,,2000只样本池,中证全指+申万一级分层抽样,按行业权重代表性与流动性先验纳入,,L8X上游地基；行业代表性验证；后续指标扩面目标
2000只样本股票池,sz002369,002369.SZ,卓翼科技,深交所,电子,,2000只样本池,中证全指+申万一级分层抽样,按行业权重代表性与流动性先验纳入,,L8X上游地基；行业代表性验证；后续指标扩面目标
2000只样本股票池,sz002986,002986.SZ,宇新股份,深交所,石油石化,,2000只样本池,中证全指+申万一级分层抽样,按行业权重代表性与流动性先验纳入,,L8X上游地基；行业代表性验证；后续指标扩面目标
2000只样本股票池,sz000819,000819.SZ,岳阳兴长,深交所,石油石化,,2000只样本池,中证全指+申万一级分层抽样,按行业权重代表性与流动性先验纳入,,L8X上游地基；行业代表性验证；后续指标扩面目标
2000只样本股票池,sh603978,603978.SH,深圳新星,上交所,有色金属,,2000只样本池,中证全指+申万一级分层抽样,按行业权重代表性与流动性先验纳入,,L8X上游地基；行业代表性验证；后续指标扩面目标
2000只样本股票池,sz002824,002824.SZ,和胜股份,深交所,有色金属,,2000只样本池,中证全指+申万一级分层抽样,按行业权重代表性与流动性先验纳入,,L8X上游地基；行业代表性验证；后续指标扩面目标
2000只样本股票池,sh688190,688190.SH,云路股份,上交所,有色金属,,2000只样本池,中证全指+申万一级分层抽样,按行业权重代表性与流动性先验纳入,,L8X上游地基；行业代表性验证；后续指标扩面目标
2000只样本股票池,sz002988,002988.SZ,豪美新材,深交所,有色金属,,2000只样本池,中证全指+申万一级分层抽样,按行业权重代表性与流动性先验纳入,,L8X上游地基；行业代表性验证；后续指标扩面目标
2000只样本股票池,sz300963,300963.SZ,中洲特材,深交所,有色金属,,2000只样本池,中证全指+申万一级分层抽样,按行业权重代表性与流动性先验纳入,,L8X上游地基；行业代表性验证；后续指标扩面目标
2000只样本股票池,sz300127,300127.SZ,银河磁体,深交所,有色金属,,2000只样本池,中证全指+申万一级分层抽样,按行业权重代表性与流动性先验纳入,,L8X上游地基；行业代表性验证；后续指标扩面目标
2000只样本股票池,sh688231,688231.SH,隆达股份,上交所,有色金属,,2000只样本池,中证全指+申万一级分层抽样,按行业权重代表性与流动性先验纳入,,L8X上游地基；行业代表性验证；后续指标扩面目标
2000只样本股票池,sz300571,300571.SZ,平治信息,深交所,通信,,2000只样本池,中证全指+申万一级分层抽样,按行业权重代表性与流动性先验纳入,,L8X上游地基；行业代表性验证；后续指标扩面目标
2000只样本股票池,sz300590,300590.SZ,移为通信,深交所,通信,,2000只样本池,中证全指+申万一级分层抽样,按行业权重代表性与流动性先验纳入,,L8X上游地基；行业代表性验证；后续指标扩面目标
2000只样本股票池,sh603322,603322.SH,超讯通信,上交所,通信,,2000只样本池,中证全指+申万一级分层抽样,按行业权重代表性与流动性先验纳入,,L8X上游地基；行业代表性验证；后续指标扩面目标
2000只样本股票池,sz300050,300050.SZ,世纪鼎利,深交所,通信,,2000只样本池,中证全指+申万一级分层抽样,按行业权重代表性与流动性先验纳入,,L8X上游地基；行业代表性验证；后续指标扩面目标
2000只样本股票池,sz300959,300959.SZ,线上线下,深交所,通信,,2000只样本池,中证全指+申万一级分层抽样,按行业权重代表性与流动性先验纳入,,L8X上游地基；行业代表性验证；后续指标扩面目标
2000只样本股票池,sz300603,300603.SZ,立昂技术,深交所,通信,,2000只样本池,中证全指+申万一级分层抽样,按行业权重代表性与流动性先验纳入,,L8X上游地基；行业代表性验证；后续指标扩面目标
2000只样本股票池,sz300134,300134.SZ,大富科技,深交所,通信,,2000只样本池,中证全指+申万一级分层抽样,按行业权重代表性与流动性先验纳入,,L8X上游地基；行业代表性验证；后续指标扩面目标
2000只样本股票池,sz300310,300310.SZ,宜通世纪,深交所,通信,,2000只样本池,中证全指+申万一级分层抽样,按行业权重代表性与流动性先验纳入,,L8X上游地基；行业代表性验证；后续指标扩面目标
2000只样本股票池,sz300563,300563.SZ,神宇股份,深交所,通信,,2000只样本池,中证全指+申万一级分层抽样,按行业权重代表性与流动性先验纳入,,L8X上游地基；行业代表性验证；后续指标扩面目标
2000只样本股票池,sz000567,000567.SZ,海德股份,深交所,非银金融,,2000只样本池,中证全指+申万一级分层抽样,按行业权重代表性与流动性先验纳入,,L8X上游地基；行业代表性验证；后续指标扩面目标
2000只样本股票池,sh603093,603093.SH,南华期货,上交所,非银金融,,2000只样本池,中证全指+申万一级分层抽样,按行业权重代表性与流动性先验纳入,,L8X上游地基；行业代表性验证；后续指标扩面目标
2000只样本股票池,sh600643,600643.SH,爱建集团,上交所,非银金融,,2000只样本池,中证全指+申万一级分层抽样,按行业权重代表性与流动性先验纳入,,L8X上游地基；行业代表性验证；后续指标扩面目标
2000只样本股票池,sz002945,002945.SZ,华林证券,深交所,非银金融,,2000只样本池,中证全指+申万一级分层抽样,按行业权重代表性与流动性先验纳入,,L8X上游地基；行业代表性验证；后续指标扩面目标
2000只样本股票池,sh600927,600927.SH,永安期货,上交所,非银金融,,2000只样本池,中证全指+申万一级分层抽样,按行业权重代表性与流动性先验纳入,,L8X上游地基；行业代表性验证；后续指标扩面目标
2000只样本股票池,sz300403,300403.SZ,汉宇集团,深交所,家用电器,,2000只样本池,中证全指+申万一级分层抽样,按行业权重代表性与流动性先验纳入,,L8X上游地基；行业代表性验证；后续指标扩面目标
2000只样本股票池,sh688609,688609.SH,九联科技,上交所,家用电器,,2000只样本池,中证全指+申万一级分层抽样,按行业权重代表性与流动性先验纳入,,L8X上游地基；行业代表性验证；后续指标扩面目标
2000只样本股票池,sz000404,000404.SZ,长虹华意,深交所,家用电器,,2000只样本池,中证全指+申万一级分层抽样,按行业权重代表性与流动性先验纳入,,L8X上游地基；行业代表性验证；后续指标扩面目标
2000只样本股票池,sh600336,600336.SH,澳柯玛,上交所,家用电器,,2000只样本池,中证全指+申万一级分层抽样,按行业权重代表性与流动性先验纳入,,L8X上游地基；行业代表性验证；后续指标扩面目标
2000只样本股票池,sz000521,000521.SZ,长虹美菱,深交所,家用电器,,2000只样本池,中证全指+申万一级分层抽样,按行业权重代表性与流动性先验纳入,,L8X上游地基；行业代表性验证；后续指标扩面目标
2000只样本股票池,sz002035,002035.SZ,华帝股份,深交所,家用电器,,2000只样本池,中证全指+申万一级分层抽样,按行业权重代表性与流动性先验纳入,,L8X上游地基；行业代表性验证；后续指标扩面目标
2000只样本股票池,sz000541,000541.SZ,佛山照明,深交所,家用电器,,2000只样本池,中证全指+申万一级分层抽样,按行业权重代表性与流动性先验纳入,,L8X上游地基；行业代表性验证；后续指标扩面目标
2000只样本股票池,sz002582,002582.SZ,好想你,深交所,食品饮料,,2000只样本池,中证全指+申万一级分层抽样,按行业权重代表性与流动性先验纳入,,L8X上游地基；行业代表性验证；后续指标扩面目标
2000只样本股票池,sz002840,002840.SZ,华统股份,深交所,食品饮料,,2000只样本池,中证全指+申万一级分层抽样,按行业权重代表性与流动性先验纳入,,L8X上游地基；行业代表性验证；后续指标扩面目标
2000只样本股票池,sh600300,600300.SH,维维股份,上交所,食品饮料,,2000只样本池,中证全指+申万一级分层抽样,按行业权重代表性与流动性先验纳入,,L8X上游地基；行业代表性验证；后续指标扩面目标
2000只样本股票池,sh601579,601579.SH,会稽山,上交所,食品饮料,,2000只样本池,中证全指+申万一级分层抽样,按行业权重代表性与流动性先验纳入,,L8X上游地基；行业代表性验证；后续指标扩面目标
2000只样本股票池,sh600199,600199.SH,金种子酒,上交所,食品饮料,,2000只样本池,中证全指+申万一级分层抽样,按行业权重代表性与流动性先验纳入,,L8X上游地基；行业代表性验证；后续指标扩面目标
2000只样本股票池,sh600073,600073.SH,光明肉业,上交所,食品饮料,,2000只样本池,中证全指+申万一级分层抽样,按行业权重代表性与流动性先验纳入,,L8X上游地基；行业代表性验证；后续指标扩面目标
2000只样本股票池,sh600508,600508.SH,上海能源,上交所,煤炭,,2000只样本池,中证全指+申万一级分层抽样,按行业权重代表性与流动性先验纳入,,L8X上游地基；行业代表性验证；后续指标扩面目标
2000只样本股票池,sh600800,600800.SH,渤海化学,上交所,石油石化,,2000只样本池,中证全指+申万一级分层抽样,按行业权重代表性与流动性先验纳入,,L8X上游地基；行业代表性验证；后续指标扩面目标
2000只样本股票池,sz002554,002554.SZ,惠博普,深交所,石油石化,,2000只样本池,中证全指+申万一级分层抽样,按行业权重代表性与流动性先验纳入,,L8X上游地基；行业代表性验证；后续指标扩面目标
2000只样本股票池,sz301522,301522.SZ,上大股份,深交所,有色金属,,2000只样本池,中证全指+申万一级分层抽样,按行业权重代表性与流动性先验纳入,,L8X上游地基；行业代表性验证；后续指标扩面目标
2000只样本股票池,sz002540,002540.SZ,亚太科技,深交所,有色金属,,2000只样本池,中证全指+申万一级分层抽样,按行业权重代表性与流动性先验纳入,,L8X上游地基；行业代表性验证；后续指标扩面目标
2000只样本股票池,sh603803,603803.SH,瑞斯康达,上交所,通信,,2000只样本池,中证全指+申万一级分层抽样,按行业权重代表性与流动性先验纳入,,L8X上游地基；行业代表性验证；后续指标扩面目标
2000只样本股票池,sh688182,688182.SH,灿勤科技,上交所,通信,,2000只样本池,中证全指+申万一级分层抽样,按行业权重代表性与流动性先验纳入,,L8X上游地基；行业代表性验证；后续指标扩面目标
2000只样本股票池,sz300578,300578.SZ,会畅科技,深交所,通信,,2000只样本池,中证全指+申万一级分层抽样,按行业权重代表性与流动性先验纳入,,L8X上游地基；行业代表性验证；后续指标扩面目标
2000只样本股票池,sz002148,002148.SZ,北纬科技,深交所,通信,,2000只样本池,中证全指+申万一级分层抽样,按行业权重代表性与流动性先验纳入,,L8X上游地基；行业代表性验证；后续指标扩面目标
2000只样本股票池,sz003040,003040.SZ,楚天龙,深交所,通信,,2000只样本池,中证全指+申万一级分层抽样,按行业权重代表性与流动性先验纳入,,L8X上游地基；行业代表性验证；后续指标扩面目标
2000只样本股票池,sz002961,002961.SZ,瑞达期货,深交所,非银金融,,2000只样本池,中证全指+申万一级分层抽样,按行业权重代表性与流动性先验纳入,,L8X上游地基；行业代表性验证；后续指标扩面目标
2000只样本股票池,sh600318,600318.SH,新力金融,上交所,非银金融,,2000只样本池,中证全指+申万一级分层抽样,按行业权重代表性与流动性先验纳入,,L8X上游地基；行业代表性验证；后续指标扩面目标
2000只样本股票池,sz002676,002676.SZ,顺威股份,深交所,家用电器,,2000只样本池,中证全指+申万一级分层抽样,按行业权重代表性与流动性先验纳入,,L8X上游地基；行业代表性验证；后续指标扩面目标
2000只样本股票池,sz300247,300247.SZ,融捷健康,深交所,家用电器,,2000只样本池,中证全指+申万一级分层抽样,按行业权重代表性与流动性先验纳入,,L8X上游地基；行业代表性验证；后续指标扩面目标
2000只样本股票池,sz002242,002242.SZ,九阳股份,深交所,家用电器,,2000只样本池,中证全指+申万一级分层抽样,按行业权重代表性与流动性先验纳入,,L8X上游地基；行业代表性验证；后续指标扩面目标
2000只样本股票池,sh603355,603355.SH,莱克电气,上交所,家用电器,,2000只样本池,中证全指+申万一级分层抽样,按行业权重代表性与流动性先验纳入,,L8X上游地基；行业代表性验证；后续指标扩面目标
2000只样本股票池,sz002860,002860.SZ,星帅尔,深交所,家用电器,,2000只样本池,中证全指+申万一级分层抽样,按行业权重代表性与流动性先验纳入,,L8X上游地基；行业代表性验证；后续指标扩面目标
2000只样本股票池,sz300272,300272.SZ,开能健康,深交所,家用电器,,2000只样本池,中证全指+申万一级分层抽样,按行业权重代表性与流动性先验纳入,,L8X上游地基；行业代表性验证；后续指标扩面目标
2000只样本股票池,sh603919,603919.SH,金徽酒,上交所,食品饮料,,2000只样本池,中证全指+申万一级分层抽样,按行业权重代表性与流动性先验纳入,,L8X上游地基；行业代表性验证；后续指标扩面目标
2000只样本股票池,sz002956,002956.SZ,西麦食品,深交所,食品饮料,,2000只样本池,中证全指+申万一级分层抽样,按行业权重代表性与流动性先验纳入,,L8X上游地基；行业代表性验证；后续指标扩面目标
2000只样本股票池,sh600189,600189.SH,泉阳泉,上交所,食品饮料,,2000只样本池,中证全指+申万一级分层抽样,按行业权重代表性与流动性先验纳入,,L8X上游地基；行业代表性验证；后续指标扩面目标
2000只样本股票池,sh603043,603043.SH,广州酒家,上交所,食品饮料,,2000只样本池,中证全指+申万一级分层抽样,按行业权重代表性与流动性先验纳入,,L8X上游地基；行业代表性验证；后续指标扩面目标
2000只样本股票池,sh600197,600197.SH,伊力特,上交所,食品饮料,,2000只样本池,中证全指+申万一级分层抽样,按行业权重代表性与流动性先验纳入,,L8X上游地基；行业代表性验证；后续指标扩面目标
2000只样本股票池,sh603353,603353.SH,和顺石油,上交所,石油石化,,2000只样本池,中证全指+申万一级分层抽样,按行业权重代表性与流动性先验纳入,,L8X上游地基；行业代表性验证；后续指标扩面目标
2000只样本股票池,sz301323,301323.SZ,新莱福,深交所,有色金属,,2000只样本池,中证全指+申万一级分层抽样,按行业权重代表性与流动性先验纳入,,L8X上游地基；行业代表性验证；后续指标扩面目标
2000只样本股票池,sh603271,603271.SH,永杰新材,上交所,有色金属,,2000只样本池,中证全指+申万一级分层抽样,按行业权重代表性与流动性先验纳入,,L8X上游地基；行业代表性验证；后续指标扩面目标
2000只样本股票池,sz300697,300697.SZ,电工合金,深交所,有色金属,,2000只样本池,中证全指+申万一级分层抽样,按行业权重代表性与流动性先验纳入,,L8X上游地基；行业代表性验证；后续指标扩面目标
2000只样本股票池,sz301026,301026.SZ,浩通科技,深交所,有色金属,,2000只样本池,中证全指+申万一级分层抽样,按行业权重代表性与流动性先验纳入,,L8X上游地基；行业代表性验证；后续指标扩面目标
2000只样本股票池,sh603072,603072.SH,天和磁材,上交所,有色金属,,2000只样本池,中证全指+申万一级分层抽样,按行业权重代表性与流动性先验纳入,,L8X上游地基；行业代表性验证；后续指标扩面目标
2000只样本股票池,sh605208,605208.SH,永茂泰,上交所,有色金属,,2000只样本池,中证全指+申万一级分层抽样,按行业权重代表性与流动性先验纳入,,L8X上游地基；行业代表性验证；后续指标扩面目标
2000只样本股票池,sz002160,002160.SZ,常铝股份,深交所,有色金属,,2000只样本池,中证全指+申万一级分层抽样,按行业权重代表性与流动性先验纳入,,L8X上游地基；行业代表性验证；后续指标扩面目标
2000只样本股票池,sh688786,688786.SH,悦安新材,上交所,有色金属,,2000只样本池,中证全指+申万一级分层抽样,按行业权重代表性与流动性先验纳入,,L8X上游地基；行业代表性验证；后续指标扩面目标
2000只样本股票池,sz000889,000889.SZ,中嘉博创,深交所,通信,,2000只样本池,中证全指+申万一级分层抽样,按行业权重代表性与流动性先验纳入,,L8X上游地基；行业代表性验证；后续指标扩面目标
2000只样本股票池,sh688159,688159.SH,有方科技,上交所,通信,,2000只样本池,中证全指+申万一级分层抽样,按行业权重代表性与流动性先验纳入,,L8X上游地基；行业代表性验证；后续指标扩面目标
2000只样本股票池,sz300414,300414.SZ,中光防雷,深交所,通信,,2000只样本池,中证全指+申万一级分层抽样,按行业权重代表性与流动性先验纳入,,L8X上游地基；行业代表性验证；后续指标扩面目标
2000只样本股票池,sz300565,300565.SZ,科信技术,深交所,通信,,2000只样本池,中证全指+申万一级分层抽样,按行业权重代表性与流动性先验纳入,,L8X上游地基；行业代表性验证；后续指标扩面目标
2000只样本股票池,sz300183,300183.SZ,东软载波,深交所,通信,,2000只样本池,中证全指+申万一级分层抽样,按行业权重代表性与流动性先验纳入,,L8X上游地基；行业代表性验证；后续指标扩面目标
2000只样本股票池,sz300689,300689.SZ,澄天伟业,深交所,通信,,2000只样本池,中证全指+申万一级分层抽样,按行业权重代表性与流动性先验纳入,,L8X上游地基；行业代表性验证；后续指标扩面目标
2000只样本股票池,sz300025,300025.SZ,华星创业,深交所,通信,,2000只样本池,中证全指+申万一级分层抽样,按行业权重代表性与流动性先验纳入,,L8X上游地基；行业代表性验证；后续指标扩面目标
2000只样本股票池,sz300597,300597.SZ,吉大通信,深交所,通信,,2000只样本池,中证全指+申万一级分层抽样,按行业权重代表性与流动性先验纳入,,L8X上游地基；行业代表性验证；后续指标扩面目标
2000只样本股票池,sz300513,300513.SZ,恒实科技,深交所,通信,,2000只样本池,中证全指+申万一级分层抽样,按行业权重代表性与流动性先验纳入,,L8X上游地基；行业代表性验证；后续指标扩面目标
2000只样本股票池,sh600830,600830.SH,香溢融通,上交所,非银金融,,2000只样本池,中证全指+申万一级分层抽样,按行业权重代表性与流动性先验纳入,,L8X上游地基；行业代表性验证；后续指标扩面目标
2000只样本股票池,sz001236,001236.SZ,弘业期货,深交所,非银金融,,2000只样本池,中证全指+申万一级分层抽样,按行业权重代表性与流动性先验纳入,,L8X上游地基；行业代表性验证；后续指标扩面目标
2000只样本股票池,sz300911,300911.SZ,亿田智能,深交所,家用电器,,2000只样本池,中证全指+申万一级分层抽样,按行业权重代表性与流动性先验纳入,,L8X上游地基；行业代表性验证；后续指标扩面目标
2000只样本股票池,sh605555,605555.SH,德昌股份,上交所,家用电器,,2000只样本池,中证全指+申万一级分层抽样,按行业权重代表性与流动性先验纳入,,L8X上游地基；行业代表性验证；后续指标扩面目标
2000只样本股票池,sh605365,605365.SH,立达信,上交所,家用电器,,2000只样本池,中证全指+申万一级分层抽样,按行业权重代表性与流动性先验纳入,,L8X上游地基；行业代表性验证；后续指标扩面目标
2000只样本股票池,sh603579,603579.SH,荣泰健康,上交所,家用电器,,2000只样本池,中证全指+申万一级分层抽样,按行业权重代表性与流动性先验纳入,,L8X上游地基；行业代表性验证；后续指标扩面目标
2000只样本股票池,sz001215,001215.SZ,千味央厨,深交所,食品饮料,,2000只样本池,中证全指+申万一级分层抽样,按行业权重代表性与流动性先验纳入,,L8X上游地基；行业代表性验证；后续指标扩面目标
2000只样本股票池,sh600429,600429.SH,三元股份,上交所,食品饮料,,2000只样本池,中证全指+申万一级分层抽样,按行业权重代表性与流动性先验纳入,,L8X上游地基；行业代表性验证；后续指标扩面目标
2000只样本股票池,sz000716,000716.SZ,黑芝麻,深交所,食品饮料,,2000只样本池,中证全指+申万一级分层抽样,按行业权重代表性与流动性先验纳入,,L8X上游地基；行业代表性验证；后续指标扩面目标
2000只样本股票池,sz002329,002329.SZ,皇氏集团,深交所,食品饮料,,2000只样本池,中证全指+申万一级分层抽样,按行业权重代表性与流动性先验纳入,,L8X上游地基；行业代表性验证；后续指标扩面目标
2000只样本股票池,sz002695,002695.SZ,煌上煌,深交所,食品饮料,,2000只样本池,中证全指+申万一级分层抽样,按行业权重代表性与流动性先验纳入,,L8X上游地基；行业代表性验证；后续指标扩面目标
2000只样本股票池,sz300973,300973.SZ,立高食品,深交所,食品饮料,,2000只样本池,中证全指+申万一级分层抽样,按行业权重代表性与流动性先验纳入,,L8X上游地基；行业代表性验证；后续指标扩面目标
2000只样本股票池,sh603866,603866.SH,桃李面包,上交所,食品饮料,,2000只样本池,中证全指+申万一级分层抽样,按行业权重代表性与流动性先验纳入,,L8X上游地基；行业代表性验证；后续指标扩面目标
2000只样本股票池,sz000869,000869.SZ,张  裕A,深交所,食品饮料,,2000只样本池,中证全指+申万一级分层抽样,按行业权重代表性与流动性先验纳入,,L8X上游地基；行业代表性验证；后续指标扩面目标
2000只样本股票池,sz301141,301141.SZ,中科磁业,深交所,有色金属,,2000只样本池,中证全指+申万一级分层抽样,按行业权重代表性与流动性先验纳入,,L8X上游地基；行业代表性验证；后续指标扩面目标
2000只样本股票池,sh603527,603527.SH,众源新材,上交所,有色金属,,2000只样本池,中证全指+申万一级分层抽样,按行业权重代表性与流动性先验纳入,,L8X上游地基；行业代表性验证；后续指标扩面目标
2000只样本股票池,sh603132,603132.SH,金徽股份,上交所,有色金属,,2000只样本池,中证全指+申万一级分层抽样,按行业权重代表性与流动性先验纳入,,L8X上游地基；行业代表性验证；后续指标扩面目标
2000只样本股票池,sz002114,002114.SZ,罗平锌电,深交所,有色金属,,2000只样本池,中证全指+申万一级分层抽样,按行业权重代表性与流动性先验纳入,,L8X上游地基；行业代表性验证；后续指标扩面目标
2000只样本股票池,sz002578,002578.SZ,闽发铝业,深交所,有色金属,,2000只样本池,中证全指+申万一级分层抽样,按行业权重代表性与流动性先验纳入,,L8X上游地基；行业代表性验证；后续指标扩面目标
2000只样本股票池,sz000586,000586.SZ,汇源通信,深交所,通信,,2000只样本池,中证全指+申万一级分层抽样,按行业权重代表性与流动性先验纳入,,L8X上游地基；行业代表性验证；后续指标扩面目标
2000只样本股票池,sz300921,300921.SZ,南凌科技,深交所,通信,,2000只样本池,中证全指+申万一级分层抽样,按行业权重代表性与流动性先验纳入,,L8X上游地基；行业代表性验证；后续指标扩面目标
2000只样本股票池,sh603042,603042.SH,华脉科技,上交所,通信,,2000只样本池,中证全指+申万一级分层抽样,按行业权重代表性与流动性先验纳入,,L8X上游地基；行业代表性验证；后续指标扩面目标
2000只样本股票池,sz300560,300560.SZ,中富通,深交所,通信,,2000只样本池,中证全指+申万一级分层抽样,按行业权重代表性与流动性先验纳入,,L8X上游地基；行业代表性验证；后续指标扩面目标
2000只样本股票池,sz002313,002313.SZ,日海智能,深交所,通信,,2000只样本池,中证全指+申万一级分层抽样,按行业权重代表性与流动性先验纳入,,L8X上游地基；行业代表性验证；后续指标扩面目标
2000只样本股票池,sz301428,301428.SZ,世纪恒通,深交所,通信,,2000只样本池,中证全指+申万一级分层抽样,按行业权重代表性与流动性先验纳入,,L8X上游地基；行业代表性验证；后续指标扩面目标
2000只样本股票池,sz300504,300504.SZ,天邑股份,深交所,通信,,2000只样本池,中证全指+申万一级分层抽样,按行业权重代表性与流动性先验纳入,,L8X上游地基；行业代表性验证；后续指标扩面目标
2000只样本股票池,sz300698,300698.SZ,万马科技,深交所,通信,,2000只样本池,中证全指+申万一级分层抽样,按行业权重代表性与流动性先验纳入,,L8X上游地基；行业代表性验证；后续指标扩面目标
2000只样本股票池,sh603421,603421.SH,鼎信通讯,上交所,通信,,2000只样本池,中证全指+申万一级分层抽样,按行业权重代表性与流动性先验纳入,,L8X上游地基；行业代表性验证；后续指标扩面目标
2000只样本股票池,sh688283,688283.SH,坤恒顺维,上交所,通信,,2000只样本池,中证全指+申万一级分层抽样,按行业权重代表性与流动性先验纳入,,L8X上游地基；行业代表性验证；后续指标扩面目标
2000只样本股票池,sz300710,300710.SZ,万隆光电,深交所,通信,,2000只样本池,中证全指+申万一级分层抽样,按行业权重代表性与流动性先验纳入,,L8X上游地基；行业代表性验证；后续指标扩面目标
2000只样本股票池,sh688080,688080.SH,映翰通,上交所,通信,,2000只样本池,中证全指+申万一级分层抽样,按行业权重代表性与流动性先验纳入,,L8X上游地基；行业代表性验证；后续指标扩面目标
2000只样本股票池,sz000532,000532.SZ,华金资本,深交所,非银金融,,2000只样本池,中证全指+申万一级分层抽样,按行业权重代表性与流动性先验纳入,,L8X上游地基；行业代表性验证；后续指标扩面目标
2000只样本股票池,sh603777,603777.SH,来伊份,上交所,食品饮料,,2000只样本池,中证全指+申万一级分层抽样,按行业权重代表性与流动性先验纳入,,L8X上游地基；行业代表性验证；后续指标扩面目标
2000只样本股票池,sz300997,300997.SZ,欢乐家,深交所,食品饮料,,2000只样本池,中证全指+申万一级分层抽样,按行业权重代表性与流动性先验纳入,,L8X上游地基；行业代表性验证；后续指标扩面目标
2000只样本股票池,sh600530,600530.SH,交大昂立,上交所,食品饮料,,2000只样本池,中证全指+申万一级分层抽样,按行业权重代表性与流动性先验纳入,,L8X上游地基；行业代表性验证；后续指标扩面目标
2000只样本股票池,sz002702,002702.SZ,海欣食品,深交所,食品饮料,,2000只样本池,中证全指+申万一级分层抽样,按行业权重代表性与流动性先验纳入,,L8X上游地基；行业代表性验证；后续指标扩面目标
2000只样本股票池,sh603057,603057.SH,紫燕食品,上交所,食品饮料,,2000只样本池,中证全指+申万一级分层抽样,按行业权重代表性与流动性先验纳入,,L8X上游地基；行业代表性验证；后续指标扩面目标
2000只样本股票池,sh605179,605179.SH,一鸣食品,上交所,食品饮料,,2000只样本池,中证全指+申万一级分层抽样,按行业权重代表性与流动性先验纳入,,L8X上游地基；行业代表性验证；后续指标扩面目标
2000只样本股票池,sh605338,605338.SH,巴比食品,上交所,食品饮料,,2000只样本池,中证全指+申万一级分层抽样,按行业权重代表性与流动性先验纳入,,L8X上游地基；行业代表性验证；后续指标扩面目标
2000只样本股票池,sh603170,603170.SH,宝立食品,上交所,食品饮料,,2000只样本池,中证全指+申万一级分层抽样,按行业权重代表性与流动性先验纳入,,L8X上游地基；行业代表性验证；后续指标扩面目标
2000只样本股票池,sh600419,600419.SH,天润乳业,上交所,食品饮料,,2000只样本池,中证全指+申万一级分层抽样,按行业权重代表性与流动性先验纳入,,L8X上游地基；行业代表性验证；后续指标扩面目标
2000只样本股票池,sz300908,300908.SZ,仲景食品,深交所,食品饮料,,2000只样本池,中证全指+申万一级分层抽样,按行业权重代表性与流动性先验纳入,,L8X上游地基；行业代表性验证；后续指标扩面目标
2000只样本股票池,sh600616,600616.SH,金枫酒业,上交所,食品饮料,,2000只样本池,中证全指+申万一级分层抽样,按行业权重代表性与流动性先验纳入,,L8X上游地基；行业代表性验证；后续指标扩面目标
2000只样本股票池,sz301419,301419.SZ,阿莱德,深交所,通信,,2000只样本池,中证全指+申万一级分层抽样,按行业权重代表性与流动性先验纳入,,L8X上游地基；行业代表性验证；后续指标扩面目标
2000只样本股票池,sz300711,300711.SZ,广哈通信,深交所,通信,,2000只样本池,中证全指+申万一级分层抽样,按行业权重代表性与流动性先验纳入,,L8X上游地基；行业代表性验证；后续指标扩面目标
2000只样本股票池,sz301202,301202.SZ,朗威股份,深交所,通信,,2000只样本池,中证全指+申万一级分层抽样,按行业权重代表性与流动性先验纳入,,L8X上游地基；行业代表性验证；后续指标扩面目标
2000只样本股票池,sh688618,688618.SH,三旺通信,上交所,通信,,2000只样本池,中证全指+申万一级分层抽样,按行业权重代表性与流动性先验纳入,,L8X上游地基；行业代表性验证；后续指标扩面目标
2000只样本股票池,sh688592,688592.SH,司南导航,上交所,通信,,2000只样本池,中证全指+申万一级分层抽样,按行业权重代表性与流动性先验纳入,,L8X上游地基；行业代表性验证；后续指标扩面目标
2000只样本股票池,sh603206,603206.SH,嘉环科技,上交所,通信,,2000只样本池,中证全指+申万一级分层抽样,按行业权重代表性与流动性先验纳入,,L8X上游地基；行业代表性验证；后续指标扩面目标
2000只样本股票池,sz301577,301577.SZ,美信科技,深交所,通信,,2000只样本池,中证全指+申万一级分层抽样,按行业权重代表性与流动性先验纳入,,L8X上游地基；行业代表性验证；后续指标扩面目标
2000只样本股票池,sz301380,301380.SZ,挖金客,深交所,通信,,2000只样本池,中证全指+申万一级分层抽样,按行业权重代表性与流动性先验纳入,,L8X上游地基；行业代表性验证；后续指标扩面目标
2000只样本股票池,sz300615,300615.SZ,欣天科技,深交所,通信,,2000只样本池,中证全指+申万一级分层抽样,按行业权重代表性与流动性先验纳入,,L8X上游地基；行业代表性验证；后续指标扩面目标
2000只样本股票池,sz301139,301139.SZ,元道通信,深交所,通信,,2000只样本池,中证全指+申万一级分层抽样,按行业权重代表性与流动性先验纳入,,L8X上游地基；行业代表性验证；后续指标扩面目标
2000只样本股票池,sz301314,301314.SZ,科瑞思,深交所,通信,,2000只样本池,中证全指+申万一级分层抽样,按行业权重代表性与流动性先验纳入,,L8X上游地基；行业代表性验证；后续指标扩面目标
