代码,展示代码,名称,行业,市场,市值,中证全指权重,最新成交额,纳入日期
sz300750,300750.SZ,宁德时代,电力设备,深交所,2134582790670.0,1.98,16224287222.0,2026-05-09
sz300308,300308.SZ,中际旭创,通信,深交所,1763725982594.0,1.636,17406542425.0,2026-05-09
sh600519,600519.SH,贵州茅台,食品饮料,上交所,1605249381468.5,1.489,4582855939.0,2026-05-09
sh601318,601318.SH,中国平安,非银金融,上交所,1171864390635.5,1.087,4392260153.0,2026-05-09
sh601899,601899.SH,紫金矿业,有色金属,上交所,1015543933743.0,0.942,10371098900.0,2026-05-09
sz300502,300502.SZ,新易盛,通信,深交所,967030688500.5,0.897,16488159417.0,2026-05-09
sh600036,600036.SH,招商银行,银行,上交所,876472630714.5,0.813,3303687174.0,2026-05-09
sz000333,000333.SZ,美的集团,家用电器,深交所,739557471919.0,0.686,2273797150.0,2026-05-09
sh688256,688256.SH,寒武纪,电子,上交所,664092423764.0,0.616,22579188932.0,2026-05-09
sz002475,002475.SZ,立讯精密,电子,深交所,631750260269.0,0.586,15166942308.0,2026-05-09
sh600900,600900.SH,长江电力,公用事业,上交所,618813394871.0,0.574,2173718079.0,2026-05-09
sh601166,601166.SH,兴业银行,银行,上交所,561675572696.5,0.521,1508738481.0,2026-05-09
sz002594,002594.SZ,比亚迪,汽车,深交所,517474615920.0,0.48,3823821998.0,2026-05-09
sh688041,688041.SH,海光信息,电子,上交所,509928111104.5,0.473,16242863702.0,2026-05-09
sh603259,603259.SH,药明康德,医药生物,上交所,501303534172.5,0.465,4896194844.0,2026-05-09
sh600030,600030.SH,中信证券,非银金融,上交所,491600885124.0,0.456,3507949844.0,2026-05-09
sz300059,300059.SZ,东方财富,非银金融,深交所,476507875493.0,0.442,4763551398.0,2026-05-09
sh601138,601138.SH,工业富联,电子,上交所,462492937978.5,0.429,10254090368.0,2026-05-09
sh601398,601398.SH,工商银行,银行,上交所,446321856231.0,0.414,1815302005.0,2026-05-09
sh600276,600276.SH,恒瑞医药,医药生物,上交所,445243784114.5,0.413,4253912511.0,2026-05-09
sz002384,002384.SZ,东山精密,电子,深交所,443087639881.5,0.411,18776822516.0,2026-05-09
sh688981,688981.SH,中芯国际,电子,上交所,439853423532.0,0.408,8595731864.0,2026-05-09
sz002371,002371.SZ,北方华创,电子,深交所,430150774483.5,0.399,4475463104.0,2026-05-09
sh603986,603986.SH,兆易创新,电子,上交所,387027889823.5,0.359,14821436654.0,2026-05-09
sz300476,300476.SZ,胜宏科技,电子,深交所,370856808076.0,0.344,20050788655.0,2026-05-09
sz300274,300274.SZ,阳光电源,电力设备,深交所,368700663843.0,0.342,8680103373.0,2026-05-09
sh601288,601288.SH,农业银行,银行,上交所,367622591726.5,0.341,1910985188.0,2026-05-09
sh688008,688008.SH,澜起科技,电子,上交所,367622591726.5,0.341,13002789032.0,2026-05-09
sh600150,600150.SH,中国船舶,国防军工,上交所,349295365746.0,0.324,5485577000.0,2026-05-09
sz000858,000858.SZ,五 粮 液,食品饮料,深交所,349295365746.0,0.324,2396026818.0,2026-05-09
sh601211,601211.SH,国泰海通,非银金融,上交所,337436572464.5,0.313,1677130320.0,2026-05-09
sh601328,601328.SH,交通银行,银行,上交所,336358500348.0,0.312,771500776.0,2026-05-09
sz000651,000651.SZ,格力电器,家用电器,深交所,332046211882.0,0.308,1550905021.0,2026-05-09
sh600887,600887.SH,伊利股份,食品饮料,上交所,321265490717.0,0.298,1570843720.0,2026-05-09
sh601088,601088.SH,中国神华,煤炭,上交所,316953202251.0,0.294,1295063112.0,2026-05-09
sz000338,000338.SZ,潍柴动力,汽车,深交所,312640913785.0,0.29,4838192087.0,2026-05-09
sh600309,600309.SH,万华化学,基础化工,上交所,311562841668.5,0.289,2734113727.0,2026-05-09
sh600919,600919.SH,江苏银行,银行,上交所,307250553202.5,0.285,827227851.0,2026-05-09
sh688012,688012.SH,中微公司,电子,上交所,305094408969.5,0.283,6554934291.0,2026-05-09
sh603993,603993.SH,洛阳钼业,有色金属,上交所,300782120503.5,0.279,5887631949.0,2026-05-09
sz000725,000725.SZ,京东方A,电子,深交所,277064533940.5,0.257,2646109505.0,2026-05-09
sh601816,601816.SH,京沪高铁,交通运输,上交所,266283812775.5,0.247,446838864.0,2026-05-09
sz300394,300394.SZ,天孚通信,通信,深交所,265205740659.0,0.246,11690928154.0,2026-05-09
sh601857,601857.SH,中国石油,石油石化,上交所,256581163727.0,0.238,2002943659.0,2026-05-09
sz002463,002463.SZ,沪电股份,电子,深交所,255503091610.5,0.237,6079210419.0,2026-05-09
sh603019,603019.SH,中科曙光,计算机,上交所,252268875261.0,0.234,6548716403.0,2026-05-09
sh600089,600089.SH,特变电工,电力设备,上交所,251190803144.5,0.233,4598151827.0,2026-05-09
sh600111,600111.SH,北方稀土,有色金属,上交所,247956586795.0,0.23,7708741272.0,2026-05-09
sz002415,002415.SZ,海康威视,计算机,深交所,245800442562.0,0.228,2043398379.0,2026-05-09
sz300124,300124.SZ,汇川技术,机械设备,深交所,240410081979.5,0.223,3836723948.0,2026-05-09
sh600487,600487.SH,亨通光电,通信,上交所,240410081979.5,0.223,12666073983.0,2026-05-09
sh601601,601601.SH,中国太保,非银金融,上交所,236097793513.5,0.219,1523402305.0,2026-05-09
sz000792,000792.SZ,盐湖股份,基础化工,深交所,230707432931.0,0.214,5131618432.0,2026-05-09
sh600000,600000.SH,浦发银行,银行,上交所,228551288698.0,0.212,811024242.0,2026-05-09
sz002714,002714.SZ,牧原股份,农林牧渔,深交所,226395144465.0,0.21,1388550834.0,2026-05-09
sz002028,002028.SZ,思源电气,电力设备,深交所,225317072348.5,0.209,2346694959.0,2026-05-09
sh600031,600031.SH,三一重工,机械设备,上交所,223160928115.5,0.207,2196428057.0,2026-05-09
sz000988,000988.SZ,华工科技,机械设备,深交所,222082855999.0,0.206,14026678243.0,2026-05-09
sz000063,000063.SZ,中兴通讯,通信,深交所,218848639649.5,0.203,5295615756.0,2026-05-09
sz300408,300408.SZ,三环集团,电子,深交所,212380206950.5,0.197,2901335606.0,2026-05-09
sh601688,601688.SH,华泰证券,非银金融,上交所,206989846368.0,0.192,1339439155.0,2026-05-09
sz000001,000001.SZ,平安银行,银行,深交所,205911774251.5,0.191,905737835.0,2026-05-09
sz002230,002230.SZ,科大讯飞,计算机,深交所,204833702135.0,0.19,3248741395.0,2026-05-09
sz002142,002142.SZ,宁波银行,银行,深交所,202677557902.0,0.188,780659795.0,2026-05-09
sz002050,002050.SZ,三花智控,家用电器,深交所,194052980970.0,0.18,14198905867.0,2026-05-09
sh600406,600406.SH,国电南瑞,电力设备,上交所,192974908853.5,0.179,2853813585.0,2026-05-09
sh688521,688521.SH,芯原股份,电子,上交所,191896836737.0,0.178,8230698444.0,2026-05-09
sz300760,300760.SZ,迈瑞医疗,医药生物,深交所,188662620387.5,0.175,1220721297.0,2026-05-09
sh601668,601668.SH,中国建筑,建筑装饰,上交所,187584548271.0,0.174,652001901.0,2026-05-09
sh601225,601225.SH,陕西煤业,煤炭,上交所,187584548271.0,0.174,992024913.0,2026-05-09
sh603799,603799.SH,华友钴业,有色金属,上交所,186506476154.5,0.173,5900093042.0,2026-05-09
sz002460,002460.SZ,赣锋锂业,有色金属,深交所,185428404038.0,0.172,6946711127.0,2026-05-09
sh601012,601012.SH,隆基绿能,电力设备,上交所,184350331921.5,0.171,2621482231.0,2026-05-09
sh600938,600938.SH,中国海油,石油石化,上交所,176803827106.0,0.164,1459769408.0,2026-05-09
sh688498,688498.SH,源杰科技,电子,上交所,174647682873.0,0.162,4659651135.0,2026-05-09
sh600660,600660.SH,福耀玻璃,汽车,上交所,174647682873.0,0.162,1062469213.0,2026-05-09
sz000425,000425.SZ,徐工机械,机械设备,深交所,173569610756.5,0.161,1486902510.0,2026-05-09
sh601728,601728.SH,中国电信,通信,上交所,173569610756.5,0.161,811612604.0,2026-05-09
sh601229,601229.SH,上海银行,银行,上交所,172491538640.0,0.16,431830230.0,2026-05-09
sh600183,600183.SH,生益科技,电子,上交所,172491538640.0,0.16,3125385040.0,2026-05-09
sh601600,601600.SH,中国铝业,有色金属,上交所,171413466523.5,0.159,2284883007.0,2026-05-09
sh600016,600016.SH,民生银行,银行,上交所,170335394407.0,0.158,434321925.0,2026-05-09
sz300014,300014.SZ,亿纬锂能,电力设备,深交所,167101178057.5,0.155,7940825261.0,2026-05-09
sh600522,600522.SH,中天科技,通信,上交所,167101178057.5,0.155,12449499866.0,2026-05-09
sz000100,000100.SZ,TCL科技,电子,深交所,164945033824.5,0.153,2738014701.0,2026-05-09
sh601919,601919.SH,中远海控,交通运输,上交所,164945033824.5,0.153,1274171855.0,2026-05-09
sz002352,002352.SZ,顺丰控股,交通运输,深交所,164945033824.5,0.153,916644880.0,2026-05-09
sh600926,600926.SH,杭州银行,银行,上交所,163866961708.0,0.152,389307237.0,2026-05-09
sz300136,300136.SZ,信维通信,电子,深交所,163866961708.0,0.152,8666786137.0,2026-05-09
sz300857,300857.SZ,协创数据,电子,深交所,162788889591.5,0.151,7148824985.0,2026-05-09
sz300498,300498.SZ,温氏股份,农林牧渔,深交所,161710817475.0,0.15,508698086.0,2026-05-09
sh600941,600941.SH,中国移动,通信,上交所,161710817475.0,0.15,901039870.0,2026-05-09
sh688525,688525.SH,佰维存储,电子,上交所,160632745358.5,0.149,8646849785.0,2026-05-09
sz002709,002709.SZ,天赐材料,电力设备,深交所,159554673242.0,0.148,10577172684.0,2026-05-09
sh601939,601939.SH,建设银行,银行,上交所,156320456892.5,0.145,505291184.0,2026-05-09
sz002353,002353.SZ,杰瑞股份,机械设备,深交所,156320456892.5,0.145,2562872361.0,2026-05-09
sz002916,002916.SZ,深南电路,电子,深交所,154164312659.5,0.143,3076633826.0,2026-05-09
sh603501,603501.SH,豪威集团,电子,上交所,154164312659.5,0.143,2207834232.0,2026-05-09
sz002008,002008.SZ,大族激光,机械设备,深交所,153086240543.0,0.142,7578388916.0,2026-05-09
sh600176,600176.SH,中国巨石,建筑材料,上交所,153086240543.0,0.142,4377511572.0,2026-05-09
sh600418,600418.SH,江淮汽车,汽车,上交所,153086240543.0,0.142,2671297812.0,2026-05-09
sz002466,002466.SZ,天齐锂业,有色金属,深交所,153086240543.0,0.142,7929999299.0,2026-05-09
sh601988,601988.SH,中国银行,银行,上交所,152008168426.5,0.141,936717491.0,2026-05-09
sh600690,600690.SH,海尔智家,家用电器,上交所,149852024193.5,0.139,813986706.0,2026-05-09
sh601169,601169.SH,北京银行,银行,上交所,145539735727.5,0.135,464469122.0,2026-05-09
sh600028,600028.SH,中国石化,石油石化,上交所,145539735727.5,0.135,1805968528.0,2026-05-09
sz300604,300604.SZ,长川科技,电子,深交所,143383591494.5,0.133,4006336156.0,2026-05-09
sh600489,600489.SH,中金黄金,有色金属,上交所,140149375145.0,0.13,2123904433.0,2026-05-09
sh688072,688072.SH,拓荆科技,电子,上交所,139071303028.5,0.129,2205305313.0,2026-05-09
sh601985,601985.SH,中国核电,公用事业,上交所,136915158795.5,0.127,1048134506.0,2026-05-09
sz000568,000568.SZ,泸州老窖,食品饮料,深交所,136915158795.5,0.127,672134636.0,2026-05-09
sh601009,601009.SH,南京银行,银行,上交所,134759014562.5,0.125,364228666.0,2026-05-09
sh601766,601766.SH,中国中车,机械设备,上交所,134759014562.5,0.125,1240605903.0,2026-05-09
sz300442,300442.SZ,润泽科技,通信,深交所,134759014562.5,0.125,6510719271.0,2026-05-09
sh601127,601127.SH,赛力斯,汽车,上交所,133680942446.0,0.124,2964303910.0,2026-05-09
sz001309,001309.SZ,德明利,电子,深交所,132602870329.5,0.123,9042535960.0,2026-05-09
sz000977,000977.SZ,浪潮信息,计算机,深交所,132602870329.5,0.123,9551252052.0,2026-05-09
sz300033,300033.SZ,同花顺,计算机,深交所,130446726096.5,0.121,2977271626.0,2026-05-09
sh600050,600050.SH,中国联通,通信,上交所,130446726096.5,0.121,780472610.0,2026-05-09
sz000408,000408.SZ,藏格矿业,有色金属,深交所,129368653980.0,0.12,1567634968.0,2026-05-09
sz002281,002281.SZ,光迅科技,通信,深交所,129368653980.0,0.12,13761705212.0,2026-05-09
sh600809,600809.SH,山西汾酒,食品饮料,上交所,129368653980.0,0.12,876920055.0,2026-05-09
sh600989,600989.SH,宝丰能源,基础化工,上交所,125056365514.0,0.116,2608634170.0,2026-05-09
sz301308,301308.SZ,江波龙,电子,深交所,123978293397.5,0.115,9191802724.0,2026-05-09
sz002202,002202.SZ,金风科技,电力设备,深交所,122900221281.0,0.114,6728896829.0,2026-05-09
sz000807,000807.SZ,云铝股份,有色金属,深交所,122900221281.0,0.114,1955957455.0,2026-05-09
sh600584,600584.SH,长电科技,电子,上交所,120744077048.0,0.112,8239048098.0,2026-05-09
sz002738,002738.SZ,中矿资源,有色金属,深交所,120744077048.0,0.112,2882253479.0,2026-05-09
sh603288,603288.SH,海天味业,食品饮料,上交所,119666004931.5,0.111,628604128.0,2026-05-09
sh601888,601888.SH,中国中免,商贸零售,上交所,118587932815.0,0.11,1393078788.0,2026-05-09
sz300390,300390.SZ,天华新能,电力设备,深交所,118587932815.0,0.11,10270356154.0,2026-05-09
sz000938,000938.SZ,紫光股份,计算机,深交所,118587932815.0,0.11,6974225408.0,2026-05-09
sh600549,600549.SH,厦门钨业,有色金属,上交所,118587932815.0,0.11,3173527731.0,2026-05-09
sh600104,600104.SH,上汽集团,汽车,上交所,117509860698.5,0.109,562341867.0,2026-05-09
sh600988,600988.SH,赤峰黄金,有色金属,上交所,117509860698.5,0.109,2990189106.0,2026-05-09
sh601006,601006.SH,大秦铁路,交通运输,上交所,117509860698.5,0.109,679082487.0,2026-05-09
sz002027,002027.SZ,分众传媒,传媒,深交所,117509860698.5,0.109,963484867.0,2026-05-09
sh600879,600879.SH,航天电子,国防军工,上交所,117509860698.5,0.109,8013310562.0,2026-05-09
sz002156,002156.SZ,通富微电,电子,深交所,116431788582.0,0.108,9293491887.0,2026-05-09
sz000776,000776.SZ,广发证券,非银金融,深交所,116431788582.0,0.108,951131326.0,2026-05-09
sh600547,600547.SH,山东黄金,有色金属,上交所,115353716465.5,0.107,3302842679.0,2026-05-09
sz300058,300058.SZ,蓝色光标,传媒,深交所,114275644349.0,0.106,13441260527.0,2026-05-09
sh600893,600893.SH,航发动力,国防军工,上交所,114275644349.0,0.106,2773408668.0,2026-05-09
sh601628,601628.SH,中国人寿,非银金融,上交所,113197572232.5,0.105,1248262528.0,2026-05-09
sh600010,600010.SH,包钢股份,钢铁,上交所,113197572232.5,0.105,1982250261.0,2026-05-09
sz300450,300450.SZ,先导智能,电力设备,深交所,112119500116.0,0.104,3597587235.0,2026-05-09
sz002241,002241.SZ,歌尔股份,电子,深交所,112119500116.0,0.104,2431567884.0,2026-05-09
sh600118,600118.SH,中国卫星,国防军工,上交所,112119500116.0,0.104,9819450099.0,2026-05-09
sz000426,000426.SZ,兴业银锡,有色金属,深交所,111041427999.5,0.103,5533776113.0,2026-05-09
sz300548,300548.SZ,长芯博创,通信,深交所,111041427999.5,0.103,4353450253.0,2026-05-09
sz002625,002625.SZ,光启技术,国防军工,深交所,108885283766.5,0.101,1240758425.0,2026-05-09
sh600905,600905.SH,三峡能源,公用事业,上交所,107807211650.0,0.1,966587561.0,2026-05-09
sh688111,688111.SH,金山办公,计算机,上交所,107807211650.0,0.1,4005186805.0,2026-05-09
sh600999,600999.SH,招商证券,非银金融,上交所,107807211650.0,0.1,477309660.0,2026-05-09
sh601818,601818.SH,光大银行,银行,上交所,106729139533.5,0.099,227989623.0,2026-05-09
sh688347,688347.SH,华虹公司,电子,上交所,106729139533.5,0.099,4959821976.0,2026-05-09
sz300475,300475.SZ,香农芯创,电子,深交所,105651067417.0,0.098,8431637472.0,2026-05-09
sh601872,601872.SH,招商轮船,交通运输,上交所,105651067417.0,0.098,4585543912.0,2026-05-09
sh600426,600426.SH,华鲁恒升,基础化工,上交所,105651067417.0,0.098,714724881.0,2026-05-09
sh601100,601100.SH,恒立液压,机械设备,上交所,104572995300.5,0.097,1783667388.0,2026-05-09
sh601658,601658.SH,邮储银行,银行,上交所,103494923184.0,0.096,512929258.0,2026-05-09
sz002837,002837.SZ,英维克,机械设备,深交所,101338778951.0,0.094,4566607220.0,2026-05-09
sh605117,605117.SH,德业股份,电力设备,上交所,101338778951.0,0.094,1634169594.0,2026-05-09
sh600019,600019.SH,宝钢股份,钢铁,上交所,101338778951.0,0.094,577360673.0,2026-05-09
sh688271,688271.SH,联影医疗,医药生物,上交所,100260706834.5,0.093,1386257782.0,2026-05-09
sh601336,601336.SH,新华保险,非银金融,上交所,99182634718.0,0.092,1054091326.0,2026-05-09
sz002001,002001.SZ,新和成,基础化工,深交所,99182634718.0,0.092,886476223.0,2026-05-09
sh688002,688002.SH,睿创微纳,国防军工,上交所,99182634718.0,0.092,1129664597.0,2026-05-09
sh600673,600673.SH,东阳光,综合,上交所,98104562601.5,0.091,9091907866.0,2026-05-09
sz000657,000657.SZ,中钨高新,有色金属,深交所,98104562601.5,0.091,6522225957.0,2026-05-09
sz002049,002049.SZ,紫光国微,电子,深交所,97026490485.0,0.09,2823869430.0,2026-05-09
sh601689,601689.SH,拓普集团,汽车,上交所,97026490485.0,0.09,4838889385.0,2026-05-09
sh601825,601825.SH,沪农商行,银行,上交所,95948418368.5,0.089,214882190.0,2026-05-09
sh601390,601390.SH,中国中铁,建筑装饰,上交所,95948418368.5,0.089,536049321.0,2026-05-09
sh601727,601727.SH,上海电气,电力设备,上交所,94870346252.0,0.088,961720379.0,2026-05-09
sz002600,002600.SZ,领益智造,电子,深交所,94870346252.0,0.088,3576552629.0,2026-05-09
sz300433,300433.SZ,蓝思科技,电子,深交所,94870346252.0,0.088,3473797188.0,2026-05-09
sh600585,600585.SH,海螺水泥,建筑材料,上交所,93792274135.5,0.087,745109901.0,2026-05-09
sz000933,000933.SZ,神火股份,有色金属,深交所,93792274135.5,0.087,1932415946.0,2026-05-09
sh688777,688777.SH,中控技术,机械设备,上交所,92714202019.0,0.086,1881782359.0,2026-05-09
sz002938,002938.SZ,鹏鼎控股,电子,深交所,92714202019.0,0.086,2562557267.0,2026-05-09
sz300015,300015.SZ,爱尔眼科,医药生物,深交所,92714202019.0,0.086,718260944.0,2026-05-09
sz002648,002648.SZ,卫星化学,基础化工,深交所,92714202019.0,0.086,1595424056.0,2026-05-09
sz000630,000630.SZ,铜陵有色,有色金属,深交所,91636129902.5,0.085,2509362963.0,2026-05-09
sh601168,601168.SH,西部矿业,有色金属,上交所,91636129902.5,0.085,2204146206.0,2026-05-09
sh600105,600105.SH,永鼎股份,通信,上交所,91636129902.5,0.085,10137886394.0,2026-05-09
sh600160,600160.SH,巨化股份,基础化工,上交所,91636129902.5,0.085,1193673872.0,2026-05-09
sh601838,601838.SH,成都银行,银行,上交所,90558057786.0,0.084,369854320.0,2026-05-09
sz002812,002812.SZ,恩捷股份,电力设备,深交所,90558057786.0,0.084,3921899234.0,2026-05-09
sz002851,002851.SZ,麦格米特,电力设备,深交所,90558057786.0,0.084,2339145071.0,2026-05-09
sh688120,688120.SH,华海清科,电子,上交所,90558057786.0,0.084,1160641917.0,2026-05-09
sz002195,002195.SZ,岩山科技,计算机,深交所,90558057786.0,0.084,2054997852.0,2026-05-09
sh600958,600958.SH,东方证券,非银金融,上交所,90558057786.0,0.084,1344924003.0,2026-05-09
sz300757,300757.SZ,罗博特科,机械设备,深交所,89479985669.5,0.083,3474581383.0,2026-05-09
sh601669,601669.SH,中国电建,建筑装饰,上交所,89479985669.5,0.083,2273150674.0,2026-05-09
sh603083,603083.SH,剑桥科技,通信,上交所,89479985669.5,0.083,5492366333.0,2026-05-09
sh600875,600875.SH,东方电气,电力设备,上交所,88401913553.0,0.082,4959756757.0,2026-05-09
sh600703,600703.SH,三安光电,电子,上交所,88401913553.0,0.082,3726440304.0,2026-05-09
sh600438,600438.SH,通威股份,电力设备,上交所,87323841436.5,0.081,1051610430.0,2026-05-09
sz002436,002436.SZ,兴森科技,电子,深交所,87323841436.5,0.081,4558747422.0,2026-05-09
sz300054,300054.SZ,鼎龙股份,电子,深交所,87323841436.5,0.081,3474820583.0,2026-05-09
sz000538,000538.SZ,云南白药,医药生物,深交所,87323841436.5,0.081,375449084.0,2026-05-09
sz000625,000625.SZ,长安汽车,汽车,深交所,87323841436.5,0.081,839583440.0,2026-05-09
sh600066,600066.SH,宇通客车,汽车,上交所,87323841436.5,0.081,397691843.0,2026-05-09
sh600362,600362.SH,江西铜业,有色金属,上交所,87323841436.5,0.081,3352855794.0,2026-05-09
sz002340,002340.SZ,格林美,电力设备,深交所,86245769320.0,0.08,2145374640.0,2026-05-09
sh600346,600346.SH,恒力石化,石油石化,上交所,86245769320.0,0.08,1221120389.0,2026-05-09
sz002532,002532.SZ,天山铝业,有色金属,深交所,86245769320.0,0.08,1147257032.0,2026-05-09
sz002179,002179.SZ,中航光电,国防军工,深交所,86245769320.0,0.08,1399407988.0,2026-05-09
sz002273,002273.SZ,水晶光电,电子,深交所,85167697203.5,0.079,2649262918.0,2026-05-09
sh600096,600096.SH,云天化,基础化工,上交所,85167697203.5,0.079,1486864522.0,2026-05-09
sz300395,300395.SZ,菲利华,国防军工,深交所,84089625087.0,0.078,5334967148.0,2026-05-09
sh601998,601998.SH,中信银行,银行,上交所,83011552970.5,0.077,399977049.0,2026-05-09
sh601916,601916.SH,浙商银行,银行,上交所,83011552970.5,0.077,269016811.0,2026-05-09
sz002261,002261.SZ,拓维信息,计算机,深交所,83011552970.5,0.077,5165741181.0,2026-05-09
sh600048,600048.SH,保利发展,房地产,上交所,81933480854.0,0.076,868601267.0,2026-05-09
sh688110,688110.SH,东芯股份,电子,上交所,81933480854.0,0.076,3539597723.0,2026-05-09
sz002240,002240.SZ,盛新锂能,有色金属,深交所,81933480854.0,0.076,3961980673.0,2026-05-09
sz002558,002558.SZ,巨人网络,传媒,深交所,81933480854.0,0.076,2860978950.0,2026-05-09
sh600015,600015.SH,华夏银行,银行,上交所,80855408737.5,0.075,497201637.0,2026-05-09
sz002131,002131.SZ,利欧股份,机械设备,深交所,80855408737.5,0.075,3406031167.0,2026-05-09
sh600482,600482.SH,中国动力,电力设备,上交所,80855408737.5,0.075,1094103898.0,2026-05-09
sh688048,688048.SH,长光华芯,电子,上交所,80855408737.5,0.075,7515565742.0,2026-05-09
sz000975,000975.SZ,山金国际,有色金属,深交所,80855408737.5,0.075,1549395548.0,2026-05-09
sz301358,301358.SZ,湖南裕能,电力设备,深交所,79777336621.0,0.074,5252973428.0,2026-05-09
sh601179,601179.SH,中国西电,电力设备,上交所,79777336621.0,0.074,3647714095.0,2026-05-09
sh600436,600436.SH,片仔癀,医药生物,上交所,79777336621.0,0.074,416236195.0,2026-05-09
sh601869,601869.SH,长飞光纤,通信,上交所,79777336621.0,0.074,7575673697.0,2026-05-09
sz300418,300418.SZ,昆仑万维,传媒,深交所,79777336621.0,0.074,3852742311.0,2026-05-09
sz002407,002407.SZ,多氟多,基础化工,深交所,79777336621.0,0.074,6518425852.0,2026-05-09
sh600795,600795.SH,国电电力,公用事业,上交所,78699264504.5,0.073,953992532.0,2026-05-09
sh688313,688313.SH,仕佳光子,通信,上交所,78699264504.5,0.073,6004544130.0,2026-05-09
sz000166,000166.SZ,申万宏源,非银金融,深交所,78699264504.5,0.073,327469152.0,2026-05-09
sh605499,605499.SH,东鹏饮料,食品饮料,上交所,78699264504.5,0.073,592606942.0,2026-05-09
sz300223,300223.SZ,北京君正,电子,深交所,77621192388.0,0.072,3610911987.0,2026-05-09
sh603296,603296.SH,华勤技术,电子,上交所,77621192388.0,0.072,3020784340.0,2026-05-09
sz002493,002493.SZ,荣盛石化,石油石化,深交所,77621192388.0,0.072,593006701.0,2026-05-09
sh601377,601377.SH,兴业证券,非银金融,上交所,77621192388.0,0.072,430686272.0,2026-05-09
sh600580,600580.SH,卧龙电驱,电力设备,上交所,76543120271.5,0.071,4140230491.0,2026-05-09
sz002311,002311.SZ,海大集团,农林牧渔,深交所,76543120271.5,0.071,582291393.0,2026-05-09
sh688361,688361.SH,中科飞测,电子,上交所,76543120271.5,0.071,1034713209.0,2026-05-09
sz300207,300207.SZ,欣旺达,电力设备,深交所,75465048155.0,0.07,1981242762.0,2026-05-09
sh600570,600570.SH,恒生电子,计算机,上交所,75465048155.0,0.07,933375772.0,2026-05-09
sh600188,600188.SH,兖矿能源,煤炭,上交所,75465048155.0,0.07,1000297286.0,2026-05-09
sz300751,300751.SZ,迈为股份,电力设备,深交所,74386976038.5,0.069,3295319495.0,2026-05-09
sz000703,000703.SZ,恒逸石化,石油石化,深交所,74386976038.5,0.069,1850808526.0,2026-05-09
sz000831,000831.SZ,中国稀土,有色金属,深交所,74386976038.5,0.069,1765992076.0,2026-05-09
sh601995,601995.SH,中金公司,非银金融,上交所,74386976038.5,0.069,430713810.0,2026-05-09
sh600760,600760.SH,中航沈飞,国防军工,上交所,74386976038.5,0.069,1980170483.0,2026-05-09
sz000157,000157.SZ,中联重科,机械设备,深交所,73308903922.0,0.068,1105788730.0,2026-05-09
sz002074,002074.SZ,国轩高科,电力设备,深交所,73308903922.0,0.068,1920633630.0,2026-05-09
sh688702,688702.SH,盛科通信,电子,上交所,73308903922.0,0.068,2646143448.0,2026-05-09
sh688126,688126.SH,沪硅产业,电子,上交所,73308903922.0,0.068,2576751280.0,2026-05-09
sz300661,300661.SZ,圣邦股份,电子,深交所,73308903922.0,0.068,1898278754.0,2026-05-09
sh601868,601868.SH,中国能建,建筑装饰,上交所,73308903922.0,0.068,7487027986.0,2026-05-09
sz300017,300017.SZ,网宿科技,计算机,深交所,73308903922.0,0.068,3910671155.0,2026-05-09
sh603659,603659.SH,璞泰来,电力设备,上交所,72230831805.5,0.067,2964186433.0,2026-05-09
sz002126,002126.SZ,银轮股份,汽车,深交所,72230831805.5,0.067,1036283984.0,2026-05-09
sh601360,601360.SH,三六零,计算机,上交所,72230831805.5,0.067,1843332353.0,2026-05-09
sh600221,600221.SH,海航控股,交通运输,上交所,72230831805.5,0.067,2245094618.0,2026-05-09
sh601077,601077.SH,渝农商行,银行,上交所,71152759689.0,0.066,429809021.0,2026-05-09
sh600885,600885.SH,宏发股份,电力设备,上交所,71152759689.0,0.066,598913624.0,2026-05-09
sz300666,300666.SZ,江丰电子,电子,深交所,71152759689.0,0.066,2982263055.0,2026-05-09
sh603893,603893.SH,瑞芯微,电子,上交所,71152759689.0,0.066,1489742220.0,2026-05-09
sz002422,002422.SZ,科伦药业,医药生物,深交所,71152759689.0,0.066,313861766.0,2026-05-09
sz000066,000066.SZ,中国长城,计算机,深交所,71152759689.0,0.066,15440406337.0,2026-05-09
sh600157,600157.SH,永泰能源,煤炭,上交所,71152759689.0,0.066,2939762033.0,2026-05-09
sz002966,002966.SZ,苏州银行,银行,深交所,70074687572.5,0.065,163654333.0,2026-05-09
sh600498,600498.SH,烽火通信,通信,上交所,70074687572.5,0.065,7638836414.0,2026-05-09
sz002080,002080.SZ,中材科技,建筑材料,深交所,68996615456.0,0.064,2485151592.0,2026-05-09
sh688037,688037.SH,芯源微,电子,上交所,68996615456.0,0.064,1603958373.0,2026-05-09
sh600219,600219.SH,南山铝业,有色金属,上交所,68996615456.0,0.064,1185890267.0,2026-05-09
sz002850,002850.SZ,科达利,电力设备,深交所,67918543339.5,0.063,1422833157.0,2026-05-09
sh601058,601058.SH,赛轮轮胎,汽车,上交所,67918543339.5,0.063,511704331.0,2026-05-09
sz002236,002236.SZ,大华股份,计算机,深交所,67918543339.5,0.063,718894672.0,2026-05-09
sz002428,002428.SZ,云南锗业,有色金属,深交所,67918543339.5,0.063,9698851966.0,2026-05-09
sh600392,600392.SH,盛和资源,有色金属,上交所,67918543339.5,0.063,1689864944.0,2026-05-09
sh600115,600115.SH,中国东航,交通运输,上交所,67918543339.5,0.063,1488664398.0,2026-05-09
sh600233,600233.SH,圆通速递,交通运输,上交所,67918543339.5,0.063,452121255.0,2026-05-09
sh600415,600415.SH,小商品城,商贸零售,上交所,66840471223.0,0.062,1243177167.0,2026-05-09
sh603308,603308.SH,应流股份,机械设备,上交所,66840471223.0,0.062,1620224529.0,2026-05-09
sz300037,300037.SZ,新宙邦,电力设备,深交所,66840471223.0,0.062,2309810740.0,2026-05-09
sz003816,003816.SZ,中国广核,公用事业,深交所,66840471223.0,0.062,606797237.0,2026-05-09
sz300339,300339.SZ,润和软件,计算机,深交所,66840471223.0,0.062,2857693992.0,2026-05-09
sh600026,600026.SH,中远海能,交通运输,上交所,66840471223.0,0.062,2384266781.0,2026-05-09
sh600143,600143.SH,金发科技,基础化工,上交所,66840471223.0,0.062,1929297219.0,2026-05-09
sz002128,002128.SZ,电投能源,煤炭,深交所,66840471223.0,0.062,532397072.0,2026-05-09
sz300346,300346.SZ,南大光电,电子,深交所,65762399106.5,0.061,2718062856.0,2026-05-09
sh688099,688099.SH,晶晨股份,电子,上交所,65762399106.5,0.061,2278283000.0,2026-05-09
sz300803,300803.SZ,指南针,计算机,深交所,65762399106.5,0.061,1517565233.0,2026-05-09
sz300620,300620.SZ,光库科技,通信,深交所,65762399106.5,0.061,4300740175.0,2026-05-09
sh688027,688027.SH,国盾量子,通信,上交所,65762399106.5,0.061,1142081728.0,2026-05-09
sz002497,002497.SZ,雅化集团,基础化工,深交所,65762399106.5,0.061,1947689806.0,2026-05-09
sz002595,002595.SZ,豪迈科技,机械设备,深交所,64684326990.0,0.06,437239369.0,2026-05-09
sh601877,601877.SH,正泰电器,电力设备,上交所,64684326990.0,0.06,945222583.0,2026-05-09
sh600601,600601.SH,方正科技,电子,上交所,64684326990.0,0.06,2450267660.0,2026-05-09
sh688469,688469.SH,芯联集成,电子,上交所,64684326990.0,0.06,785215220.0,2026-05-09
sh601233,601233.SH,桐昆股份,石油石化,上交所,64684326990.0,0.06,933827381.0,2026-05-09
sz000301,000301.SZ,东方盛虹,石油石化,深交所,64684326990.0,0.06,304122074.0,2026-05-09
sz000960,000960.SZ,锡业股份,有色金属,深交所,64684326990.0,0.06,3234959073.0,2026-05-09
sh600330,600330.SH,天通股份,电子,上交所,63606254873.5,0.059,5942398861.0,2026-05-09
sh603228,603228.SH,景旺电子,电子,上交所,63606254873.5,0.059,2942300941.0,2026-05-09
sz300782,300782.SZ,卓胜微,电子,深交所,63606254873.5,0.059,2186234108.0,2026-05-09
sh600352,600352.SH,浙江龙盛,基础化工,上交所,63606254873.5,0.059,548882528.0,2026-05-09
sh601898,601898.SH,中煤能源,煤炭,上交所,63606254873.5,0.059,645835211.0,2026-05-09
sz002185,002185.SZ,华天科技,电子,深交所,62528182757.0,0.058,2516800813.0,2026-05-09
sh600460,600460.SH,士兰微,电子,上交所,62528182757.0,0.058,1429787392.0,2026-05-09
sh688249,688249.SH,晶合集成,电子,上交所,62528182757.0,0.058,1267727245.0,2026-05-09
sh600009,600009.SH,上海机场,交通运输,上交所,62528182757.0,0.058,263765800.0,2026-05-09
sh688047,688047.SH,龙芯中科,电子,上交所,61450110640.5,0.057,2527956461.0,2026-05-09
sh688200,688200.SH,华峰测控,电子,上交所,61450110640.5,0.057,781892729.0,2026-05-09
sh688036,688036.SH,传音控股,电子,上交所,61450110640.5,0.057,551299122.0,2026-05-09
sz002756,002756.SZ,永兴材料,有色金属,深交所,61450110640.5,0.057,1875291408.0,2026-05-09
sz002555,002555.SZ,三七互娱,传媒,深交所,61450110640.5,0.057,1217345564.0,2026-05-09
sz002736,002736.SZ,国信证券,非银金融,深交所,61450110640.5,0.057,296186053.0,2026-05-09
sz002222,002222.SZ,福晶科技,电子,深交所,60372038524.0,0.056,5746127489.0,2026-05-09
sh600886,600886.SH,国投电力,公用事业,上交所,60372038524.0,0.056,431902133.0,2026-05-09
sz000768,000768.SZ,中航西飞,国防军工,深交所,60372038524.0,0.056,1758183961.0,2026-05-09
sz002487,002487.SZ,大金重工,电力设备,深交所,59293966407.5,0.055,1289383263.0,2026-05-09
sz000021,000021.SZ,深科技,电子,深交所,59293966407.5,0.055,2783560892.0,2026-05-09
sz002155,002155.SZ,湖南黄金,有色金属,深交所,59293966407.5,0.055,1924695607.0,2026-05-09
sz002797,002797.SZ,第一创业,非银金融,深交所,59293966407.5,0.055,1042972443.0,2026-05-09
sh601555,601555.SH,东吴证券,非银金融,上交所,59293966407.5,0.055,473348725.0,2026-05-09
sh600839,600839.SH,四川长虹,家用电器,上交所,59293966407.5,0.055,631412096.0,2026-05-09
sh601208,601208.SH,东材科技,基础化工,上交所,59293966407.5,0.055,5420876147.0,2026-05-09
sz002465,002465.SZ,海格通信,国防军工,深交所,59293966407.5,0.055,2015431326.0,2026-05-09
sz001979,001979.SZ,招商蛇口,房地产,深交所,58215894291.0,0.054,882210988.0,2026-05-09
sz300115,300115.SZ,长盈精密,电子,深交所,58215894291.0,0.054,3571574588.0,2026-05-09
sh600196,600196.SH,复星医药,医药生物,上交所,58215894291.0,0.054,482879013.0,2026-05-09
sh601117,601117.SH,中国化学,建筑装饰,上交所,58215894291.0,0.054,1121682693.0,2026-05-09
sz000547,000547.SZ,航天发展,国防军工,深交所,58215894291.0,0.054,6484442306.0,2026-05-09
sh600372,600372.SH,中航机载,国防军工,上交所,58215894291.0,0.054,943418669.0,2026-05-09
sh600011,600011.SH,华能国际,公用事业,上交所,57137822174.5,0.053,944332719.0,2026-05-09
sh601186,601186.SH,中国铁建,建筑装饰,上交所,57137822174.5,0.053,286868848.0,2026-05-09
sz002920,002920.SZ,德赛西威,计算机,深交所,57137822174.5,0.053,913255488.0,2026-05-09
sz002517,002517.SZ,恺英网络,传媒,深交所,57137822174.5,0.053,1349873667.0,2026-05-09
sh601698,601698.SH,中国卫通,国防军工,上交所,57137822174.5,0.053,5416600853.0,2026-05-09
sz300438,300438.SZ,鹏辉能源,电力设备,深交所,56059750058.0,0.052,3662380302.0,2026-05-09
sh688195,688195.SH,腾景科技,电子,上交所,56059750058.0,0.052,2588600799.0,2026-05-09
sh688396,688396.SH,华润微,电子,上交所,56059750058.0,0.052,1763803156.0,2026-05-09
sz300759,300759.SZ,康龙化成,医药生物,深交所,56059750058.0,0.052,1001913139.0,2026-05-09
sh600256,600256.SH,广汇能源,石油石化,上交所,56059750058.0,0.052,1020738282.0,2026-05-09
sh600884,600884.SH,杉杉股份,电力设备,上交所,54981677941.5,0.051,3598968756.0,2026-05-09
sz300919,300919.SZ,中伟新材,电力设备,深交所,54981677941.5,0.051,2090540155.0,2026-05-09
sh688019,688019.SH,安集科技,电子,上交所,54981677941.5,0.051,1222627367.0,2026-05-09
sh600674,600674.SH,川投能源,公用事业,上交所,54981677941.5,0.051,369090471.0,2026-05-09
sz002252,002252.SZ,上海莱士,医药生物,深交所,54981677941.5,0.051,256565188.0,2026-05-09
sh600741,600741.SH,华域汽车,汽车,上交所,54981677941.5,0.051,437308429.0,2026-05-09
sz300454,300454.SZ,深信服,计算机,深交所,54981677941.5,0.051,2917052255.0,2026-05-09
sh601788,601788.SH,光大证券,非银金融,上交所,54981677941.5,0.051,408131527.0,2026-05-09
sh601901,601901.SH,方正证券,非银金融,上交所,54981677941.5,0.051,364382346.0,2026-05-09
sh601066,601066.SH,中信建投,非银金融,上交所,54981677941.5,0.051,356672264.0,2026-05-09
sz000893,000893.SZ,亚钾国际,基础化工,深交所,54981677941.5,0.051,958033058.0,2026-05-09
sh688122,688122.SH,西部超导,国防军工,上交所,54981677941.5,0.051,934921787.0,2026-05-09
sz002304,002304.SZ,洋河股份,食品饮料,深交所,54981677941.5,0.051,268067505.0,2026-05-09
sz300432,300432.SZ,富临精工,电力设备,深交所,53903605825.0,0.05,1586289392.0,2026-05-09
sz002402,002402.SZ,和而泰,电子,深交所,53903605825.0,0.05,1468972420.0,2026-05-09
sz002456,002456.SZ,欧菲光,电子,深交所,53903605825.0,0.05,456960216.0,2026-05-09
sz000963,000963.SZ,华东医药,医药生物,深交所,53903605825.0,0.05,221780564.0,2026-05-09
sh603129,603129.SH,春风动力,汽车,上交所,53903605825.0,0.05,390628794.0,2026-05-09
sh600029,600029.SH,南方航空,交通运输,上交所,53903605825.0,0.05,1223868717.0,2026-05-09
sh600895,600895.SH,张江高科,房地产,上交所,52825533708.5,0.049,757913387.0,2026-05-09
sh688017,688017.SH,绿的谐波,机械设备,上交所,52825533708.5,0.049,4189243596.0,2026-05-09
sz300567,300567.SZ,精测电子,机械设备,深交所,52825533708.5,0.049,1392213252.0,2026-05-09
sh601615,601615.SH,明阳智能,电力设备,上交所,52825533708.5,0.049,2100255785.0,2026-05-09
sz002271,002271.SZ,东方雨虹,建筑材料,深交所,52825533708.5,0.049,742347301.0,2026-05-09
sz300285,300285.SZ,国瓷材料,电子,深交所,52825533708.5,0.049,1539318671.0,2026-05-09
sz002130,002130.SZ,沃尔核材,电子,深交所,52825533708.5,0.049,954540794.0,2026-05-09
sz002294,002294.SZ,信立泰,医药生物,深交所,52825533708.5,0.049,1178332271.0,2026-05-09
sz300347,300347.SZ,泰格医药,医药生物,深交所,52825533708.5,0.049,740313759.0,2026-05-09
sh600331,600331.SH,宏达股份,基础化工,上交所,52825533708.5,0.049,1505470122.0,2026-05-09
sz000895,000895.SZ,双汇发展,食品饮料,深交所,52825533708.5,0.049,296468489.0,2026-05-09
sh601126,601126.SH,四方股份,电力设备,上交所,51747461592.0,0.048,2283679336.0,2026-05-09
sz300316,300316.SZ,晶盛机电,电力设备,深交所,51747461592.0,0.048,1312981117.0,2026-05-09
sz002129,002129.SZ,TCL中环,电力设备,深交所,51747461592.0,0.048,769073184.0,2026-05-09
sz001389,001389.SZ,广合科技,电子,深交所,51747461592.0,0.048,1442987486.0,2026-05-09
sz000661,000661.SZ,长春高新,医药生物,深交所,51747461592.0,0.048,405488362.0,2026-05-09
sh600699,600699.SH,均胜电子,汽车,上交所,51747461592.0,0.048,2030188423.0,2026-05-09
sz000878,000878.SZ,云南铜业,有色金属,深交所,51747461592.0,0.048,1269577086.0,2026-05-09
sh601881,601881.SH,中国银河,非银金融,上交所,51747461592.0,0.048,451954688.0,2026-05-09
sz002601,002601.SZ,龙佰集团,基础化工,深交所,51747461592.0,0.048,453137498.0,2026-05-09
sz300012,300012.SZ,华测检测,社会服务,深交所,51747461592.0,0.048,458149041.0,2026-05-09
sh601665,601665.SH,齐鲁银行,银行,上交所,50669389475.5,0.047,244284623.0,2026-05-09
sz002176,002176.SZ,江特电机,电力设备,深交所,50669389475.5,0.047,3825469654.0,2026-05-09
sz300073,300073.SZ,当升科技,电力设备,深交所,50669389475.5,0.047,1337163830.0,2026-05-09
sz300672,300672.SZ,国科微,电子,深交所,50669389475.5,0.047,3563561432.0,2026-05-09
sh688183,688183.SH,生益电子,电子,上交所,50669389475.5,0.047,2919077283.0,2026-05-09
sh601231,601231.SH,环旭电子,电子,上交所,50669389475.5,0.047,1767994739.0,2026-05-09
sz002138,002138.SZ,顺络电子,电子,深交所,50669389475.5,0.047,1315459546.0,2026-05-09
sh600733,600733.SH,北汽蓝谷,汽车,上交所,50669389475.5,0.047,547551445.0,2026-05-09
sh600497,600497.SH,驰宏锌锗,有色金属,上交所,50669389475.5,0.047,2179774358.0,2026-05-09
sh600141,600141.SH,兴发集团,基础化工,上交所,50669389475.5,0.047,1349972386.0,2026-05-09
sz300762,300762.SZ,上海瀚讯,国防军工,深交所,50669389475.5,0.047,2547040648.0,2026-05-09
sz000002,000002.SZ,万科A,房地产,深交所,49591317359.0,0.046,443314476.0,2026-05-09
sh688223,688223.SH,晶科能源,电力设备,上交所,49591317359.0,0.046,2208613881.0,2026-05-09
sz300866,300866.SZ,安克创新,电子,深交所,49591317359.0,0.046,727974299.0,2026-05-09
sh688235,688235.SH,百济神州,医药生物,上交所,49591317359.0,0.046,1016486128.0,2026-05-09
sz300255,300255.SZ,常山药业,医药生物,深交所,49591317359.0,0.046,934085429.0,2026-05-09
sh603306,603306.SH,华懋科技,汽车,上交所,49591317359.0,0.046,2007076486.0,2026-05-09
sz002472,002472.SZ,双环传动,汽车,深交所,49591317359.0,0.046,1783196199.0,2026-05-09
sh688205,688205.SH,德科立,通信,上交所,49591317359.0,0.046,2821910419.0,2026-05-09
sh688387,688387.SH,信科移动,通信,上交所,49591317359.0,0.046,2174718207.0,2026-05-09
sz000783,000783.SZ,长江证券,非银金融,深交所,49591317359.0,0.046,1589843114.0,2026-05-09
sh601108,601108.SH,财通证券,非银金融,上交所,49591317359.0,0.046,448032616.0,2026-05-09
sh601878,601878.SH,浙商证券,非银金融,上交所,49591317359.0,0.046,262832289.0,2026-05-09
sz300724,300724.SZ,捷佳伟创,电力设备,深交所,48513245242.5,0.045,1217884740.0,2026-05-09
sz000786,000786.SZ,北新建材,建筑材料,深交所,48513245242.5,0.045,295970603.0,2026-05-09
sz300677,300677.SZ,英科医疗,医药生物,深交所,48513245242.5,0.045,647306002.0,2026-05-09
sh605589,605589.SH,圣泉集团,基础化工,上交所,48513245242.5,0.045,1469006338.0,2026-05-09
sh603606,603606.SH,东方电缆,电力设备,上交所,47435173126.0,0.044,1028675546.0,2026-05-09
sz002157,002157.SZ,正邦科技,农林牧渔,深交所,47435173126.0,0.044,820312533.0,2026-05-09
sh688167,688167.SH,炬光科技,电子,上交所,47435173126.0,0.044,3834780889.0,2026-05-09
sh688220,688220.SH,翱捷科技,电子,上交所,47435173126.0,0.044,1741077809.0,2026-05-09
sh688536,688536.SH,思瑞浦,电子,上交所,47435173126.0,0.044,1593464919.0,2026-05-09
sh688385,688385.SH,复旦微电,电子,上交所,47435173126.0,0.044,1353403368.0,2026-05-09
sh601198,601198.SH,东兴证券,非银金融,上交所,47435173126.0,0.044,157505433.0,2026-05-09
sz002414,002414.SZ,高德红外,国防军工,深交所,47435173126.0,0.044,1291819906.0,2026-05-09
sz300458,300458.SZ,全志科技,电子,深交所,46357101009.5,0.043,1623416185.0,2026-05-09
sh688141,688141.SH,杰华特,电子,上交所,46357101009.5,0.043,1324690125.0,2026-05-09
sz002821,002821.SZ,凯莱英,医药生物,深交所,46357101009.5,0.043,707915795.0,2026-05-09
sh688578,688578.SH,艾力斯,医药生物,上交所,46357101009.5,0.043,399976777.0,2026-05-09
sz000423,000423.SZ,东阿阿胶,医药生物,深交所,46357101009.5,0.043,307217481.0,2026-05-09
sh601633,601633.SH,长城汽车,汽车,上交所,46357101009.5,0.043,267955109.0,2026-05-09
sh601800,601800.SH,中国交建,建筑装饰,上交所,46357101009.5,0.043,421623211.0,2026-05-09
sh600338,600338.SH,西藏珠峰,有色金属,上交所,46357101009.5,0.043,3198268770.0,2026-05-09
sh601111,601111.SH,中国国航,交通运输,上交所,46357101009.5,0.043,1443188842.0,2026-05-09
sh601162,601162.SH,天风证券,非银金融,上交所,46357101009.5,0.043,418652031.0,2026-05-09
sh601099,601099.SH,太平洋,非银金融,上交所,46357101009.5,0.043,345796515.0,2026-05-09
sz002429,002429.SZ,兆驰股份,家用电器,深交所,46357101009.5,0.043,2558535238.0,2026-05-09
sh688629,688629.SH,华丰科技,国防军工,上交所,46357101009.5,0.043,3339477420.0,2026-05-09
sh601128,601128.SH,常熟银行,银行,上交所,45279028893.0,0.042,297542268.0,2026-05-09
sz002444,002444.SZ,巨星科技,机械设备,深交所,45279028893.0,0.042,783791197.0,2026-05-09
sh688676,688676.SH,金盘科技,电力设备,上交所,45279028893.0,0.042,1432468345.0,2026-05-09
sh688599,688599.SH,天合光能,电力设备,上交所,45279028893.0,0.042,790739751.0,2026-05-09
sz300373,300373.SZ,扬杰科技,电子,深交所,45279028893.0,0.042,1585299804.0,2026-05-09
sz002409,002409.SZ,雅克科技,电子,深交所,45279028893.0,0.042,1168558878.0,2026-05-09
sh688213,688213.SH,思特威,电子,上交所,45279028893.0,0.042,868494910.0,2026-05-09
sz301396,301396.SZ,宏景科技,计算机,深交所,45279028893.0,0.042,3673568163.0,2026-05-09
sz301236,301236.SZ,软通动力,计算机,深交所,45279028893.0,0.042,997714413.0,2026-05-09
sz002203,002203.SZ,海亮股份,有色金属,深交所,45279028893.0,0.042,2043311928.0,2026-05-09
sz002078,002078.SZ,太阳纸业,轻工制造,深交所,45279028893.0,0.042,317558870.0,2026-05-09
sh601577,601577.SH,长沙银行,银行,上交所,44200956776.5,0.041,175708763.0,2026-05-09
sh688630,688630.SH,芯碁微装,机械设备,上交所,44200956776.5,0.041,1532540686.0,2026-05-09
sh688025,688025.SH,杰普特,机械设备,上交所,44200956776.5,0.041,1387193018.0,2026-05-09
sz301511,301511.SZ,德福科技,电力设备,深交所,44200956776.5,0.041,4279940234.0,2026-05-09
sz002245,002245.SZ,蔚蓝锂芯,电力设备,深交所,44200956776.5,0.041,1630651768.0,2026-05-09
sh688766,688766.SH,普冉股份,电子,上交所,44200956776.5,0.041,1786417305.0,2026-05-09
sh688548,688548.SH,广钢气体,电子,上交所,44200956776.5,0.041,870644824.0,2026-05-09
sh600021,600021.SH,上海电力,公用事业,上交所,44200956776.5,0.041,756375390.0,2026-05-09
sz002432,002432.SZ,九安医疗,医药生物,深交所,44200956776.5,0.041,2316180737.0,2026-05-09
sz000766,000766.SZ,通化金马,医药生物,深交所,44200956776.5,0.041,776574111.0,2026-05-09
sh600410,600410.SH,华胜天成,计算机,上交所,44200956776.5,0.041,2317680614.0,2026-05-09
sh600588,600588.SH,用友网络,计算机,上交所,44200956776.5,0.041,1233835431.0,2026-05-09
sh605376,605376.SH,博迁新材,有色金属,上交所,44200956776.5,0.041,1293759811.0,2026-05-09
sz000617,000617.SZ,中油资本,非银金融,深交所,44200956776.5,0.041,820946305.0,2026-05-09
sh688169,688169.SH,石头科技,家用电器,上交所,44200956776.5,0.041,1053837840.0,2026-05-09
sz300474,300474.SZ,景嘉微,国防军工,深交所,44200956776.5,0.041,789281067.0,2026-05-09
sz001203,001203.SZ,大中矿业,钢铁,深交所,44200956776.5,0.041,1934069622.0,2026-05-09
sz300456,300456.SZ,赛微电子,电子,深交所,43122884660.0,0.04,3077519207.0,2026-05-09
sz000981,000981.SZ,山子高科,汽车,深交所,43122884660.0,0.04,1182556351.0,2026-05-09
sz300496,300496.SZ,中科创达,计算机,深交所,43122884660.0,0.04,1145616291.0,2026-05-09
sh603979,603979.SH,金诚信,有色金属,上交所,43122884660.0,0.04,790647360.0,2026-05-09
sh601021,601021.SH,春秋航空,交通运输,上交所,43122884660.0,0.04,448788175.0,2026-05-09
sh600109,600109.SH,国金证券,非银金融,上交所,43122884660.0,0.04,274085705.0,2026-05-09
sz300342,300342.SZ,天银机电,家用电器,深交所,43122884660.0,0.04,5213912125.0,2026-05-09
sz300806,300806.SZ,斯迪克,基础化工,深交所,43122884660.0,0.04,1769973433.0,2026-05-09
sz002064,002064.SZ,华峰化学,基础化工,深交所,43122884660.0,0.04,481787954.0,2026-05-09
sz000683,000683.SZ,博源化工,基础化工,深交所,43122884660.0,0.04,245220741.0,2026-05-09
sz000039,000039.SZ,中集集团,机械设备,深交所,42044812543.5,0.039,729008214.0,2026-05-09
sh688388,688388.SH,嘉元科技,电力设备,上交所,42044812543.5,0.039,1845606660.0,2026-05-09
sz300953,300953.SZ,震裕科技,电力设备,深交所,42044812543.5,0.039,1712613613.0,2026-05-09
sz300763,300763.SZ,锦浪科技,电力设备,深交所,42044812543.5,0.039,1365361722.0,2026-05-09
sh603920,603920.SH,世运电路,电子,上交所,42044812543.5,0.039,2467335107.0,2026-05-09
sh688052,688052.SH,纳芯微,电子,上交所,42044812543.5,0.039,645237342.0,2026-05-09
sz000155,000155.SZ,川能动力,公用事业,深交所,42044812543.5,0.039,1473721231.0,2026-05-09
sh600023,600023.SH,浙能电力,公用事业,上交所,42044812543.5,0.039,374336201.0,2026-05-09
sh688331,688331.SH,荣昌生物,医药生物,上交所,42044812543.5,0.039,1230605065.0,2026-05-09
sh688506,688506.SH,百利天恒,医药生物,上交所,42044812543.5,0.039,510912026.0,2026-05-09
sh688568,688568.SH,中科星图,计算机,上交所,42044812543.5,0.039,1976973019.0,2026-05-09
sz002192,002192.SZ,融捷股份,有色金属,深交所,42044812543.5,0.039,4480914008.0,2026-05-09
sz002716,002716.SZ,湖南白银,有色金属,深交所,42044812543.5,0.039,2188543636.0,2026-05-09
sh601212,601212.SH,白银有色,有色金属,上交所,42044812543.5,0.039,1180500162.0,2026-05-09
sz300748,300748.SZ,金力永磁,有色金属,深交所,42044812543.5,0.039,1144360956.0,2026-05-09
sz002379,002379.SZ,宏桥控股,有色金属,深交所,42044812543.5,0.039,650579754.0,2026-05-09
sz300383,300383.SZ,光环新网,通信,深交所,42044812543.5,0.039,1721350210.0,2026-05-09
sh601319,601319.SH,中国人保,非银金融,上交所,42044812543.5,0.039,521812059.0,2026-05-09
sh603345,603345.SH,安井食品,食品饮料,上交所,42044812543.5,0.039,713478339.0,2026-05-09
sh600298,600298.SH,安琪酵母,食品饮料,上交所,42044812543.5,0.039,337248495.0,2026-05-09
sh600600,600600.SH,青岛啤酒,食品饮料,上交所,42044812543.5,0.039,323278819.0,2026-05-09
sh688627,688627.SH,精智达,机械设备,上交所,40966740427.0,0.038,1294626391.0,2026-05-09
sh600499,600499.SH,科达制造,机械设备,上交所,40966740427.0,0.038,739625207.0,2026-05-09
sz002335,002335.SZ,科华数据,电力设备,深交所,40966740427.0,0.038,3290386097.0,2026-05-09
sz300568,300568.SZ,星源材质,电力设备,深交所,40966740427.0,0.038,2161752860.0,2026-05-09
sz300870,300870.SZ,欧陆通,电力设备,深交所,40966740427.0,0.038,1313866505.0,2026-05-09
sh600577,600577.SH,精达股份,电力设备,上交所,40966740427.0,0.038,805038966.0,2026-05-09
sh605358,605358.SH,立昂微,电子,上交所,40966740427.0,0.038,2957602051.0,2026-05-09
sh603179,603179.SH,新泉股份,汽车,上交所,40966740427.0,0.038,3665310674.0,2026-05-09
sh688343,688343.SH,云天励飞,计算机,上交所,40966740427.0,0.038,1325380664.0,2026-05-09
sh601677,601677.SH,明泰铝业,有色金属,上交所,40966740427.0,0.038,625467046.0,2026-05-09
sz003031,003031.SZ,中瓷电子,通信,深交所,40966740427.0,0.038,1997209085.0,2026-05-09
sh688375,688375.SH,国博电子,国防军工,上交所,40966740427.0,0.038,1201180665.0,2026-05-09
sz300972,300972.SZ,万辰集团,商贸零售,深交所,39888668310.5,0.037,364716059.0,2026-05-09
sz002459,002459.SZ,晶澳科技,电力设备,深交所,39888668310.5,0.037,900089662.0,2026-05-09
sh688472,688472.SH,阿特斯,电力设备,上交所,39888668310.5,0.037,873269511.0,2026-05-09
sz300001,300001.SZ,特锐德,电力设备,深交所,39888668310.5,0.037,692079496.0,2026-05-09
sh688234,688234.SH,天岳先进,电子,上交所,39888668310.5,0.037,1408689553.0,2026-05-09
sh688180,688180.SH,君实生物,医药生物,上交所,39888668310.5,0.037,556176596.0,2026-05-09
sz000559,000559.SZ,万向钱潮,汽车,深交所,39888668310.5,0.037,3128763493.0,2026-05-09
sh600039,600039.SH,四川路桥,建筑装饰,上交所,39888668310.5,0.037,530109940.0,2026-05-09
sz000034,000034.SZ,神州数码,计算机,深交所,39888668310.5,0.037,1515576086.0,2026-05-09
sz002405,002405.SZ,四维图新,计算机,深交所,39888668310.5,0.037,446736888.0,2026-05-09
sz002149,002149.SZ,西部材料,有色金属,深交所,39888668310.5,0.037,6866933024.0,2026-05-09
sh600259,600259.SH,中稀有色,有色金属,上交所,39888668310.5,0.037,1268041139.0,2026-05-09
sh600595,600595.SH,中孚实业,有色金属,上交所,39888668310.5,0.037,488854982.0,2026-05-09
sz300570,300570.SZ,太辰光,通信,深交所,39888668310.5,0.037,6674421967.0,2026-05-09
sz300251,300251.SZ,光线传媒,传媒,深交所,39888668310.5,0.037,1030312443.0,2026-05-09
sz300409,300409.SZ,道氏技术,电力设备,深交所,38810596194.0,0.036,1290233437.0,2026-05-09
sh603256,603256.SH,宏和科技,建筑材料,上交所,38810596194.0,0.036,3505276009.0,2026-05-09
sz000592,000592.SZ,平潭发展,农林牧渔,深交所,38810596194.0,0.036,2933287178.0,2026-05-09
sz300102,300102.SZ,乾照光电,电子,深交所,38810596194.0,0.036,2893195957.0,2026-05-09
sz300236,300236.SZ,上海新阳,电子,深交所,38810596194.0,0.036,1353750255.0,2026-05-09
sz300142,300142.SZ,沃森生物,医药生物,深交所,38810596194.0,0.036,1045269383.0,2026-05-09
sh603087,603087.SH,甘李药业,医药生物,上交所,38810596194.0,0.036,275207071.0,2026-05-09
sz001267,001267.SZ,汇绿生态,建筑装饰,深交所,38810596194.0,0.036,3465528735.0,2026-05-09
sh601618,601618.SH,中国中冶,建筑装饰,上交所,38810596194.0,0.036,275286553.0,2026-05-09
sh600536,600536.SH,中国软件,计算机,上交所,38810596194.0,0.036,1461886850.0,2026-05-09
sz000060,000060.SZ,中金岭南,有色金属,深交所,38810596194.0,0.036,3436378637.0,2026-05-09
sz300364,300364.SZ,中文在线,传媒,深交所,38810596194.0,0.036,2790986776.0,2026-05-09
sh601696,601696.SH,中银证券,非银金融,上交所,38810596194.0,0.036,354511315.0,2026-05-09
sh600515,600515.SH,海南机场,房地产,上交所,37732524077.5,0.035,543517959.0,2026-05-09
sh601717,601717.SH,中创智领,机械设备,上交所,37732524077.5,0.035,305315479.0,2026-05-09
sz000636,000636.SZ,风华高科,电子,深交所,37732524077.5,0.035,2312385115.0,2026-05-09
sh603005,603005.SH,晶方科技,电子,上交所,37732524077.5,0.035,1181753489.0,2026-05-09
sh688617,688617.SH,惠泰医疗,医药生物,上交所,37732524077.5,0.035,273403493.0,2026-05-09
sz002085,002085.SZ,万丰奥威,汽车,深交所,37732524077.5,0.035,467505661.0,2026-05-09
sh601777,601777.SH,千里科技,汽车,上交所,37732524077.5,0.035,408063082.0,2026-05-09
sz300170,300170.SZ,汉得信息,计算机,深交所,37732524077.5,0.035,3030901496.0,2026-05-09
sh603516,603516.SH,淳中科技,计算机,上交所,37732524077.5,0.035,1172287695.0,2026-05-09
sz002378,002378.SZ,章源钨业,有色金属,深交所,37732524077.5,0.035,2538595148.0,2026-05-09
sh600637,600637.SH,东方明珠,传媒,上交所,37732524077.5,0.035,816324931.0,2026-05-09
sz002624,002624.SZ,完美世界,传媒,深交所,37732524077.5,0.035,672408448.0,2026-05-09
sh603369,603369.SH,今世缘,食品饮料,上交所,37732524077.5,0.035,490668651.0,2026-05-09
sz002318,002318.SZ,久立特材,钢铁,深交所,37732524077.5,0.035,367386058.0,2026-05-09
sh603063,603063.SH,禾望电气,电力设备,上交所,36654451961.0,0.034,1781113567.0,2026-05-09
sz002506,002506.SZ,协鑫集成,电力设备,深交所,36654451961.0,0.034,1410906664.0,2026-05-09
sh603806,603806.SH,福斯特,电力设备,上交所,36654451961.0,0.034,1153388844.0,2026-05-09
sh600732,600732.SH,爱旭股份,电力设备,上交所,36654451961.0,0.034,521497469.0,2026-05-09
sz000876,000876.SZ,新 希 望,农林牧渔,深交所,36654451961.0,0.034,209024222.0,2026-05-09
sh688372,688372.SH,伟测科技,电子,上交所,36654451961.0,0.034,1681310765.0,2026-05-09
sz002484,002484.SZ,江海股份,电子,深交所,36654451961.0,0.034,1394025203.0,2026-05-09
sh688608,688608.SH,恒玄科技,电子,上交所,36654451961.0,0.034,816868134.0,2026-05-09
sh688409,688409.SH,富创精密,电子,上交所,36654451961.0,0.034,734978583.0,2026-05-09
sh600027,600027.SH,华电国际,公用事业,上交所,36654451961.0,0.034,602447922.0,2026-05-09
sz002653,002653.SZ,海思科,医药生物,深交所,36654451961.0,0.034,431813885.0,2026-05-09
sh603929,603929.SH,亚翔集成,建筑装饰,上交所,36654451961.0,0.034,800586860.0,2026-05-09
sz300738,300738.SZ,奥飞数据,通信,深交所,36654451961.0,0.034,1909849100.0,2026-05-09
sh600060,600060.SH,海信视像,家用电器,上交所,36654451961.0,0.034,260225736.0,2026-05-09
sz002025,002025.SZ,航天电器,国防军工,深交所,36654451961.0,0.034,1724237975.0,2026-05-09
sz302132,302132.SZ,中航成飞,国防军工,深交所,36654451961.0,0.034,954170479.0,2026-05-09
sz000983,000983.SZ,山西焦煤,煤炭,深交所,36654451961.0,0.034,473033571.0,2026-05-09
sh600208,600208.SH,衢州发展,房地产,上交所,35576379844.5,0.033,2652628516.0,2026-05-09
sz000564,000564.SZ,供销大集,商贸零售,深交所,35576379844.5,0.033,464099483.0,2026-05-09
sh688333,688333.SH,铂力特,机械设备,上交所,35576379844.5,0.033,1100674907.0,2026-05-09
sz301377,301377.SZ,鼎泰高科,机械设备,深交所,35576379844.5,0.033,982921930.0,2026-05-09
sh603699,603699.SH,纽威股份,机械设备,上交所,35576379844.5,0.033,665519733.0,2026-05-09
sz301217,301217.SZ,铜冠铜箔,电力设备,深交所,35576379844.5,0.033,3997675672.0,2026-05-09
sh603629,603629.SH,利通电子,电子,上交所,35576379844.5,0.033,6150146182.0,2026-05-09
sh688266,688266.SH,泽璟制药,医药生物,上交所,35576379844.5,0.033,337811992.0,2026-05-09
sz300832,300832.SZ,新产业,医药生物,深交所,35576379844.5,0.033,229028608.0,2026-05-09
sh600085,600085.SH,同仁堂,医药生物,上交所,35576379844.5,0.033,140385125.0,2026-05-09
sh601607,601607.SH,上海医药,医药生物,上交所,35576379844.5,0.033,134263289.0,2026-05-09
sh603596,603596.SH,伯特利,汽车,上交所,35576379844.5,0.033,623039408.0,2026-05-09
sh603766,603766.SH,隆鑫通用,汽车,上交所,35576379844.5,0.033,236321539.0,2026-05-09
sh600845,600845.SH,宝信软件,计算机,上交所,35576379844.5,0.033,876716631.0,2026-05-09
sz301269,301269.SZ,华大九天,计算机,深交所,35576379844.5,0.033,772943152.0,2026-05-09
sz000158,000158.SZ,常山北明,计算机,深交所,35576379844.5,0.033,618579767.0,2026-05-09
sz002180,002180.SZ,奔图科技,计算机,深交所,35576379844.5,0.033,288503675.0,2026-05-09
sh601958,601958.SH,金钼股份,有色金属,上交所,35576379844.5,0.033,808686105.0,2026-05-09
sz001965,001965.SZ,招商公路,交通运输,深交所,35576379844.5,0.033,90781287.0,2026-05-09
sz300002,300002.SZ,神州泰岳,传媒,深交所,35576379844.5,0.033,527448980.0,2026-05-09
sz002673,002673.SZ,西部证券,非银金融,深交所,35576379844.5,0.033,156150092.0,2026-05-09
sz000728,000728.SZ,国元证券,非银金融,深交所,35576379844.5,0.033,154940573.0,2026-05-09
sh600918,600918.SH,中泰证券,非银金融,上交所,35576379844.5,0.033,127179859.0,2026-05-09
sz000830,000830.SZ,鲁西化工,基础化工,深交所,35576379844.5,0.033,471338488.0,2026-05-09
sh600873,600873.SH,梅花生物,基础化工,上交所,35576379844.5,0.033,335323889.0,2026-05-09
sz300699,300699.SZ,光威复材,国防军工,深交所,35576379844.5,0.033,957773635.0,2026-05-09
sh600186,600186.SH,莲花控股,食品饮料,上交所,35576379844.5,0.033,3394675769.0,2026-05-09
sh603156,603156.SH,养元饮品,食品饮料,上交所,35576379844.5,0.033,569221947.0,2026-05-09
sh601699,601699.SH,潞安环能,煤炭,上交所,35576379844.5,0.033,456039189.0,2026-05-09
sz300024,300024.SZ,机器人,机械设备,深交所,34498307728.0,0.032,784012527.0,2026-05-09
sh600869,600869.SH,远东股份,电力设备,上交所,34498307728.0,0.032,1607527942.0,2026-05-09
sh688390,688390.SH,固德威,电力设备,上交所,34498307728.0,0.032,1118359561.0,2026-05-09
sz300131,300131.SZ,英唐智控,电子,深交所,34498307728.0,0.032,2816737138.0,2026-05-09
sz301611,301611.SZ,珂玛科技,电子,深交所,34498307728.0,0.032,1700013547.0,2026-05-09
sh601778,601778.SH,晶科科技,公用事业,上交所,34498307728.0,0.032,3722284663.0,2026-05-09
sh600803,600803.SH,新奥股份,公用事业,上交所,34498307728.0,0.032,166409538.0,2026-05-09
sh688166,688166.SH,博瑞医药,医药生物,上交所,34498307728.0,0.032,941298144.0,2026-05-09
sz300003,300003.SZ,乐普医疗,医药生物,深交所,34498307728.0,0.032,352082841.0,2026-05-09
sh600518,600518.SH,康美药业,医药生物,上交所,34498307728.0,0.032,266349741.0,2026-05-09
sz301550,301550.SZ,斯菱智驱,汽车,深交所,34498307728.0,0.032,2049676577.0,2026-05-09
sz002065,002065.SZ,东华软件,计算机,深交所,34498307728.0,0.032,834113187.0,2026-05-09
sh600100,600100.SH,同方股份,计算机,上交所,34498307728.0,0.032,832338497.0,2026-05-09
sh600388,600388.SH,龙净环保,环保,上交所,34498307728.0,0.032,222635913.0,2026-05-09
sh601020,601020.SH,华钰矿业,有色金属,上交所,34498307728.0,0.032,1104856637.0,2026-05-09
sh688668,688668.SH,鼎通科技,通信,上交所,34498307728.0,0.032,1242780662.0,2026-05-09
sz300628,300628.SZ,亿联网络,通信,深交所,34498307728.0,0.032,342181124.0,2026-05-09
sh603067,603067.SH,振华股份,基础化工,上交所,34498307728.0,0.032,1604916918.0,2026-05-09
sh600378,600378.SH,昊华科技,基础化工,上交所,34498307728.0,0.032,608645864.0,2026-05-09
sh601216,601216.SH,君正集团,基础化工,上交所,34498307728.0,0.032,386447471.0,2026-05-09
sz300065,300065.SZ,海兰信,国防军工,深交所,34498307728.0,0.032,2730108312.0,2026-05-09
sz000729,000729.SZ,燕京啤酒,食品饮料,深交所,34498307728.0,0.032,491137542.0,2026-05-09
sh600348,600348.SH,华阳股份,煤炭,上交所,34498307728.0,0.032,505100583.0,2026-05-09
sh600641,600641.SH,先导基电,房地产,上交所,33420235611.5,0.031,1451034743.0,2026-05-09
sz000400,000400.SZ,许继电气,电力设备,深交所,33420235611.5,0.031,843644989.0,2026-05-09
sh600312,600312.SH,平高电气,电力设备,上交所,33420235611.5,0.031,663160432.0,2026-05-09
sz301526,301526.SZ,国际复材,建筑材料,深交所,33420235611.5,0.031,3055218021.0,2026-05-09
sh600177,600177.SH,雅戈尔,纺织服饰,上交所,33420235611.5,0.031,157463536.0,2026-05-09
sh603160,603160.SH,汇顶科技,电子,上交所,33420235611.5,0.031,348532014.0,2026-05-09
sh600930,600930.SH,华电新能,公用事业,上交所,33420235611.5,0.031,1321960331.0,2026-05-09
sz300122,300122.SZ,智飞生物,医药生物,深交所,33420235611.5,0.031,351680419.0,2026-05-09
sz000623,000623.SZ,吉林敖东,医药生物,深交所,33420235611.5,0.031,212076993.0,2026-05-09
sh603119,603119.SH,浙江荣泰,汽车,上交所,33420235611.5,0.031,3133382062.0,2026-05-09
sz002410,002410.SZ,广联达,计算机,深交所,33420235611.5,0.031,512786398.0,2026-05-09
sh603588,603588.SH,高能环境,环保,上交所,33420235611.5,0.031,860875585.0,2026-05-09
sz000688,000688.SZ,国城矿业,有色金属,深交所,33420235611.5,0.031,1593805959.0,2026-05-09
sh603077,603077.SH,和邦生物,基础化工,上交所,33420235611.5,0.031,488483522.0,2026-05-09
sz002151,002151.SZ,北斗星通,国防军工,深交所,33420235611.5,0.031,1509046957.0,2026-05-09
sh601997,601997.SH,贵阳银行,银行,上交所,32342163495.0,0.03,186447685.0,2026-05-09
sh601933,601933.SH,永辉超市,商贸零售,上交所,32342163495.0,0.03,324243976.0,2026-05-09
sz000811,000811.SZ,冰轮环境,机械设备,深交所,32342163495.0,0.03,1104856005.0,2026-05-09
sh600114,600114.SH,东睦股份,机械设备,上交所,32342163495.0,0.03,551003199.0,2026-05-09
sh688005,688005.SH,容百科技,电力设备,上交所,32342163495.0,0.03,1974648218.0,2026-05-09
sh688503,688503.SH,聚和材料,电力设备,上交所,32342163495.0,0.03,1244472085.0,2026-05-09
sh600363,600363.SH,联创光电,电子,上交所,32342163495.0,0.03,955759136.0,2026-05-09
sh688018,688018.SH,乐鑫科技,电子,上交所,32342163495.0,0.03,837539828.0,2026-05-09
sz002015,002015.SZ,协鑫能科,公用事业,深交所,32342163495.0,0.03,3011936090.0,2026-05-09
sh600025,600025.SH,华能水电,公用事业,上交所,32342163495.0,0.03,285569767.0,2026-05-09
sh600642,600642.SH,申能股份,公用事业,上交所,32342163495.0,0.03,247309383.0,2026-05-09
sz002223,002223.SZ,鱼跃医疗,医药生物,深交所,32342163495.0,0.03,327397897.0,2026-05-09
sz000999,000999.SZ,华润三九,医药生物,深交所,32342163495.0,0.03,295893102.0,2026-05-09
sh601799,601799.SH,星宇股份,汽车,上交所,32342163495.0,0.03,1140450081.0,2026-05-09
sz000967,000967.SZ,盈峰环境,环保,深交所,32342163495.0,0.03,4995303523.0,2026-05-09
sz300627,300627.SZ,华测导航,通信,深交所,32342163495.0,0.03,466528610.0,2026-05-09
sh601975,601975.SH,招商南油,交通运输,上交所,32342163495.0,0.03,2266203391.0,2026-05-09
sh603444,603444.SH,吉比特,传媒,上交所,32342163495.0,0.03,734629798.0,2026-05-09
sz000415,000415.SZ,渤海租赁,非银金融,深交所,32342163495.0,0.03,379855792.0,2026-05-09
sz000750,000750.SZ,国海证券,非银金融,深交所,32342163495.0,0.03,145856345.0,2026-05-09
sh600486,600486.SH,扬农化工,基础化工,上交所,32342163495.0,0.03,465433245.0,2026-05-09
sh688065,688065.SH,凯赛生物,基础化工,上交所,32342163495.0,0.03,272778443.0,2026-05-09
sz002413,002413.SZ,雷科防务,国防军工,深交所,32342163495.0,0.03,2320969268.0,2026-05-09
sh600765,600765.SH,中航重机,国防军工,上交所,32342163495.0,0.03,552291961.0,2026-05-09
sz000596,000596.SZ,古井贡酒,食品饮料,深交所,32342163495.0,0.03,259344494.0,2026-05-09
sz300896,300896.SZ,爱美客,美容护理,深交所,32342163495.0,0.03,386980428.0,2026-05-09
sh603667,603667.SH,五洲新春,机械设备,上交所,31264091378.5,0.029,2887365873.0,2026-05-09
sz300083,300083.SZ,创世纪,机械设备,深交所,31264091378.5,0.029,2254927665.0,2026-05-09
sh688778,688778.SH,厦钨新能,电力设备,上交所,31264091378.5,0.029,784152637.0,2026-05-09
sz300999,300999.SZ,金龙鱼,农林牧渔,深交所,31264091378.5,0.029,222266469.0,2026-05-09
sz002044,002044.SZ,美年健康,医药生物,深交所,31264091378.5,0.029,2394719803.0,2026-05-09
sh603127,603127.SH,昭衍新药,医药生物,上交所,31264091378.5,0.029,957500629.0,2026-05-09
sh600521,600521.SH,华海药业,医药生物,上交所,31264091378.5,0.029,327808220.0,2026-05-09
sh600166,600166.SH,福田汽车,汽车,上交所,31264091378.5,0.029,635965573.0,2026-05-09
sz300811,300811.SZ,铂科新材,有色金属,深交所,31264091378.5,0.029,769486717.0,2026-05-09
sh600061,600061.SH,国投资本,非银金融,上交所,31264091378.5,0.029,233371125.0,2026-05-09
sh600909,600909.SH,华安证券,非银金融,上交所,31264091378.5,0.029,195723064.0,2026-05-09
sh600369,600369.SH,西南证券,非银金融,上交所,31264091378.5,0.029,141116952.0,2026-05-09
sh600862,600862.SH,中航高科,国防军工,上交所,31264091378.5,0.029,636183475.0,2026-05-09
sz000629,000629.SZ,钒钛股份,钢铁,深交所,31264091378.5,0.029,676756268.0,2026-05-09
sz300769,300769.SZ,德方纳米,电力设备,深交所,30186019262.0,0.028,3938063876.0,2026-05-09
sh603026,603026.SH,石大胜华,电力设备,上交所,30186019262.0,0.028,2653743482.0,2026-05-09
sz300118,300118.SZ,东方日升,电力设备,深交所,30186019262.0,0.028,1419398456.0,2026-05-09
sz002249,002249.SZ,大洋电机,电力设备,深交所,30186019262.0,0.028,939043817.0,2026-05-09
sh600737,600737.SH,中粮糖业,农林牧渔,上交所,30186019262.0,0.028,581013156.0,2026-05-09
sh600201,600201.SH,生物股份,农林牧渔,上交所,30186019262.0,0.028,468342699.0,2026-05-09
sh600206,600206.SH,有研新材,电子,上交所,30186019262.0,0.028,3077748789.0,2026-05-09
sz300088,300088.SZ,长信科技,电子,深交所,30186019262.0,0.028,1025536845.0,2026-05-09
sh688519,688519.SH,南亚新材,电子,上交所,30186019262.0,0.028,994595294.0,2026-05-09
sh600171,600171.SH,上海贝岭,电子,上交所,30186019262.0,0.028,471498986.0,2026-05-09
sh601016,601016.SH,节能风电,公用事业,上交所,30186019262.0,0.028,3585932538.0,2026-05-09
sz000875,000875.SZ,电投绿能,公用事业,深交所,30186019262.0,0.028,432607994.0,2026-05-09
sz000534,000534.SZ,万泽股份,医药生物,深交所,30186019262.0,0.028,1236603466.0,2026-05-09
sh601611,601611.SH,中国核建,建筑装饰,上交所,30186019262.0,0.028,568397924.0,2026-05-09
sh688158,688158.SH,优刻得,计算机,上交所,30186019262.0,0.028,2028330741.0,2026-05-09
sh688188,688188.SH,柏楚电子,计算机,上交所,30186019262.0,0.028,615014733.0,2026-05-09
sz000762,000762.SZ,西藏矿业,有色金属,深交所,30186019262.0,0.028,2441847797.0,2026-05-09
sh688102,688102.SH,斯瑞新材,有色金属,上交所,30186019262.0,0.028,1933655450.0,2026-05-09
sh603876,603876.SH,鼎胜新材,有色金属,上交所,30186019262.0,0.028,1785862891.0,2026-05-09
sh600153,600153.SH,建发股份,交通运输,上交所,30186019262.0,0.028,218056580.0,2026-05-09
sh601059,601059.SH,信达证券,非银金融,上交所,30186019262.0,0.028,104408566.0,2026-05-09
sh601990,601990.SH,南京证券,非银金融,上交所,30186019262.0,0.028,96686561.0,2026-05-09
sz002683,002683.SZ,广东宏大,基础化工,深交所,30186019262.0,0.028,898114927.0,2026-05-09
sz300487,300487.SZ,蓝晓科技,基础化工,深交所,30186019262.0,0.028,255707883.0,2026-05-09
sz000738,000738.SZ,航发控制,国防军工,深交所,30186019262.0,0.028,1230652682.0,2026-05-09
sz000733,000733.SZ,振华科技,国防军工,深交所,30186019262.0,0.028,725957591.0,2026-05-09
sh601001,601001.SH,晋控煤业,煤炭,上交所,30186019262.0,0.028,327274786.0,2026-05-09
sz000932,000932.SZ,华菱钢铁,钢铁,深交所,30186019262.0,0.028,240978864.0,2026-05-09
sz002565,002565.SZ,顺灏股份,轻工制造,深交所,30186019262.0,0.028,4565289252.0,2026-05-09
sh600773,600773.SH,西藏城投,房地产,上交所,29107947145.5,0.027,1327008212.0,2026-05-09
sh601106,601106.SH,中国一重,机械设备,上交所,29107947145.5,0.027,577721354.0,2026-05-09
sz000528,000528.SZ,柳工,机械设备,深交所,29107947145.5,0.027,372249365.0,2026-05-09
sh688516,688516.SH,奥特维,电力设备,上交所,29107947145.5,0.027,1210339719.0,2026-05-09
sz000009,000009.SZ,中国宝安,电力设备,深交所,29107947145.5,0.027,257371973.0,2026-05-09
sh600398,600398.SH,海澜之家,纺织服饰,上交所,29107947145.5,0.027,318739046.0,2026-05-09
sz000062,000062.SZ,深圳华强,电子,深交所,29107947145.5,0.027,3261794173.0,2026-05-09
sh688123,688123.SH,聚辰股份,电子,上交所,29107947145.5,0.027,1494673661.0,2026-05-09
sh688322,688322.SH,奥比中光,电子,上交所,29107947145.5,0.027,1286588245.0,2026-05-09
sh688127,688127.SH,蓝特光学,电子,上交所,29107947145.5,0.027,987334513.0,2026-05-09
sh600563,600563.SH,法拉电子,电子,上交所,29107947145.5,0.027,655290188.0,2026-05-09
sz300655,300655.SZ,晶瑞电材,电子,深交所,29107947145.5,0.027,578662967.0,2026-05-09
sh601991,601991.SH,大唐发电,公用事业,上交所,29107947145.5,0.027,6675181861.0,2026-05-09
sh605090,605090.SH,九丰能源,公用事业,上交所,29107947145.5,0.027,934398032.0,2026-05-09
sz002007,002007.SZ,华兰生物,医药生物,深交所,29107947145.5,0.027,167706759.0,2026-05-09
sh600332,600332.SH,白云山,医药生物,上交所,29107947145.5,0.027,151704514.0,2026-05-09
sh601238,601238.SH,广汽集团,汽车,上交所,29107947145.5,0.027,112446461.0,2026-05-09
sz300085,300085.SZ,银之杰,计算机,深交所,29107947145.5,0.027,1444170855.0,2026-05-09
sh688208,688208.SH,道通科技,计算机,上交所,29107947145.5,0.027,316159465.0,2026-05-09
sh600323,600323.SH,瀚蓝环境,环保,上交所,29107947145.5,0.027,208042873.0,2026-05-09
sz000969,000969.SZ,安泰科技,有色金属,深交所,29107947145.5,0.027,684866690.0,2026-05-09
sh603881,603881.SH,数据港,通信,上交所,29107947145.5,0.027,2626185218.0,2026-05-09
sh600704,600704.SH,物产中大,交通运输,上交所,29107947145.5,0.027,229588008.0,2026-05-09
sz002400,002400.SZ,省广集团,传媒,深交所,29107947145.5,0.027,1346580789.0,2026-05-09
sh600901,600901.SH,江苏金租,非银金融,上交所,29107947145.5,0.027,280502349.0,2026-05-09
sz002361,002361.SZ,神剑股份,基础化工,深交所,29107947145.5,0.027,7547372005.0,2026-05-09
sz000973,000973.SZ,佛塑科技,基础化工,深交所,29107947145.5,0.027,1534270526.0,2026-05-09
sz002326,002326.SZ,永太科技,基础化工,深交所,29107947145.5,0.027,1226721590.0,2026-05-09
sh603379,603379.SH,三美股份,基础化工,上交所,29107947145.5,0.027,418051713.0,2026-05-09
sh603260,603260.SH,合盛硅业,基础化工,上交所,29107947145.5,0.027,386394832.0,2026-05-09
sh603225,603225.SH,新凤鸣,基础化工,上交所,29107947145.5,0.027,321157088.0,2026-05-09
sh600316,600316.SH,洪都航空,国防军工,上交所,29107947145.5,0.027,613915721.0,2026-05-09
sh600985,600985.SH,淮北矿业,煤炭,上交所,29107947145.5,0.027,274253967.0,2026-05-09
sh600516,600516.SH,方大炭素,钢铁,上交所,29107947145.5,0.027,323264372.0,2026-05-09
sh600246,600246.SH,万通发展,房地产,上交所,28029875029.0,0.026,1408379226.0,2026-05-09
sz002342,002342.SZ,巨力索具,机械设备,深交所,28029875029.0,0.026,7619006550.0,2026-05-09
sz002759,002759.SZ,天际股份,电力设备,深交所,28029875029.0,0.026,2740037485.0,2026-05-09
sh600110,600110.SH,诺德股份,电力设备,上交所,28029875029.0,0.026,1867905896.0,2026-05-09
sh605196,605196.SH,华通线缆,电力设备,上交所,28029875029.0,0.026,588785655.0,2026-05-09
sz002056,002056.SZ,横店东磁,电力设备,深交所,28029875029.0,0.026,451003919.0,2026-05-09
sz300184,300184.SZ,力源信息,电子,深交所,28029875029.0,0.026,1885747783.0,2026-05-09
sz002841,002841.SZ,视源股份,电子,深交所,28029875029.0,0.026,169519845.0,2026-05-09
sh603392,603392.SH,万泰生物,医药生物,上交所,28029875029.0,0.026,498406029.0,2026-05-09
sh600589,600589.SH,大位科技,计算机,上交所,28029875029.0,0.026,4296947897.0,2026-05-09
sz300253,300253.SZ,卫宁健康,计算机,深交所,28029875029.0,0.026,1922795963.0,2026-05-09
sh688692,688692.SH,达梦数据,计算机,上交所,28029875029.0,0.026,1303186910.0,2026-05-09
sh600583,600583.SH,海油工程,石油石化,上交所,28029875029.0,0.026,236860409.0,2026-05-09
sz000603,000603.SZ,盛达资源,有色金属,深交所,28029875029.0,0.026,1318042306.0,2026-05-09
sz301205,301205.SZ,联特科技,通信,深交所,28029875029.0,0.026,2973063921.0,2026-05-09
sh600986,600986.SH,浙文互联,传媒,上交所,28029875029.0,0.026,1746017172.0,2026-05-09
sz300182,300182.SZ,捷成股份,传媒,深交所,28029875029.0,0.026,998824884.0,2026-05-09
sz002739,002739.SZ,儒意电影,传媒,深交所,28029875029.0,0.026,240362904.0,2026-05-09
sh601456,601456.SH,国联民生,非银金融,上交所,28029875029.0,0.026,190799277.0,2026-05-09
sh603486,603486.SH,科沃斯,家用电器,上交所,28029875029.0,0.026,773678120.0,2026-05-09
sh603688,603688.SH,石英股份,基础化工,上交所,28029875029.0,0.026,2966501492.0,2026-05-09
sz002430,002430.SZ,杭氧股份,基础化工,深交所,28029875029.0,0.026,677363846.0,2026-05-09
sz002545,002545.SZ,东方铁塔,基础化工,深交所,28029875029.0,0.026,619157680.0,2026-05-09
sz002389,002389.SZ,航天彩虹,国防军工,深交所,28029875029.0,0.026,960598409.0,2026-05-09
sh600435,600435.SH,北方导航,国防军工,上交所,28029875029.0,0.026,461413267.0,2026-05-09
sz000708,000708.SZ,中信特钢,钢铁,深交所,28029875029.0,0.026,228387825.0,2026-05-09
sz002611,002611.SZ,东方精工,机械设备,深交所,26951802912.5,0.025,1623761508.0,2026-05-09
sz300776,300776.SZ,帝尔激光,电力设备,深交所,26951802912.5,0.025,1527627958.0,2026-05-09
sh600151,600151.SH,航天机电,电力设备,上交所,26951802912.5,0.025,1085787485.0,2026-05-09
sz300035,300035.SZ,中科电气,电力设备,深交所,26951802912.5,0.025,718897131.0,2026-05-09
sh688303,688303.SH,大全能源,电力设备,上交所,26951802912.5,0.025,422174683.0,2026-05-09
sh600801,600801.SH,华新建材,建筑材料,上交所,26951802912.5,0.025,368682336.0,2026-05-09
sz300903,300903.SZ,科翔股份,电子,深交所,26951802912.5,0.025,2696270728.0,2026-05-09
sh688082,688082.SH,盛美上海,电子,上交所,26951802912.5,0.025,1125533049.0,2026-05-09
sz300623,300623.SZ,捷捷微电,电子,深交所,26951802912.5,0.025,979685518.0,2026-05-09
sz002947,002947.SZ,恒铭达,电子,深交所,26951802912.5,0.025,924439369.0,2026-05-09
sh600863,600863.SH,华能蒙电,公用事业,上交所,26951802912.5,0.025,470143193.0,2026-05-09
sz002617,002617.SZ,露笑科技,公用事业,深交所,26951802912.5,0.025,411764290.0,2026-05-09
sz300199,300199.SZ,翰宇药业,医药生物,深交所,26951802912.5,0.025,759158872.0,2026-05-09
sh688301,688301.SH,奕瑞科技,医药生物,上交所,26951802912.5,0.025,274849506.0,2026-05-09
sz002536,002536.SZ,飞龙股份,汽车,深交所,26951802912.5,0.025,2071180807.0,2026-05-09
sh600170,600170.SH,上海建工,建筑装饰,上交所,26951802912.5,0.025,451035833.0,2026-05-09
sz300469,300469.SZ,信息发展,计算机,深交所,26951802912.5,0.025,804717940.0,2026-05-09
sh688327,688327.SH,云从科技,计算机,上交所,26951802912.5,0.025,564987080.0,2026-05-09
sz002152,002152.SZ,广电运通,计算机,深交所,26951802912.5,0.025,310260897.0,2026-05-09
sh603568,603568.SH,伟明环保,环保,上交所,26951802912.5,0.025,115062800.0,2026-05-09
sz300139,300139.SZ,晓程科技,有色金属,深交所,26951802912.5,0.025,2032309145.0,2026-05-09
sz002171,002171.SZ,楚江新材,有色金属,深交所,26951802912.5,0.025,400785380.0,2026-05-09
sh603236,603236.SH,移远通信,通信,上交所,26951802912.5,0.025,485558673.0,2026-05-09
sh601018,601018.SH,宁波港,交通运输,上交所,26951802912.5,0.025,284844147.0,2026-05-09
sz301171,301171.SZ,易点天下,传媒,深交所,26951802912.5,0.025,6654581899.0,2026-05-09
sz300459,300459.SZ,汤姆猫,传媒,深交所,26951802912.5,0.025,956697030.0,2026-05-09
sz300413,300413.SZ,芒果超媒,传媒,深交所,26951802912.5,0.025,349819510.0,2026-05-09
sz300773,300773.SZ,拉卡拉,非银金融,深交所,26951802912.5,0.025,975627576.0,2026-05-09
sz002939,002939.SZ,长城证券,非银金融,深交所,26951802912.5,0.025,142478316.0,2026-05-09
sz000422,000422.SZ,湖北宜化,基础化工,深交所,26951802912.5,0.025,815527363.0,2026-05-09
sz000519,000519.SZ,中兵红箭,国防军工,深交所,26951802912.5,0.025,591250419.0,2026-05-09
sh603816,603816.SH,顾家家居,轻工制造,上交所,26951802912.5,0.025,357861596.0,2026-05-09
sh603605,603605.SH,珀莱雅,美容护理,上交所,26951802912.5,0.025,201274220.0,2026-05-09
sh688531,688531.SH,日联科技,机械设备,上交所,25873730796.0,0.024,1770015114.0,2026-05-09
sz002046,002046.SZ,国机精工,机械设备,深交所,25873730796.0,0.024,1104179615.0,2026-05-09
sh603298,603298.SH,杭叉集团,机械设备,上交所,25873730796.0,0.024,552939516.0,2026-05-09
sh603338,603338.SH,浙江鼎力,机械设备,上交所,25873730796.0,0.024,456136425.0,2026-05-09
sz001696,001696.SZ,宗申动力,机械设备,深交所,25873730796.0,0.024,408844162.0,2026-05-09
sz002364,002364.SZ,中恒电气,电力设备,深交所,25873730796.0,0.024,2069846980.0,2026-05-09
sh600550,600550.SH,保变电气,电力设备,上交所,25873730796.0,0.024,824489139.0,2026-05-09
sh601567,601567.SH,三星电气,电力设备,上交所,25873730796.0,0.024,639569849.0,2026-05-09
sz300657,300657.SZ,弘信电子,电子,深交所,25873730796.0,0.024,2559578649.0,2026-05-09
sz300398,300398.SZ,飞凯材料,电子,深交所,25873730796.0,0.024,2480351004.0,2026-05-09
sz301486,301486.SZ,致尚科技,电子,深交所,25873730796.0,0.024,1938357694.0,2026-05-09
sh688362,688362.SH,甬矽电子,电子,上交所,25873730796.0,0.024,787289269.0,2026-05-09
sz300296,300296.SZ,利亚德,电子,深交所,25873730796.0,0.024,768134259.0,2026-05-09
sz301536,301536.SZ,星宸科技,电子,深交所,25873730796.0,0.024,665415293.0,2026-05-09
sh600995,600995.SH,南网储能,公用事业,上交所,25873730796.0,0.024,559393012.0,2026-05-09
sz000591,000591.SZ,太阳能,公用事业,深交所,25873730796.0,0.024,523463695.0,2026-05-09
sz002603,002603.SZ,以岭药业,医药生物,深交所,25873730796.0,0.024,360248976.0,2026-05-09
sh603939,603939.SH,益丰药房,医药生物,上交所,25873730796.0,0.024,282850454.0,2026-05-09
sh600161,600161.SH,天坛生物,医药生物,上交所,25873730796.0,0.024,157411236.0,2026-05-09
sz301005,301005.SZ,超捷股份,汽车,深交所,25873730796.0,0.024,2568038668.0,2026-05-09
sz000887,000887.SZ,中鼎股份,汽车,深交所,25873730796.0,0.024,589962071.0,2026-05-09
sh603778,603778.SH,国晟科技,建筑装饰,上交所,25873730796.0,0.024,2049282197.0,2026-05-09
sh600667,600667.SH,太极实业,建筑装饰,上交所,25873730796.0,0.024,1403204224.0,2026-05-09
sz300166,300166.SZ,东方国信,计算机,深交所,25873730796.0,0.024,3944720509.0,2026-05-09
sh600602,600602.SH,云赛智联,计算机,上交所,25873730796.0,0.024,1069578956.0,2026-05-09
sz000997,000997.SZ,新 大 陆,计算机,深交所,25873730796.0,0.024,942314080.0,2026-05-09
sz002266,002266.SZ,浙富控股,环保,深交所,25873730796.0,0.024,1399229524.0,2026-05-09
sh600961,600961.SH,株冶集团,有色金属,上交所,25873730796.0,0.024,2746720288.0,2026-05-09
sz002237,002237.SZ,恒邦股份,有色金属,深交所,25873730796.0,0.024,588308792.0,2026-05-09
sz002792,002792.SZ,通宇通讯,通信,深交所,25873730796.0,0.024,3530055576.0,2026-05-09
sh600018,600018.SH,上港集团,交通运输,上交所,25873730796.0,0.024,296994372.0,2026-05-09
sh601000,601000.SH,唐山港,交通运输,上交所,25873730796.0,0.024,195277342.0,2026-05-09
sz002926,002926.SZ,华西证券,非银金融,深交所,25873730796.0,0.024,103013504.0,2026-05-09
sh600155,600155.SH,华创云信,非银金融,上交所,25873730796.0,0.024,102105811.0,2026-05-09
sh600546,600546.SH,山煤国际,煤炭,上交所,25873730796.0,0.024,475733931.0,2026-05-09
sh601918,601918.SH,新集能源,煤炭,上交所,25873730796.0,0.024,362717605.0,2026-05-09
sz000723,000723.SZ,美锦能源,煤炭,深交所,25873730796.0,0.024,259464791.0,2026-05-09
sz002831,002831.SZ,裕同科技,轻工制造,深交所,25873730796.0,0.024,641776695.0,2026-05-09
sz002958,002958.SZ,青农商行,银行,深交所,24795658679.5,0.023,115623752.0,2026-05-09
sh601155,601155.SH,新城控股,房地产,上交所,24795658679.5,0.023,273536079.0,2026-05-09
sh603613,603613.SH,国联股份,商贸零售,上交所,24795658679.5,0.023,575700424.0,2026-05-09
sh600343,600343.SH,航天动力,机械设备,上交所,24795658679.5,0.023,2541415764.0,2026-05-09
sh688400,688400.SH,凌云光,机械设备,上交所,24795658679.5,0.023,1761661578.0,2026-05-09
sh688257,688257.SH,新锐股份,机械设备,上交所,24795658679.5,0.023,761999081.0,2026-05-09
sh688009,688009.SH,中国通号,机械设备,上交所,24795658679.5,0.023,196617290.0,2026-05-09
sh688063,688063.SH,派能科技,电力设备,上交所,24795658679.5,0.023,1137195594.0,2026-05-09
sz002270,002270.SZ,华明装备,电力设备,深交所,24795658679.5,0.023,747280923.0,2026-05-09
sh688717,688717.SH,艾罗能源,电力设备,上交所,24795658679.5,0.023,677774744.0,2026-05-09
sz001301,001301.SZ,尚太科技,电力设备,深交所,24795658679.5,0.023,373978718.0,2026-05-09
sh601636,601636.SH,旗滨集团,建筑材料,上交所,24795658679.5,0.023,925072614.0,2026-05-09
sz002385,002385.SZ,大北农,农林牧渔,深交所,24795658679.5,0.023,169875653.0,2026-05-09
sz300077,300077.SZ,国民技术,电子,深交所,24795658679.5,0.023,2100197061.0,2026-05-09
sh605111,605111.SH,新洁能,电子,上交所,24795658679.5,0.023,1697100307.0,2026-05-09
sz300679,300679.SZ,电连技术,电子,深交所,24795658679.5,0.023,1246725193.0,2026-05-09
sh603061,603061.SH,金海通,电子,上交所,24795658679.5,0.023,677899160.0,2026-05-09
sz002139,002139.SZ,拓邦股份,电子,深交所,24795658679.5,0.023,278816973.0,2026-05-09
sz300049,300049.SZ,福瑞医科,医药生物,深交所,24795658679.5,0.023,835041002.0,2026-05-09
sz300558,300558.SZ,贝达药业,医药生物,深交所,24795658679.5,0.023,566383988.0,2026-05-09
sh600763,600763.SH,通策医疗,医药生物,上交所,24795658679.5,0.023,309826696.0,2026-05-09
sz002262,002262.SZ,恩华药业,医药生物,深交所,24795658679.5,0.023,258006936.0,2026-05-09
sz000901,000901.SZ,航天科技,汽车,深交所,24795658679.5,0.023,1653802317.0,2026-05-09
sh688615,688615.SH,合合信息,计算机,上交所,24795658679.5,0.023,1506324253.0,2026-05-09
sz300277,300277.SZ,汽轮科技,计算机,深交所,24795658679.5,0.023,531265686.0,2026-05-09
sh600008,600008.SH,首创环保,环保,上交所,24795658679.5,0.023,286766740.0,2026-05-09
sz000962,000962.SZ,东方钽业,有色金属,深交所,24795658679.5,0.023,866672484.0,2026-05-09
sz000737,000737.SZ,北方铜业,有色金属,深交所,24795658679.5,0.023,842332199.0,2026-05-09
sz300315,300315.SZ,掌趣科技,传媒,深交所,24795658679.5,0.023,552719048.0,2026-05-09
sz000987,000987.SZ,越秀资本,非银金融,深交所,24795658679.5,0.023,387957665.0,2026-05-09
sh603650,603650.SH,彤程新材,基础化工,上交所,24795658679.5,0.023,713066659.0,2026-05-09
sz002895,002895.SZ,川恒股份,基础化工,深交所,24795658679.5,0.023,323117004.0,2026-05-09
sh601606,601606.SH,长城军工,国防军工,上交所,24795658679.5,0.023,682844645.0,2026-05-09
sh600685,600685.SH,中船防务,国防军工,上交所,24795658679.5,0.023,682203518.0,2026-05-09
sh600562,600562.SH,国睿科技,国防军工,上交所,24795658679.5,0.023,306326684.0,2026-05-09
sh600132,600132.SH,重庆啤酒,食品饮料,上交所,24795658679.5,0.023,214178854.0,2026-05-09
sh600282,600282.SH,南钢股份,钢铁,上交所,24795658679.5,0.023,311303949.0,2026-05-09
sz002948,002948.SZ,青岛银行,银行,深交所,23717586563.0,0.022,245772354.0,2026-05-09
sz002031,002031.SZ,巨轮智能,机械设备,深交所,23717586563.0,0.022,1554179127.0,2026-05-09
sh688187,688187.SH,时代电气,机械设备,上交所,23717586563.0,0.022,304230935.0,2026-05-09
sz002865,002865.SZ,钧达股份,电力设备,深交所,23717586563.0,0.022,2869644188.0,2026-05-09
sz300827,300827.SZ,上能电气,电力设备,深交所,23717586563.0,0.022,971322878.0,2026-05-09
sh688116,688116.SH,天奈科技,电力设备,上交所,23717586563.0,0.022,482327320.0,2026-05-09
sh603737,603737.SH,三棵树,建筑材料,上交所,23717586563.0,0.022,155675219.0,2026-05-09
sz002636,002636.SZ,金安国纪,电子,深交所,23717586563.0,0.022,2206105522.0,2026-05-09
sz300303,300303.SZ,聚飞光电,电子,深交所,23717586563.0,0.022,1770365147.0,2026-05-09
sh688146,688146.SH,中船特气,电子,上交所,23717586563.0,0.022,1356125559.0,2026-05-09
sh688800,688800.SH,瑞可达,电子,上交所,23717586563.0,0.022,1334304744.0,2026-05-09
sz002426,002426.SZ,胜利精密,电子,深交所,23717586563.0,0.022,689329905.0,2026-05-09
sz000833,000833.SZ,粤桂股份,综合,深交所,23717586563.0,0.022,1649136216.0,2026-05-09
sz300765,300765.SZ,新诺威,医药生物,深交所,23717586563.0,0.022,322697804.0,2026-05-09
sh688114,688114.SH,华大智造,医药生物,上交所,23717586563.0,0.022,309648335.0,2026-05-09
sh600998,600998.SH,九州通,医药生物,上交所,23717586563.0,0.022,152185213.0,2026-05-09
sz002048,002048.SZ,宁波华翔,汽车,深交所,23717586563.0,0.022,1208790544.0,2026-05-09
sz000951,000951.SZ,中国重汽,汽车,深交所,23717586563.0,0.022,291350877.0,2026-05-09
sh600820,600820.SH,隧道股份,建筑装饰,上交所,23717586563.0,0.022,120474598.0,2026-05-09
sh600301,600301.SH,华锡有色,有色金属,上交所,23717586563.0,0.022,1035542661.0,2026-05-09
sz000612,000612.SZ,焦作万方,有色金属,深交所,23717586563.0,0.022,620254786.0,2026-05-09
sh600490,600490.SH,鹏欣资源,有色金属,上交所,23717586563.0,0.022,470698134.0,2026-05-09
sz002092,002092.SZ,中泰化学,基础化工,深交所,23717586563.0,0.022,503700978.0,2026-05-09
sz002539,002539.SZ,云图控股,基础化工,深交所,23717586563.0,0.022,292005464.0,2026-05-09
sz002607,002607.SZ,中公教育,社会服务,深交所,23717586563.0,0.022,442107040.0,2026-05-09
sz300777,300777.SZ,中简科技,国防军工,深交所,23717586563.0,0.022,806802064.0,2026-05-09
sh600038,600038.SH,中直股份,国防军工,上交所,23717586563.0,0.022,376476535.0,2026-05-09
sh600872,600872.SH,中炬高新,食品饮料,上交所,23717586563.0,0.022,383290832.0,2026-05-09
sh601666,601666.SH,平煤股份,煤炭,上交所,23717586563.0,0.022,255130221.0,2026-05-09
sz301018,301018.SZ,申菱环境,机械设备,深交所,22639514446.5,0.021,1424239443.0,2026-05-09
sz300747,300747.SZ,锐科激光,机械设备,深交所,22639514446.5,0.021,914861732.0,2026-05-09
sz300257,300257.SZ,开山股份,机械设备,深交所,22639514446.5,0.021,629277232.0,2026-05-09
sz300201,300201.SZ,海伦哲,机械设备,深交所,22639514446.5,0.021,433612984.0,2026-05-09
sh601399,601399.SH,国机重装,机械设备,上交所,22639514446.5,0.021,385196557.0,2026-05-09
sh603728,603728.SH,鸣志电器,电力设备,上交所,22639514446.5,0.021,886518209.0,2026-05-09
sh688779,688779.SH,五矿新能,电力设备,上交所,22639514446.5,0.021,609961126.0,2026-05-09
sz300850,300850.SZ,新强联,电力设备,深交所,22639514446.5,0.021,602001300.0,2026-05-09
sz300593,300593.SZ,新雷能,电力设备,深交所,22639514446.5,0.021,483821282.0,2026-05-09
sh600072,600072.SH,中船科技,电力设备,上交所,22639514446.5,0.021,444378439.0,2026-05-09
sh603601,603601.SH,再升科技,建筑材料,上交所,22639514446.5,0.021,4621896225.0,2026-05-09
sh601118,601118.SH,海南橡胶,农林牧渔,上交所,22639514446.5,0.021,601914844.0,2026-05-09
sh603290,603290.SH,斯达半导,电子,上交所,22639514446.5,0.021,971796533.0,2026-05-09
sh688172,688172.SH,燕东微,电子,上交所,22639514446.5,0.021,715097886.0,2026-05-09
sh688652,688652.SH,京仪装备,电子,上交所,22639514446.5,0.021,660452096.0,2026-05-09
sh688538,688538.SH,和辉光电,电子,上交所,22639514446.5,0.021,214569451.0,2026-05-09
sh600821,600821.SH,金开新能,公用事业,上交所,22639514446.5,0.021,1761924871.0,2026-05-09
sz002317,002317.SZ,众生药业,医药生物,深交所,22639514446.5,0.021,920665827.0,2026-05-09
sz300573,300573.SZ,兴齐眼药,医药生物,深交所,22639514446.5,0.021,425992814.0,2026-05-09
sh603301,603301.SH,振德医疗,医药生物,上交所,22639514446.5,0.021,148049069.0,2026-05-09
sh600529,600529.SH,山东药玻,医药生物,上交所,22639514446.5,0.021,105975586.0,2026-05-09
sh600380,600380.SH,健康元,医药生物,上交所,22639514446.5,0.021,103423801.0,2026-05-09
sh600970,600970.SH,中材国际,建筑装饰,上交所,22639514446.5,0.021,491676231.0,2026-05-09
sz301316,301316.SZ,慧博云通,计算机,深交所,22639514446.5,0.021,1090819755.0,2026-05-09
sz300229,300229.SZ,拓尔思,计算机,深交所,22639514446.5,0.021,810436157.0,2026-05-09
sz300468,300468.SZ,四方精创,计算机,深交所,22639514446.5,0.021,507582874.0,2026-05-09
sh601519,601519.SH,大智慧,计算机,上交所,22639514446.5,0.021,383484541.0,2026-05-09
sh603619,603619.SH,中曼石油,石油石化,上交所,22639514446.5,0.021,544375420.0,2026-05-09
sh600531,600531.SH,豫光金铅,有色金属,上交所,22639514446.5,0.021,1465391092.0,2026-05-09
sz002396,002396.SZ,星网锐捷,通信,深交所,22639514446.5,0.021,1240501902.0,2026-05-09
sh601880,601880.SH,辽港股份,交通运输,上交所,22639514446.5,0.021,306343915.0,2026-05-09
sz300113,300113.SZ,顺网科技,传媒,深交所,22639514446.5,0.021,1189697773.0,2026-05-09
sz000917,000917.SZ,电广传媒,传媒,深交所,22639514446.5,0.021,368444658.0,2026-05-09
sz000686,000686.SZ,东北证券,非银金融,深交所,22639514446.5,0.021,149075288.0,2026-05-09
sz002500,002500.SZ,山西证券,非银金融,深交所,22639514446.5,0.021,95103747.0,2026-05-09
sz002290,002290.SZ,禾盛新材,家用电器,深交所,22639514446.5,0.021,1150626988.0,2026-05-09
sz002312,002312.SZ,川发龙蟒,基础化工,深交所,22639514446.5,0.021,336063896.0,2026-05-09
sz002145,002145.SZ,钛能化学,基础化工,深交所,22639514446.5,0.021,210655384.0,2026-05-09
sz300144,300144.SZ,宋城演艺,社会服务,深交所,22639514446.5,0.021,131664683.0,2026-05-09
sh688297,688297.SH,中无人机,国防军工,上交所,22639514446.5,0.021,629708601.0,2026-05-09
sh600967,600967.SH,内蒙一机,国防军工,上交所,22639514446.5,0.021,468420170.0,2026-05-09
sz002969,002969.SZ,嘉美包装,轻工制造,深交所,22639514446.5,0.021,1806205229.0,2026-05-09
sh603195,603195.SH,公牛集团,轻工制造,上交所,22639514446.5,0.021,293301351.0,2026-05-09
sz002244,002244.SZ,滨江集团,房地产,深交所,21561442330.0,0.02,749335347.0,2026-05-09
sz300503,300503.SZ,昊志机电,机械设备,深交所,21561442330.0,0.02,2131993517.0,2026-05-09
sz300499,300499.SZ,高澜股份,机械设备,深交所,21561442330.0,0.02,1525261853.0,2026-05-09
sz002747,002747.SZ,埃斯顿,机械设备,深交所,21561442330.0,0.02,1080288696.0,2026-05-09
sz301200,301200.SZ,大族数控,机械设备,深交所,21561442330.0,0.02,904161647.0,2026-05-09
sh688559,688559.SH,海目星,机械设备,上交所,21561442330.0,0.02,559130611.0,2026-05-09
sz002498,002498.SZ,汉缆股份,电力设备,深交所,21561442330.0,0.02,1640220203.0,2026-05-09
sz300693,300693.SZ,盛弘股份,电力设备,深交所,21561442330.0,0.02,1384591783.0,2026-05-09
sh688275,688275.SH,万润新能,电力设备,上交所,21561442330.0,0.02,1262459151.0,2026-05-09
sz300005,300005.SZ,探路者,纺织服饰,深交所,21561442330.0,0.02,559050744.0,2026-05-09
sh600598,600598.SH,北大荒,农林牧渔,上交所,21561442330.0,0.02,337330313.0,2026-05-09
sz002299,002299.SZ,圣农发展,农林牧渔,深交所,21561442330.0,0.02,233985014.0,2026-05-09
sh600707,600707.SH,彩虹股份,电子,上交所,21561442330.0,0.02,1878436197.0,2026-05-09
sh600666,600666.SH,奥瑞德,电子,上交所,21561442330.0,0.02,1466354375.0,2026-05-09
sh603738,603738.SH,泰晶科技,电子,上交所,21561442330.0,0.02,930097985.0,2026-05-09
sh600552,600552.SH,凯盛科技,电子,上交所,21561442330.0,0.02,864473508.0,2026-05-09
sz002922,002922.SZ,伊戈尔,电子,深交所,21561442330.0,0.02,779699399.0,2026-05-09
sh688484,688484.SH,南芯科技,电子,上交所,21561442330.0,0.02,673394498.0,2026-05-09
sh600877,600877.SH,电科芯片,电子,上交所,21561442330.0,0.02,491291930.0,2026-05-09
sz000690,000690.SZ,宝新能源,公用事业,深交所,21561442330.0,0.02,873172072.0,2026-05-09
sz300676,300676.SZ,华大基因,医药生物,深交所,21561442330.0,0.02,689531622.0,2026-05-09
sz000513,000513.SZ,丽珠集团,医药生物,深交所,21561442330.0,0.02,298631558.0,2026-05-09
sh600329,600329.SH,达仁堂,医药生物,上交所,21561442330.0,0.02,136027165.0,2026-05-09
sz000628,000628.SZ,高新发展,建筑装饰,深交所,21561442330.0,0.02,1078642129.0,2026-05-09
sz300766,300766.SZ,每日互动,计算机,深交所,21561442330.0,0.02,1133300312.0,2026-05-09
sh600728,600728.SH,佳都科技,计算机,上交所,21561442330.0,0.02,222259225.0,2026-05-09
sz000970,000970.SZ,中科三环,有色金属,深交所,21561442330.0,0.02,287689147.0,2026-05-09
sz000070,000070.SZ,特发信息,通信,深交所,21561442330.0,0.02,3327161389.0,2026-05-09
sz002491,002491.SZ,通鼎互联,通信,深交所,21561442330.0,0.02,2361947009.0,2026-05-09
sz002115,002115.SZ,三维通信,通信,深交所,21561442330.0,0.02,2165812394.0,2026-05-09
sz300353,300353.SZ,东土科技,通信,深交所,21561442330.0,0.02,426595273.0,2026-05-09
sz000582,000582.SZ,北部湾港,交通运输,深交所,21561442330.0,0.02,1369663229.0,2026-05-09
sh600428,600428.SH,中远海特,交通运输,上交所,21561442330.0,0.02,424130605.0,2026-05-09
sz002120,002120.SZ,韵达股份,交通运输,深交所,21561442330.0,0.02,337894595.0,2026-05-09
sz300133,300133.SZ,华策影视,传媒,深交所,21561442330.0,0.02,1705695533.0,2026-05-09
sh600816,600816.SH,建元信托,非银金融,上交所,21561442330.0,0.02,501298941.0,2026-05-09
sh600120,600120.SH,浙江东方,非银金融,上交所,21561442330.0,0.02,241352589.0,2026-05-09
sh600390,600390.SH,五矿资本,非银金融,上交所,21561442330.0,0.02,130749912.0,2026-05-09
sz002250,002250.SZ,联化科技,基础化工,深交所,21561442330.0,0.02,401063138.0,2026-05-09
sh600596,600596.SH,新安股份,基础化工,上交所,21561442330.0,0.02,258701561.0,2026-05-09
sh600754,600754.SH,锦江酒店,社会服务,上交所,21561442330.0,0.02,212379980.0,2026-05-09
sz300775,300775.SZ,三角防务,国防军工,深交所,21561442330.0,0.02,809130661.0,2026-05-09
sz300045,300045.SZ,华力创通,国防军工,深交所,21561442330.0,0.02,613426129.0,2026-05-09
sh600126,600126.SH,杭钢股份,钢铁,上交所,21561442330.0,0.02,1339194848.0,2026-05-09
sz002807,002807.SZ,江阴银行,银行,深交所,20483370213.5,0.019,105306542.0,2026-05-09
sz300007,300007.SZ,汉威科技,机械设备,深交所,20483370213.5,0.019,1278795197.0,2026-05-09
sz002639,002639.SZ,雪人集团,机械设备,深交所,20483370213.5,0.019,912482667.0,2026-05-09
sh688700,688700.SH,东威科技,机械设备,上交所,20483370213.5,0.019,891476063.0,2026-05-09
sh600761,600761.SH,安徽合力,机械设备,上交所,20483370213.5,0.019,756292779.0,2026-05-09
sz301029,301029.SZ,怡合达,机械设备,深交所,20483370213.5,0.019,447137470.0,2026-05-09
sh601608,601608.SH,中信重工,机械设备,上交所,20483370213.5,0.019,371377418.0,2026-05-09
sh600320,600320.SH,振华重工,机械设备,上交所,20483370213.5,0.019,280265371.0,2026-05-09
sh603906,603906.SH,龙蟠科技,电力设备,上交所,20483370213.5,0.019,1952636330.0,2026-05-09
sz301291,301291.SZ,明阳电气,电力设备,深交所,20483370213.5,0.019,837398307.0,2026-05-09
sz002518,002518.SZ,科士达,电力设备,深交所,20483370213.5,0.019,766220601.0,2026-05-09
sh688147,688147.SH,微导纳米,电力设备,上交所,20483370213.5,0.019,685791571.0,2026-05-09
sh688772,688772.SH,珠海冠宇,电力设备,上交所,20483370213.5,0.019,620160557.0,2026-05-09
sz300457,300457.SZ,赢合科技,电力设备,深交所,20483370213.5,0.019,608397816.0,2026-05-09
sz002531,002531.SZ,天顺风能,电力设备,深交所,20483370213.5,0.019,529966620.0,2026-05-09
sh600416,600416.SH,湘电股份,电力设备,上交所,20483370213.5,0.019,368231924.0,2026-05-09
sz002366,002366.SZ,融发核电,电力设备,深交所,20483370213.5,0.019,363325511.0,2026-05-09
sz002217,002217.SZ,合力泰,电子,深交所,20483370213.5,0.019,5262681084.0,2026-05-09
sh603773,603773.SH,沃格光电,电子,上交所,20483370213.5,0.019,2421611119.0,2026-05-09
sz002655,002655.SZ,共达电声,电子,深交所,20483370213.5,0.019,1687022111.0,2026-05-09
sh688106,688106.SH,金宏气体,电子,上交所,20483370213.5,0.019,1640608478.0,2026-05-09
sh688268,688268.SH,华特气体,电子,上交所,20483370213.5,0.019,1608696501.0,2026-05-09
sh603626,603626.SH,科森科技,电子,上交所,20483370213.5,0.019,1500999508.0,2026-05-09
sh688403,688403.SH,汇成股份,电子,上交所,20483370213.5,0.019,944143855.0,2026-05-09
sz301489,301489.SZ,思泉新材,电子,深交所,20483370213.5,0.019,744517098.0,2026-05-09
sz300322,300322.SZ,硕贝德,电子,深交所,20483370213.5,0.019,694611788.0,2026-05-09
sz002859,002859.SZ,洁美科技,电子,深交所,20483370213.5,0.019,461394428.0,2026-05-09
sz000050,000050.SZ,深天马A,电子,深交所,20483370213.5,0.019,183499296.0,2026-05-09
sh600226,600226.SH,亨通股份,公用事业,上交所,20483370213.5,0.019,485150832.0,2026-05-09
sh600236,600236.SH,桂冠电力,公用事业,上交所,20483370213.5,0.019,439717233.0,2026-05-09
sh600483,600483.SH,福能股份,公用事业,上交所,20483370213.5,0.019,344911256.0,2026-05-09
sh603538,603538.SH,美诺华,医药生物,上交所,20483370213.5,0.019,3815089659.0,2026-05-09
sz300436,300436.SZ,广生堂,医药生物,深交所,20483370213.5,0.019,1175490721.0,2026-05-09
sh688382,688382.SH,益方生物,医药生物,上交所,20483370213.5,0.019,336897459.0,2026-05-09
sh600867,600867.SH,通化东宝,医药生物,上交所,20483370213.5,0.019,304867697.0,2026-05-09
sh688131,688131.SH,皓元医药,医药生物,上交所,20483370213.5,0.019,289829974.0,2026-05-09
sh600535,600535.SH,天士力,医药生物,上交所,20483370213.5,0.019,144561625.0,2026-05-09
sh600511,600511.SH,国药股份,医药生物,上交所,20483370213.5,0.019,135076714.0,2026-05-09
sh600739,600739.SH,辽宁成大,医药生物,上交所,20483370213.5,0.019,103937984.0,2026-05-09
sh603009,603009.SH,北特科技,汽车,上交所,20483370213.5,0.019,857867218.0,2026-05-09
sh688031,688031.SH,星环科技,计算机,上交所,20483370213.5,0.019,2113562786.0,2026-05-09
sz300790,300790.SZ,宇瞳光学,计算机,深交所,20483370213.5,0.019,1382628454.0,2026-05-09
sz002439,002439.SZ,启明星辰,计算机,深交所,20483370213.5,0.019,1366620155.0,2026-05-09
sz300674,300674.SZ,宇信科技,计算机,深交所,20483370213.5,0.019,310801086.0,2026-05-09
sz000035,000035.SZ,中国天楹,环保,深交所,20483370213.5,0.019,352970954.0,2026-05-09
sh600871,600871.SH,石化油服,石油石化,上交所,20483370213.5,0.019,575947179.0,2026-05-09
sz002182,002182.SZ,宝武镁业,有色金属,深交所,20483370213.5,0.019,344555999.0,2026-05-09
sz002583,002583.SZ,海能达,通信,深交所,20483370213.5,0.019,308143685.0,2026-05-09
sh601333,601333.SH,广深铁路,交通运输,上交所,20483370213.5,0.019,165400934.0,2026-05-09
sh601375,601375.SH,中原证券,非银金融,上交所,20483370213.5,0.019,105933169.0,2026-05-09
sz000921,000921.SZ,海信家电,家用电器,深交所,20483370213.5,0.019,293273414.0,2026-05-09
sh601678,601678.SH,滨化股份,基础化工,上交所,20483370213.5,0.019,265264999.0,2026-05-09
sz002297,002297.SZ,博云新材,国防军工,深交所,20483370213.5,0.019,4246807440.0,2026-05-09
sz300008,300008.SZ,天海防务,国防军工,深交所,20483370213.5,0.019,656229902.0,2026-05-09
sz000778,000778.SZ,新兴铸管,钢铁,深交所,20483370213.5,0.019,320397228.0,2026-05-09
sh601963,601963.SH,重庆银行,银行,上交所,19405298097.0,0.018,124157765.0,2026-05-09
sh601528,601528.SH,瑞丰银行,银行,上交所,19405298097.0,0.018,67539501.0,2026-05-09
sz002416,002416.SZ,爱施德,商贸零售,深交所,19405298097.0,0.018,384773903.0,2026-05-09
sz002975,002975.SZ,博杰股份,机械设备,深交所,19405298097.0,0.018,1352849997.0,2026-05-09
sh688028,688028.SH,沃尔德,机械设备,上交所,19405298097.0,0.018,1092827315.0,2026-05-09
sz300260,300260.SZ,新莱应材,机械设备,深交所,19405298097.0,0.018,831004857.0,2026-05-09
sh688097,688097.SH,博众精工,机械设备,上交所,19405298097.0,0.018,441080224.0,2026-05-09
sz000680,000680.SZ,山推股份,机械设备,深交所,19405298097.0,0.018,334882362.0,2026-05-09
sz300842,300842.SZ,帝科股份,电力设备,深交所,19405298097.0,0.018,755111191.0,2026-05-09
sz002706,002706.SZ,良信股份,电力设备,深交所,19405298097.0,0.018,542475431.0,2026-05-09
sz000682,000682.SZ,东方电子,电力设备,深交所,19405298097.0,0.018,364036110.0,2026-05-09
sz002276,002276.SZ,万马股份,电力设备,深交所,19405298097.0,0.018,318144302.0,2026-05-09
sh601865,601865.SH,福莱特,电力设备,上交所,19405298097.0,0.018,292513886.0,2026-05-09
sh688567,688567.SH,孚能科技,电力设备,上交所,19405298097.0,0.018,218418815.0,2026-05-09
sh600326,600326.SH,西藏天路,建筑材料,上交所,19405298097.0,0.018,292131986.0,2026-05-09
sz000998,000998.SZ,隆平高科,农林牧渔,深交所,19405298097.0,0.018,138098801.0,2026-05-09
sz300602,300602.SZ,飞荣达,电子,深交所,19405298097.0,0.018,933756344.0,2026-05-09
sh688150,688150.SH,莱特光电,电子,上交所,19405298097.0,0.018,823849247.0,2026-05-09
sh688262,688262.SH,国芯科技,电子,上交所,19405298097.0,0.018,708661574.0,2026-05-09
sh688728,688728.SH,格科微,电子,上交所,19405298097.0,0.018,482214332.0,2026-05-09
sh688582,688582.SH,芯动联科,电子,上交所,19405298097.0,0.018,281881786.0,2026-05-09
sh600452,600452.SH,涪陵电力,公用事业,上交所,19405298097.0,0.018,762637574.0,2026-05-09
sh600635,600635.SH,大众公用,公用事业,上交所,19405298097.0,0.018,288867846.0,2026-05-09
sz000883,000883.SZ,湖北能源,公用事业,深交所,19405298097.0,0.018,214801736.0,2026-05-09
sh600566,600566.SH,济川药业,医药生物,上交所,19405298097.0,0.018,199820902.0,2026-05-09
sz300009,300009.SZ,安科生物,医药生物,深交所,19405298097.0,0.018,164055597.0,2026-05-09
sz000739,000739.SZ,普洛药业,医药生物,深交所,19405298097.0,0.018,156379161.0,2026-05-09
sz300181,300181.SZ,佐力药业,医药生物,深交所,19405298097.0,0.018,119463373.0,2026-05-09
sh603305,603305.SH,旭升集团,汽车,上交所,19405298097.0,0.018,912841993.0,2026-05-09
sh603319,603319.SH,美湖股份,汽车,上交所,19405298097.0,0.018,865181105.0,2026-05-09
sz002984,002984.SZ,森麒麟,汽车,深交所,19405298097.0,0.018,310302017.0,2026-05-09
sz000032,000032.SZ,深桑达A,建筑装饰,深交所,19405298097.0,0.018,305176181.0,2026-05-09
sz300846,300846.SZ,首都在线,计算机,深交所,19405298097.0,0.018,1082216718.0,2026-05-09
sz300377,300377.SZ,赢时胜,计算机,深交所,19405298097.0,0.018,427113959.0,2026-05-09
sh688088,688088.SH,虹软科技,计算机,上交所,19405298097.0,0.018,352316117.0,2026-05-09
sh600131,600131.SH,国网信通,计算机,上交所,19405298097.0,0.018,217275167.0,2026-05-09
sz300779,300779.SZ,惠城环保,环保,深交所,19405298097.0,0.018,372280341.0,2026-05-09
sz000598,000598.SZ,兴蓉环境,环保,深交所,19405298097.0,0.018,151512965.0,2026-05-09
sz301219,301219.SZ,腾远钴业,有色金属,深交所,19405298097.0,0.018,1600072071.0,2026-05-09
sz000506,000506.SZ,招金黄金,有色金属,深交所,19405298097.0,0.018,729950481.0,2026-05-09
sz300618,300618.SZ,寒锐钴业,有色金属,深交所,19405298097.0,0.018,680850200.0,2026-05-09
sh600366,600366.SH,宁波韵升,有色金属,上交所,19405298097.0,0.018,346053842.0,2026-05-09
sz002544,002544.SZ,普天科技,通信,深交所,19405298097.0,0.018,449967060.0,2026-05-09
sz300638,300638.SZ,广和通,通信,深交所,19405298097.0,0.018,369648987.0,2026-05-09
sh601866,601866.SH,中远海发,交通运输,上交所,19405298097.0,0.018,270758452.0,2026-05-09
sh600179,600179.SH,安通控股,交通运输,上交所,19405298097.0,0.018,160162714.0,2026-05-09
sz000681,000681.SZ,视觉中国,传媒,深交所,19405298097.0,0.018,1275770245.0,2026-05-09
sz002354,002354.SZ,天娱数科,传媒,深交所,19405298097.0,0.018,1247242346.0,2026-05-09
sh603000,603000.SH,人民网,传媒,上交所,19405298097.0,0.018,488992137.0,2026-05-09
sh600977,600977.SH,中国电影,传媒,上交所,19405298097.0,0.018,428853130.0,2026-05-09
sh603300,603300.SH,海南华铁,非银金融,上交所,19405298097.0,0.018,313362891.0,2026-05-09
sh601236,601236.SH,红塔证券,非银金融,上交所,19405298097.0,0.018,86997863.0,2026-05-09
sh688295,688295.SH,中复神鹰,基础化工,上交所,19405298097.0,0.018,1102445036.0,2026-05-09
sz301216,301216.SZ,万凯新材,基础化工,深交所,19405298097.0,0.018,445589062.0,2026-05-09
sz002170,002170.SZ,芭田股份,基础化工,深交所,19405298097.0,0.018,293569224.0,2026-05-09
sh600063,600063.SH,皖维高新,基础化工,上交所,19405298097.0,0.018,195048608.0,2026-05-09
sh600258,600258.SH,首旅酒店,社会服务,上交所,19405298097.0,0.018,212269300.0,2026-05-09
sh688239,688239.SH,航宇科技,国防军工,上交所,19405298097.0,0.018,797048843.0,2026-05-09
sh688281,688281.SH,华秦科技,国防军工,上交所,19405298097.0,0.018,252918750.0,2026-05-09
sh600702,600702.SH,舍得酒业,食品饮料,上交所,19405298097.0,0.018,180135674.0,2026-05-09
sz300146,300146.SZ,汤臣倍健,食品饮料,深交所,19405298097.0,0.018,151042461.0,2026-05-09
sh601187,601187.SH,厦门银行,银行,上交所,18327225980.5,0.017,120795548.0,2026-05-09
sh603323,603323.SH,苏农银行,银行,上交所,18327225980.5,0.017,100446510.0,2026-05-09
sh600064,600064.SH,南京高科,房地产,上交所,18327225980.5,0.017,157458936.0,2026-05-09
sh600663,600663.SH,陆家嘴,房地产,上交所,18327225980.5,0.017,109057926.0,2026-05-09
sz002183,002183.SZ,怡亚通,商贸零售,深交所,18327225980.5,0.017,2963012006.0,2026-05-09
sh600859,600859.SH,王府井,商贸零售,上交所,18327225980.5,0.017,133537609.0,2026-05-09
sz300607,300607.SZ,拓斯达,机械设备,深交所,18327225980.5,0.017,1329710237.0,2026-05-09
sh688433,688433.SH,华曙高科,机械设备,上交所,18327225980.5,0.017,422431194.0,2026-05-09
sh688518,688518.SH,联赢激光,机械设备,上交所,18327225980.5,0.017,414331125.0,2026-05-09
sh603618,603618.SH,杭电股份,电力设备,上交所,18327225980.5,0.017,3538433880.0,2026-05-09
sz002580,002580.SZ,圣阳股份,电力设备,深交所,18327225980.5,0.017,2778576644.0,2026-05-09
sz301232,301232.SZ,飞沃科技,电力设备,深交所,18327225980.5,0.017,1587723124.0,2026-05-09
sh600478,600478.SH,科力远,电力设备,上交所,18327225980.5,0.017,869340675.0,2026-05-09
sz003022,003022.SZ,联泓新科,电力设备,深交所,18327225980.5,0.017,788354433.0,2026-05-09
sz300185,300185.SZ,通裕重工,电力设备,深交所,18327225980.5,0.017,510978785.0,2026-05-09
sh688392,688392.SH,骄成超声,电力设备,上交所,18327225980.5,0.017,271907916.0,2026-05-09
sz001287,001287.SZ,中电港,电子,深交所,18327225980.5,0.017,1998132030.0,2026-05-09
sz300323,300323.SZ,华灿光电,电子,深交所,18327225980.5,0.017,1510130267.0,2026-05-09
sh688502,688502.SH,茂莱光学,电子,上交所,18327225980.5,0.017,1279288482.0,2026-05-09
sz300053,300053.SZ,航宇微,电子,深交所,18327225980.5,0.017,1167144516.0,2026-05-09
sz300684,300684.SZ,中石科技,电子,深交所,18327225980.5,0.017,761354390.0,2026-05-09
sz301626,301626.SZ,苏州天脉,电子,深交所,18327225980.5,0.017,734002564.0,2026-05-09
sz002815,002815.SZ,崇达技术,电子,深交所,18327225980.5,0.017,608436193.0,2026-05-09
sz002654,002654.SZ,万润科技,电子,深交所,18327225980.5,0.017,515103322.0,2026-05-09
sz300331,300331.SZ,苏大维格,电子,深交所,18327225980.5,0.017,491093886.0,2026-05-09
sz002745,002745.SZ,木林森,电子,深交所,18327225980.5,0.017,409768994.0,2026-05-09
sh600578,600578.SH,京能电力,公用事业,上交所,18327225980.5,0.017,371531267.0,2026-05-09
sz000027,000027.SZ,深圳能源,公用事业,深交所,18327225980.5,0.017,307030820.0,2026-05-09
sz300244,300244.SZ,迪安诊断,医药生物,深交所,18327225980.5,0.017,1590682623.0,2026-05-09
sh688321,688321.SH,微芯生物,医药生物,上交所,18327225980.5,0.017,327381688.0,2026-05-09
sh600645,600645.SH,中源协和,医药生物,上交所,18327225980.5,0.017,217752945.0,2026-05-09
sh600216,600216.SH,浙江医药,医药生物,上交所,18327225980.5,0.017,166860007.0,2026-05-09
sh600285,600285.SH,羚锐制药,医药生物,上交所,18327225980.5,0.017,121338173.0,2026-05-09
sz300100,300100.SZ,双林股份,汽车,深交所,18327225980.5,0.017,622788601.0,2026-05-09
sz002488,002488.SZ,金固股份,汽车,深交所,18327225980.5,0.017,306793030.0,2026-05-09
sh601966,601966.SH,玲珑轮胎,汽车,上交所,18327225980.5,0.017,122013589.0,2026-05-09
sz000800,000800.SZ,一汽解放,汽车,深交所,18327225980.5,0.017,108978316.0,2026-05-09
sh600629,600629.SH,华建集团,建筑装饰,上交所,18327225980.5,0.017,484929916.0,2026-05-09
sz300624,300624.SZ,万兴科技,计算机,深交所,18327225980.5,0.017,932763854.0,2026-05-09
sh688227,688227.SH,品高股份,计算机,上交所,18327225980.5,0.017,804183793.0,2026-05-09
sz002373,002373.SZ,千方科技,计算机,深交所,18327225980.5,0.017,200667524.0,2026-05-09
sz002645,002645.SZ,华宏科技,环保,深交所,18327225980.5,0.017,1184092222.0,2026-05-09
sz300328,300328.SZ,宜安科技,有色金属,深交所,18327225980.5,0.017,537224598.0,2026-05-09
sh600459,600459.SH,贵研铂业,有色金属,上交所,18327225980.5,0.017,428717428.0,2026-05-09
sz000758,000758.SZ,中色股份,有色金属,深交所,18327225980.5,0.017,395852518.0,2026-05-09
sh601137,601137.SH,博威合金,有色金属,上交所,18327225980.5,0.017,294829170.0,2026-05-09
sz002796,002796.SZ,世嘉科技,通信,深交所,18327225980.5,0.017,1280608699.0,2026-05-09
sz002104,002104.SZ,恒宝股份,通信,深交所,18327225980.5,0.017,355768234.0,2026-05-09
sz002468,002468.SZ,申通快递,交通运输,深交所,18327225980.5,0.017,301211852.0,2026-05-09
sh603885,603885.SH,吉祥航空,交通运输,上交所,18327225980.5,0.017,298907785.0,2026-05-09
sh601156,601156.SH,东航物流,交通运输,上交所,18327225980.5,0.017,101864151.0,2026-05-09
sh600633,600633.SH,浙数文化,传媒,上交所,18327225980.5,0.017,766223924.0,2026-05-09
sz002174,002174.SZ,游族网络,传媒,深交所,18327225980.5,0.017,664685506.0,2026-05-09
sh600959,600959.SH,江苏有线,传媒,上交所,18327225980.5,0.017,329842807.0,2026-05-09
sh600517,600517.SH,国网英大,非银金融,上交所,18327225980.5,0.017,177404880.0,2026-05-09
sh600095,600095.SH,湘财股份,非银金融,上交所,18327225980.5,0.017,155344714.0,2026-05-09
sz000563,000563.SZ,陕国投A,非银金融,深交所,18327225980.5,0.017,113830950.0,2026-05-09
sh600619,600619.SH,海立股份,家用电器,上交所,18327225980.5,0.017,427830404.0,2026-05-09
sh688585,688585.SH,上纬新材,基础化工,上交所,18327225980.5,0.017,1017878016.0,2026-05-09
sz000420,000420.SZ,吉林化纤,基础化工,深交所,18327225980.5,0.017,757927921.0,2026-05-09
sz002324,002324.SZ,普利特,基础化工,深交所,18327225980.5,0.017,713499815.0,2026-05-09
sz000949,000949.SZ,新乡化纤,基础化工,深交所,18327225980.5,0.017,456574277.0,2026-05-09
sh600389,600389.SH,江山股份,基础化工,上交所,18327225980.5,0.017,396646146.0,2026-05-09
sh603663,603663.SH,三祥新材,基础化工,上交所,18327225980.5,0.017,311209964.0,2026-05-09
sh600409,600409.SH,三友化工,基础化工,上交所,18327225980.5,0.017,303734717.0,2026-05-09
sz300900,300900.SZ,广联航空,国防军工,深交所,18327225980.5,0.017,2549131178.0,2026-05-09
sz000799,000799.SZ,酒鬼酒,食品饮料,深交所,18327225980.5,0.017,260249184.0,2026-05-09
sz002568,002568.SZ,百润股份,食品饮料,深交所,18327225980.5,0.017,185097859.0,2026-05-09
sh600559,600559.SH,老白干酒,食品饮料,上交所,18327225980.5,0.017,124111453.0,2026-05-09
sh603589,603589.SH,口子窖,食品饮料,上交所,18327225980.5,0.017,103973028.0,2026-05-09
sz002507,002507.SZ,涪陵榨菜,食品饮料,深交所,18327225980.5,0.017,85019979.0,2026-05-09
sh600397,600397.SH,江钨装备,煤炭,上交所,18327225980.5,0.017,1055309704.0,2026-05-09
sz000709,000709.SZ,河钢股份,钢铁,深交所,18327225980.5,0.017,240358491.0,2026-05-09
sz000825,000825.SZ,太钢不锈,钢铁,深交所,18327225980.5,0.017,236511283.0,2026-05-09
sz002701,002701.SZ,奥瑞金,轻工制造,深交所,18327225980.5,0.017,105366715.0,2026-05-09
sz002936,002936.SZ,郑州银行,银行,深交所,17249153864.0,0.016,107883288.0,2026-05-09
sh600383,600383.SH,金地集团,房地产,上交所,17249153864.0,0.016,239305930.0,2026-05-09
sz000006,000006.SZ,深振业A,房地产,深交所,17249153864.0,0.016,235372191.0,2026-05-09
sz000069,000069.SZ,华侨城A,房地产,深交所,17249153864.0,0.016,118594818.0,2026-05-09
sh600113,600113.SH,浙江东日,商贸零售,上交所,17249153864.0,0.016,356368748.0,2026-05-09
sz000829,000829.SZ,天音控股,商贸零售,深交所,17249153864.0,0.016,291863148.0,2026-05-09
sh600655,600655.SH,豫园股份,商贸零售,上交所,17249153864.0,0.016,55017353.0,2026-05-09
sz002957,002957.SZ,科瑞技术,机械设备,深交所,17249153864.0,0.016,1478821177.0,2026-05-09
sz301128,301128.SZ,强瑞技术,机械设备,深交所,17249153864.0,0.016,1379515539.0,2026-05-09
sh688308,688308.SH,欧科亿,机械设备,上交所,17249153864.0,0.016,1089171974.0,2026-05-09
sz301510,301510.SZ,固高科技,机械设备,深交所,17249153864.0,0.016,616796950.0,2026-05-09
sh600582,600582.SH,天地科技,机械设备,上交所,17249153864.0,0.016,109582635.0,2026-05-09
sz002471,002471.SZ,中超控股,电力设备,深交所,17249153864.0,0.016,1427540068.0,2026-05-09
sh603031,603031.SH,安孚科技,电力设备,上交所,17249153864.0,0.016,1347267748.0,2026-05-09
sz301150,301150.SZ,中一科技,电力设备,深交所,17249153864.0,0.016,883535926.0,2026-05-09
sz003021,003021.SZ,兆威机电,电力设备,深交所,17249153864.0,0.016,813781260.0,2026-05-09
sh688248,688248.SH,南网科技,电力设备,上交所,17249153864.0,0.016,369054943.0,2026-05-09
sz300761,300761.SZ,立华股份,农林牧渔,深交所,17249153864.0,0.016,178812376.0,2026-05-09
sh688661,688661.SH,和林微纳,电子,上交所,17249153864.0,0.016,792374352.0,2026-05-09
sh688593,688593.SH,新相微,电子,上交所,17249153864.0,0.016,606135878.0,2026-05-09
sz301031,301031.SZ,中熔电气,电子,深交所,17249153864.0,0.016,588425174.0,2026-05-09
sh688279,688279.SH,峰岹科技,电子,上交所,17249153864.0,0.016,533973954.0,2026-05-09
sz002643,002643.SZ,万润股份,电子,深交所,17249153864.0,0.016,284239555.0,2026-05-09
sz002681,002681.SZ,奋达科技,电子,深交所,17249153864.0,0.016,220529004.0,2026-05-09
sz300735,300735.SZ,光弘科技,电子,深交所,17249153864.0,0.016,213292801.0,2026-05-09
sz001896,001896.SZ,豫能控股,公用事业,深交所,17249153864.0,0.016,2262288117.0,2026-05-09
sz000543,000543.SZ,皖能电力,公用事业,深交所,17249153864.0,0.016,328711267.0,2026-05-09
sz301293,301293.SZ,三博脑科,医药生物,深交所,17249153864.0,0.016,707841706.0,2026-05-09
sh688336,688336.SH,三生国健,医药生物,上交所,17249153864.0,0.016,470676619.0,2026-05-09
sh688677,688677.SH,海泰新光,医药生物,上交所,17249153864.0,0.016,429505351.0,2026-05-09
sz300725,300725.SZ,药石科技,医药生物,深交所,17249153864.0,0.016,331341560.0,2026-05-09
sz300601,300601.SZ,康泰生物,医药生物,深交所,17249153864.0,0.016,331295685.0,2026-05-09
sh600267,600267.SH,海正药业,医药生物,上交所,17249153864.0,0.016,249897003.0,2026-05-09
sz002773,002773.SZ,康弘药业,医药生物,深交所,17249153864.0,0.016,191343497.0,2026-05-09
sh688278,688278.SH,特宝生物,医药生物,上交所,17249153864.0,0.016,138489727.0,2026-05-09
sz300529,300529.SZ,健帆生物,医药生物,深交所,17249153864.0,0.016,127422329.0,2026-05-09
sh688029,688029.SH,南微医学,医药生物,上交所,17249153864.0,0.016,120366449.0,2026-05-09
sh600750,600750.SH,华润江中,医药生物,上交所,17249153864.0,0.016,85870839.0,2026-05-09
sh603997,603997.SH,继峰股份,汽车,上交所,17249153864.0,0.016,362051100.0,2026-05-09
sz000581,000581.SZ,威孚高科,汽车,深交所,17249153864.0,0.016,274157229.0,2026-05-09
sz002081,002081.SZ,金螳螂,建筑装饰,深交所,17249153864.0,0.016,3910540031.0,2026-05-09
sz002310,002310.SZ,东方新能,建筑装饰,深交所,17249153864.0,0.016,975066694.0,2026-05-09
sz000815,000815.SZ,美利云,计算机,深交所,17249153864.0,0.016,3801141607.0,2026-05-09
sz300302,300302.SZ,同有科技,计算机,深交所,17249153864.0,0.016,2497091003.0,2026-05-09
sz301248,301248.SZ,杰创智能,计算机,深交所,17249153864.0,0.016,985623397.0,2026-05-09
sz300455,300455.SZ,航天智装,计算机,深交所,17249153864.0,0.016,676646558.0,2026-05-09
sz002063,002063.SZ,远光软件,计算机,深交所,17249153864.0,0.016,334896715.0,2026-05-09
sh603887,603887.SH,城地香江,计算机,上交所,17249153864.0,0.016,332286842.0,2026-05-09
sh600271,600271.SH,航天信息,计算机,上交所,17249153864.0,0.016,271779562.0,2026-05-09
sh603927,603927.SH,中科软,计算机,上交所,17249153864.0,0.016,265553402.0,2026-05-09
sz300348,300348.SZ,长亮科技,计算机,深交所,17249153864.0,0.016,182303897.0,2026-05-09
sz002268,002268.SZ,电科网安,计算机,深交所,17249153864.0,0.016,164263196.0,2026-05-09
sh600133,600133.SH,东湖高新,环保,上交所,17249153864.0,0.016,302711842.0,2026-05-09
sz002408,002408.SZ,齐翔腾达,石油石化,深交所,17249153864.0,0.016,273658451.0,2026-05-09
sz001337,001337.SZ,四川黄金,有色金属,深交所,17249153864.0,0.016,1126979603.0,2026-05-09
sz300855,300855.SZ,图南股份,有色金属,深交所,17249153864.0,0.016,410044967.0,2026-05-09
sh600456,600456.SH,宝钛股份,有色金属,上交所,17249153864.0,0.016,384965888.0,2026-05-09
sh603220,603220.SH,中贝通信,通信,上交所,17249153864.0,0.016,1818433197.0,2026-05-09
sz002467,002467.SZ,二六三,通信,深交所,17249153864.0,0.016,558795475.0,2026-05-09
sz300098,300098.SZ,高新兴,通信,深交所,17249153864.0,0.016,399095746.0,2026-05-09
sz000099,000099.SZ,中信海直,交通运输,深交所,17249153864.0,0.016,208125350.0,2026-05-09
sh603565,603565.SH,中谷物流,交通运输,上交所,17249153864.0,0.016,149626530.0,2026-05-09
sz000088,000088.SZ,盐田港,交通运输,深交所,17249153864.0,0.016,147955953.0,2026-05-09
sh600755,600755.SH,厦门国贸,交通运输,上交所,17249153864.0,0.016,115806069.0,2026-05-09
sh601598,601598.SH,中国外运,交通运输,上交所,17249153864.0,0.016,94960663.0,2026-05-09
sz000958,000958.SZ,电投产融,非银金融,深交所,17249153864.0,0.016,250187959.0,2026-05-09
sh601136,601136.SH,首创证券,非银金融,上交所,17249153864.0,0.016,149207424.0,2026-05-09
sz002423,002423.SZ,中粮资本,非银金融,深交所,17249153864.0,0.016,117357907.0,2026-05-09
sz300821,300821.SZ,东岳硅材,基础化工,深交所,17249153864.0,0.016,1047014029.0,2026-05-09
sz002108,002108.SZ,沧州明珠,基础化工,深交所,17249153864.0,0.016,885278558.0,2026-05-09
sz000510,000510.SZ,新金路,基础化工,深交所,17249153864.0,0.016,868443301.0,2026-05-09
sz000990,000990.SZ,诚志股份,基础化工,深交所,17249153864.0,0.016,787302284.0,2026-05-09
sz300109,300109.SZ,新开源,基础化工,深交所,17249153864.0,0.016,417481851.0,2026-05-09
sz000902,000902.SZ,新洋丰,基础化工,深交所,17249153864.0,0.016,309629434.0,2026-05-09
sz301035,301035.SZ,润丰股份,基础化工,深交所,17249153864.0,0.016,105712076.0,2026-05-09
sh600158,600158.SH,中体产业,社会服务,上交所,17249153864.0,0.016,1913853565.0,2026-05-09
sh600590,600590.SH,泰豪科技,国防军工,上交所,17249153864.0,0.016,682076921.0,2026-05-09
sz300034,300034.SZ,钢研高纳,国防军工,深交所,17249153864.0,0.016,475398010.0,2026-05-09
sz002446,002446.SZ,盛路通信,国防军工,深交所,17249153864.0,0.016,473916907.0,2026-05-09
sh603678,603678.SH,火炬电子,国防军工,上交所,17249153864.0,0.016,411683277.0,2026-05-09
sh603198,603198.SH,迎驾贡酒,食品饮料,上交所,17249153864.0,0.016,183780614.0,2026-05-09
sh600808,600808.SH,马钢股份,钢铁,上交所,17249153864.0,0.016,261123732.0,2026-05-09
sh600295,600295.SH,鄂尔多斯,钢铁,上交所,17249153864.0,0.016,176944875.0,2026-05-09
sh603899,603899.SH,晨光股份,轻工制造,上交所,17249153864.0,0.016,62436005.0,2026-05-09
sz002839,002839.SZ,张家港行,银行,深交所,16171081747.5,0.015,89611233.0,2026-05-09
sz001227,001227.SZ,兰州银行,银行,深交所,16171081747.5,0.015,88544482.0,2026-05-09
sh600908,600908.SH,无锡银行,银行,上交所,16171081747.5,0.015,65599894.0,2026-05-09
sh600848,600848.SH,上海临港,房地产,上交所,16171081747.5,0.015,125218121.0,2026-05-09
sz002091,002091.SZ,江苏国泰,商贸零售,深交所,16171081747.5,0.015,785091424.0,2026-05-09
sz300179,300179.SZ,四方达,机械设备,深交所,16171081747.5,0.015,1174175369.0,2026-05-09
sz002943,002943.SZ,宇晶股份,机械设备,深交所,16171081747.5,0.015,943231377.0,2026-05-09
sh600172,600172.SH,黄河旋风,机械设备,上交所,16171081747.5,0.015,749168154.0,2026-05-09
sh603283,603283.SH,赛腾股份,机械设备,上交所,16171081747.5,0.015,699467032.0,2026-05-09
sz300263,300263.SZ,隆华科技,机械设备,深交所,16171081747.5,0.015,458476406.0,2026-05-09
sz300486,300486.SZ,东杰智能,机械设备,深交所,16171081747.5,0.015,373300390.0,2026-05-09
sz300756,300756.SZ,金马游乐,机械设备,深交所,16171081747.5,0.015,183366654.0,2026-05-09
sh600528,600528.SH,中铁工业,机械设备,上交所,16171081747.5,0.015,114655412.0,2026-05-09
sz300444,300444.SZ,双杰电气,电力设备,深交所,16171081747.5,0.015,1221110911.0,2026-05-09
sz300129,300129.SZ,泰胜风能,电力设备,深交所,16171081747.5,0.015,995118922.0,2026-05-09
sh688353,688353.SH,华盛锂电,电力设备,上交所,16171081747.5,0.015,969362943.0,2026-05-09
sh688556,688556.SH,高测股份,电力设备,上交所,16171081747.5,0.015,812389383.0,2026-05-09
sh603185,603185.SH,弘元绿能,电力设备,上交所,16171081747.5,0.015,628160992.0,2026-05-09
sz300393,300393.SZ,中来股份,电力设备,深交所,16171081747.5,0.015,600042770.0,2026-05-09
sz002392,002392.SZ,北京利尔,建筑材料,深交所,16171081747.5,0.015,375853979.0,2026-05-09
sz002100,002100.SZ,天康生物,农林牧渔,深交所,16171081747.5,0.015,288821538.0,2026-05-09
sz301183,301183.SZ,东田微,电子,深交所,16171081747.5,0.015,2910978363.0,2026-05-09
sh688691,688691.SH,灿芯股份,电子,上交所,16171081747.5,0.015,1393509595.0,2026-05-09
sh603186,603186.SH,华正新材,电子,上交所,16171081747.5,0.015,997791390.0,2026-05-09
sh603341,603341.SH,龙旗科技,电子,上交所,16171081747.5,0.015,849409741.0,2026-05-09
sh688401,688401.SH,路维光电,电子,上交所,16171081747.5,0.015,588489126.0,2026-05-09
sh600353,600353.SH,旭光电子,电子,上交所,16171081747.5,0.015,585805476.0,2026-05-09
sz300319,300319.SZ,麦捷科技,电子,深交所,16171081747.5,0.015,423060111.0,2026-05-09
sz301285,301285.SZ,鸿日达,电子,深交所,16171081747.5,0.015,337240318.0,2026-05-09
sh600744,600744.SH,华银电力,公用事业,上交所,16171081747.5,0.015,2038997891.0,2026-05-09
sz300483,300483.SZ,首华燃气,公用事业,深交所,16171081747.5,0.015,617167175.0,2026-05-09
sz001286,001286.SZ,陕西能源,公用事业,深交所,16171081747.5,0.015,249009378.0,2026-05-09
sh601222,601222.SH,林洋能源,公用事业,上交所,16171081747.5,0.015,153941195.0,2026-05-09
sh688319,688319.SH,欧林生物,医药生物,上交所,16171081747.5,0.015,379431281.0,2026-05-09
sh688062,688062.SH,迈威生物,医药生物,上交所,16171081747.5,0.015,327985690.0,2026-05-09
sz002020,002020.SZ,京新药业,医药生物,深交所,16171081747.5,0.015,190031135.0,2026-05-09
sz002675,002675.SZ,东诚药业,医药生物,深交所,16171081747.5,0.015,149640970.0,2026-05-09
sh603233,603233.SH,大参林,医药生物,上交所,16171081747.5,0.015,119808155.0,2026-05-09
sh603858,603858.SH,步长制药,医药生物,上交所,16171081747.5,0.015,77545181.0,2026-05-09
sz002283,002283.SZ,天润工业,汽车,深交所,16171081747.5,0.015,990539742.0,2026-05-09
sz000980,000980.SZ,众泰汽车,汽车,深交所,16171081747.5,0.015,590727514.0,2026-05-09
sh600933,600933.SH,爱柯迪,汽车,上交所,16171081747.5,0.015,448653916.0,2026-05-09
sz301345,301345.SZ,涛涛车业,汽车,深交所,16171081747.5,0.015,312247674.0,2026-05-09
sh688258,688258.SH,卓易信息,计算机,上交所,16171081747.5,0.015,1698393794.0,2026-05-09
sz300378,300378.SZ,鼎捷数智,计算机,深交所,16171081747.5,0.015,890089899.0,2026-05-09
sh688318,688318.SH,财富趋势,计算机,上交所,16171081747.5,0.015,460252759.0,2026-05-09
sh600446,600446.SH,金证股份,计算机,上交所,16171081747.5,0.015,400979414.0,2026-05-09
sz300682,300682.SZ,朗新科技,计算机,深交所,16171081747.5,0.015,381343748.0,2026-05-09
sh600797,600797.SH,浙大网新,计算机,上交所,16171081747.5,0.015,267189053.0,2026-05-09
sz300324,300324.SZ,旋极信息,计算机,深交所,16171081747.5,0.015,221257743.0,2026-05-09
sz002212,002212.SZ,天融信,计算机,深交所,16171081747.5,0.015,218492203.0,2026-05-09
sz300130,300130.SZ,新国都,计算机,深交所,16171081747.5,0.015,188061769.0,2026-05-09
sz000685,000685.SZ,中山公用,环保,深交所,16171081747.5,0.015,159373173.0,2026-05-09
sz300070,300070.SZ,碧水源,环保,深交所,16171081747.5,0.015,128478019.0,2026-05-09
sh601808,601808.SH,中海油服,石油石化,上交所,16171081747.5,0.015,264761847.0,2026-05-09
sh600968,600968.SH,海油发展,石油石化,上交所,16171081747.5,0.015,196306487.0,2026-05-09
sz002842,002842.SZ,翔鹭钨业,有色金属,深交所,16171081747.5,0.015,1808994967.0,2026-05-09
sh601069,601069.SH,西部黄金,有色金属,上交所,16171081747.5,0.015,1240062946.0,2026-05-09
sh601609,601609.SH,金田股份,有色金属,上交所,16171081747.5,0.015,250886101.0,2026-05-09
sz002929,002929.SZ,润建股份,通信,深交所,16171081747.5,0.015,1662450145.0,2026-05-09
sz301165,301165.SZ,锐捷网络,通信,深交所,16171081747.5,0.015,1004676285.0,2026-05-09
sh603871,603871.SH,嘉友国际,交通运输,上交所,16171081747.5,0.015,150508734.0,2026-05-09
sh600004,600004.SH,白云机场,交通运输,上交所,16171081747.5,0.015,106564341.0,2026-05-09
sz002508,002508.SZ,老板电器,家用电器,深交所,16171081747.5,0.015,126692312.0,2026-05-09
sh688300,688300.SH,联瑞新材,基础化工,上交所,16171081747.5,0.015,500422095.0,2026-05-09
sh603612,603612.SH,索通发展,基础化工,上交所,16171081747.5,0.015,332200868.0,2026-05-09
sh600391,600391.SH,航发科技,国防军工,上交所,16171081747.5,0.015,1180627651.0,2026-05-09
sh603267,603267.SH,鸿远电子,国防军工,上交所,16171081747.5,0.015,722279781.0,2026-05-09
sz002338,002338.SZ,奥普光电,国防军工,深交所,16171081747.5,0.015,483668943.0,2026-05-09
sz300101,300101.SZ,振芯科技,国防军工,深交所,16171081747.5,0.015,408326805.0,2026-05-09
sh603833,603833.SH,欧派家居,轻工制造,上交所,16171081747.5,0.015,153416227.0,2026-05-09
sh600210,600210.SH,紫江企业,轻工制造,上交所,16171081747.5,0.015,140141913.0,2026-05-09
sz300957,300957.SZ,贝泰妮,美容护理,深交所,16171081747.5,0.015,254718149.0,2026-05-09
sh601860,601860.SH,紫金银行,银行,上交所,15093009631.0,0.014,100938594.0,2026-05-09
sz000620,000620.SZ,盈新发展,房地产,深交所,15093009631.0,0.014,994638404.0,2026-05-09
sz002979,002979.SZ,雷赛智能,机械设备,深交所,15093009631.0,0.014,1596634383.0,2026-05-09
sz300718,300718.SZ,长盛轴承,机械设备,深交所,15093009631.0,0.014,1381946742.0,2026-05-09
sz002896,002896.SZ,中大力德,机械设备,深交所,15093009631.0,0.014,1284800505.0,2026-05-09
sz301338,301338.SZ,凯格精机,机械设备,深交所,15093009631.0,0.014,860306142.0,2026-05-09
sh603662,603662.SH,柯力传感,机械设备,上交所,15093009631.0,0.014,628642862.0,2026-05-09
sh688059,688059.SH,华锐精密,机械设备,上交所,15093009631.0,0.014,491342086.0,2026-05-09
sz300415,300415.SZ,伊之密,机械设备,深交所,15093009631.0,0.014,357936096.0,2026-05-09
sz000410,000410.SZ,沈阳机床,机械设备,深交所,15093009631.0,0.014,215977196.0,2026-05-09
sh601311,601311.SH,骆驼股份,电力设备,上交所,15093009631.0,0.014,472063034.0,2026-05-09
sz002169,002169.SZ,智光电气,电力设备,深交所,15093009631.0,0.014,270420469.0,2026-05-09
sz002121,002121.SZ,科陆电子,电力设备,深交所,15093009631.0,0.014,246190427.0,2026-05-09
sz002785,002785.SZ,万里石,建筑材料,深交所,15093009631.0,0.014,618986954.0,2026-05-09
sz300613,300613.SZ,富瀚微,电子,深交所,15093009631.0,0.014,1699932772.0,2026-05-09
sz300489,300489.SZ,光智科技,电子,深交所,15093009631.0,0.014,1370776032.0,2026-05-09
sh688515,688515.SH,裕太微,电子,上交所,15093009631.0,0.014,1209608983.0,2026-05-09
sz300814,300814.SZ,中富电路,电子,深交所,15093009631.0,0.014,1121113525.0,2026-05-09
sz300975,300975.SZ,商络电子,电子,深交所,15093009631.0,0.014,1047044296.0,2026-05-09
sz002036,002036.SZ,联创电子,电子,深交所,15093009631.0,0.014,475240022.0,2026-05-09
sz300576,300576.SZ,容大感光,电子,深交所,15093009631.0,0.014,393519280.0,2026-05-09
sz003035,003035.SZ,南网能源,公用事业,深交所,15093009631.0,0.014,736686716.0,2026-05-09
sz000537,000537.SZ,绿发电力,公用事业,深交所,15093009631.0,0.014,709567843.0,2026-05-09
sh601619,601619.SH,嘉泽新能,公用事业,上交所,15093009631.0,0.014,534743371.0,2026-05-09
sh603393,603393.SH,新天然气,公用事业,上交所,15093009631.0,0.014,230190834.0,2026-05-09
sz300497,300497.SZ,富祥药业,医药生物,深交所,15093009631.0,0.014,1047824721.0,2026-05-09
sz300204,300204.SZ,舒泰神,医药生物,深交所,15093009631.0,0.014,611992771.0,2026-05-09
sz002173,002173.SZ,创新医疗,医药生物,深交所,15093009631.0,0.014,602018578.0,2026-05-09
sz301093,301093.SZ,华兰股份,医药生物,深交所,15093009631.0,0.014,405880113.0,2026-05-09
sh688690,688690.SH,纳微科技,医药生物,上交所,15093009631.0,0.014,344216639.0,2026-05-09
sh600572,600572.SH,康恩贝,医药生物,上交所,15093009631.0,0.014,231476798.0,2026-05-09
sz300357,300357.SZ,我武生物,医药生物,深交所,15093009631.0,0.014,227494496.0,2026-05-09
sz002019,002019.SZ,亿帆医药,医药生物,深交所,15093009631.0,0.014,109714548.0,2026-05-09
sz002004,002004.SZ,华邦健康,医药生物,深交所,15093009631.0,0.014,106942145.0,2026-05-09
sz000403,000403.SZ,派林生物,医药生物,深交所,15093009631.0,0.014,96484144.0,2026-05-09
sh688050,688050.SH,爱博医疗,医药生物,上交所,15093009631.0,0.014,72314623.0,2026-05-09
sh600771,600771.SH,广誉远,医药生物,上交所,15093009631.0,0.014,64231566.0,2026-05-09
sz002906,002906.SZ,华阳集团,汽车,深交所,15093009631.0,0.014,268153283.0,2026-05-09
sh688612,688612.SH,威迈斯,汽车,上交所,15093009631.0,0.014,189585808.0,2026-05-09
sh605289,605289.SH,罗曼股份,建筑装饰,上交所,15093009631.0,0.014,490440648.0,2026-05-09
sz002541,002541.SZ,鸿路钢构,建筑装饰,深交所,15093009631.0,0.014,131560318.0,2026-05-09
sz300209,300209.SZ,行云科技,计算机,深交所,15093009631.0,0.014,2806053615.0,2026-05-09
sz300042,300042.SZ,朗科科技,计算机,深交所,15093009631.0,0.014,2795113302.0,2026-05-09
sz301095,301095.SZ,广立微,计算机,深交所,15093009631.0,0.014,1028426903.0,2026-05-09
sz300520,300520.SZ,科大国创,计算机,深交所,15093009631.0,0.014,643752657.0,2026-05-09
sz002153,002153.SZ,石基信息,计算机,深交所,15093009631.0,0.014,616234643.0,2026-05-09
sz300290,300290.SZ,荣科科技,计算机,深交所,15093009631.0,0.014,598958827.0,2026-05-09
sh688561,688561.SH,奇安信,计算机,上交所,15093009631.0,0.014,401194799.0,2026-05-09
sz000555,000555.SZ,神州信息,计算机,深交所,15093009631.0,0.014,334426426.0,2026-05-09
sz300047,300047.SZ,天源迪科,计算机,深交所,15093009631.0,0.014,303782169.0,2026-05-09
sh600850,600850.SH,电科数字,计算机,上交所,15093009631.0,0.014,289427555.0,2026-05-09
sz300079,300079.SZ,数码视讯,计算机,深交所,15093009631.0,0.014,179769285.0,2026-05-09
sh600718,600718.SH,东软集团,计算机,上交所,15093009631.0,0.014,168022387.0,2026-05-09
sh603686,603686.SH,福龙马,环保,上交所,15093009631.0,0.014,620543529.0,2026-05-09
sh600461,600461.SH,洪城环境,环保,上交所,15093009631.0,0.014,73154599.0,2026-05-09
sz300164,300164.SZ,通源石油,石油石化,深交所,15093009631.0,0.014,1062707727.0,2026-05-09
sz300191,300191.SZ,潜能恒信,石油石化,深交所,15093009631.0,0.014,593606404.0,2026-05-09
sz002167,002167.SZ,东方锆业,有色金属,深交所,15093009631.0,0.014,396830742.0,2026-05-09
sh600776,600776.SH,东方通信,通信,上交所,15093009631.0,0.014,1441929687.0,2026-05-09
sh600345,600345.SH,长江通信,通信,上交所,15093009631.0,0.014,1249902796.0,2026-05-09
sz000839,000839.SZ,国安股份,通信,深交所,15093009631.0,0.014,171910711.0,2026-05-09
sh600057,600057.SH,厦门象屿,交通运输,上交所,15093009631.0,0.014,200485046.0,2026-05-09
sz002010,002010.SZ,传化智联,交通运输,深交所,15093009631.0,0.014,132098480.0,2026-05-09
sz001330,001330.SZ,博纳影业,传媒,深交所,15093009631.0,0.014,869268441.0,2026-05-09
sh601098,601098.SH,中南传媒,传媒,上交所,15093009631.0,0.014,138764467.0,2026-05-09
sh600906,600906.SH,财达证券,非银金融,上交所,15093009631.0,0.014,217219451.0,2026-05-09
sz000935,000935.SZ,四川双马,非银金融,深交所,15093009631.0,0.014,186344958.0,2026-05-09
sz000818,000818.SZ,航锦科技,基础化工,深交所,15093009631.0,0.014,2175440668.0,2026-05-09
sz002549,002549.SZ,凯美特气,基础化工,深交所,15093009631.0,0.014,849403185.0,2026-05-09
sz301071,301071.SZ,力量钻石,基础化工,深交所,15093009631.0,0.014,623172108.0,2026-05-09
sh600623,600623.SH,华谊集团,基础化工,上交所,15093009631.0,0.014,545948768.0,2026-05-09
sh605020,605020.SH,永和股份,基础化工,上交所,15093009631.0,0.014,502358107.0,2026-05-09
sh600500,600500.SH,中化国际,基础化工,上交所,15093009631.0,0.014,405934518.0,2026-05-09
sz002246,002246.SZ,北化股份,基础化工,深交所,15093009631.0,0.014,389730832.0,2026-05-09
sh603599,603599.SH,广信股份,基础化工,上交所,15093009631.0,0.014,380794840.0,2026-05-09
sz002597,002597.SZ,金禾实业,基础化工,深交所,15093009631.0,0.014,309303362.0,2026-05-09
sh603360,603360.SH,百傲化学,基础化工,上交所,15093009631.0,0.014,304700153.0,2026-05-09
sz300938,300938.SZ,信测标准,社会服务,深交所,15093009631.0,0.014,1376072728.0,2026-05-09
sh688523,688523.SH,航天环宇,国防军工,上交所,15093009631.0,0.014,1468586882.0,2026-05-09
sz300726,300726.SZ,宏达电子,国防军工,深交所,15093009631.0,0.014,487834899.0,2026-05-09
sh688543,688543.SH,国科军工,国防军工,上交所,15093009631.0,0.014,480290323.0,2026-05-09
sz002515,002515.SZ,金字火腿,食品饮料,深交所,15093009631.0,0.014,691091347.0,2026-05-09
sh600507,600507.SH,方大特钢,钢铁,上交所,15093009631.0,0.014,113357197.0,2026-05-09
sh601005,601005.SH,重庆钢铁,钢铁,上交所,15093009631.0,0.014,87623911.0,2026-05-09
sh600103,600103.SH,青山纸业,轻工制造,上交所,15093009631.0,0.014,1200426061.0,2026-05-09
sz002229,002229.SZ,鸿博股份,轻工制造,深交所,15093009631.0,0.014,977399018.0,2026-05-09
sh688363,688363.SH,华熙生物,美容护理,上交所,15093009631.0,0.014,105511821.0,2026-05-09
sh600325,600325.SH,华发股份,房地产,上交所,14014937514.5,0.013,201099178.0,2026-05-09
sz002315,002315.SZ,焦点科技,商贸零售,深交所,14014937514.5,0.013,542917506.0,2026-05-09
sh601061,601061.SH,中信金属,商贸零售,上交所,14014937514.5,0.013,282042279.0,2026-05-09
sz301078,301078.SZ,孩子王,商贸零售,深交所,14014937514.5,0.013,204388266.0,2026-05-09
sz002251,002251.SZ,步步高,商贸零售,深交所,14014937514.5,0.013,182799013.0,2026-05-09
sz002009,002009.SZ,天奇股份,机械设备,深交所,14014937514.5,0.013,1332701913.0,2026-05-09
sz002685,002685.SZ,华东重机,机械设备,深交所,14014937514.5,0.013,1201676573.0,2026-05-09
sz301392,301392.SZ,汇成真空,机械设备,深交所,14014937514.5,0.013,1072264362.0,2026-05-09
sz300480,300480.SZ,光力科技,机械设备,深交所,14014937514.5,0.013,699458061.0,2026-05-09
sh688698,688698.SH,伟创电气,机械设备,上交所,14014937514.5,0.013,682255503.0,2026-05-09
sz002779,002779.SZ,中坚科技,机械设备,深交所,14014937514.5,0.013,568691761.0,2026-05-09
sz002698,002698.SZ,博实股份,机械设备,深交所,14014937514.5,0.013,489869606.0,2026-05-09
sh688596,688596.SH,正帆科技,机械设备,上交所,14014937514.5,0.013,254084748.0,2026-05-09
sz002006,002006.SZ,精工科技,机械设备,深交所,14014937514.5,0.013,249870649.0,2026-05-09
sh600835,600835.SH,上海机电,机械设备,上交所,14014937514.5,0.013,226550177.0,2026-05-09
sz002097,002097.SZ,山河智能,机械设备,深交所,14014937514.5,0.013,180198829.0,2026-05-09
sh603337,603337.SH,杰克科技,机械设备,上交所,14014937514.5,0.013,153481019.0,2026-05-09
sh688425,688425.SH,铁建重工,机械设备,上交所,14014937514.5,0.013,83545299.0,2026-05-09
sz301292,301292.SZ,海科新源,电力设备,深交所,14014937514.5,0.013,1745737799.0,2026-05-09
sz002079,002079.SZ,苏州固锝,电力设备,深交所,14014937514.5,0.013,866809147.0,2026-05-09
sz002733,002733.SZ,雄韬股份,电力设备,深交所,14014937514.5,0.013,756984150.0,2026-05-09
sh688006,688006.SH,杭可科技,电力设备,上交所,14014937514.5,0.013,724239688.0,2026-05-09
sz300660,300660.SZ,江苏雷利,电力设备,深交所,14014937514.5,0.013,711075163.0,2026-05-09
sh600481,600481.SH,双良节能,电力设备,上交所,14014937514.5,0.013,510774675.0,2026-05-09
sh600268,600268.SH,国电南自,电力设备,上交所,14014937514.5,0.013,363297056.0,2026-05-09
sz300772,300772.SZ,运达股份,电力设备,深交所,14014937514.5,0.013,298812027.0,2026-05-09
sz002255,002255.SZ,海陆重工,电力设备,深交所,14014937514.5,0.013,233455647.0,2026-05-09
sz002043,002043.SZ,兔宝宝,建筑材料,深交所,14014937514.5,0.013,159721783.0,2026-05-09
sz002083,002083.SZ,孚日股份,纺织服饰,深交所,14014937514.5,0.013,373978916.0,2026-05-09
sh600916,600916.SH,中国黄金,纺织服饰,上交所,14014937514.5,0.013,281111294.0,2026-05-09
sz002215,002215.SZ,诺普信,农林牧渔,深交所,14014937514.5,0.013,232245877.0,2026-05-09
sz002458,002458.SZ,益生股份,农林牧渔,深交所,14014937514.5,0.013,199725663.0,2026-05-09
sh603936,603936.SH,博敏电子,电子,上交所,14014937514.5,0.013,1376110666.0,2026-05-09
sh603002,603002.SH,宏昌电子,电子,上交所,14014937514.5,0.013,1199224897.0,2026-05-09
sh688233,688233.SH,神工股份,电子,上交所,14014937514.5,0.013,631610440.0,2026-05-09
sh688380,688380.SH,中微半导,电子,上交所,14014937514.5,0.013,572449266.0,2026-05-09
sh688508,688508.SH,芯朋微,电子,上交所,14014937514.5,0.013,410001038.0,2026-05-09
sh603690,603690.SH,至纯科技,电子,上交所,14014937514.5,0.013,315838726.0,2026-05-09
sh688378,688378.SH,奥来德,电子,上交所,14014937514.5,0.013,289279998.0,2026-05-09
sz300327,300327.SZ,中颖电子,电子,深交所,14014937514.5,0.013,268117848.0,2026-05-09
sh600396,600396.SH,华电辽能,公用事业,上交所,14014937514.5,0.013,4470578145.0,2026-05-09
sh600726,600726.SH,华电能源,公用事业,上交所,14014937514.5,0.013,4317968140.0,2026-05-09
sz000791,000791.SZ,甘肃能源,公用事业,深交所,14014937514.5,0.013,1386687938.0,2026-05-09
sz002256,002256.SZ,兆新股份,公用事业,深交所,14014937514.5,0.013,1295413860.0,2026-05-09
sh600509,600509.SH,天富能源,公用事业,上交所,14014937514.5,0.013,377952166.0,2026-05-09
sh600098,600098.SH,广州发展,公用事业,上交所,14014937514.5,0.013,304581697.0,2026-05-09
sz300723,300723.SZ,一品红,医药生物,深交所,14014937514.5,0.013,1016815728.0,2026-05-09
sz002437,002437.SZ,誉衡药业,医药生物,深交所,14014937514.5,0.013,304647461.0,2026-05-09
sh688192,688192.SH,迪哲医药,医药生物,上交所,14014937514.5,0.013,231753989.0,2026-05-09
sh603882,603882.SH,金域医学,医药生物,上交所,14014937514.5,0.013,231403224.0,2026-05-09
sh603456,603456.SH,九洲药业,医药生物,上交所,14014937514.5,0.013,203516760.0,2026-05-09
sh688016,688016.SH,心脉医疗,医药生物,上交所,14014937514.5,0.013,179973522.0,2026-05-09
sh600056,600056.SH,中国医药,医药生物,上交所,14014937514.5,0.013,165885897.0,2026-05-09
sh688068,688068.SH,热景生物,医药生物,上交所,14014937514.5,0.013,145337770.0,2026-05-09
sz300595,300595.SZ,欧普康视,医药生物,深交所,14014937514.5,0.013,107853264.0,2026-05-09
sh600993,600993.SH,马应龙,医药生物,上交所,14014937514.5,0.013,103215034.0,2026-05-09
sh600062,600062.SH,华润双鹤,医药生物,上交所,14014937514.5,0.013,102441374.0,2026-05-09
sz301263,301263.SZ,泰恩康,医药生物,深交所,14014937514.5,0.013,100582504.0,2026-05-09
sz000700,000700.SZ,模塑科技,汽车,深交所,14014937514.5,0.013,1934488705.0,2026-05-09
sh600480,600480.SH,凌云股份,汽车,上交所,14014937514.5,0.013,711667943.0,2026-05-09
sh603358,603358.SH,华达科技,汽车,上交所,14014937514.5,0.013,490961565.0,2026-05-09
sz002239,002239.SZ,奥特佳,汽车,深交所,14014937514.5,0.013,206348073.0,2026-05-09
sz000065,000065.SZ,北方国际,建筑装饰,深交所,14014937514.5,0.013,566551434.0,2026-05-09
sz002163,002163.SZ,海南发展,建筑装饰,深交所,14014937514.5,0.013,478152949.0,2026-05-09
sh603859,603859.SH,能科科技,计算机,上交所,14014937514.5,0.013,339090497.0,2026-05-09
sz002368,002368.SZ,太极股份,计算机,深交所,14014937514.5,0.013,306075975.0,2026-05-09
sz300036,300036.SZ,超图软件,计算机,深交所,14014937514.5,0.013,201117392.0,2026-05-09
sz002221,002221.SZ,东华能源,石油石化,深交所,14014937514.5,0.013,97450123.0,2026-05-09
sh600888,600888.SH,新疆众和,有色金属,上交所,14014937514.5,0.013,327245666.0,2026-05-09
sz300224,300224.SZ,正海磁材,有色金属,深交所,14014937514.5,0.013,269320130.0,2026-05-09
sz301382,301382.SZ,蜂助手,通信,深交所,14014937514.5,0.013,663350707.0,2026-05-09
sz002123,002123.SZ,梦网科技,通信,深交所,14014937514.5,0.013,155927643.0,2026-05-09
sz000089,000089.SZ,深圳机场,交通运输,深交所,14014937514.5,0.013,64431434.0,2026-05-09
sz002181,002181.SZ,粤传媒,传媒,深交所,14014937514.5,0.013,2078207922.0,2026-05-09
sh600556,600556.SH,天下秀,传媒,上交所,14014937514.5,0.013,481720864.0,2026-05-09
sz300031,300031.SZ,宝通科技,传媒,深交所,14014937514.5,0.013,466990916.0,2026-05-09
sz002292,002292.SZ,奥飞娱乐,传媒,深交所,14014937514.5,0.013,377527054.0,2026-05-09
sh600864,600864.SH,哈投股份,非银金融,上交所,14014937514.5,0.013,211243998.0,2026-05-09
sz002670,002670.SZ,国盛证券,非银金融,深交所,14014937514.5,0.013,145864471.0,2026-05-09
sh600621,600621.SH,华鑫股份,非银金融,上交所,14014937514.5,0.013,128258292.0,2026-05-09
sz000801,000801.SZ,四川九洲,家用电器,深交所,14014937514.5,0.013,479920961.0,2026-05-09
sz002011,002011.SZ,盾安环境,家用电器,深交所,14014937514.5,0.013,406917334.0,2026-05-09
sz002032,002032.SZ,苏泊尔,家用电器,深交所,14014937514.5,0.013,92506287.0,2026-05-09
sz002470,002470.SZ,金正大,基础化工,深交所,14014937514.5,0.013,634992081.0,2026-05-09
sz002455,002455.SZ,百川股份,基础化工,深交所,14014937514.5,0.013,464518299.0,2026-05-09
sz002440,002440.SZ,闰土股份,基础化工,深交所,14014937514.5,0.013,415671784.0,2026-05-09
sh603505,603505.SH,金石资源,基础化工,上交所,14014937514.5,0.013,402069922.0,2026-05-09
sh603281,603281.SH,江瀚新材,基础化工,上交所,14014937514.5,0.013,226451081.0,2026-05-09
sz300072,300072.SZ,海新能科,基础化工,深交所,14014937514.5,0.013,149191272.0,2026-05-09
sh600273,600273.SH,嘉化能源,基础化工,上交所,14014937514.5,0.013,110657556.0,2026-05-09
sz002023,002023.SZ,海特高新,国防军工,深交所,14014937514.5,0.013,609629990.0,2026-05-09
sh601890,601890.SH,亚星锚链,国防军工,上交所,14014937514.5,0.013,403572670.0,2026-05-09
sh688563,688563.SH,航材股份,国防军工,上交所,14014937514.5,0.013,300868582.0,2026-05-09
sh603712,603712.SH,七一二,国防军工,上交所,14014937514.5,0.013,251319909.0,2026-05-09
sh601969,601969.SH,海南矿业,钢铁,上交所,14014937514.5,0.013,433742156.0,2026-05-09
sz002348,002348.SZ,高乐股份,轻工制造,深交所,14014937514.5,0.013,546409195.0,2026-05-09
sh600567,600567.SH,山鹰国际,轻工制造,上交所,14014937514.5,0.013,114408331.0,2026-05-09
sz300888,300888.SZ,稳健医疗,美容护理,深交所,14014937514.5,0.013,91523242.0,2026-05-09
sh600094,600094.SH,大名城,房地产,上交所,12936865398.0,0.012,137052136.0,2026-05-09
sh600185,600185.SH,珠免集团,商贸零售,上交所,12936865398.0,0.012,171477894.0,2026-05-09
sh603698,603698.SH,航天工程,机械设备,上交所,12936865398.0,0.012,2495300775.0,2026-05-09
sz002272,002272.SZ,川润股份,机械设备,深交所,12936865398.0,0.012,1020790135.0,2026-05-09
sh603011,603011.SH,合锻智能,机械设备,上交所,12936865398.0,0.012,623408778.0,2026-05-09
sz300382,300382.SZ,斯莱克,机械设备,深交所,12936865398.0,0.012,376516236.0,2026-05-09
sh605305,605305.SH,中际联合,机械设备,上交所,12936865398.0,0.012,370987991.0,2026-05-09
sz300276,300276.SZ,三丰智能,机械设备,深交所,12936865398.0,0.012,370916074.0,2026-05-09
sz000837,000837.SZ,秦川机床,机械设备,深交所,12936865398.0,0.012,369432925.0,2026-05-09
sh688003,688003.SH,天准科技,机械设备,上交所,12936865398.0,0.012,355359525.0,2026-05-09
sz000927,000927.SZ,中国铁物,机械设备,深交所,12936865398.0,0.012,226071718.0,2026-05-09
sz002073,002073.SZ,软控股份,机械设备,深交所,12936865398.0,0.012,153881863.0,2026-05-09
sz300048,300048.SZ,合康新能,机械设备,深交所,12936865398.0,0.012,142565584.0,2026-05-09
sh603985,603985.SH,恒润股份,电力设备,上交所,12936865398.0,0.012,1080033770.0,2026-05-09
sh603507,603507.SH,振江股份,电力设备,上交所,12936865398.0,0.012,1079708590.0,2026-05-09
sz002196,002196.SZ,方正电机,电力设备,深交所,12936865398.0,0.012,995487013.0,2026-05-09
sz300153,300153.SZ,科泰电源,电力设备,深交所,12936865398.0,0.012,665939525.0,2026-05-09
sz301487,301487.SZ,盟固利,电力设备,深交所,12936865398.0,0.012,495536624.0,2026-05-09
sz000049,000049.SZ,德赛电池,电力设备,深交所,12936865398.0,0.012,417431425.0,2026-05-09
sz300222,300222.SZ,科大智能,电力设备,深交所,12936865398.0,0.012,416609143.0,2026-05-09
sz300443,300443.SZ,金雷股份,电力设备,深交所,12936865398.0,0.012,311304407.0,2026-05-09
sh688663,688663.SH,新风光,电力设备,上交所,12936865398.0,0.012,284301268.0,2026-05-09
sz300128,300128.SZ,锦富技术,电力设备,深交所,12936865398.0,0.012,277430177.0,2026-05-09
sz002533,002533.SZ,金杯电工,电力设备,深交所,12936865398.0,0.012,182474556.0,2026-05-09
sz001212,001212.SZ,中旗新材,建筑材料,深交所,12936865398.0,0.012,424623256.0,2026-05-09
sz000672,000672.SZ,上峰水泥,建筑材料,深交所,12936865398.0,0.012,300568146.0,2026-05-09
sz002372,002372.SZ,伟星新材,建筑材料,深交所,12936865398.0,0.012,86226836.0,2026-05-09
sz002233,002233.SZ,塔牌集团,建筑材料,深交所,12936865398.0,0.012,67645679.0,2026-05-09
sz002832,002832.SZ,比音勒芬,纺织服饰,深交所,12936865398.0,0.012,232125939.0,2026-05-09
sz002003,002003.SZ,伟星股份,纺织服饰,深交所,12936865398.0,0.012,84397234.0,2026-05-09
sh600108,600108.SH,亚盛集团,农林牧渔,上交所,12936865398.0,0.012,314514079.0,2026-05-09
sz002213,002213.SZ,大为股份,电子,深交所,12936865398.0,0.012,1948631895.0,2026-05-09
sz300671,300671.SZ,富满微,电子,深交所,12936865398.0,0.012,1629833368.0,2026-05-09
sz000727,000727.SZ,冠捷科技,电子,深交所,12936865398.0,0.012,825095306.0,2026-05-09
sh688549,688549.SH,中巨芯,电子,上交所,12936865398.0,0.012,678523322.0,2026-05-09
sz300843,300843.SZ,胜蓝股份,电子,深交所,12936865398.0,0.012,607835499.0,2026-05-09
sz002741,002741.SZ,光华科技,电子,深交所,12936865398.0,0.012,536562767.0,2026-05-09
sh688049,688049.SH,炬芯科技,电子,上交所,12936865398.0,0.012,277220764.0,2026-05-09
sz301086,301086.SZ,鸿富瀚,电子,深交所,12936865398.0,0.012,265413535.0,2026-05-09
sh688709,688709.SH,成都华微,电子,上交所,12936865398.0,0.012,254333931.0,2026-05-09
sh603991,603991.SH,至正股份,电子,上交所,12936865398.0,0.012,232723148.0,2026-05-09
sz002387,002387.SZ,维信诺,电子,深交所,12936865398.0,0.012,84643583.0,2026-05-09
sz000767,000767.SZ,晋控电力,公用事业,深交所,12936865398.0,0.012,1014395581.0,2026-05-09
sh600032,600032.SH,浙江新能,公用事业,上交所,12936865398.0,0.012,693446713.0,2026-05-09
sh603950,603950.SH,长源东谷,汽车,上交所,12936865398.0,0.012,1187332973.0,2026-05-09
sz300547,300547.SZ,川环科技,汽车,深交所,12936865398.0,0.012,658081068.0,2026-05-09
sz000880,000880.SZ,潍柴重机,汽车,深交所,12936865398.0,0.012,568815511.0,2026-05-09
sz002448,002448.SZ,中原内配,汽车,深交所,12936865398.0,0.012,553858727.0,2026-05-09
sz300580,300580.SZ,贝斯特,汽车,深交所,12936865398.0,0.012,474549506.0,2026-05-09
sz002265,002265.SZ,建设工业,汽车,深交所,12936865398.0,0.012,419601074.0,2026-05-09
sh603809,603809.SH,豪能股份,汽车,上交所,12936865398.0,0.012,244495747.0,2026-05-09
sh600651,600651.SH,飞乐音响,汽车,上交所,12936865398.0,0.012,204340099.0,2026-05-09
sz002537,002537.SZ,海联金汇,汽车,深交所,12936865398.0,0.012,190939616.0,2026-05-09
sz002510,002510.SZ,天汽模,汽车,深交所,12936865398.0,0.012,171667805.0,2026-05-09
sh600339,600339.SH,中油工程,石油石化,上交所,12936865398.0,0.012,340363337.0,2026-05-09
sz300055,300055.SZ,万邦达,石油石化,深交所,12936865398.0,0.012,252590270.0,2026-05-09
sh600688,600688.SH,上海石化,石油石化,上交所,12936865398.0,0.012,165832787.0,2026-05-09
sz300057,300057.SZ,万顺新材,有色金属,深交所,12936865398.0,0.012,1018015409.0,2026-05-09
sz000751,000751.SZ,锌业股份,有色金属,深交所,12936865398.0,0.012,895919436.0,2026-05-09
sz300337,300337.SZ,银邦股份,有色金属,深交所,12936865398.0,0.012,814829713.0,2026-05-09
sz300835,300835.SZ,龙磁科技,有色金属,深交所,12936865398.0,0.012,638439548.0,2026-05-09
sh600361,600361.SH,创新新材,有色金属,上交所,12936865398.0,0.012,264741031.0,2026-05-09
sh603118,603118.SH,共进股份,通信,上交所,12936865398.0,0.012,1676576464.0,2026-05-09
sh600717,600717.SH,天津港,交通运输,上交所,12936865398.0,0.012,91320923.0,2026-05-09
sh600350,600350.SH,山东高速,交通运输,上交所,12936865398.0,0.012,75047879.0,2026-05-09
sh600787,600787.SH,中储股份,交通运输,上交所,12936865398.0,0.012,73186363.0,2026-05-09
sz000810,000810.SZ,创维数字,家用电器,深交所,12936865398.0,0.012,209080970.0,2026-05-09
sz300731,300731.SZ,科创新源,基础化工,深交所,12936865398.0,0.012,476869714.0,2026-05-09
sz300596,300596.SZ,利安隆,基础化工,深交所,12936865398.0,0.012,420221245.0,2026-05-09
sz002734,002734.SZ,利民股份,基础化工,深交所,12936865398.0,0.012,394630249.0,2026-05-09
sz002768,002768.SZ,国恩股份,基础化工,深交所,12936865398.0,0.012,362525987.0,2026-05-09
sz002838,002838.SZ,道恩股份,基础化工,深交所,12936865398.0,0.012,359214087.0,2026-05-09
sh600075,600075.SH,新疆天业,基础化工,上交所,12936865398.0,0.012,290941858.0,2026-05-09
sz002254,002254.SZ,泰和新材,基础化工,深交所,12936865398.0,0.012,285226220.0,2026-05-09
sh600328,600328.SH,中盐化工,基础化工,上交所,12936865398.0,0.012,277505788.0,2026-05-09
sz300910,300910.SZ,瑞丰新材,基础化工,深交所,12936865398.0,0.012,174116338.0,2026-05-09
sz002226,002226.SZ,江南化工,基础化工,深交所,12936865398.0,0.012,96699563.0,2026-05-09
sz002967,002967.SZ,广电计量,社会服务,深交所,12936865398.0,0.012,438904781.0,2026-05-09
sz002557,002557.SZ,洽洽食品,食品饮料,深交所,12936865398.0,0.012,155073759.0,2026-05-09
sh601101,601101.SH,昊华能源,煤炭,上交所,12936865398.0,0.012,464938635.0,2026-05-09
sz002067,002067.SZ,景兴纸业,轻工制造,深交所,12936865398.0,0.012,213691867.0,2026-05-09
sz002572,002572.SZ,索菲亚,轻工制造,深交所,12936865398.0,0.012,135071933.0,2026-05-09
sh600315,600315.SH,上海家化,美容护理,上交所,12936865398.0,0.012,101911030.0,2026-05-09
sh600606,600606.SH,绿地控股,房地产,上交所,11858793281.5,0.011,315029978.0,2026-05-09
sh600266,600266.SH,城建发展,房地产,上交所,11858793281.5,0.011,227428763.0,2026-05-09
sh600710,600710.SH,苏美达,商贸零售,上交所,11858793281.5,0.011,281034076.0,2026-05-09
sh600827,600827.SH,百联股份,商贸零售,上交所,11858793281.5,0.011,105663842.0,2026-05-09
sz000785,000785.SZ,居然智家,商贸零售,深交所,11858793281.5,0.011,104214418.0,2026-05-09
sz000925,000925.SZ,众合科技,机械设备,深交所,11858793281.5,0.011,1145587668.0,2026-05-09
sz002931,002931.SZ,锋龙股份,机械设备,深交所,11858793281.5,0.011,1003030388.0,2026-05-09
sh600783,600783.SH,鲁信创投,机械设备,上交所,11858793281.5,0.011,751733979.0,2026-05-09
sh688312,688312.SH,燕麦科技,机械设备,上交所,11858793281.5,0.011,635506102.0,2026-05-09
sz002560,002560.SZ,通达股份,电力设备,深交所,11858793281.5,0.011,1331212986.0,2026-05-09
sz001208,001208.SZ,华菱线缆,电力设备,深交所,11858793281.5,0.011,686207612.0,2026-05-09
sz300490,300490.SZ,华自科技,电力设备,深交所,11858793281.5,0.011,575949578.0,2026-05-09
sh688226,688226.SH,威腾电气,电力设备,上交所,11858793281.5,0.011,536264965.0,2026-05-09
sh688155,688155.SH,先惠技术,电力设备,上交所,11858793281.5,0.011,525119356.0,2026-05-09
sh688499,688499.SH,利元亨,电力设备,上交所,11858793281.5,0.011,418640241.0,2026-05-09
sz000922,000922.SZ,佳电股份,电力设备,深交所,11858793281.5,0.011,240517750.0,2026-05-09
sh603218,603218.SH,日月股份,电力设备,上交所,11858793281.5,0.011,199182167.0,2026-05-09
sh688660,688660.SH,电气风电,电力设备,上交所,11858793281.5,0.011,181567263.0,2026-05-09
sz000877,000877.SZ,天山股份,建筑材料,深交所,11858793281.5,0.011,87334891.0,2026-05-09
sz002345,002345.SZ,潮宏基,纺织服饰,深交所,11858793281.5,0.011,228605835.0,2026-05-09
sz300979,300979.SZ,华利集团,纺织服饰,深交所,11858793281.5,0.011,94812914.0,2026-05-09
sz301498,301498.SZ,乖宝宠物,农林牧渔,深交所,11858793281.5,0.011,519135562.0,2026-05-09
sz300189,300189.SZ,神农种业,农林牧渔,深交所,11858793281.5,0.011,412299622.0,2026-05-09
sz002891,002891.SZ,中宠股份,农林牧渔,深交所,11858793281.5,0.011,248819157.0,2026-05-09
sz301297,301297.SZ,富乐德,电子,深交所,11858793281.5,0.011,1068968816.0,2026-05-09
sz301123,301123.SZ,奕东电子,电子,深交所,11858793281.5,0.011,936254528.0,2026-05-09
sh688678,688678.SH,福立旺,电子,上交所,11858793281.5,0.011,836075891.0,2026-05-09
sh603052,603052.SH,可川科技,电子,上交所,11858793281.5,0.011,833939671.0,2026-05-09
sh688535,688535.SH,华海诚科,电子,上交所,11858793281.5,0.011,775197840.0,2026-05-09
sz002913,002913.SZ,奥士康,电子,深交所,11858793281.5,0.011,561867768.0,2026-05-09
sh688381,688381.SH,帝奥微,电子,上交所,11858793281.5,0.011,528633086.0,2026-05-09
sz002993,002993.SZ,奥海科技,电子,深交所,11858793281.5,0.011,273003721.0,2026-05-09
sz300709,300709.SZ,精研科技,电子,深交所,11858793281.5,0.011,259568024.0,2026-05-09
sh688798,688798.SH,艾为电子,电子,上交所,11858793281.5,0.011,235045317.0,2026-05-09
sz300493,300493.SZ,润欣科技,电子,深交所,11858793281.5,0.011,233965461.0,2026-05-09
sz000536,000536.SZ,华映科技,电子,深交所,11858793281.5,0.011,178727067.0,2026-05-09
sh688352,688352.SH,颀中科技,电子,上交所,11858793281.5,0.011,155394698.0,2026-05-09
sz300680,300680.SZ,隆盛科技,汽车,深交所,11858793281.5,0.011,655723515.0,2026-05-09
sz002703,002703.SZ,浙江世宝,汽车,深交所,11858793281.5,0.011,616885126.0,2026-05-09
sz300681,300681.SZ,英搏尔,汽车,深交所,11858793281.5,0.011,465098958.0,2026-05-09
sh600686,600686.SH,金龙汽车,汽车,上交所,11858793281.5,0.011,297861728.0,2026-05-09
sz300446,300446.SZ,航天智造,汽车,深交所,11858793281.5,0.011,296604771.0,2026-05-09
sz300304,300304.SZ,云意电气,汽车,深交所,11858793281.5,0.011,235462291.0,2026-05-09
sz000572,000572.SZ,海马汽车,汽车,深交所,11858793281.5,0.011,204737363.0,2026-05-09
sh603786,603786.SH,科博达,汽车,上交所,11858793281.5,0.011,204463735.0,2026-05-09
sz000589,000589.SZ,贵州轮胎,汽车,深交所,11858793281.5,0.011,128127060.0,2026-05-09
sh601965,601965.SH,中国汽研,汽车,上交所,11858793281.5,0.011,122593866.0,2026-05-09
sz301039,301039.SZ,中集车辆,汽车,深交所,11858793281.5,0.011,65017527.0,2026-05-09
sz002062,002062.SZ,宏润建设,建筑装饰,深交所,11858793281.5,0.011,537955469.0,2026-05-09
sh600496,600496.SH,精工钢构,建筑装饰,上交所,11858793281.5,0.011,213880023.0,2026-05-09
sh600502,600502.SH,安徽建工,建筑装饰,上交所,11858793281.5,0.011,109210606.0,2026-05-09
sh600255,600255.SH,鑫科材料,有色金属,上交所,11858793281.5,0.011,221828794.0,2026-05-09
sz000795,000795.SZ,英洛华,有色金属,深交所,11858793281.5,0.011,150605085.0,2026-05-09
sh688143,688143.SH,长盈通,通信,上交所,11858793281.5,0.011,937368459.0,2026-05-09
sh688418,688418.SH,震有科技,通信,上交所,11858793281.5,0.011,666651294.0,2026-05-09
sz002897,002897.SZ,意华股份,通信,深交所,11858793281.5,0.011,657612785.0,2026-05-09
sz002017,002017.SZ,东信和平,通信,深交所,11858793281.5,0.011,285537222.0,2026-05-09
sh600106,600106.SH,重庆路桥,交通运输,上交所,11858793281.5,0.011,131491581.0,2026-05-09
sz000429,000429.SZ,粤高速A,交通运输,深交所,11858793281.5,0.011,86301407.0,2026-05-09
sh601298,601298.SH,青岛港,交通运输,上交所,11858793281.5,0.011,65256778.0,2026-05-09
sz000712,000712.SZ,锦龙股份,非银金融,深交所,11858793281.5,0.011,129673298.0,2026-05-09
sz002847,002847.SZ,盐津铺子,食品饮料,深交所,11858793281.5,0.011,161931853.0,2026-05-09
sh600779,600779.SH,水井坊,食品饮料,上交所,11858793281.5,0.011,82573006.0,2026-05-09
sz000860,000860.SZ,顺鑫农业,食品饮料,深交所,11858793281.5,0.011,72266918.0,2026-05-09
sz000552,000552.SZ,甘肃能化,煤炭,深交所,11858793281.5,0.011,223330920.0,2026-05-09
sh600123,600123.SH,兰花科创,煤炭,上交所,11858793281.5,0.011,176326975.0,2026-05-09
sh600925,600925.SH,苏能股份,煤炭,上交所,11858793281.5,0.011,46613139.0,2026-05-09
sz002980,002980.SZ,华盛昌,电力设备,深交所,10780721165.0,0.01,1343077035.0,2026-05-09
sz300265,300265.SZ,通光线缆,电力设备,深交所,10780721165.0,0.01,1040229519.0,2026-05-09
sz000533,000533.SZ,顺钠股份,电力设备,深交所,10780721165.0,0.01,837029526.0,2026-05-09
sh688707,688707.SH,振华新材,电力设备,上交所,10780721165.0,0.01,737137385.0,2026-05-09
sz300617,300617.SZ,安靠智电,电力设备,深交所,10780721165.0,0.01,547898288.0,2026-05-09
sz002125,002125.SZ,湘潭电化,电力设备,深交所,10780721165.0,0.01,523990772.0,2026-05-09
sz001283,001283.SZ,豪鹏科技,电力设备,深交所,10780721165.0,0.01,407863515.0,2026-05-09
sh600973,600973.SH,宝胜股份,电力设备,上交所,10780721165.0,0.01,334304976.0,2026-05-09
sz300427,300427.SZ,红相股份,电力设备,深交所,10780721165.0,0.01,236827391.0,2026-05-09
sh688032,688032.SH,禾迈股份,电力设备,上交所,10780721165.0,0.01,229369255.0,2026-05-09
sz002534,002534.SZ,西子洁能,电力设备,深交所,10780721165.0,0.01,192591044.0,2026-05-09
sh603556,603556.SH,海兴电力,电力设备,上交所,10780721165.0,0.01,146691702.0,2026-05-09
sh688349,688349.SH,三一重能,电力设备,上交所,10780721165.0,0.01,139728377.0,2026-05-09
sz002201,002201.SZ,九鼎新材,建筑材料,深交所,10780721165.0,0.01,1175555395.0,2026-05-09
sh600586,600586.SH,金晶科技,建筑材料,上交所,10780721165.0,0.01,255286922.0,2026-05-09
sh605599,605599.SH,菜百股份,纺织服饰,上交所,10780721165.0,0.01,216557405.0,2026-05-09
sz002867,002867.SZ,周大生,纺织服饰,深交所,10780721165.0,0.01,153856599.0,2026-05-09
sz002293,002293.SZ,罗莱生活,纺织服饰,深交所,10780721165.0,0.01,127204564.0,2026-05-09
sz002721,002721.SZ,金一文化,纺织服饰,深交所,10780721165.0,0.01,120305906.0,2026-05-09
sh603477,603477.SH,巨星农牧,农林牧渔,上交所,10780721165.0,0.01,300271061.0,2026-05-09
sz002124,002124.SZ,天邦食品,农林牧渔,深交所,10780721165.0,0.01,265839021.0,2026-05-09
sh600251,600251.SH,冠农股份,农林牧渔,上交所,10780721165.0,0.01,242192231.0,2026-05-09
sz300087,300087.SZ,荃银高科,农林牧渔,深交所,10780721165.0,0.01,95075897.0,2026-05-09
sz000930,000930.SZ,中粮科技,农林牧渔,深交所,10780721165.0,0.01,89093206.0,2026-05-09
sz000735,000735.SZ,罗牛山,农林牧渔,深交所,10780721165.0,0.01,83139849.0,2026-05-09
sz000823,000823.SZ,超声电子,电子,深交所,10780721165.0,0.01,1188606150.0,2026-05-09
sz001298,001298.SZ,好上好,电子,深交所,10780721165.0,0.01,1011898456.0,2026-05-09
sh603890,603890.SH,春秋电子,电子,上交所,10780721165.0,0.01,989450159.0,2026-05-09
sh688020,688020.SH,方邦股份,电子,上交所,10780721165.0,0.01,891840807.0,2026-05-09
sz300739,300739.SZ,明阳电路,电子,深交所,10780721165.0,0.01,784804096.0,2026-05-09
sh603078,603078.SH,江化微,电子,上交所,10780721165.0,0.01,751054612.0,2026-05-09
sh688416,688416.SH,恒烁股份,电子,上交所,10780721165.0,0.01,597504782.0,2026-05-09
sh688135,688135.SH,利扬芯片,电子,上交所,10780721165.0,0.01,586631325.0,2026-05-09
sh688432,688432.SH,有研硅,电子,上交所,10780721165.0,0.01,581844685.0,2026-05-09
sh603328,603328.SH,依顿电子,电子,上交所,10780721165.0,0.01,489547037.0,2026-05-09
sh600203,600203.SH,福日电子,电子,上交所,10780721165.0,0.01,479855153.0,2026-05-09
sh688368,688368.SH,晶丰明源,电子,上交所,10780721165.0,0.01,444773611.0,2026-05-09
sh688359,688359.SH,三孚新科,电子,上交所,10780721165.0,0.01,400106319.0,2026-05-09
sz002077,002077.SZ,大港股份,电子,深交所,10780721165.0,0.01,381890542.0,2026-05-09
sz300046,300046.SZ,台基股份,电子,深交所,10780721165.0,0.01,257336893.0,2026-05-09
sz002925,002925.SZ,盈趣科技,电子,深交所,10780721165.0,0.01,245670476.0,2026-05-09
sz300708,300708.SZ,聚灿光电,电子,深交所,10780721165.0,0.01,245476503.0,2026-05-09
sh688711,688711.SH,宏微科技,电子,上交所,10780721165.0,0.01,175197431.0,2026-05-09
sz300232,300232.SZ,洲明科技,电子,深交所,10780721165.0,0.01,151130301.0,2026-05-09
sh688591,688591.SH,泰凌微,电子,上交所,10780721165.0,0.01,144931055.0,2026-05-09
sz002106,002106.SZ,莱宝高科,电子,深交所,10780721165.0,0.01,133770183.0,2026-05-09
sh600770,600770.SH,综艺股份,综合,上交所,10780721165.0,0.01,1491009251.0,2026-05-09
sz002328,002328.SZ,新朋股份,汽车,深交所,10780721165.0,0.01,1140898049.0,2026-05-09
sz301529,301529.SZ,福赛科技,汽车,深交所,10780721165.0,0.01,816244877.0,2026-05-09
sz002284,002284.SZ,亚太股份,汽车,深交所,10780721165.0,0.01,342816292.0,2026-05-09
sz300428,300428.SZ,立中集团,汽车,深交所,10780721165.0,0.01,209332285.0,2026-05-09
sh603529,603529.SH,爱玛科技,汽车,上交所,10780721165.0,0.01,188462871.0,2026-05-09
sz301007,301007.SZ,德迈仕,汽车,深交所,10780721165.0,0.01,181992646.0,2026-05-09
sz300986,300986.SZ,志特新材,建筑装饰,深交所,10780721165.0,0.01,721753120.0,2026-05-09
sz002135,002135.SZ,东南网架,建筑装饰,深交所,10780721165.0,0.01,429705441.0,2026-05-09
sz000928,000928.SZ,中钢国际,建筑装饰,深交所,10780721165.0,0.01,272657270.0,2026-05-09
sh601096,601096.SH,宏盛华源,建筑装饰,上交所,10780721165.0,0.01,193026005.0,2026-05-09
sz002941,002941.SZ,新疆交建,建筑装饰,深交所,10780721165.0,0.01,177433352.0,2026-05-09
sz002210,002210.SZ,飞马国际,环保,深交所,10780721165.0,0.01,957646478.0,2026-05-09
sh600292,600292.SH,电投水电,环保,上交所,10780721165.0,0.01,412073581.0,2026-05-09
sz301127,301127.SZ,武汉天源,环保,深交所,10780721165.0,0.01,171654703.0,2026-05-09
sh603399,603399.SH,永杉锂业,有色金属,上交所,10780721165.0,0.01,3505720232.0,2026-05-09
sh603124,603124.SH,江南新材,有色金属,上交所,10780721165.0,0.01,530654599.0,2026-05-09
sh601702,601702.SH,华峰铝业,有色金属,上交所,10780721165.0,0.01,195550520.0,2026-05-09
sh600775,600775.SH,南京熊猫,通信,上交所,10780721165.0,0.01,369295308.0,2026-05-09
sh600751,600751.SH,海航科技,交通运输,上交所,10780721165.0,0.01,383760367.0,2026-05-09
sz002928,002928.SZ,华夏航空,交通运输,深交所,10780721165.0,0.01,329883036.0,2026-05-09
sz300572,300572.SZ,安车检测,社会服务,深交所,10780721165.0,0.01,728172329.0,2026-05-09
sz300416,300416.SZ,苏试试验,社会服务,深交所,10780721165.0,0.01,292335385.0,2026-05-09
sz000796,000796.SZ,凯撒旅业,社会服务,深交所,10780721165.0,0.01,207100771.0,2026-05-09
sh603027,603027.SH,千禾味业,食品饮料,上交所,10780721165.0,0.01,116054209.0,2026-05-09
sh600059,600059.SH,古越龙山,食品饮料,上交所,10780721165.0,0.01,66216865.0,2026-05-09
sz000937,000937.SZ,冀中能源,煤炭,深交所,10780721165.0,0.01,367026983.0,2026-05-09
sh600395,600395.SH,盘江股份,煤炭,上交所,10780721165.0,0.01,145993270.0,2026-05-09
sh603687,603687.SH,大胜达,轻工制造,上交所,10780721165.0,0.01,688662853.0,2026-05-09
sz300740,300740.SZ,水羊股份,美容护理,深交所,10780721165.0,0.01,313650620.0,2026-05-09
sh600152,600152.SH,维科技术,电力设备,上交所,9702649048.5,0.009,2384774192.0,2026-05-09
sz002309,002309.SZ,中利集团,电力设备,深交所,9702649048.5,0.009,1448088167.0,2026-05-09
sz002350,002350.SZ,北京科锐,电力设备,深交所,9702649048.5,0.009,944626667.0,2026-05-09
sh603897,603897.SH,长城科技,电力设备,上交所,9702649048.5,0.009,864885682.0,2026-05-09
sh603530,603530.SH,神马电力,电力设备,上交所,9702649048.5,0.009,476519653.0,2026-05-09
sz002452,002452.SZ,长高电新,电力设备,深交所,9702649048.5,0.009,453261017.0,2026-05-09
sz300619,300619.SZ,金银河,电力设备,深交所,9702649048.5,0.009,426790777.0,2026-05-09
sh688191,688191.SH,智洋创新,电力设备,上交所,9702649048.5,0.009,402831025.0,2026-05-09
sh601218,601218.SH,吉鑫科技,电力设备,上交所,9702649048.5,0.009,364360236.0,2026-05-09
sz300018,300018.SZ,中元股份,电力设备,深交所,9702649048.5,0.009,312306598.0,2026-05-09
sz301155,301155.SZ,海力风电,电力设备,深交所,9702649048.5,0.009,210407470.0,2026-05-09
sh688408,688408.SH,中信博,电力设备,上交所,9702649048.5,0.009,197586487.0,2026-05-09
sz300569,300569.SZ,天能重工,电力设备,深交所,9702649048.5,0.009,186650438.0,2026-05-09
sz002358,002358.SZ,森源电气,电力设备,深交所,9702649048.5,0.009,185026021.0,2026-05-09
sz002042,002042.SZ,华孚时尚,纺织服饰,深交所,9702649048.5,0.009,517971744.0,2026-05-09
sz002885,002885.SZ,京泉华,电子,深交所,9702649048.5,0.009,1952417943.0,2026-05-09
sz301389,301389.SZ,隆扬电子,电子,深交所,9702649048.5,0.009,1061887228.0,2026-05-09
sz002134,002134.SZ,天津普林,电子,深交所,9702649048.5,0.009,588641363.0,2026-05-09
sh688035,688035.SH,德邦科技,电子,上交所,9702649048.5,0.009,577981321.0,2026-05-09
sz002579,002579.SZ,中京电子,电子,深交所,9702649048.5,0.009,564389013.0,2026-05-09
sz002119,002119.SZ,康强电子,电子,深交所,9702649048.5,0.009,523704371.0,2026-05-09
sh688107,688107.SH,安路科技,电子,上交所,9702649048.5,0.009,463840209.0,2026-05-09
sz301326,301326.SZ,捷邦科技,电子,深交所,9702649048.5,0.009,449858006.0,2026-05-09
sz300429,300429.SZ,强力新材,电子,深交所,9702649048.5,0.009,439950413.0,2026-05-09
sz000670,000670.SZ,盈方微,电子,深交所,9702649048.5,0.009,426804051.0,2026-05-09
sh603297,603297.SH,永新光学,电子,上交所,9702649048.5,0.009,421033183.0,2026-05-09
sh688261,688261.SH,东微半导,电子,上交所,9702649048.5,0.009,357357182.0,2026-05-09
sz002635,002635.SZ,安洁科技,电子,深交所,9702649048.5,0.009,260149366.0,2026-05-09
sh688486,688486.SH,龙迅股份,电子,上交所,9702649048.5,0.009,253820249.0,2026-05-09
sh688210,688210.SH,统联精密,电子,上交所,9702649048.5,0.009,217216920.0,2026-05-09
sh688653,688653.SH,康希通信,电子,上交所,9702649048.5,0.009,200326973.0,2026-05-09
sh688332,688332.SH,中科蓝讯,电子,上交所,9702649048.5,0.009,198031092.0,2026-05-09
sh688153,688153.SH,唯捷创芯,电子,上交所,9702649048.5,0.009,192493445.0,2026-05-09
sh688299,688299.SH,长阳科技,电子,上交所,9702649048.5,0.009,184420924.0,2026-05-09
sh688325,688325.SH,赛微微电,电子,上交所,9702649048.5,0.009,181053328.0,2026-05-09
sz002161,002161.SZ,远望谷,电子,深交所,9702649048.5,0.009,164930877.0,2026-05-09
sz002045,002045.SZ,国光电器,电子,深交所,9702649048.5,0.009,156803803.0,2026-05-09
sh600881,600881.SH,亚泰集团,综合,上交所,9702649048.5,0.009,78502211.0,2026-05-09
sz300863,300863.SZ,卡倍亿,汽车,深交所,9702649048.5,0.009,791525448.0,2026-05-09
sz002965,002965.SZ,祥鑫科技,汽车,深交所,9702649048.5,0.009,605434171.0,2026-05-09
sz000551,000551.SZ,创元科技,环保,深交所,9702649048.5,0.009,510985644.0,2026-05-09
sz000059,000059.SZ,华锦股份,石油石化,深交所,9702649048.5,0.009,155769430.0,2026-05-09
sh603115,603115.SH,海星股份,有色金属,上交所,9702649048.5,0.009,499333753.0,2026-05-09
sh601388,601388.SH,怡球资源,有色金属,上交所,9702649048.5,0.009,427057248.0,2026-05-09
sh603045,603045.SH,福达合金,有色金属,上交所,9702649048.5,0.009,103619693.0,2026-05-09
sz002902,002902.SZ,铭普光磁,通信,深交所,9702649048.5,0.009,733036375.0,2026-05-09
sz300913,300913.SZ,兆龙互连,通信,深交所,9702649048.5,0.009,651697355.0,2026-05-09
sz300292,300292.SZ,吴通控股,通信,深交所,9702649048.5,0.009,443237926.0,2026-05-09
sh600198,600198.SH,大唐电信,通信,上交所,9702649048.5,0.009,229852512.0,2026-05-09
sz002881,002881.SZ,美格智能,通信,深交所,9702649048.5,0.009,221643558.0,2026-05-09
sh688100,688100.SH,威胜信息,通信,上交所,9702649048.5,0.009,126865019.0,2026-05-09
sz300213,300213.SZ,佳讯飞鸿,通信,深交所,9702649048.5,0.009,101547673.0,2026-05-09
sz002418,002418.SZ,康盛股份,家用电器,深交所,9702649048.5,0.009,843901234.0,2026-05-09
sz002052,002052.SZ,同洲电子,家用电器,深交所,9702649048.5,0.009,444673382.0,2026-05-09
sz002668,002668.SZ,TCL智家,家用电器,深交所,9702649048.5,0.009,160259680.0,2026-05-09
sz300217,300217.SZ,东方电热,家用电器,深交所,9702649048.5,0.009,156224565.0,2026-05-09
sh688696,688696.SH,极米科技,家用电器,上交所,9702649048.5,0.009,57818472.0,2026-05-09
sz002243,002243.SZ,力合科创,社会服务,深交所,9702649048.5,0.009,138936377.0,2026-05-09
sz002057,002057.SZ,中钢天源,社会服务,深交所,9702649048.5,0.009,107055287.0,2026-05-09
sh603317,603317.SH,天味食品,食品饮料,上交所,9702649048.5,0.009,387942690.0,2026-05-09
sh600882,600882.SH,妙可蓝多,食品饮料,上交所,9702649048.5,0.009,205184370.0,2026-05-09
sz000848,000848.SZ,承德露露,食品饮料,深交所,9702649048.5,0.009,152457705.0,2026-05-09
sz002570,002570.SZ,贝因美,食品饮料,深交所,9702649048.5,0.009,132232793.0,2026-05-09
sz002216,002216.SZ,三全食品,食品饮料,深交所,9702649048.5,0.009,102275423.0,2026-05-09
sz002946,002946.SZ,新乳业,食品饮料,深交所,9702649048.5,0.009,91580516.0,2026-05-09
sh600305,600305.SH,恒顺醋业,食品饮料,上交所,9702649048.5,0.009,41742940.0,2026-05-09
sh600597,600597.SH,光明乳业,食品饮料,上交所,9702649048.5,0.009,37708222.0,2026-05-09
sh600575,600575.SH,淮河能源,煤炭,上交所,9702649048.5,0.009,408464030.0,2026-05-09
sh600740,600740.SH,山西焦化,煤炭,上交所,9702649048.5,0.009,199387224.0,2026-05-09
sh600971,600971.SH,恒源煤电,煤炭,上交所,9702649048.5,0.009,117636662.0,2026-05-09
sh600433,600433.SH,冠豪高新,轻工制造,上交所,9702649048.5,0.009,974086365.0,2026-05-09
sz002235,002235.SZ,安妮股份,轻工制造,深交所,9702649048.5,0.009,793791393.0,2026-05-09
sz000659,000659.SZ,珠海中富,轻工制造,深交所,9702649048.5,0.009,260414680.0,2026-05-09
sz002511,002511.SZ,中顺洁柔,美容护理,深交所,9702649048.5,0.009,125902463.0,2026-05-09
sh600928,600928.SH,西安银行,银行,上交所,8624576932.0,0.008,83646784.0,2026-05-09
sz300632,300632.SZ,光莆股份,电子,深交所,8624576932.0,0.008,1500588605.0,2026-05-09
sz002866,002866.SZ,传艺科技,电子,深交所,8624576932.0,0.008,1125287204.0,2026-05-09
sz300868,300868.SZ,杰美特,电子,深交所,8624576932.0,0.008,744327938.0,2026-05-09
sz301421,301421.SZ,波长光电,电子,深交所,8624576932.0,0.008,642935266.0,2026-05-09
sz301369,301369.SZ,联动科技,电子,深交所,8624576932.0,0.008,581364272.0,2026-05-09
sz301606,301606.SZ,绿联科技,电子,深交所,8624576932.0,0.008,512859095.0,2026-05-09
sh688603,688603.SH,天承科技,电子,上交所,8624576932.0,0.008,509749876.0,2026-05-09
sz301566,301566.SZ,达利凯普,电子,深交所,8624576932.0,0.008,457825684.0,2026-05-09
sh688720,688720.SH,艾森股份,电子,上交所,8624576932.0,0.008,266260663.0,2026-05-09
sh600237,600237.SH,铜峰电子,电子,上交所,8624576932.0,0.008,172574972.0,2026-05-09
sh603703,603703.SH,盛洋科技,电子,上交所,8624576932.0,0.008,167380531.0,2026-05-09
sz002782,002782.SZ,可立克,电子,深交所,8624576932.0,0.008,162723134.0,2026-05-09
sh688007,688007.SH,光峰科技,电子,上交所,8624576932.0,0.008,95128368.0,2026-05-09
sz002992,002992.SZ,宝明科技,电子,深交所,8624576932.0,0.008,83656871.0,2026-05-09
sz002351,002351.SZ,漫步者,电子,深交所,8624576932.0,0.008,77478656.0,2026-05-09
sz000753,000753.SZ,漳州发展,综合,深交所,8624576932.0,0.008,259893179.0,2026-05-09
sz000652,000652.SZ,泰达股份,综合,深交所,8624576932.0,0.008,126087398.0,2026-05-09
sh600682,600682.SH,南京新百,综合,上交所,8624576932.0,0.008,74887477.0,2026-05-09
sz000968,000968.SZ,蓝焰控股,石油石化,深交所,8624576932.0,0.008,336872233.0,2026-05-09
sh688456,688456.SH,有研粉材,有色金属,上交所,8624576932.0,0.008,590668055.0,2026-05-09
sz002978,002978.SZ,安宁股份,有色金属,深交所,8624576932.0,0.008,109782677.0,2026-05-09
sz002194,002194.SZ,武汉凡谷,通信,深交所,8624576932.0,0.008,1055681567.0,2026-05-09
sz301191,301191.SZ,菲菱科思,通信,深交所,8624576932.0,0.008,881588259.0,2026-05-09
sz301307,301307.SZ,美利信,通信,深交所,8624576932.0,0.008,540676851.0,2026-05-09
sz002296,002296.SZ,辉煌科技,通信,深交所,8624576932.0,0.008,164793456.0,2026-05-09
sz002705,002705.SZ,新宝股份,家用电器,深交所,8624576932.0,0.008,412392425.0,2026-05-09
sz301362,301362.SZ,民爆光电,家用电器,深交所,8624576932.0,0.008,406219482.0,2026-05-09
sz002638,002638.SZ,勤上股份,家用电器,深交所,8624576932.0,0.008,327345774.0,2026-05-09
sh603112,603112.SH,华翔股份,家用电器,上交所,8624576932.0,0.008,257783992.0,2026-05-09
sz002626,002626.SZ,金达威,食品饮料,深交所,8624576932.0,0.008,147098005.0,2026-05-09
sz002461,002461.SZ,珠江啤酒,食品饮料,深交所,8624576932.0,0.008,107319394.0,2026-05-09
sz300783,300783.SZ,三只松鼠,食品饮料,深交所,8624576932.0,0.008,91632731.0,2026-05-09
sz301629,301629.SZ,矽电股份,电子,深交所,7546504815.5,0.007,1339518263.0,2026-05-09
sz300706,300706.SZ,阿石创,电子,深交所,7546504815.5,0.007,1209136670.0,2026-05-09
sz301189,301189.SZ,奥尼电子,电子,深交所,7546504815.5,0.007,1049916320.0,2026-05-09
sz003026,003026.SZ,中晶科技,电子,深交所,7546504815.5,0.007,956186861.0,2026-05-09
sh688530,688530.SH,欧莱新材,电子,上交所,7546504815.5,0.007,771118563.0,2026-05-09
sh688584,688584.SH,上海合晶,电子,上交所,7546504815.5,0.007,760011874.0,2026-05-09
sz301099,301099.SZ,雅创电子,电子,深交所,7546504815.5,0.007,565117053.0,2026-05-09
sz300831,300831.SZ,派瑞股份,电子,深交所,7546504815.5,0.007,352245276.0,2026-05-09
sz301251,301251.SZ,威尔高,电子,深交所,7546504815.5,0.007,348464508.0,2026-05-09
sh688601,688601.SH,力芯微,电子,上交所,7546504815.5,0.007,312823824.0,2026-05-09
sh688209,688209.SH,英集芯,电子,上交所,7546504815.5,0.007,275311519.0,2026-05-09
sz300566,300566.SZ,激智科技,电子,深交所,7546504815.5,0.007,241895532.0,2026-05-09
sz003019,003019.SZ,宸展光电,电子,深交所,7546504815.5,0.007,241714318.0,2026-05-09
sz003043,003043.SZ,华亚智能,电子,深交所,7546504815.5,0.007,189912773.0,2026-05-09
sz002876,002876.SZ,三利谱,电子,深交所,7546504815.5,0.007,161467596.0,2026-05-09
sz300032,300032.SZ,金龙机电,电子,深交所,7546504815.5,0.007,155957492.0,2026-05-09
sh688181,688181.SH,八亿时空,电子,上交所,7546504815.5,0.007,152175790.0,2026-05-09
sh688512,688512.SH,慧智微,电子,上交所,7546504815.5,0.007,134363557.0,2026-05-09
sh688550,688550.SH,瑞联新材,电子,上交所,7546504815.5,0.007,134132008.0,2026-05-09
sz300909,300909.SZ,汇创达,电子,深交所,7546504815.5,0.007,106931290.0,2026-05-09
sz300120,300120.SZ,经纬辉开,电子,深交所,7546504815.5,0.007,90236571.0,2026-05-09
sz002449,002449.SZ,国星光电,电子,深交所,7546504815.5,0.007,84342592.0,2026-05-09
sz002369,002369.SZ,卓翼科技,电子,深交所,7546504815.5,0.007,84002289.0,2026-05-09
sz002986,002986.SZ,宇新股份,石油石化,深交所,7546504815.5,0.007,137152540.0,2026-05-09
sz000819,000819.SZ,岳阳兴长,石油石化,深交所,7546504815.5,0.007,122342947.0,2026-05-09
sh603978,603978.SH,深圳新星,有色金属,上交所,7546504815.5,0.007,889354569.0,2026-05-09
sz002824,002824.SZ,和胜股份,有色金属,深交所,7546504815.5,0.007,748136181.0,2026-05-09
sh688190,688190.SH,云路股份,有色金属,上交所,7546504815.5,0.007,222387865.0,2026-05-09
sz002988,002988.SZ,豪美新材,有色金属,深交所,7546504815.5,0.007,206823844.0,2026-05-09
sz300963,300963.SZ,中洲特材,有色金属,深交所,7546504815.5,0.007,188081667.0,2026-05-09
sz300127,300127.SZ,银河磁体,有色金属,深交所,7546504815.5,0.007,186118518.0,2026-05-09
sh688231,688231.SH,隆达股份,有色金属,上交所,7546504815.5,0.007,144779811.0,2026-05-09
sz300571,300571.SZ,平治信息,通信,深交所,7546504815.5,0.007,1516195513.0,2026-05-09
sz300590,300590.SZ,移为通信,通信,深交所,7546504815.5,0.007,442127170.0,2026-05-09
sh603322,603322.SH,超讯通信,通信,上交所,7546504815.5,0.007,376439821.0,2026-05-09
sz300050,300050.SZ,世纪鼎利,通信,深交所,7546504815.5,0.007,355291040.0,2026-05-09
sz300959,300959.SZ,线上线下,通信,深交所,7546504815.5,0.007,281312317.0,2026-05-09
sz300603,300603.SZ,立昂技术,通信,深交所,7546504815.5,0.007,217328255.0,2026-05-09
sz300134,300134.SZ,大富科技,通信,深交所,7546504815.5,0.007,199043271.0,2026-05-09
sz300310,300310.SZ,宜通世纪,通信,深交所,7546504815.5,0.007,149915436.0,2026-05-09
sz300563,300563.SZ,神宇股份,通信,深交所,7546504815.5,0.007,130987313.0,2026-05-09
sz000567,000567.SZ,海德股份,非银金融,深交所,7546504815.5,0.007,357532811.0,2026-05-09
sh603093,603093.SH,南华期货,非银金融,上交所,7546504815.5,0.007,223996506.0,2026-05-09
sh600643,600643.SH,爱建集团,非银金融,上交所,7546504815.5,0.007,195984545.0,2026-05-09
sz002945,002945.SZ,华林证券,非银金融,深交所,7546504815.5,0.007,162126963.0,2026-05-09
sh600927,600927.SH,永安期货,非银金融,上交所,7546504815.5,0.007,67609612.0,2026-05-09
sz300403,300403.SZ,汉宇集团,家用电器,深交所,7546504815.5,0.007,265197519.0,2026-05-09
sh688609,688609.SH,九联科技,家用电器,上交所,7546504815.5,0.007,256496258.0,2026-05-09
sz000404,000404.SZ,长虹华意,家用电器,深交所,7546504815.5,0.007,217277886.0,2026-05-09
sh600336,600336.SH,澳柯玛,家用电器,上交所,7546504815.5,0.007,176643851.0,2026-05-09
sz000521,000521.SZ,长虹美菱,家用电器,深交所,7546504815.5,0.007,78119692.0,2026-05-09
sz002035,002035.SZ,华帝股份,家用电器,深交所,7546504815.5,0.007,62451994.0,2026-05-09
sz000541,000541.SZ,佛山照明,家用电器,深交所,7546504815.5,0.007,45923267.0,2026-05-09
sz002582,002582.SZ,好想你,食品饮料,深交所,7546504815.5,0.007,334735646.0,2026-05-09
sz002840,002840.SZ,华统股份,食品饮料,深交所,7546504815.5,0.007,217699176.0,2026-05-09
sh600300,600300.SH,维维股份,食品饮料,上交所,7546504815.5,0.007,120443709.0,2026-05-09
sh601579,601579.SH,会稽山,食品饮料,上交所,7546504815.5,0.007,94102467.0,2026-05-09
sh600199,600199.SH,金种子酒,食品饮料,上交所,7546504815.5,0.007,61521186.0,2026-05-09
sh600073,600073.SH,光明肉业,食品饮料,上交所,7546504815.5,0.007,33127503.0,2026-05-09
sh600508,600508.SH,上海能源,煤炭,上交所,7546504815.5,0.007,93094317.0,2026-05-09
sh600800,600800.SH,渤海化学,石油石化,上交所,6468432699.0,0.006,224054068.0,2026-05-09
sz002554,002554.SZ,惠博普,石油石化,深交所,6468432699.0,0.006,121472263.0,2026-05-09
sz301522,301522.SZ,上大股份,有色金属,深交所,6468432699.0,0.006,197131617.0,2026-05-09
sz002540,002540.SZ,亚太科技,有色金属,深交所,6468432699.0,0.006,82770687.0,2026-05-09
sh603803,603803.SH,瑞斯康达,通信,上交所,6468432699.0,0.006,1336927707.0,2026-05-09
sh688182,688182.SH,灿勤科技,通信,上交所,6468432699.0,0.006,502259396.0,2026-05-09
sz300578,300578.SZ,会畅科技,通信,深交所,6468432699.0,0.006,412793753.0,2026-05-09
sz002148,002148.SZ,北纬科技,通信,深交所,6468432699.0,0.006,94586540.0,2026-05-09
sz003040,003040.SZ,楚天龙,通信,深交所,6468432699.0,0.006,93448796.0,2026-05-09
sz002961,002961.SZ,瑞达期货,非银金融,深交所,6468432699.0,0.006,200847271.0,2026-05-09
sh600318,600318.SH,新力金融,非银金融,上交所,6468432699.0,0.006,87817834.0,2026-05-09
sz002676,002676.SZ,顺威股份,家用电器,深交所,6468432699.0,0.006,502680335.0,2026-05-09
sz300247,300247.SZ,融捷健康,家用电器,深交所,6468432699.0,0.006,307031712.0,2026-05-09
sz002242,002242.SZ,九阳股份,家用电器,深交所,6468432699.0,0.006,291595005.0,2026-05-09
sh603355,603355.SH,莱克电气,家用电器,上交所,6468432699.0,0.006,142738861.0,2026-05-09
sz002860,002860.SZ,星帅尔,家用电器,深交所,6468432699.0,0.006,141189930.0,2026-05-09
sz300272,300272.SZ,开能健康,家用电器,深交所,6468432699.0,0.006,106842928.0,2026-05-09
sh603919,603919.SH,金徽酒,食品饮料,上交所,6468432699.0,0.006,199319098.0,2026-05-09
sz002956,002956.SZ,西麦食品,食品饮料,深交所,6468432699.0,0.006,153213692.0,2026-05-09
sh600189,600189.SH,泉阳泉,食品饮料,上交所,6468432699.0,0.006,107707092.0,2026-05-09
sh603043,603043.SH,广州酒家,食品饮料,上交所,6468432699.0,0.006,59574812.0,2026-05-09
sh600197,600197.SH,伊力特,食品饮料,上交所,6468432699.0,0.006,38426542.0,2026-05-09
sh603353,603353.SH,和顺石油,石油石化,上交所,5390360582.5,0.005,670734022.0,2026-05-09
sz301323,301323.SZ,新莱福,有色金属,深交所,5390360582.5,0.005,304234809.0,2026-05-09
sh603271,603271.SH,永杰新材,有色金属,上交所,5390360582.5,0.005,183669639.0,2026-05-09
sz300697,300697.SZ,电工合金,有色金属,深交所,5390360582.5,0.005,153449053.0,2026-05-09
sz301026,301026.SZ,浩通科技,有色金属,深交所,5390360582.5,0.005,150160476.0,2026-05-09
sh603072,603072.SH,天和磁材,有色金属,上交所,5390360582.5,0.005,134906624.0,2026-05-09
sh605208,605208.SH,永茂泰,有色金属,上交所,5390360582.5,0.005,122741913.0,2026-05-09
sz002160,002160.SZ,常铝股份,有色金属,深交所,5390360582.5,0.005,118249178.0,2026-05-09
sh688786,688786.SH,悦安新材,有色金属,上交所,5390360582.5,0.005,105964952.0,2026-05-09
sz000889,000889.SZ,中嘉博创,通信,深交所,5390360582.5,0.005,1568146207.0,2026-05-09
sh688159,688159.SH,有方科技,通信,上交所,5390360582.5,0.005,255782340.0,2026-05-09
sz300414,300414.SZ,中光防雷,通信,深交所,5390360582.5,0.005,214347188.0,2026-05-09
sz300565,300565.SZ,科信技术,通信,深交所,5390360582.5,0.005,146266075.0,2026-05-09
sz300183,300183.SZ,东软载波,通信,深交所,5390360582.5,0.005,133771368.0,2026-05-09
sz300689,300689.SZ,澄天伟业,通信,深交所,5390360582.5,0.005,128470927.0,2026-05-09
sz300025,300025.SZ,华星创业,通信,深交所,5390360582.5,0.005,75368907.0,2026-05-09
sz300597,300597.SZ,吉大通信,通信,深交所,5390360582.5,0.005,61989585.0,2026-05-09
sz300513,300513.SZ,恒实科技,通信,深交所,5390360582.5,0.005,54503541.0,2026-05-09
sh600830,600830.SH,香溢融通,非银金融,上交所,5390360582.5,0.005,186583800.0,2026-05-09
sz001236,001236.SZ,弘业期货,非银金融,深交所,5390360582.5,0.005,74516754.0,2026-05-09
sz300911,300911.SZ,亿田智能,家用电器,深交所,5390360582.5,0.005,408775069.0,2026-05-09
sh605555,605555.SH,德昌股份,家用电器,上交所,5390360582.5,0.005,260450599.0,2026-05-09
sh605365,605365.SH,立达信,家用电器,上交所,5390360582.5,0.005,195492288.0,2026-05-09
sh603579,603579.SH,荣泰健康,家用电器,上交所,5390360582.5,0.005,156689726.0,2026-05-09
sz001215,001215.SZ,千味央厨,食品饮料,深交所,5390360582.5,0.005,364037659.0,2026-05-09
sh600429,600429.SH,三元股份,食品饮料,上交所,5390360582.5,0.005,126830897.0,2026-05-09
sz000716,000716.SZ,黑芝麻,食品饮料,深交所,5390360582.5,0.005,123440691.0,2026-05-09
sz002329,002329.SZ,皇氏集团,食品饮料,深交所,5390360582.5,0.005,106689056.0,2026-05-09
sz002695,002695.SZ,煌上煌,食品饮料,深交所,5390360582.5,0.005,92254132.0,2026-05-09
sz300973,300973.SZ,立高食品,食品饮料,深交所,5390360582.5,0.005,71431786.0,2026-05-09
sh603866,603866.SH,桃李面包,食品饮料,上交所,5390360582.5,0.005,37960041.0,2026-05-09
sz000869,000869.SZ,张  裕A,食品饮料,深交所,5390360582.5,0.005,22846347.0,2026-05-09
sz301141,301141.SZ,中科磁业,有色金属,深交所,4312288466.0,0.004,254986947.0,2026-05-09
sh603527,603527.SH,众源新材,有色金属,上交所,4312288466.0,0.004,196805661.0,2026-05-09
sh603132,603132.SH,金徽股份,有色金属,上交所,4312288466.0,0.004,173179750.0,2026-05-09
sz002114,002114.SZ,罗平锌电,有色金属,深交所,4312288466.0,0.004,109202663.0,2026-05-09
sz002578,002578.SZ,闽发铝业,有色金属,深交所,4312288466.0,0.004,100750423.0,2026-05-09
sz000586,000586.SZ,汇源通信,通信,深交所,4312288466.0,0.004,632825735.0,2026-05-09
sz300921,300921.SZ,南凌科技,通信,深交所,4312288466.0,0.004,389492952.0,2026-05-09
sh603042,603042.SH,华脉科技,通信,上交所,4312288466.0,0.004,383924395.0,2026-05-09
sz300560,300560.SZ,中富通,通信,深交所,4312288466.0,0.004,332386433.0,2026-05-09
sz002313,002313.SZ,日海智能,通信,深交所,4312288466.0,0.004,275439097.0,2026-05-09
sz301428,301428.SZ,世纪恒通,通信,深交所,4312288466.0,0.004,255657102.0,2026-05-09
sz300504,300504.SZ,天邑股份,通信,深交所,4312288466.0,0.004,182510212.0,2026-05-09
sz300698,300698.SZ,万马科技,通信,深交所,4312288466.0,0.004,173021906.0,2026-05-09
sh603421,603421.SH,鼎信通讯,通信,上交所,4312288466.0,0.004,123187563.0,2026-05-09
sh688283,688283.SH,坤恒顺维,通信,上交所,4312288466.0,0.004,120336497.0,2026-05-09
sz300710,300710.SZ,万隆光电,通信,深交所,4312288466.0,0.004,108220649.0,2026-05-09
sh688080,688080.SH,映翰通,通信,上交所,4312288466.0,0.004,78239453.0,2026-05-09
sz000532,000532.SZ,华金资本,非银金融,深交所,4312288466.0,0.004,100919594.0,2026-05-09
sh603777,603777.SH,来伊份,食品饮料,上交所,4312288466.0,0.004,383236857.0,2026-05-09
sz300997,300997.SZ,欢乐家,食品饮料,深交所,4312288466.0,0.004,178517210.0,2026-05-09
sh600530,600530.SH,交大昂立,食品饮料,上交所,4312288466.0,0.004,160222693.0,2026-05-09
sz002702,002702.SZ,海欣食品,食品饮料,深交所,4312288466.0,0.004,136186033.0,2026-05-09
sh603057,603057.SH,紫燕食品,食品饮料,上交所,4312288466.0,0.004,110403266.0,2026-05-09
sh605179,605179.SH,一鸣食品,食品饮料,上交所,4312288466.0,0.004,63930725.0,2026-05-09
sh605338,605338.SH,巴比食品,食品饮料,上交所,4312288466.0,0.004,53728528.0,2026-05-09
sh603170,603170.SH,宝立食品,食品饮料,上交所,4312288466.0,0.004,48718240.0,2026-05-09
sh600419,600419.SH,天润乳业,食品饮料,上交所,4312288466.0,0.004,48374304.0,2026-05-09
sz300908,300908.SZ,仲景食品,食品饮料,深交所,4312288466.0,0.004,41018503.0,2026-05-09
sh600616,600616.SH,金枫酒业,食品饮料,上交所,4312288466.0,0.004,38972483.0,2026-05-09
sz301419,301419.SZ,阿莱德,通信,深交所,3234216349.5,0.003,172999208.0,2026-05-09
sz300711,300711.SZ,广哈通信,通信,深交所,3234216349.5,0.003,162860020.0,2026-05-09
sz301202,301202.SZ,朗威股份,通信,深交所,3234216349.5,0.003,138118065.0,2026-05-09
sh688618,688618.SH,三旺通信,通信,上交所,3234216349.5,0.003,125224552.0,2026-05-09
sh688592,688592.SH,司南导航,通信,上交所,3234216349.5,0.003,110623676.0,2026-05-09
sh603206,603206.SH,嘉环科技,通信,上交所,3234216349.5,0.003,100664715.0,2026-05-09
sz301577,301577.SZ,美信科技,通信,深交所,3234216349.5,0.003,92301352.0,2026-05-09
sz301380,301380.SZ,挖金客,通信,深交所,3234216349.5,0.003,50484383.0,2026-05-09
sz300615,300615.SZ,欣天科技,通信,深交所,2156144233.0,0.002,86251637.0,2026-05-09
sz301139,301139.SZ,元道通信,通信,深交所,2156144233.0,0.002,59541557.0,2026-05-09
sz301314,301314.SZ,科瑞思,通信,深交所,1078072116.5,0.001,52888933.0,2026-05-09
