代码,展示代码,名称,行业,中信细分行业,市场,板块,最新成交额,中证全指权重,概念数量,来源
sz300750,300750.SZ,宁德时代,电气设备,锂电池,深交所,,16224287222.0,1.98,11,2000只样本池基础保留
sz300308,300308.SZ,中际旭创,通信设备,网络接配及塔设,深交所,,17406542425.0,1.636,11,2000只样本池基础保留
sh600519,600519.SH,贵州茅台,白酒,白酒,上交所,,4582855939.0,1.489,2,2000只样本池基础保留
sh601318,601318.SH,中国平安,保险,保险,上交所,,4392260153.0,1.087,4,2000只样本池基础保留
sh601899,601899.SH,紫金矿业,铜,铜,上交所,,10371098900.0,0.942,8,2000只样本池基础保留
sz300502,300502.SZ,新易盛,通信设备,网络接配及塔设,深交所,,16488159417.0,0.897,6,2000只样本池基础保留
sh600036,600036.SH,招商银行,银行,股份制银行,上交所,,3303687174.0,0.813,4,2000只样本池基础保留
sz000333,000333.SZ,美的集团,家用电器,空调,深交所,,2273797150.0,0.686,16,2000只样本池基础保留
sh688256,688256.SH,寒武纪,半导体,集成电路设计,上交所,,22579188932.0,0.616,12,2000只样本池基础保留
sz002475,002475.SZ,立讯精密,元器件,消费电子组件,深交所,,15166942308.0,0.586,23,2000只样本池基础保留
sh600900,600900.SH,长江电力,水力发电,水力发电,上交所,,2173718079.0,0.574,8,2000只样本池基础保留
sh601166,601166.SH,兴业银行,银行,股份制银行,上交所,,1508738481.0,0.521,2,2000只样本池基础保留
sz002594,002594.SZ,比亚迪,汽车整车,电动乘用车,深交所,,3823821998.0,0.48,20,2000只样本池基础保留
sh688041,688041.SH,海光信息,半导体,集成电路设计,上交所,,16242863702.0,0.473,10,2000只样本池基础保留
sh603259,603259.SH,药明康德,化学制药,医疗研发外包,上交所,,4896194844.0,0.465,5,2000只样本池基础保留
sh600030,600030.SH,中信证券,证券,证券,上交所,,3507949844.0,0.456,3,2000只样本池基础保留
sz300059,300059.SZ,东方财富,证券,证券,深交所,,4763551398.0,0.442,7,2000只样本池基础保留
sh601138,601138.SH,工业富联,通信设备,消费电子组件,上交所,,10254090368.0,0.429,21,2000只样本池基础保留
sh601398,601398.SH,工商银行,银行,国有大型银行,上交所,,1815302005.0,0.414,3,2000只样本池基础保留
sh600276,600276.SH,恒瑞医药,化学制药,化学制剂,上交所,,4253912511.0,0.413,11,2000只样本池基础保留
sz002384,002384.SZ,东山精密,元器件,PCB,深交所,,18776822516.0,0.411,19,2000只样本池基础保留
sh688981,688981.SH,中芯国际,半导体,半导体制造,上交所,,8595731864.0,0.408,8,2000只样本池基础保留
sz002371,002371.SZ,北方华创,半导体,半导体设备,深交所,,4475463104.0,0.399,7,2000只样本池基础保留
sh603986,603986.SH,兆易创新,半导体,集成电路设计,上交所,,14821436654.0,0.359,13,2000只样本池基础保留
sz300476,300476.SZ,胜宏科技,元器件,PCB,深交所,,20050788655.0,0.344,25,2000只样本池基础保留
sz300274,300274.SZ,阳光电源,电气设备,光伏逆变器,深交所,,8680103373.0,0.342,11,2000只样本池基础保留
sh601288,601288.SH,农业银行,银行,国有大型银行,上交所,,1910985188.0,0.341,4,2000只样本池基础保留
sh688008,688008.SH,澜起科技,半导体,集成电路设计,上交所,,13002789032.0,0.341,7,2000只样本池基础保留
sh600150,600150.SH,中国船舶,船舶,航海装备,上交所,,5485577000.0,0.324,10,2000只样本池基础保留
sz000858,000858.SZ,五 粮 液,白酒,白酒,深交所,,2396026818.0,0.324,2,2000只样本池基础保留
sh601211,601211.SH,国泰海通,证券,证券,上交所,,1677130320.0,0.313,3,2000只样本池基础保留
sh601328,601328.SH,交通银行,银行,国有大型银行,上交所,,771500776.0,0.312,3,2000只样本池基础保留
sz000651,000651.SZ,格力电器,家用电器,空调,深交所,,1550905021.0,0.308,17,2000只样本池基础保留
sh600887,600887.SH,伊利股份,乳制品,乳制品,上交所,,1570843720.0,0.298,3,2000只样本池基础保留
sh601088,601088.SH,中国神华,煤炭开采,动力煤,上交所,,1295063112.0,0.294,2,2000只样本池基础保留
sz000338,000338.SZ,潍柴动力,汽车配件,底盘与发动机系统,深交所,,4838192087.0,0.29,14,2000只样本池基础保留
sh600309,600309.SH,万华化学,化工原料,聚氨酯,上交所,,2734113727.0,0.289,12,2000只样本池基础保留
sh600919,600919.SH,江苏银行,银行,城商行,上交所,,827227851.0,0.285,0,2000只样本池基础保留
sh688012,688012.SH,中微公司,半导体,半导体设备,上交所,,6554934291.0,0.283,6,2000只样本池基础保留
sh603993,603993.SH,洛阳钼业,小金属,钨钼,上交所,,5887631949.0,0.279,10,2000只样本池基础保留
sz000725,000725.SZ,京东方A,元器件,面板,深交所,,2646109505.0,0.257,25,2000只样本池基础保留
sh601816,601816.SH,京沪高铁,铁路,铁路运输,上交所,,446838864.0,0.247,2,2000只样本池基础保留
sz300394,300394.SZ,天孚通信,通信设备,网络接配及塔设,深交所,,11690928154.0,0.246,8,2000只样本池基础保留
sh601857,601857.SH,中国石油,石油开采,油气开采,上交所,,2002943659.0,0.238,6,2000只样本池基础保留
sz002463,002463.SZ,沪电股份,元器件,PCB,深交所,,6079210419.0,0.237,9,2000只样本池基础保留
sh603019,603019.SH,中科曙光,IT设备,其他IT设备,上交所,,6548716403.0,0.234,32,2000只样本池基础保留
sh600089,600089.SH,特变电工,电气设备,输变电设备,上交所,,4598151827.0,0.233,23,2000只样本池基础保留
sh600111,600111.SH,北方稀土,小金属,稀土,上交所,,7708741272.0,0.23,5,2000只样本池基础保留
sz002415,002415.SZ,海康威视,IT设备,安防设备,深交所,,2043398379.0,0.228,22,2000只样本池基础保留
sz300124,300124.SZ,汇川技术,电器仪表,工业控制设备,深交所,,3836723948.0,0.223,16,2000只样本池基础保留
sh600487,600487.SH,亨通光电,通信设备,光纤光缆,上交所,,12666073983.0,0.223,26,2000只样本池基础保留
sh601601,601601.SH,中国太保,保险,保险,上交所,,1523402305.0,0.219,3,2000只样本池基础保留
sz000792,000792.SZ,盐湖股份,农药化肥,钾肥,深交所,,5131618432.0,0.214,9,2000只样本池基础保留
sh600000,600000.SH,浦发银行,银行,股份制银行,上交所,,811024242.0,0.212,1,2000只样本池基础保留
sz002714,002714.SZ,牧原股份,农业综合,生猪养殖,深交所,,1388550834.0,0.21,5,2000只样本池基础保留
sz002028,002028.SZ,思源电气,电气设备,输变电设备,深交所,,2346694959.0,0.209,7,2000只样本池基础保留
sh600031,600031.SH,三一重工,工程机械,工程机械整机,上交所,,2196428057.0,0.207,7,2000只样本池基础保留
sz000988,000988.SZ,华工科技,专用机械,激光设备,深交所,,14026678243.0,0.206,46,2000只样本池基础保留
sz000063,000063.SZ,中兴通讯,通信设备,系统设备,深交所,,5295615756.0,0.203,45,2000只样本池基础保留
sz300408,300408.SZ,三环集团,元器件,被动元件,深交所,,2901335606.0,0.197,8,2000只样本池基础保留
sh601688,601688.SH,华泰证券,证券,证券,上交所,,1339439155.0,0.192,3,2000只样本池基础保留
sz000001,000001.SZ,平安银行,银行,股份制银行,深交所,,905737835.0,0.191,1,2000只样本池基础保留
sz002230,002230.SZ,科大讯飞,软件服务,新兴软件,深交所,,3248741395.0,0.19,33,2000只样本池基础保留
sz002142,002142.SZ,宁波银行,银行,城商行,深交所,,780659795.0,0.188,0,2000只样本池基础保留
sz002050,002050.SZ,三花智控,家用电器,家电零部件,深交所,,14198905867.0,0.18,15,2000只样本池基础保留
sh600406,600406.SH,国电南瑞,电气设备,电网自动化,上交所,,2853813585.0,0.179,17,2000只样本池基础保留
sh688521,688521.SH,芯原股份,半导体,集成电路设计,上交所,,8230698444.0,0.178,19,2000只样本池基础保留
sz300760,300760.SZ,迈瑞医疗,医疗保健,医疗设备,深交所,,1220721297.0,0.175,6,2000只样本池基础保留
sh601668,601668.SH,中国建筑,建筑工程,房屋建设,上交所,,652001901.0,0.174,14,2000只样本池基础保留
sh601225,601225.SH,陕西煤业,煤炭开采,动力煤,上交所,,992024913.0,0.174,1,2000只样本池基础保留
sh603799,603799.SH,华友钴业,小金属,钴,上交所,,5900093042.0,0.173,16,2000只样本池基础保留
sz002460,002460.SZ,赣锋锂业,小金属,锂,深交所,,6946711127.0,0.172,19,2000只样本池基础保留
sh601012,601012.SH,隆基绿能,电气设备,光伏电池组件,上交所,,2621482231.0,0.171,9,2000只样本池基础保留
sh600938,600938.SH,中国海油,石油开采,油气开采,上交所,,1459769408.0,0.164,8,2000只样本池基础保留
sh688498,688498.SH,源杰科技,半导体,集成电路设计,上交所,,4659651135.0,0.162,6,2000只样本池基础保留
sh600660,600660.SH,福耀玻璃,汽车配件,车身附件及饰件,上交所,,1062469213.0,0.162,5,2000只样本池基础保留
sz000425,000425.SZ,徐工机械,工程机械,工程机械整机,深交所,,1486902510.0,0.161,7,2000只样本池基础保留
sh601728,601728.SH,中国电信,电信运营,电信运营服务,上交所,,811612604.0,0.161,18,2000只样本池基础保留
sh601229,601229.SH,上海银行,银行,城商行,上交所,,431830230.0,0.16,0,2000只样本池基础保留
sh600183,600183.SH,生益科技,元器件,PCB,上交所,,3125385040.0,0.16,11,2000只样本池基础保留
sh601600,601600.SH,中国铝业,铝,铝,上交所,,2284883007.0,0.159,8,2000只样本池基础保留
sh600016,600016.SH,民生银行,银行,股份制银行,上交所,,434321925.0,0.158,2,2000只样本池基础保留
sz300014,300014.SZ,亿纬锂能,电气设备,锂电池,深交所,,7940825261.0,0.155,24,2000只样本池基础保留
sh600522,600522.SH,中天科技,通信设备,光纤光缆,上交所,,12449499866.0,0.155,41,2000只样本池基础保留
sz000100,000100.SZ,TCL科技,元器件,面板,深交所,,2738014701.0,0.153,13,2000只样本池基础保留
sh601919,601919.SH,中远海控,水运,航运,上交所,,1274171855.0,0.153,4,2000只样本池基础保留
sz002352,002352.SZ,顺丰控股,仓储物流,快递,深交所,,916644880.0,0.153,11,2000只样本池基础保留
sh600926,600926.SH,杭州银行,银行,城商行,上交所,,389307237.0,0.152,0,2000只样本池基础保留
sz300136,300136.SZ,信维通信,元器件,消费电子组件,深交所,,8666786137.0,0.152,24,2000只样本池基础保留
sz300857,300857.SZ,协创数据,IT设备,消费电子组件,深交所,,7148824985.0,0.151,26,2000只样本池基础保留
sz300498,300498.SZ,温氏股份,农业综合,生猪养殖,深交所,,508698086.0,0.15,5,2000只样本池基础保留
sh600941,600941.SH,中国移动,电信运营,电信运营服务,上交所,,901039870.0,0.15,22,2000只样本池基础保留
sh688525,688525.SH,佰维存储,半导体,集成电路设计,上交所,,8646849785.0,0.149,14,2000只样本池基础保留
sz002709,002709.SZ,天赐材料,化工原料,电池化学品,深交所,,10577172684.0,0.148,10,2000只样本池基础保留
sh601939,601939.SH,建设银行,银行,国有大型银行,上交所,,505291184.0,0.145,3,2000只样本池基础保留
sz002353,002353.SZ,杰瑞股份,化工机械,能源及重型设备,深交所,,2562872361.0,0.145,10,2000只样本池基础保留
sz002916,002916.SZ,深南电路,元器件,PCB,深交所,,3076633826.0,0.143,11,2000只样本池基础保留
sh603501,603501.SH,豪威集团,半导体,集成电路设计,上交所,,2207834232.0,0.143,15,2000只样本池基础保留
sz002008,002008.SZ,大族激光,专用机械,激光设备,深交所,,7578388916.0,0.142,34,2000只样本池基础保留
sh600176,600176.SH,中国巨石,玻璃,玻纤制造,上交所,,4377511572.0,0.142,8,2000只样本池基础保留
sh600418,600418.SH,江淮汽车,汽车整车,商用载货车,上交所,,2671297812.0,0.142,12,2000只样本池基础保留
sz002466,002466.SZ,天齐锂业,小金属,锂,深交所,,7929999299.0,0.142,9,2000只样本池基础保留
sh601988,601988.SH,中国银行,银行,国有大型银行,上交所,,936717491.0,0.141,3,2000只样本池基础保留
sh600690,600690.SH,海尔智家,家用电器,冰洗,上交所,,813986706.0,0.139,9,2000只样本池基础保留
sh601169,601169.SH,北京银行,银行,城商行,上交所,,464469122.0,0.135,0,2000只样本池基础保留
sh600028,600028.SH,中国石化,石油加工,炼油化工,上交所,,1805968528.0,0.135,8,2000只样本池基础保留
sz300604,300604.SZ,长川科技,半导体,半导体设备,深交所,,4006336156.0,0.133,2,2000只样本池基础保留
sh600489,600489.SH,中金黄金,黄金,黄金,上交所,,2123904433.0,0.13,2,2000只样本池基础保留
sh688072,688072.SH,拓荆科技,半导体,半导体设备,上交所,,2205305313.0,0.129,3,2000只样本池基础保留
sh601985,601985.SH,中国核电,新型电力,核力发电,上交所,,1048134506.0,0.127,11,2000只样本池基础保留
sz000568,000568.SZ,泸州老窖,白酒,白酒,深交所,,672134636.0,0.127,1,2000只样本池基础保留
sh601009,601009.SH,南京银行,银行,城商行,上交所,,364228666.0,0.125,0,2000只样本池基础保留
sh601766,601766.SH,中国中车,运输设备,轨交设备,上交所,,1240605903.0,0.125,17,2000只样本池基础保留
sz300442,300442.SZ,润泽科技,软件服务,云基础设施服务,深交所,,6510719271.0,0.125,8,2000只样本池基础保留
sh601127,601127.SH,赛力斯,汽车整车,综合乘用车,上交所,,2964303910.0,0.124,17,2000只样本池基础保留
sz001309,001309.SZ,德明利,半导体,集成电路设计,深交所,,9042535960.0,0.123,10,2000只样本池基础保留
sz000977,000977.SZ,浪潮信息,IT设备,其他IT设备,深交所,,9551252052.0,0.123,24,2000只样本池基础保留
sz300033,300033.SZ,同花顺,软件服务,行业应用软件,深交所,,2977271626.0,0.121,12,2000只样本池基础保留
sh600050,600050.SH,中国联通,电信运营,电信运营服务,上交所,,780472610.0,0.121,19,2000只样本池基础保留
sz000408,000408.SZ,藏格矿业,农药化肥,钾肥,深交所,,1567634968.0,0.12,6,2000只样本池基础保留
sz002281,002281.SZ,光迅科技,通信设备,网络接配及塔设,深交所,,13761705212.0,0.12,14,2000只样本池基础保留
sh600809,600809.SH,山西汾酒,白酒,白酒,上交所,,876920055.0,0.12,2,2000只样本池基础保留
sh600989,600989.SH,宝丰能源,化工原料,煤化工,上交所,,2608634170.0,0.116,6,2000只样本池基础保留
sz301308,301308.SZ,江波龙,半导体,集成电路设计,深交所,,9191802724.0,0.115,12,2000只样本池基础保留
sz002202,002202.SZ,金风科技,电气设备,风电整机,深交所,,6728896829.0,0.114,11,2000只样本池基础保留
sz000807,000807.SZ,云铝股份,铝,铝,深交所,,1955957455.0,0.114,3,2000只样本池基础保留
sh600584,600584.SH,长电科技,半导体,半导体封测,上交所,,8239048098.0,0.112,18,2000只样本池基础保留
sz002738,002738.SZ,中矿资源,小金属,锂,深交所,,2882253479.0,0.112,7,2000只样本池基础保留
sh603288,603288.SH,海天味业,食品,调味品,上交所,,628604128.0,0.111,1,2000只样本池基础保留
sh601888,601888.SH,中国中免,旅游服务,旅游服务,上交所,,1393078788.0,0.11,8,2000只样本池基础保留
sz300390,300390.SZ,天华新能,电气设备,锂,深交所,,10270356154.0,0.11,8,2000只样本池基础保留
sz000938,000938.SZ,紫光股份,IT设备,其他IT设备,深交所,,6974225408.0,0.11,30,2000只样本池基础保留
sh600549,600549.SH,厦门钨业,小金属,钨钼,上交所,,3173527731.0,0.11,15,2000只样本池基础保留
sh600104,600104.SH,上汽集团,汽车整车,综合乘用车,上交所,,562341867.0,0.109,11,2000只样本池基础保留
sh600988,600988.SH,赤峰黄金,黄金,黄金,上交所,,2990189106.0,0.109,4,2000只样本池基础保留
sh601006,601006.SH,大秦铁路,铁路,铁路运输,上交所,,679082487.0,0.109,2,2000只样本池基础保留
sz002027,002027.SZ,分众传媒,广告包装,其他广告营销,深交所,,963484867.0,0.109,5,2000只样本池基础保留
sh600879,600879.SH,航天电子,航空,航天装备,上交所,,8013310562.0,0.109,12,2000只样本池基础保留
sz002156,002156.SZ,通富微电,半导体,半导体封测,深交所,,9293491887.0,0.108,15,2000只样本池基础保留
sz000776,000776.SZ,广发证券,证券,证券,深交所,,951131326.0,0.108,1,2000只样本池基础保留
sh600547,600547.SH,山东黄金,黄金,黄金,上交所,,3302842679.0,0.107,3,2000只样本池基础保留
sz300058,300058.SZ,蓝色光标,广告包装,互联网广告,深交所,,13441260527.0,0.106,24,2000只样本池基础保留
sh600893,600893.SH,航发动力,航空,航空装备,上交所,,2773408668.0,0.106,7,2000只样本池基础保留
sh601628,601628.SH,中国人寿,保险,保险,上交所,,1248262528.0,0.105,2,2000只样本池基础保留
sh600010,600010.SH,包钢股份,普钢,板材,上交所,,1982250261.0,0.105,10,2000只样本池基础保留
sz300450,300450.SZ,先导智能,专用机械,锂电设备,深交所,,3597587235.0,0.104,21,2000只样本池基础保留
sz002241,002241.SZ,歌尔股份,元器件,消费电子组件,深交所,,2431567884.0,0.104,21,2000只样本池基础保留
sh600118,600118.SH,中国卫星,航空,航天装备,上交所,,9819450099.0,0.104,12,2000只样本池基础保留
sz000426,000426.SZ,兴业银锡,铅锌,铅锌,深交所,,5533776113.0,0.103,3,2000只样本池基础保留
sz300548,300548.SZ,长芯博创,通信设备,网络接配及塔设,深交所,,4353450253.0,0.103,9,2000只样本池基础保留
sz002625,002625.SZ,光启技术,航空,航空装备,深交所,,1240758425.0,0.101,18,2000只样本池基础保留
sh600905,600905.SH,三峡能源,新型电力,风力发电,上交所,,966587561.0,0.1,10,2000只样本池基础保留
sh688111,688111.SH,金山办公,软件服务,云软件服务,上交所,,4005186805.0,0.1,11,2000只样本池基础保留
sh600999,600999.SH,招商证券,证券,证券,上交所,,477309660.0,0.1,1,2000只样本池基础保留
sh601818,601818.SH,光大银行,银行,股份制银行,上交所,,227989623.0,0.099,1,2000只样本池基础保留
sh688347,688347.SH,华虹公司,半导体,半导体制造,上交所,,4959821976.0,0.099,4,2000只样本池基础保留
sz300475,300475.SZ,香农芯创,元器件,其他电子,深交所,,8431637472.0,0.098,7,2000只样本池基础保留
sh601872,601872.SH,招商轮船,水运,航运,上交所,,4585543912.0,0.098,4,2000只样本池基础保留
sh600426,600426.SH,华鲁恒升,农药化肥,煤化工,上交所,,714724881.0,0.098,2,2000只样本池基础保留
sh601100,601100.SH,恒立液压,工程机械,工程机械零件,上交所,,1783667388.0,0.097,1,2000只样本池基础保留
sh601658,601658.SH,邮储银行,银行,国有大型银行,上交所,,512929258.0,0.096,1,2000只样本池基础保留
sz002837,002837.SZ,英维克,专用机械,其他专用设备,深交所,,4566607220.0,0.094,14,2000只样本池基础保留
sh605117,605117.SH,德业股份,电气设备,光伏逆变器,上交所,,1634169594.0,0.094,3,2000只样本池基础保留
sh600019,600019.SH,宝钢股份,普钢,板材,上交所,,577360673.0,0.094,7,2000只样本池基础保留
sh688271,688271.SH,联影医疗,医疗保健,医疗设备,上交所,,1386257782.0,0.093,3,2000只样本池基础保留
sh601336,601336.SH,新华保险,保险,保险,上交所,,1054091326.0,0.092,2,2000只样本池基础保留
sz002001,002001.SZ,新和成,化学制药,食品助剂,深交所,,886476223.0,0.092,6,2000只样本池基础保留
sh688002,688002.SH,睿创微纳,通信设备,军工电子,上交所,,1129664597.0,0.092,13,2000只样本池基础保留
sh600673,600673.SH,东阳光,综合类,综合类,上交所,,9091907866.0,0.091,14,2000只样本池基础保留
sz000657,000657.SZ,中钨高新,小金属,钨钼,深交所,,6522225957.0,0.091,11,2000只样本池基础保留
sz002049,002049.SZ,紫光国微,半导体,集成电路设计,深交所,,2823869430.0,0.09,21,2000只样本池基础保留
sh601689,601689.SH,拓普集团,汽车配件,车身附件及饰件,上交所,,4838889385.0,0.09,16,2000只样本池基础保留
sh601825,601825.SH,沪农商行,银行,农商行,上交所,,214882190.0,0.089,0,2000只样本池基础保留
sh601390,601390.SH,中国中铁,建筑工程,基建工程,上交所,,536049321.0,0.089,11,2000只样本池基础保留
sh601727,601727.SH,上海电气,电气设备,其他发电设备,上交所,,961720379.0,0.088,29,2000只样本池基础保留
sz002600,002600.SZ,领益智造,元器件,消费电子组件,深交所,,3576552629.0,0.088,25,2000只样本池基础保留
sz300433,300433.SZ,蓝思科技,元器件,消费电子组件,深交所,,3473797188.0,0.088,32,2000只样本池基础保留
sh600585,600585.SH,海螺水泥,水泥,水泥制造,上交所,,745109901.0,0.087,8,2000只样本池基础保留
sz000933,000933.SZ,神火股份,铝,铝,深交所,,1932415946.0,0.087,3,2000只样本池基础保留
sh688777,688777.SH,中控技术,专用机械,工业控制设备,上交所,,1881782359.0,0.086,25,2000只样本池基础保留
sz002938,002938.SZ,鹏鼎控股,元器件,PCB,深交所,,2562557267.0,0.086,15,2000只样本池基础保留
sz300015,300015.SZ,爱尔眼科,医疗保健,医院,深交所,,718260944.0,0.086,9,2000只样本池基础保留
sz002648,002648.SZ,卫星化学,化工原料,有机化工原料,深交所,,1595424056.0,0.086,11,2000只样本池基础保留
sz000630,000630.SZ,铜陵有色,铜,铜,深交所,,2509362963.0,0.085,8,2000只样本池基础保留
sh601168,601168.SH,西部矿业,铜,铜,上交所,,2204146206.0,0.085,7,2000只样本池基础保留
sh600105,600105.SH,永鼎股份,通信设备,光纤光缆,上交所,,10137886394.0,0.085,19,2000只样本池基础保留
sh600160,600160.SH,巨化股份,化工原料,氟化工,上交所,,1193673872.0,0.085,8,2000只样本池基础保留
sh601838,601838.SH,成都银行,银行,城商行,上交所,,369854320.0,0.084,0,2000只样本池基础保留
sz002812,002812.SZ,恩捷股份,电气设备,电池化学品,深交所,,3921899234.0,0.084,9,2000只样本池基础保留
sz002851,002851.SZ,麦格米特,电气设备,其他发电设备,深交所,,2339145071.0,0.084,20,2000只样本池基础保留
sh688120,688120.SH,华海清科,半导体,半导体设备,上交所,,1160641917.0,0.084,5,2000只样本池基础保留
sz002195,002195.SZ,岩山科技,软件服务,产联网综合服务,深交所,,2054997852.0,0.084,28,2000只样本池基础保留
sh600958,600958.SH,东方证券,证券,证券,上交所,,1344924003.0,0.084,1,2000只样本池基础保留
sz300757,300757.SZ,罗博特科,专用机械,工业控制设备,深交所,,3474581383.0,0.083,17,2000只样本池基础保留
sh601669,601669.SH,中国电建,建筑工程,基建工程,上交所,,2273150674.0,0.083,26,2000只样本池基础保留
sh603083,603083.SH,剑桥科技,通信设备,通信终端及配件,上交所,,5492366333.0,0.083,10,2000只样本池基础保留
sh600875,600875.SH,东方电气,电气设备,其他发电设备,上交所,,4959756757.0,0.082,20,2000只样本池基础保留
sh600703,600703.SH,三安光电,半导体,LED,上交所,,3726440304.0,0.082,21,2000只样本池基础保留
sh600438,600438.SH,通威股份,电气设备,光伏硅料,上交所,,1051610430.0,0.081,9,2000只样本池基础保留
sz002436,002436.SZ,兴森科技,元器件,PCB,深交所,,4558747422.0,0.081,14,2000只样本池基础保留
sz300054,300054.SZ,鼎龙股份,化工原料,半导体材料,深交所,,3474820583.0,0.081,7,2000只样本池基础保留
sz000538,000538.SZ,云南白药,中成药,中药,深交所,,375449084.0,0.081,5,2000只样本池基础保留
sz000625,000625.SZ,长安汽车,汽车整车,综合乘用车,深交所,,839583440.0,0.081,17,2000只样本池基础保留
sh600066,600066.SH,宇通客车,汽车整车,商用载客车,上交所,,397691843.0,0.081,11,2000只样本池基础保留
sh600362,600362.SH,江西铜业,铜,铜,上交所,,3352855794.0,0.081,4,2000只样本池基础保留
sz002340,002340.SZ,格林美,小金属,电池化学品,深交所,,2145374640.0,0.08,26,2000只样本池基础保留
sh600346,600346.SH,恒力石化,石油加工,炼油化工,上交所,,1221120389.0,0.08,5,2000只样本池基础保留
sz002532,002532.SZ,天山铝业,铝,铝,深交所,,1147257032.0,0.08,2,2000只样本池基础保留
sz002179,002179.SZ,中航光电,元器件,军工电子,深交所,,1399407988.0,0.08,27,2000只样本池基础保留
sz002273,002273.SZ,水晶光电,元器件,光学元件,深交所,,2649262918.0,0.079,15,2000只样本池基础保留
sh600096,600096.SH,云天化,农药化肥,磷肥及磷化工,上交所,,1486864522.0,0.079,6,2000只样本池基础保留
sz300395,300395.SZ,菲利华,玻璃,玻璃制造,深交所,,5334967148.0,0.078,8,2000只样本池基础保留
sh601998,601998.SH,中信银行,银行,股份制银行,上交所,,399977049.0,0.077,2,2000只样本池基础保留
sh601916,601916.SH,浙商银行,银行,股份制银行,上交所,,269016811.0,0.077,2,2000只样本池基础保留
sz002261,002261.SZ,拓维信息,软件服务,云软件服务,深交所,,5165741181.0,0.077,24,2000只样本池基础保留
sh600048,600048.SH,保利发展,全国地产,住宅开发,上交所,,868601267.0,0.076,3,2000只样本池基础保留
sh688110,688110.SH,东芯股份,半导体,集成电路设计,上交所,,3539597723.0,0.076,8,2000只样本池基础保留
sz002240,002240.SZ,盛新锂能,小金属,锂,深交所,,3961980673.0,0.076,5,2000只样本池基础保留
sz002558,002558.SZ,巨人网络,互联网,游戏,深交所,,2860978950.0,0.076,18,2000只样本池基础保留
sh600015,600015.SH,华夏银行,银行,股份制银行,上交所,,497201637.0,0.075,1,2000只样本池基础保留
sz002131,002131.SZ,利欧股份,互联网,互联网广告,深交所,,3406031167.0,0.075,26,2000只样本池基础保留
sh600482,600482.SH,中国动力,船舶,航海装备,上交所,,1094103898.0,0.075,17,2000只样本池基础保留
sh688048,688048.SH,长光华芯,半导体,半导体制造,上交所,,7515565742.0,0.075,10,2000只样本池基础保留
sz000975,000975.SZ,山金国际,黄金,黄金,深交所,,1549395548.0,0.075,1,2000只样本池基础保留
sz301358,301358.SZ,湖南裕能,电气设备,电池化学品,深交所,,5252973428.0,0.074,6,2000只样本池基础保留
sh601179,601179.SH,中国西电,电气设备,输变电设备,上交所,,3647714095.0,0.074,17,2000只样本池基础保留
sh600436,600436.SH,片仔癀,中成药,中药,上交所,,416236195.0,0.074,3,2000只样本池基础保留
sh601869,601869.SH,长飞光纤,通信设备,光纤光缆,上交所,,7575673697.0,0.074,19,2000只样本池基础保留
sz300418,300418.SZ,昆仑万维,互联网,游戏,深交所,,3852742311.0,0.074,20,2000只样本池基础保留
sz002407,002407.SZ,多氟多,化工原料,氟化工,深交所,,6518425852.0,0.074,14,2000只样本池基础保留
sh600795,600795.SH,国电电力,火力发电,火力发电,上交所,,953992532.0,0.073,5,2000只样本池基础保留
sh688313,688313.SH,仕佳光子,通信设备,网络接配及塔设,上交所,,6004544130.0,0.073,5,2000只样本池基础保留
sz000166,000166.SZ,申万宏源,证券,证券,深交所,,327469152.0,0.073,1,2000只样本池基础保留
sh605499,605499.SH,东鹏饮料,软饮料,软饮料,上交所,,592606942.0,0.073,4,2000只样本池基础保留
sz300223,300223.SZ,北京君正,半导体,集成电路设计,深交所,,3610911987.0,0.072,22,2000只样本池基础保留
sh603296,603296.SH,华勤技术,元器件,消费电子组件,上交所,,3020784340.0,0.072,23,2000只样本池基础保留
sz002493,002493.SZ,荣盛石化,化纤,涤纶,深交所,,593006701.0,0.072,4,2000只样本池基础保留
sh601377,601377.SH,兴业证券,证券,证券,上交所,,430686272.0,0.072,1,2000只样本池基础保留
sh600580,600580.SH,卧龙电驱,电气设备,电机制造,上交所,,4140230491.0,0.071,24,2000只样本池基础保留
sz002311,002311.SZ,海大集团,饲料,水产饲料,深交所,,582291393.0,0.071,3,2000只样本池基础保留
sh688361,688361.SH,中科飞测,半导体,半导体设备,上交所,,1034713209.0,0.071,3,2000只样本池基础保留
sz300207,300207.SZ,欣旺达,电气设备,锂电池,深交所,,1981242762.0,0.07,34,2000只样本池基础保留
sh600570,600570.SH,恒生电子,软件服务,行业应用软件,上交所,,933375772.0,0.07,20,2000只样本池基础保留
sh600188,600188.SH,兖矿能源,煤炭开采,动力煤,上交所,,1000297286.0,0.07,3,2000只样本池基础保留
sz300751,300751.SZ,迈为股份,专用机械,光伏加工设备,深交所,,3295319495.0,0.069,14,2000只样本池基础保留
sz000703,000703.SZ,恒逸石化,化纤,涤纶,深交所,,1850808526.0,0.069,6,2000只样本池基础保留
sz000831,000831.SZ,中国稀土,小金属,稀土,深交所,,1765992076.0,0.069,2,2000只样本池基础保留
sh601995,601995.SH,中金公司,证券,证券,上交所,,430713810.0,0.069,2,2000只样本池基础保留
sh600760,600760.SH,中航沈飞,航空,航空装备,上交所,,1980170483.0,0.069,9,2000只样本池基础保留
sz000157,000157.SZ,中联重科,工程机械,工程机械整机,深交所,,1105788730.0,0.068,22,2000只样本池基础保留
sz002074,002074.SZ,国轩高科,电气设备,锂电池,深交所,,1920633630.0,0.068,16,2000只样本池基础保留
sh688702,688702.SH,盛科通信,半导体,集成电路设计,上交所,,2646143448.0,0.068,4,2000只样本池基础保留
sh688126,688126.SH,沪硅产业,半导体,半导体材料,上交所,,2576751280.0,0.068,2,2000只样本池基础保留
sz300661,300661.SZ,圣邦股份,半导体,集成电路设计,深交所,,1898278754.0,0.068,11,2000只样本池基础保留
sh601868,601868.SH,中国能建,建筑工程,基建工程,上交所,,7487027986.0,0.068,26,2000只样本池基础保留
sz300017,300017.SZ,网宿科技,软件服务,云基础设施服务,深交所,,3910671155.0,0.068,16,2000只样本池基础保留
sh603659,603659.SH,璞泰来,化工原料,电池化学品,上交所,,2964186433.0,0.067,13,2000只样本池基础保留
sz002126,002126.SZ,银轮股份,汽车配件,底盘与发动机系统,深交所,,1036283984.0,0.067,17,2000只样本池基础保留
sh601360,601360.SH,三六零,互联网,基础软件,上交所,,1843332353.0,0.067,28,2000只样本池基础保留
sh600221,600221.SH,海航控股,空运,航空运输,上交所,,2245094618.0,0.067,4,2000只样本池基础保留
sh601077,601077.SH,渝农商行,银行,农商行,上交所,,429809021.0,0.066,2,2000只样本池基础保留
sh600885,600885.SH,宏发股份,电气设备,输变电设备,上交所,,598913624.0,0.066,16,2000只样本池基础保留
sz300666,300666.SZ,江丰电子,半导体,半导体材料,深交所,,2982263055.0,0.066,8,2000只样本池基础保留
sh603893,603893.SH,瑞芯微,半导体,集成电路设计,上交所,,1489742220.0,0.066,19,2000只样本池基础保留
sz002422,002422.SZ,科伦药业,化学制药,化学制剂,深交所,,313861766.0,0.066,5,2000只样本池基础保留
sz000066,000066.SZ,中国长城,IT设备,其他IT设备,深交所,,15440406337.0,0.066,30,2000只样本池基础保留
sh600157,600157.SH,永泰能源,火力发电,火力发电,上交所,,2939762033.0,0.066,10,2000只样本池基础保留
sz002966,002966.SZ,苏州银行,银行,城商行,深交所,,163654333.0,0.065,0,2000只样本池基础保留
sh600498,600498.SH,烽火通信,通信设备,系统设备,上交所,,7638836414.0,0.065,28,2000只样本池基础保留
sz002080,002080.SZ,中材科技,玻璃,玻纤制造,深交所,,2485151592.0,0.064,15,2000只样本池基础保留
sh688037,688037.SH,芯源微,半导体,半导体设备,上交所,,1603958373.0,0.064,4,2000只样本池基础保留
sh600219,600219.SH,南山铝业,铝,铝,上交所,,1185890267.0,0.064,7,2000只样本池基础保留
sz002850,002850.SZ,科达利,电气设备,锂电池,深交所,,1422833157.0,0.063,9,2000只样本池基础保留
sh601058,601058.SH,赛轮轮胎,汽车配件,轮胎轮毂,上交所,,511704331.0,0.063,2,2000只样本池基础保留
sz002236,002236.SZ,大华股份,IT设备,安防设备,深交所,,718894672.0,0.063,47,2000只样本池基础保留
sz002428,002428.SZ,云南锗业,小金属,其他金属,深交所,,9698851966.0,0.063,8,2000只样本池基础保留
sh600392,600392.SH,盛和资源,小金属,稀土,上交所,,1689864944.0,0.063,2,2000只样本池基础保留
sh600115,600115.SH,中国东航,空运,航空运输,上交所,,1488664398.0,0.063,6,2000只样本池基础保留
sh600233,600233.SH,圆通速递,仓储物流,快递,上交所,,452121255.0,0.063,2,2000只样本池基础保留
sh600415,600415.SH,小商品城,商品城,商业物业经营,上交所,,1243177167.0,0.062,19,2000只样本池基础保留
sh603308,603308.SH,应流股份,机械基件,机械基础件,上交所,,1620224529.0,0.062,13,2000只样本池基础保留
sz300037,300037.SZ,新宙邦,化工原料,电池化学品,深交所,,2309810740.0,0.062,13,2000只样本池基础保留
sz003816,003816.SZ,中国广核,新型电力,核力发电,深交所,,606797237.0,0.062,7,2000只样本池基础保留
sz300339,300339.SZ,润和软件,软件服务,行业应用软件,深交所,,2857693992.0,0.062,38,2000只样本池基础保留
sh600026,600026.SH,中远海能,水运,航运,上交所,,2384266781.0,0.062,5,2000只样本池基础保留
sh600143,600143.SH,金发科技,塑料,改性塑料,上交所,,1929297219.0,0.062,22,2000只样本池基础保留
sz002128,002128.SZ,电投能源,煤炭开采,动力煤,深交所,,532397072.0,0.062,5,2000只样本池基础保留
sz300346,300346.SZ,南大光电,半导体,半导体材料,深交所,,2718062856.0,0.061,8,2000只样本池基础保留
sh688099,688099.SH,晶晨股份,半导体,集成电路设计,上交所,,2278283000.0,0.061,11,2000只样本池基础保留
sz300803,300803.SZ,指南针,软件服务,行业应用软件,深交所,,1517565233.0,0.061,3,2000只样本池基础保留
sz300620,300620.SZ,光库科技,通信设备,网络接配及塔设,深交所,,4300740175.0,0.061,12,2000只样本池基础保留
sh688027,688027.SH,国盾量子,通信设备,通信终端及配件,上交所,,1142081728.0,0.061,5,2000只样本池基础保留
sz002497,002497.SZ,雅化集团,小金属,锂,深交所,,1947689806.0,0.061,9,2000只样本池基础保留
sz002595,002595.SZ,豪迈科技,专用机械,其他专用设备,深交所,,437239369.0,0.06,2,2000只样本池基础保留
sh601877,601877.SH,正泰电器,电气设备,配电设备,上交所,,945222583.0,0.06,17,2000只样本池基础保留
sh600601,600601.SH,方正科技,元器件,PCB,上交所,,2450267660.0,0.06,8,2000只样本池基础保留
sh688469,688469.SH,芯联集成,半导体,半导体制造,上交所,,785215220.0,0.06,16,2000只样本池基础保留
sh601233,601233.SH,桐昆股份,化纤,涤纶,上交所,,933827381.0,0.06,1,2000只样本池基础保留
sz000301,000301.SZ,东方盛虹,化纤,涤纶,深交所,,304122074.0,0.06,6,2000只样本池基础保留
sz000960,000960.SZ,锡业股份,小金属,其他金属,深交所,,3234959073.0,0.06,1,2000只样本池基础保留
sh600330,600330.SH,天通股份,专用机械,其他专用设备,上交所,,5942398861.0,0.059,28,2000只样本池基础保留
sh603228,603228.SH,景旺电子,元器件,PCB,上交所,,2942300941.0,0.059,15,2000只样本池基础保留
sz300782,300782.SZ,卓胜微,半导体,集成电路设计,深交所,,2186234108.0,0.059,11,2000只样本池基础保留
sh600352,600352.SH,浙江龙盛,染料涂料,纺织化学品,上交所,,548882528.0,0.059,4,2000只样本池基础保留
sh601898,601898.SH,中煤能源,煤炭开采,动力煤,上交所,,645835211.0,0.059,3,2000只样本池基础保留
sz002185,002185.SZ,华天科技,半导体,半导体封测,深交所,,2516800813.0,0.058,12,2000只样本池基础保留
sh600460,600460.SH,士兰微,半导体,功率半导体,上交所,,1429787392.0,0.058,15,2000只样本池基础保留
sh688249,688249.SH,晶合集成,半导体,半导体制造,上交所,,1267727245.0,0.058,8,2000只样本池基础保留
sh600009,600009.SH,上海机场,机场,机场,上交所,,263765800.0,0.058,3,2000只样本池基础保留
sh688047,688047.SH,龙芯中科,半导体,集成电路设计,上交所,,2527956461.0,0.057,10,2000只样本池基础保留
sh688200,688200.SH,华峰测控,半导体,半导体设备,上交所,,781892729.0,0.057,3,2000只样本池基础保留
sh688036,688036.SH,传音控股,通信设备,品牌消费电子,上交所,,551299122.0,0.057,9,2000只样本池基础保留
sz002756,002756.SZ,永兴材料,小金属,锂,深交所,,1875291408.0,0.057,5,2000只样本池基础保留
sz002555,002555.SZ,三七互娱,互联网,游戏,深交所,,1217345564.0,0.057,13,2000只样本池基础保留
sz002736,002736.SZ,国信证券,证券,证券,深交所,,296186053.0,0.057,0,2000只样本池基础保留
sz002222,002222.SZ,福晶科技,元器件,光学元件,深交所,,5746127489.0,0.056,4,2000只样本池基础保留
sh600886,600886.SH,国投电力,水力发电,水力发电,上交所,,431902133.0,0.056,4,2000只样本池基础保留
sz000768,000768.SZ,中航西飞,航空,航空装备,深交所,,1758183961.0,0.056,6,2000只样本池基础保留
sz002487,002487.SZ,大金重工,电气设备,风电零部件,深交所,,1289383263.0,0.055,4,2000只样本池基础保留
sz000021,000021.SZ,深科技,元器件,消费电子组件,深交所,,2783560892.0,0.055,17,2000只样本池基础保留
sz002155,002155.SZ,湖南黄金,黄金,黄金,深交所,,1924695607.0,0.055,1,2000只样本池基础保留
sz002797,002797.SZ,第一创业,证券,证券,深交所,,1042972443.0,0.055,1,2000只样本池基础保留
sh601555,601555.SH,东吴证券,证券,证券,上交所,,473348725.0,0.055,1,2000只样本池基础保留
sh600839,600839.SH,四川长虹,家用电器,电视,上交所,,631412096.0,0.055,44,2000只样本池基础保留
sh601208,601208.SH,东材科技,化工原料,塑料薄膜,上交所,,5420876147.0,0.055,15,2000只样本池基础保留
sz002465,002465.SZ,海格通信,通信设备,军工电子,深交所,,2015431326.0,0.055,27,2000只样本池基础保留
sz001979,001979.SZ,招商蛇口,全国地产,住宅开发,深交所,,882210988.0,0.054,8,2000只样本池基础保留
sz300115,300115.SZ,长盈精密,元器件,消费电子组件,深交所,,3571574588.0,0.054,32,2000只样本池基础保留
sh600196,600196.SH,复星医药,化学制药,化学制剂,上交所,,482879013.0,0.054,17,2000只样本池基础保留
sh601117,601117.SH,中国化学,建筑工程,化学工程,上交所,,1121682693.0,0.054,9,2000只样本池基础保留
sz000547,000547.SZ,航天发展,通信设备,军工电子,深交所,,6484442306.0,0.054,25,2000只样本池基础保留
sh600372,600372.SH,中航机载,航空,航空装备,上交所,,943418669.0,0.054,13,2000只样本池基础保留
sh600011,600011.SH,华能国际,火力发电,火力发电,上交所,,944332719.0,0.053,8,2000只样本池基础保留
sh601186,601186.SH,中国铁建,建筑工程,基建工程,上交所,,286868848.0,0.053,10,2000只样本池基础保留
sz002920,002920.SZ,德赛西威,汽车配件,汽车电子电气系统,深交所,,913255488.0,0.053,9,2000只样本池基础保留
sz002517,002517.SZ,恺英网络,互联网,游戏,深交所,,1349873667.0,0.053,12,2000只样本池基础保留
sh601698,601698.SH,中国卫通,电信运营,航天装备,上交所,,5416600853.0,0.053,5,2000只样本池基础保留
sz300438,300438.SZ,鹏辉能源,电气设备,锂电池,深交所,,3662380302.0,0.052,17,2000只样本池基础保留
sh688195,688195.SH,腾景科技,元器件,光学元件,上交所,,2588600799.0,0.052,13,2000只样本池基础保留
sh688396,688396.SH,华润微,半导体,功率半导体,上交所,,1763803156.0,0.052,18,2000只样本池基础保留
sz300759,300759.SZ,康龙化成,化学制药,医疗研发外包,深交所,,1001913139.0,0.052,5,2000只样本池基础保留
sh600256,600256.SH,广汇能源,石油开采,石油贸易,上交所,,1020738282.0,0.052,7,2000只样本池基础保留
sh600884,600884.SH,杉杉股份,电气设备,电池化学品,上交所,,3598968756.0,0.051,21,2000只样本池基础保留
sz300919,300919.SZ,中伟新材,电气设备,电池化学品,深交所,,2090540155.0,0.051,15,2000只样本池基础保留
sh688019,688019.SH,安集科技,半导体,半导体材料,上交所,,1222627367.0,0.051,5,2000只样本池基础保留
sh600674,600674.SH,川投能源,水力发电,水力发电,上交所,,369090471.0,0.051,2,2000只样本池基础保留
sz002252,002252.SZ,上海莱士,生物制药,血液制品,深交所,,256565188.0,0.051,2,2000只样本池基础保留
sh600741,600741.SH,华域汽车,汽车配件,车身附件及饰件,上交所,,437308429.0,0.051,14,2000只样本池基础保留
sz300454,300454.SZ,深信服,软件服务,基础软件,深交所,,2917052255.0,0.051,16,2000只样本池基础保留
sh601788,601788.SH,光大证券,证券,证券,上交所,,408131527.0,0.051,1,2000只样本池基础保留
sh601901,601901.SH,方正证券,证券,证券,上交所,,364382346.0,0.051,0,2000只样本池基础保留
sh601066,601066.SH,中信建投,证券,证券,上交所,,356672264.0,0.051,3,2000只样本池基础保留
sz000893,000893.SZ,亚钾国际,农药化肥,钾肥,深交所,,958033058.0,0.051,3,2000只样本池基础保留
sh688122,688122.SH,西部超导,小金属,钛,上交所,,934921787.0,0.051,8,2000只样本池基础保留
sz002304,002304.SZ,洋河股份,白酒,白酒,深交所,,268067505.0,0.051,1,2000只样本池基础保留
sz300432,300432.SZ,富临精工,汽车配件,底盘与发动机系统,深交所,,1586289392.0,0.05,13,2000只样本池基础保留
sz002402,002402.SZ,和而泰,元器件,其他电子,深交所,,1468972420.0,0.05,23,2000只样本池基础保留
sz002456,002456.SZ,欧菲光,元器件,消费电子组件,深交所,,456960216.0,0.05,18,2000只样本池基础保留
sz000963,000963.SZ,华东医药,化学制药,化学制剂,深交所,,221780564.0,0.05,12,2000只样本池基础保留
sh603129,603129.SH,春风动力,摩托车,摩托车,上交所,,390628794.0,0.05,3,2000只样本池基础保留
sh600029,600029.SH,南方航空,空运,航空运输,上交所,,1223868717.0,0.05,2,2000只样本池基础保留
sh600895,600895.SH,张江高科,园区开发,产业地产,上交所,,757913387.0,0.049,10,2000只样本池基础保留
sh688017,688017.SH,绿的谐波,机械基件,机器人,上交所,,4189243596.0,0.049,5,2000只样本池基础保留
sz300567,300567.SZ,精测电子,电器仪表,仪器仪表,深交所,,1392213252.0,0.049,14,2000只样本池基础保留
sh601615,601615.SH,明阳智能,电气设备,风电整机,上交所,,2100255785.0,0.049,15,2000只样本池基础保留
sz002271,002271.SZ,东方雨虹,其他建材,防水材料,深交所,,742347301.0,0.049,16,2000只样本池基础保留
sz300285,300285.SZ,国瓷材料,陶瓷,其他化学制品,深交所,,1539318671.0,0.049,12,2000只样本池基础保留
sz002130,002130.SZ,沃尔核材,电气设备,其他电子,深交所,,954540794.0,0.049,21,2000只样本池基础保留
sz002294,002294.SZ,信立泰,化学制药,化学制剂,深交所,,1178332271.0,0.049,3,2000只样本池基础保留
sz300347,300347.SZ,泰格医药,医疗保健,医疗研发外包,深交所,,740313759.0,0.049,5,2000只样本池基础保留
sh600331,600331.SH,宏达股份,农药化肥,磷肥及磷化工,上交所,,1505470122.0,0.049,3,2000只样本池基础保留
sz000895,000895.SZ,双汇发展,食品,肉制品,深交所,,296468489.0,0.049,4,2000只样本池基础保留
sh601126,601126.SH,四方股份,电气设备,电网自动化,上交所,,2283679336.0,0.048,18,2000只样本池基础保留
sz300316,300316.SZ,晶盛机电,专用机械,光伏加工设备,深交所,,1312981117.0,0.048,10,2000只样本池基础保留
sz002129,002129.SZ,TCL中环,电气设备,光伏硅片,深交所,,769073184.0,0.048,8,2000只样本池基础保留
sz001389,001389.SZ,广合科技,元器件,PCB,深交所,,1442987486.0,0.048,14,2000只样本池基础保留
sz000661,000661.SZ,长春高新,生物制药,基因药物,深交所,,405488362.0,0.048,8,2000只样本池基础保留
sh600699,600699.SH,均胜电子,汽车配件,汽车电子电气系统,上交所,,2030188423.0,0.048,26,2000只样本池基础保留
sz000878,000878.SZ,云南铜业,铜,铜,深交所,,1269577086.0,0.048,2,2000只样本池基础保留
sh601881,601881.SH,中国银河,证券,证券,上交所,,451954688.0,0.048,2,2000只样本池基础保留
sz002601,002601.SZ,龙佰集团,化工原料,钛白粉,深交所,,453137498.0,0.048,8,2000只样本池基础保留
sz300012,300012.SZ,华测检测,电器仪表,检测服务,深交所,,458149041.0,0.048,28,2000只样本池基础保留
sh601665,601665.SH,齐鲁银行,银行,城商行,上交所,,244284623.0,0.047,0,2000只样本池基础保留
sz002176,002176.SZ,江特电机,小金属,锂,深交所,,3825469654.0,0.047,12,2000只样本池基础保留
sz300073,300073.SZ,当升科技,电气设备,电池化学品,深交所,,1337163830.0,0.047,14,2000只样本池基础保留
sz300672,300672.SZ,国科微,半导体,集成电路设计,深交所,,3563561432.0,0.047,16,2000只样本池基础保留
sh688183,688183.SH,生益电子,元器件,PCB,上交所,,2919077283.0,0.047,7,2000只样本池基础保留
sh601231,601231.SH,环旭电子,元器件,消费电子组件,上交所,,1767994739.0,0.047,14,2000只样本池基础保留
sz002138,002138.SZ,顺络电子,元器件,被动元件,深交所,,1315459546.0,0.047,18,2000只样本池基础保留
sh600733,600733.SH,北汽蓝谷,汽车整车,电动乘用车,上交所,,547551445.0,0.047,15,2000只样本池基础保留
sh600497,600497.SH,驰宏锌锗,铅锌,铅锌,上交所,,2179774358.0,0.047,4,2000只样本池基础保留
sh600141,600141.SH,兴发集团,农药化肥,磷肥及磷化工,上交所,,1349972386.0,0.047,11,2000只样本池基础保留
sz300762,300762.SZ,上海瀚讯,通信设备,军工电子,深交所,,2547040648.0,0.047,12,2000只样本池基础保留
sz000002,000002.SZ,万科A,全国地产,住宅开发,深交所,,443314476.0,0.046,7,2000只样本池基础保留
sh688223,688223.SH,晶科能源,电气设备,光伏电池组件,上交所,,2208613881.0,0.046,7,2000只样本池基础保留
sz300866,300866.SZ,安克创新,元器件,品牌消费电子,深交所,,727974299.0,0.046,10,2000只样本池基础保留
sh688235,688235.SH,百济神州,生物制药,其他生物制药,上交所,,1016486128.0,0.046,2,2000只样本池基础保留
sz300255,300255.SZ,常山药业,生物制药,其他生物制药,深交所,,934085429.0,0.046,5,2000只样本池基础保留
sh603306,603306.SH,华懋科技,汽车配件,车身附件及饰件,上交所,,2007076486.0,0.046,8,2000只样本池基础保留
sz002472,002472.SZ,双环传动,汽车配件,底盘与发动机系统,深交所,,1783196199.0,0.046,10,2000只样本池基础保留
sh688205,688205.SH,德科立,通信设备,网络接配及塔设,上交所,,2821910419.0,0.046,6,2000只样本池基础保留
sh688387,688387.SH,信科移动,通信设备,系统设备,上交所,,2174718207.0,0.046,17,2000只样本池基础保留
sz000783,000783.SZ,长江证券,证券,证券,深交所,,1589843114.0,0.046,0,2000只样本池基础保留
sh601108,601108.SH,财通证券,证券,证券,上交所,,448032616.0,0.046,1,2000只样本池基础保留
sh601878,601878.SH,浙商证券,证券,证券,上交所,,262832289.0,0.046,0,2000只样本池基础保留
sz300724,300724.SZ,捷佳伟创,专用机械,光伏加工设备,深交所,,1217884740.0,0.045,11,2000只样本池基础保留
sz000786,000786.SZ,北新建材,其他建材,其他建材,深交所,,295970603.0,0.045,6,2000只样本池基础保留
sz300677,300677.SZ,英科医疗,医疗保健,医疗耗材,深交所,,647306002.0,0.045,5,2000只样本池基础保留
sh605589,605589.SH,圣泉集团,化工原料,合成树脂,上交所,,1469006338.0,0.045,28,2000只样本池基础保留
sh603606,603606.SH,东方电缆,电气设备,线缆部件及其他,上交所,,1028675546.0,0.044,3,2000只样本池基础保留
sz002157,002157.SZ,正邦科技,农业综合,生猪养殖,深交所,,820312533.0,0.044,6,2000只样本池基础保留
sh688167,688167.SH,炬光科技,元器件,光学元件,上交所,,3834780889.0,0.044,15,2000只样本池基础保留
sh688220,688220.SH,翱捷科技,半导体,集成电路设计,上交所,,1741077809.0,0.044,16,2000只样本池基础保留
sh688536,688536.SH,思瑞浦,半导体,集成电路设计,上交所,,1593464919.0,0.044,9,2000只样本池基础保留
sh688385,688385.SH,复旦微电,半导体,集成电路设计,上交所,,1353403368.0,0.044,9,2000只样本池基础保留
sh601198,601198.SH,东兴证券,证券,证券,上交所,,157505433.0,0.044,0,2000只样本池基础保留
sz002414,002414.SZ,高德红外,电器仪表,军工电子,深交所,,1291819906.0,0.044,21,2000只样本池基础保留
sz300458,300458.SZ,全志科技,半导体,集成电路设计,深交所,,1623416185.0,0.043,24,2000只样本池基础保留
sh688141,688141.SH,杰华特,半导体,集成电路设计,上交所,,1324690125.0,0.043,9,2000只样本池基础保留
sz002821,002821.SZ,凯莱英,生物制药,医疗研发外包,深交所,,707915795.0,0.043,5,2000只样本池基础保留
sh688578,688578.SH,艾力斯,化学制药,抗体,上交所,,399976777.0,0.043,1,2000只样本池基础保留
sz000423,000423.SZ,东阿阿胶,中成药,中药,深交所,,307217481.0,0.043,3,2000只样本池基础保留
sh601633,601633.SH,长城汽车,汽车整车,综合乘用车,上交所,,267955109.0,0.043,11,2000只样本池基础保留
sh601800,601800.SH,中国交建,建筑工程,基建工程,上交所,,421623211.0,0.043,10,2000只样本池基础保留
sh600338,600338.SH,西藏珠峰,铅锌,铅锌,上交所,,3198268770.0,0.043,5,2000只样本池基础保留
sh601111,601111.SH,中国国航,空运,航空运输,上交所,,1443188842.0,0.043,2,2000只样本池基础保留
sh601162,601162.SH,天风证券,证券,证券,上交所,,418652031.0,0.043,1,2000只样本池基础保留
sh601099,601099.SH,太平洋,证券,证券,上交所,,345796515.0,0.043,0,2000只样本池基础保留
sz002429,002429.SZ,兆驰股份,家用电器,电视,深交所,,2558535238.0,0.043,20,2000只样本池基础保留
sh688629,688629.SH,华丰科技,元器件,军工电子,上交所,,3339477420.0,0.043,14,2000只样本池基础保留
sh601128,601128.SH,常熟银行,银行,农商行,上交所,,297542268.0,0.042,0,2000只样本池基础保留
sz002444,002444.SZ,巨星科技,轻工机械,其他通用设备,深交所,,783791197.0,0.042,9,2000只样本池基础保留
sh688676,688676.SH,金盘科技,电气设备,输变电设备,上交所,,1432468345.0,0.042,14,2000只样本池基础保留
sh688599,688599.SH,天合光能,电气设备,光伏电池组件,上交所,,790739751.0,0.042,17,2000只样本池基础保留
sz300373,300373.SZ,扬杰科技,半导体,功率半导体,深交所,,1585299804.0,0.042,22,2000只样本池基础保留
sz002409,002409.SZ,雅克科技,半导体,半导体材料,深交所,,1168558878.0,0.042,10,2000只样本池基础保留
sh688213,688213.SH,思特威,半导体,集成电路设计,上交所,,868494910.0,0.042,10,2000只样本池基础保留
sz301396,301396.SZ,宏景科技,软件服务,行业应用软件,深交所,,3673568163.0,0.042,21,2000只样本池基础保留
sz301236,301236.SZ,软通动力,软件服务,行业应用软件,深交所,,997714413.0,0.042,43,2000只样本池基础保留
sz002203,002203.SZ,海亮股份,铜,铜,深交所,,2043311928.0,0.042,10,2000只样本池基础保留
sz002078,002078.SZ,太阳纸业,造纸,大宗用纸,深交所,,317558870.0,0.042,2,2000只样本池基础保留
sh601577,601577.SH,长沙银行,银行,城商行,上交所,,175708763.0,0.041,0,2000只样本池基础保留
sh688630,688630.SH,芯碁微装,专用机械,其他专用设备,上交所,,1532540686.0,0.041,8,2000只样本池基础保留
sh688025,688025.SH,杰普特,专用机械,激光设备,上交所,,1387193018.0,0.041,13,2000只样本池基础保留
sz301511,301511.SZ,德福科技,电气设备,锂电池,深交所,,4279940234.0,0.041,13,2000只样本池基础保留
sz002245,002245.SZ,蔚蓝锂芯,电气设备,锂电池,深交所,,1630651768.0,0.041,16,2000只样本池基础保留
sh688766,688766.SH,普冉股份,半导体,集成电路设计,上交所,,1786417305.0,0.041,5,2000只样本池基础保留
sh688548,688548.SH,广钢气体,化工原料,半导体材料,上交所,,870644824.0,0.041,8,2000只样本池基础保留
sh600021,600021.SH,上海电力,火力发电,火力发电,上交所,,756375390.0,0.041,9,2000只样本池基础保留
sz002432,002432.SZ,九安医疗,医疗保健,家用器械,深交所,,2316180737.0,0.041,8,2000只样本池基础保留
sz000766,000766.SZ,通化金马,化学制药,化学制剂,深交所,,776574111.0,0.041,5,2000只样本池基础保留
sh600410,600410.SH,华胜天成,软件服务,其他云服务,上交所,,2317680614.0,0.041,30,2000只样本池基础保留
sh600588,600588.SH,用友网络,软件服务,云软件服务,上交所,,1233835431.0,0.041,21,2000只样本池基础保留
sh605376,605376.SH,博迁新材,小金属,镍,上交所,,1293759811.0,0.041,5,2000只样本池基础保留
sz000617,000617.SZ,中油资本,多元金融,金融控股,深交所,,820946305.0,0.041,8,2000只样本池基础保留
sh688169,688169.SH,石头科技,家用电器,清洁小家电,上交所,,1053837840.0,0.041,5,2000只样本池基础保留
sz300474,300474.SZ,景嘉微,元器件,军工电子,深交所,,789281067.0,0.041,13,2000只样本池基础保留
sz001203,001203.SZ,大中矿业,普钢,铁矿石,深交所,,1934069622.0,0.041,10,2000只样本池基础保留
sz300456,300456.SZ,赛微电子,半导体,半导体制造,深交所,,3077519207.0,0.04,22,2000只样本池基础保留
sz000981,000981.SZ,山子高科,汽车配件,底盘与发动机系统,深交所,,1182556351.0,0.04,14,2000只样本池基础保留
sz300496,300496.SZ,中科创达,软件服务,行业应用软件,深交所,,1145616291.0,0.04,40,2000只样本池基础保留
sh603979,603979.SH,金诚信,铜,铜,上交所,,790647360.0,0.04,3,2000只样本池基础保留
sh601021,601021.SH,春秋航空,空运,航空运输,上交所,,448788175.0,0.04,2,2000只样本池基础保留
sh600109,600109.SH,国金证券,证券,证券,上交所,,274085705.0,0.04,1,2000只样本池基础保留
sz300342,300342.SZ,天银机电,家用电器,家电零部件,深交所,,5213912125.0,0.04,9,2000只样本池基础保留
sz300806,300806.SZ,斯迪克,塑料,塑料薄膜,深交所,,1769973433.0,0.04,15,2000只样本池基础保留
sz002064,002064.SZ,华峰化学,化纤,氨纶,深交所,,481787954.0,0.04,2,2000只样本池基础保留
sz000683,000683.SZ,博源化工,化工原料,纯碱,深交所,,245220741.0,0.04,2,2000只样本池基础保留
sz000039,000039.SZ,中集集团,运输设备,金属制品,深交所,,729008214.0,0.039,26,2000只样本池基础保留
sh688388,688388.SH,嘉元科技,电气设备,锂电池,上交所,,1845606660.0,0.039,10,2000只样本池基础保留
sz300953,300953.SZ,震裕科技,电气设备,锂电池,深交所,,1712613613.0,0.039,10,2000只样本池基础保留
sz300763,300763.SZ,锦浪科技,电气设备,光伏逆变器,深交所,,1365361722.0,0.039,4,2000只样本池基础保留
sh603920,603920.SH,世运电路,元器件,PCB,上交所,,2467335107.0,0.039,25,2000只样本池基础保留
sh688052,688052.SH,纳芯微,半导体,集成电路设计,上交所,,645237342.0,0.039,11,2000只样本池基础保留
sz000155,000155.SZ,川能动力,新型电力,风力发电,深交所,,1473721231.0,0.039,8,2000只样本池基础保留
sh600023,600023.SH,浙能电力,火力发电,火力发电,上交所,,374336201.0,0.039,6,2000只样本池基础保留
sh688331,688331.SH,荣昌生物,生物制药,抗体,上交所,,1230605065.0,0.039,3,2000只样本池基础保留
sh688506,688506.SH,百利天恒,化学制药,化学制剂,上交所,,510912026.0,0.039,1,2000只样本池基础保留
sh688568,688568.SH,中科星图,软件服务,云平台服务,上交所,,1976973019.0,0.039,21,2000只样本池基础保留
sz002192,002192.SZ,融捷股份,小金属,锂,深交所,,4480914008.0,0.039,5,2000只样本池基础保留
sz002716,002716.SZ,湖南白银,小金属,白银,深交所,,2188543636.0,0.039,2,2000只样本池基础保留
sh601212,601212.SH,白银有色,铜,铜,上交所,,1180500162.0,0.039,5,2000只样本池基础保留
sz300748,300748.SZ,金力永磁,矿物制品,磁性材料,深交所,,1144360956.0,0.039,10,2000只样本池基础保留
sz002379,002379.SZ,宏桥控股,铝,铝,深交所,,650579754.0,0.039,0,2000只样本池基础保留
sz300383,300383.SZ,光环新网,软件服务,云基础设施服务,深交所,,1721350210.0,0.039,15,2000只样本池基础保留
sh601319,601319.SH,中国人保,保险,保险,上交所,,521812059.0,0.039,2,2000只样本池基础保留
sh603345,603345.SH,安井食品,食品,预加工食品,上交所,,713478339.0,0.039,3,2000只样本池基础保留
sh600298,600298.SH,安琪酵母,食品,调味品,上交所,,337248495.0,0.039,5,2000只样本池基础保留
sh600600,600600.SH,青岛啤酒,啤酒,啤酒,上交所,,323278819.0,0.039,2,2000只样本池基础保留
sh688627,688627.SH,精智达,专用机械,其他专用设备,上交所,,1294626391.0,0.038,7,2000只样本池基础保留
sh600499,600499.SH,科达制造,专用机械,其他专用设备,上交所,,739625207.0,0.038,11,2000只样本池基础保留
sz002335,002335.SZ,科华数据,电气设备,其他发电设备,深交所,,3290386097.0,0.038,25,2000只样本池基础保留
sz300568,300568.SZ,星源材质,化工原料,电池化学品,深交所,,2161752860.0,0.038,11,2000只样本池基础保留
sz300870,300870.SZ,欧陆通,电气设备,其他发电设备,深交所,,1313866505.0,0.038,11,2000只样本池基础保留
sh600577,600577.SH,精达股份,电气设备,线缆部件及其他,上交所,,805038966.0,0.038,13,2000只样本池基础保留
sh605358,605358.SH,立昂微,半导体,半导体材料,上交所,,2957602051.0,0.038,15,2000只样本池基础保留
sh603179,603179.SH,新泉股份,汽车配件,汽车电子电气系统,上交所,,3665310674.0,0.038,3,2000只样本池基础保留
sh688343,688343.SH,云天励飞,软件服务,行业应用软件,上交所,,1325380664.0,0.038,26,2000只样本池基础保留
sh601677,601677.SH,明泰铝业,铝,铝,上交所,,625467046.0,0.038,9,2000只样本池基础保留
sz003031,003031.SZ,中瓷电子,元器件,其他电子,深交所,,1997209085.0,0.038,14,2000只样本池基础保留
sh688375,688375.SH,国博电子,元器件,军工电子,上交所,,1201180665.0,0.038,12,2000只样本池基础保留
sz300972,300972.SZ,万辰集团,食品,零食,深交所,,364716059.0,0.037,3,2000只样本池基础保留
sz002459,002459.SZ,晶澳科技,电气设备,光伏电池组件,深交所,,900089662.0,0.037,12,2000只样本池基础保留
sh688472,688472.SH,阿特斯,电气设备,光伏电池组件,上交所,,873269511.0,0.037,9,2000只样本池基础保留
sz300001,300001.SZ,特锐德,电气设备,输变电设备,深交所,,692079496.0,0.037,24,2000只样本池基础保留
sh688234,688234.SH,天岳先进,半导体,半导体材料,上交所,,1408689553.0,0.037,6,2000只样本池基础保留
sh688180,688180.SH,君实生物,生物制药,抗体,上交所,,556176596.0,0.037,5,2000只样本池基础保留
sz000559,000559.SZ,万向钱潮,汽车配件,底盘与发动机系统,深交所,,3128763493.0,0.037,14,2000只样本池基础保留
sh600039,600039.SH,四川路桥,建筑工程,基建工程,上交所,,530109940.0,0.037,8,2000只样本池基础保留
sz000034,000034.SZ,神州数码,软件服务,其他云服务,深交所,,1515576086.0,0.037,31,2000只样本池基础保留
sz002405,002405.SZ,四维图新,软件服务,行业应用软件,深交所,,446736888.0,0.037,33,2000只样本池基础保留
sz002149,002149.SZ,西部材料,小金属,钛,深交所,,6866933024.0,0.037,11,2000只样本池基础保留
sh600259,600259.SH,中稀有色,小金属,稀土,上交所,,1268041139.0,0.037,4,2000只样本池基础保留
sh600595,600595.SH,中孚实业,铝,铝,上交所,,488854982.0,0.037,3,2000只样本池基础保留
sz300570,300570.SZ,太辰光,通信设备,网络接配及塔设,深交所,,6674421967.0,0.037,6,2000只样本池基础保留
sz300251,300251.SZ,光线传媒,影视音像,影视制作,深交所,,1030312443.0,0.037,9,2000只样本池基础保留
sz300409,300409.SZ,道氏技术,电气设备,电池化学品,深交所,,1290233437.0,0.036,20,2000只样本池基础保留
sh603256,603256.SH,宏和科技,玻璃,玻纤制造,上交所,,3505276009.0,0.036,6,2000只样本池基础保留
sz000592,000592.SZ,平潭发展,林业,林业,深交所,,2933287178.0,0.036,8,2000只样本池基础保留
sz300102,300102.SZ,乾照光电,半导体,LED,深交所,,2893195957.0,0.036,13,2000只样本池基础保留
sz300236,300236.SZ,上海新阳,半导体,半导体材料,深交所,,1353750255.0,0.036,5,2000只样本池基础保留
sz300142,300142.SZ,沃森生物,生物制药,疫苗,深交所,,1045269383.0,0.036,3,2000只样本池基础保留
sh603087,603087.SH,甘李药业,生物制药,基因药物,上交所,,275207071.0,0.036,3,2000只样本池基础保留
sz001267,001267.SZ,汇绿生态,通信设备,网络接配及塔设,深交所,,3465528735.0,0.036,6,2000只样本池基础保留
sh601618,601618.SH,中国中冶,建筑工程,其他专业工程,上交所,,275286553.0,0.036,11,2000只样本池基础保留
sh600536,600536.SH,中国软件,软件服务,行业应用软件,上交所,,1461886850.0,0.036,17,2000只样本池基础保留
sz000060,000060.SZ,中金岭南,铅锌,铅锌,深交所,,3436378637.0,0.036,5,2000只样本池基础保留
sz300364,300364.SZ,中文在线,出版业,其他出版,深交所,,2790986776.0,0.036,26,2000只样本池基础保留
sh601696,601696.SH,中银证券,证券,证券,上交所,,354511315.0,0.036,0,2000只样本池基础保留
sh600515,600515.SH,海南机场,机场,机场,上交所,,543517959.0,0.035,6,2000只样本池基础保留
sh601717,601717.SH,中创智领,专用机械,能源及重型设备,上交所,,305315479.0,0.035,10,2000只样本池基础保留
sz000636,000636.SZ,风华高科,元器件,被动元件,深交所,,2312385115.0,0.035,18,2000只样本池基础保留
sh603005,603005.SH,晶方科技,半导体,半导体封测,上交所,,1181753489.0,0.035,13,2000只样本池基础保留
sh688617,688617.SH,惠泰医疗,医疗保健,医疗耗材,上交所,,273403493.0,0.035,1,2000只样本池基础保留
sz002085,002085.SZ,万丰奥威,汽车配件,轮胎轮毂,深交所,,467505661.0,0.035,16,2000只样本池基础保留
sh601777,601777.SH,千里科技,摩托车,摩托车,上交所,,408063082.0,0.035,8,2000只样本池基础保留
sz300170,300170.SZ,汉得信息,软件服务,云平台服务,深交所,,3030901496.0,0.035,32,2000只样本池基础保留
sh603516,603516.SH,淳中科技,IT设备,其他IT设备,上交所,,1172287695.0,0.035,11,2000只样本池基础保留
sz002378,002378.SZ,章源钨业,小金属,钨钼,深交所,,2538595148.0,0.035,3,2000只样本池基础保留
sh600637,600637.SH,东方明珠,影视音像,广播电视,上交所,,816324931.0,0.035,13,2000只样本池基础保留
sz002624,002624.SZ,完美世界,互联网,游戏,深交所,,672408448.0,0.035,13,2000只样本池基础保留
sh603369,603369.SH,今世缘,白酒,白酒,上交所,,490668651.0,0.035,1,2000只样本池基础保留
sz002318,002318.SZ,久立特材,特种钢,特钢,深交所,,367386058.0,0.035,4,2000只样本池基础保留
sh603063,603063.SH,禾望电气,电气设备,风电零部件,上交所,,1781113567.0,0.034,6,2000只样本池基础保留
sz002506,002506.SZ,协鑫集成,电气设备,光伏电池组件,深交所,,1410906664.0,0.034,13,2000只样本池基础保留
sh603806,603806.SH,福斯特,塑料,光伏辅材,上交所,,1153388844.0,0.034,11,2000只样本池基础保留
sh600732,600732.SH,爱旭股份,电气设备,光伏电池组件,上交所,,521497469.0,0.034,7,2000只样本池基础保留
sz000876,000876.SZ,新 希 望,饲料,畜禽饲料,深交所,,209024222.0,0.034,4,2000只样本池基础保留
sh688372,688372.SH,伟测科技,半导体,半导体封测,上交所,,1681310765.0,0.034,6,2000只样本池基础保留
sz002484,002484.SZ,江海股份,元器件,被动元件,深交所,,1394025203.0,0.034,8,2000只样本池基础保留
sh688608,688608.SH,恒玄科技,半导体,集成电路设计,上交所,,816868134.0,0.034,8,2000只样本池基础保留
sh688409,688409.SH,富创精密,半导体,半导体设备,上交所,,734978583.0,0.034,3,2000只样本池基础保留
sh600027,600027.SH,华电国际,火力发电,火力发电,上交所,,602447922.0,0.034,7,2000只样本池基础保留
sz002653,002653.SZ,海思科,化学制药,化学制剂,深交所,,431813885.0,0.034,3,2000只样本池基础保留
sh603929,603929.SH,亚翔集成,装修装饰,其他专业工程,上交所,,800586860.0,0.034,3,2000只样本池基础保留
sz300738,300738.SZ,奥飞数据,软件服务,云基础设施服务,深交所,,1909849100.0,0.034,20,2000只样本池基础保留
sh600060,600060.SH,海信视像,家用电器,电视,上交所,,260225736.0,0.034,17,2000只样本池基础保留
sz002025,002025.SZ,航天电器,元器件,军工电子,深交所,,1724237975.0,0.034,17,2000只样本池基础保留
sz302132,302132.SZ,中航成飞,航空,军工电子,深交所,,954170479.0,0.034,12,2000只样本池基础保留
sz000983,000983.SZ,山西焦煤,煤炭开采,炼焦煤,深交所,,473033571.0,0.034,1,2000只样本池基础保留
sh600208,600208.SH,衢州发展,全国地产,住宅开发,上交所,,2652628516.0,0.033,12,2000只样本池基础保留
sz000564,000564.SZ,供销大集,百货,百货,深交所,,464099483.0,0.033,12,2000只样本池基础保留
sh688333,688333.SH,铂力特,机械基件,其他通用设备,上交所,,1100674907.0,0.033,13,2000只样本池基础保留
sz301377,301377.SZ,鼎泰高科,机械基件,金属制品,深交所,,982921930.0,0.033,6,2000只样本池基础保留
sh603699,603699.SH,纽威股份,机械基件,机械基础件,上交所,,665519733.0,0.033,7,2000只样本池基础保留
sz301217,301217.SZ,铜冠铜箔,元器件,铜,深交所,,3997675672.0,0.033,6,2000只样本池基础保留
sh603629,603629.SH,利通电子,元器件,消费电子组件,上交所,,6150146182.0,0.033,10,2000只样本池基础保留
sh688266,688266.SH,泽璟制药,生物制药,其他生物制药,上交所,,337811992.0,0.033,2,2000只样本池基础保留
sz300832,300832.SZ,新产业,医疗保健,诊断试剂,深交所,,229028608.0,0.033,2,2000只样本池基础保留
sh600085,600085.SH,同仁堂,中成药,中药,上交所,,140385125.0,0.033,4,2000只样本池基础保留
sh601607,601607.SH,上海医药,医药商业,医药流通,上交所,,134263289.0,0.033,6,2000只样本池基础保留
sh603596,603596.SH,伯特利,汽车配件,底盘与发动机系统,上交所,,623039408.0,0.033,10,2000只样本池基础保留
sh603766,603766.SH,隆鑫通用,摩托车,摩托车,上交所,,236321539.0,0.033,8,2000只样本池基础保留
sh600845,600845.SH,宝信软件,软件服务,行业应用软件,上交所,,876716631.0,0.033,18,2000只样本池基础保留
sz301269,301269.SZ,华大九天,半导体,集成电路设计,深交所,,772943152.0,0.033,6,2000只样本池基础保留
sz000158,000158.SZ,常山北明,软件服务,行业应用软件,深交所,,618579767.0,0.033,32,2000只样本池基础保留
sz002180,002180.SZ,奔图科技,IT设备,其他IT设备,深交所,,288503675.0,0.033,12,2000只样本池基础保留
sh601958,601958.SH,金钼股份,小金属,钨钼,上交所,,808686105.0,0.033,3,2000只样本池基础保留
sz001965,001965.SZ,招商公路,路桥,高速公路,深交所,,90781287.0,0.033,7,2000只样本池基础保留
sz300002,300002.SZ,神州泰岳,互联网,游戏,深交所,,527448980.0,0.033,27,2000只样本池基础保留
sz002673,002673.SZ,西部证券,证券,证券,深交所,,156150092.0,0.033,0,2000只样本池基础保留
sz000728,000728.SZ,国元证券,证券,证券,深交所,,154940573.0,0.033,0,2000只样本池基础保留
sh600918,600918.SH,中泰证券,证券,证券,上交所,,127179859.0,0.033,0,2000只样本池基础保留
sz000830,000830.SZ,鲁西化工,化工原料,煤化工,深交所,,471338488.0,0.033,6,2000只样本池基础保留
sh600873,600873.SH,梅花生物,食品,调味品,上交所,,335323889.0,0.033,4,2000只样本池基础保留
sz300699,300699.SZ,光威复材,化纤,碳纤维,深交所,,957773635.0,0.033,15,2000只样本池基础保留
sh600186,600186.SH,莲花控股,食品,调味品,上交所,,3394675769.0,0.033,9,2000只样本池基础保留
sh603156,603156.SH,养元饮品,软饮料,软饮料,上交所,,569221947.0,0.033,1,2000只样本池基础保留
sh601699,601699.SH,潞安环能,煤炭开采,炼焦煤,上交所,,456039189.0,0.033,0,2000只样本池基础保留
sz300024,300024.SZ,机器人,专用机械,机器人,深交所,,784012527.0,0.032,20,2000只样本池基础保留
sh600869,600869.SH,远东股份,电气设备,线缆部件及其他,上交所,,1607527942.0,0.032,38,2000只样本池基础保留
sh688390,688390.SH,固德威,电气设备,光伏逆变器,上交所,,1118359561.0,0.032,5,2000只样本池基础保留
sz300131,300131.SZ,英唐智控,元器件,其他电子,深交所,,2816737138.0,0.032,21,2000只样本池基础保留
sz301611,301611.SZ,珂玛科技,半导体,半导体材料,深交所,,1700013547.0,0.032,7,2000只样本池基础保留
sh601778,601778.SH,晶科科技,新型电力,光伏发电,上交所,,3722284663.0,0.032,12,2000只样本池基础保留
sh600803,600803.SH,新奥股份,供气供热,燃气,上交所,,166409538.0,0.032,6,2000只样本池基础保留
sh688166,688166.SH,博瑞医药,化学制药,原料药,上交所,,941298144.0,0.032,6,2000只样本池基础保留
sz300003,300003.SZ,乐普医疗,医疗保健,医疗耗材,深交所,,352082841.0,0.032,14,2000只样本池基础保留
sh600518,600518.SH,康美药业,中成药,中药,上交所,,266349741.0,0.032,5,2000只样本池基础保留
sz301550,301550.SZ,斯菱智驱,汽车配件,轮胎轮毂,深交所,,2049676577.0,0.032,4,2000只样本池基础保留
sz002065,002065.SZ,东华软件,软件服务,行业应用软件,深交所,,834113187.0,0.032,44,2000只样本池基础保留
sh600100,600100.SH,同方股份,IT设备,其他IT设备,上交所,,832338497.0,0.032,40,2000只样本池基础保留
sh600388,600388.SH,龙净环保,环境保护,环保设备,上交所,,222635913.0,0.032,11,2000只样本池基础保留
sh601020,601020.SH,华钰矿业,铅锌,铅锌,上交所,,1104856637.0,0.032,2,2000只样本池基础保留
sh688668,688668.SH,鼎通科技,通信设备,网络接配及塔设,上交所,,1242780662.0,0.032,8,2000只样本池基础保留
sz300628,300628.SZ,亿联网络,通信设备,通信终端及配件,深交所,,342181124.0,0.032,6,2000只样本池基础保留
sh603067,603067.SH,振华股份,化工原料,无机盐,上交所,,1604916918.0,0.032,6,2000只样本池基础保留
sh600378,600378.SH,昊华科技,化工原料,氟化工,上交所,,608645864.0,0.032,16,2000只样本池基础保留
sh601216,601216.SH,君正集团,化工原料,氯碱,上交所,,386447471.0,0.032,9,2000只样本池基础保留
sz300065,300065.SZ,海兰信,船舶,航海装备,深交所,,2730108312.0,0.032,16,2000只样本池基础保留
sz000729,000729.SZ,燕京啤酒,啤酒,啤酒,深交所,,491137542.0,0.032,0,2000只样本池基础保留
sh600348,600348.SH,华阳股份,煤炭开采,炼焦煤,上交所,,505100583.0,0.032,8,2000只样本池基础保留
sh600641,600641.SH,先导基电,半导体,半导体材料,上交所,,1451034743.0,0.031,7,2000只样本池基础保留
sz000400,000400.SZ,许继电气,电气设备,电网自动化,深交所,,843644989.0,0.031,18,2000只样本池基础保留
sh600312,600312.SH,平高电气,电气设备,输变电设备,上交所,,663160432.0,0.031,12,2000只样本池基础保留
sz301526,301526.SZ,国际复材,玻璃,玻纤制造,深交所,,3055218021.0,0.031,10,2000只样本池基础保留
sh600177,600177.SH,雅戈尔,服饰,非运动服装,上交所,,157463536.0,0.031,5,2000只样本池基础保留
sh603160,603160.SH,汇顶科技,半导体,集成电路设计,上交所,,348532014.0,0.031,20,2000只样本池基础保留
sh600930,600930.SH,华电新能,新型电力,风力发电,上交所,,1321960331.0,0.031,9,2000只样本池基础保留
sz300122,300122.SZ,智飞生物,生物制药,疫苗,深交所,,351680419.0,0.031,6,2000只样本池基础保留
sz000623,000623.SZ,吉林敖东,中成药,中药,深交所,,212076993.0,0.031,9,2000只样本池基础保留
sh603119,603119.SH,浙江荣泰,汽车配件,其他汽车零部件,上交所,,3133382062.0,0.031,8,2000只样本池基础保留
sz002410,002410.SZ,广联达,软件服务,云软件服务,深交所,,512786398.0,0.031,10,2000只样本池基础保留
sh603588,603588.SH,高能环境,环境保护,固废治理,上交所,,860875585.0,0.031,8,2000只样本池基础保留
sz000688,000688.SZ,国城矿业,铅锌,铅锌,深交所,,1593805959.0,0.031,5,2000只样本池基础保留
sh603077,603077.SH,和邦生物,化工原料,纯碱,上交所,,488483522.0,0.031,13,2000只样本池基础保留
sz002151,002151.SZ,北斗星通,通信设备,军工电子,深交所,,1509046957.0,0.031,21,2000只样本池基础保留
sh601997,601997.SH,贵阳银行,银行,城商行,上交所,,186447685.0,0.03,0,2000只样本池基础保留
sh601933,601933.SH,永辉超市,超市连锁,超市及便利店,上交所,,324243976.0,0.03,8,2000只样本池基础保留
sz000811,000811.SZ,冰轮环境,工程机械,制冷空调设备,深交所,,1104856005.0,0.03,24,2000只样本池基础保留
sh600114,600114.SH,东睦股份,机械基件,金属制品,上交所,,551003199.0,0.03,19,2000只样本池基础保留
sh688005,688005.SH,容百科技,电气设备,电池化学品,上交所,,1974648218.0,0.03,8,2000只样本池基础保留
sh688503,688503.SH,聚和材料,电气设备,光伏辅材,上交所,,1244472085.0,0.03,12,2000只样本池基础保留
sh600363,600363.SH,联创光电,元器件,其他电子,上交所,,955759136.0,0.03,12,2000只样本池基础保留
sh688018,688018.SH,乐鑫科技,半导体,集成电路设计,上交所,,837539828.0,0.03,9,2000只样本池基础保留
sz002015,002015.SZ,协鑫能科,新型电力,电能综合服务,深交所,,3011936090.0,0.03,21,2000只样本池基础保留
sh600025,600025.SH,华能水电,水力发电,水力发电,上交所,,285569767.0,0.03,4,2000只样本池基础保留
sh600642,600642.SH,申能股份,火力发电,火力发电,上交所,,247309383.0,0.03,8,2000只样本池基础保留
sz002223,002223.SZ,鱼跃医疗,医疗保健,家用器械,深交所,,327397897.0,0.03,7,2000只样本池基础保留
sz000999,000999.SZ,华润三九,中成药,中药,深交所,,295893102.0,0.03,5,2000只样本池基础保留
sh601799,601799.SH,星宇股份,汽车配件,车身附件及饰件,上交所,,1140450081.0,0.03,8,2000只样本池基础保留
sz000967,000967.SZ,盈峰环境,环境保护,环保设备,深交所,,4995303523.0,0.03,16,2000只样本池基础保留
sz300627,300627.SZ,华测导航,通信设备,其他通信设备,深交所,,466528610.0,0.03,14,2000只样本池基础保留
sh601975,601975.SH,招商南油,水运,航运,上交所,,2266203391.0,0.03,1,2000只样本池基础保留
sh603444,603444.SH,吉比特,互联网,游戏,上交所,,734629798.0,0.03,3,2000只样本池基础保留
sz000415,000415.SZ,渤海租赁,多元金融,租赁,深交所,,379855792.0,0.03,3,2000只样本池基础保留
sz000750,000750.SZ,国海证券,证券,证券,深交所,,145856345.0,0.03,0,2000只样本池基础保留
sh600486,600486.SH,扬农化工,农药化肥,农药,上交所,,465433245.0,0.03,3,2000只样本池基础保留
sh688065,688065.SH,凯赛生物,化工原料,有机化工原料,上交所,,272778443.0,0.03,3,2000只样本池基础保留
sz002413,002413.SZ,雷科防务,通信设备,军工电子,深交所,,2320969268.0,0.03,24,2000只样本池基础保留
sh600765,600765.SH,中航重机,航空,航空装备,上交所,,552291961.0,0.03,12,2000只样本池基础保留
sz000596,000596.SZ,古井贡酒,白酒,白酒,深交所,,259344494.0,0.03,2,2000只样本池基础保留
sz300896,300896.SZ,爱美客,医疗保健,医美耗材,深交所,,386980428.0,0.03,3,2000只样本池基础保留
sh603667,603667.SH,五洲新春,机械基件,机械基础件,上交所,,2887365873.0,0.029,12,2000只样本池基础保留
sz300083,300083.SZ,创世纪,机床制造,机床制造,深交所,,2254927665.0,0.029,24,2000只样本池基础保留
sh688778,688778.SH,厦钨新能,电气设备,电池化学品,上交所,,784152637.0,0.029,6,2000只样本池基础保留
sz300999,300999.SZ,金龙鱼,食品,粮油加工,深交所,,222266469.0,0.029,2,2000只样本池基础保留
sz002044,002044.SZ,美年健康,医疗保健,医院,深交所,,2394719803.0,0.029,14,2000只样本池基础保留
sh603127,603127.SH,昭衍新药,医疗保健,医疗研发外包,上交所,,957500629.0,0.029,5,2000只样本池基础保留
sh600521,600521.SH,华海药业,化学制药,化学制剂,上交所,,327808220.0,0.029,4,2000只样本池基础保留
sh600166,600166.SH,福田汽车,汽车整车,商用载货车,上交所,,635965573.0,0.029,16,2000只样本池基础保留
sz300811,300811.SZ,铂科新材,矿物制品,磁性材料,深交所,,769486717.0,0.029,11,2000只样本池基础保留
sh600061,600061.SH,国投资本,证券,证券,上交所,,233371125.0,0.029,2,2000只样本池基础保留
sh600909,600909.SH,华安证券,证券,证券,上交所,,195723064.0,0.029,0,2000只样本池基础保留
sh600369,600369.SH,西南证券,证券,证券,上交所,,141116952.0,0.029,0,2000只样本池基础保留
sh600862,600862.SH,中航高科,航空,航空装备,上交所,,636183475.0,0.029,11,2000只样本池基础保留
sz000629,000629.SZ,钒钛股份,小金属,其他金属,深交所,,676756268.0,0.029,6,2000只样本池基础保留
sz300769,300769.SZ,德方纳米,化工原料,电池化学品,深交所,,3938063876.0,0.028,5,2000只样本池基础保留
sh603026,603026.SH,石大胜华,化工原料,电池化学品,上交所,,2653743482.0,0.028,5,2000只样本池基础保留
sz300118,300118.SZ,东方日升,电气设备,光伏电池组件,深交所,,1419398456.0,0.028,9,2000只样本池基础保留
sz002249,002249.SZ,大洋电机,电气设备,电机制造,深交所,,939043817.0,0.028,16,2000只样本池基础保留
sh600737,600737.SH,中粮糖业,食品,制糖业,上交所,,581013156.0,0.028,1,2000只样本池基础保留
sh600201,600201.SH,生物股份,农业综合,动物保健,上交所,,468342699.0,0.028,4,2000只样本池基础保留
sh600206,600206.SH,有研新材,半导体,半导体材料,上交所,,3077748789.0,0.028,9,2000只样本池基础保留
sz300088,300088.SZ,长信科技,元器件,光学元件,深交所,,1025536845.0,0.028,23,2000只样本池基础保留
sh688519,688519.SH,南亚新材,元器件,PCB,上交所,,994595294.0,0.028,6,2000只样本池基础保留
sh600171,600171.SH,上海贝岭,半导体,集成电路设计,上交所,,471498986.0,0.028,15,2000只样本池基础保留
sh601016,601016.SH,节能风电,新型电力,风力发电,上交所,,3585932538.0,0.028,3,2000只样本池基础保留
sz000875,000875.SZ,电投绿能,火力发电,电能综合服务,深交所,,432607994.0,0.028,12,2000只样本池基础保留
sz000534,000534.SZ,万泽股份,生物制药,其他生物制药,深交所,,1236603466.0,0.028,5,2000只样本池基础保留
sh601611,601611.SH,中国核建,建筑工程,基建工程,上交所,,568397924.0,0.028,9,2000只样本池基础保留
sh688158,688158.SH,优刻得,软件服务,云基础设施服务,上交所,,2028330741.0,0.028,25,2000只样本池基础保留
sh688188,688188.SH,柏楚电子,专用机械,工业控制设备,上交所,,615014733.0,0.028,6,2000只样本池基础保留
sz000762,000762.SZ,西藏矿业,小金属,锂,深交所,,2441847797.0,0.028,7,2000只样本池基础保留
sh688102,688102.SH,斯瑞新材,铜,铜,上交所,,1933655450.0,0.028,12,2000只样本池基础保留
sh603876,603876.SH,鼎胜新材,铝,铝,上交所,,1785862891.0,0.028,5,2000只样本池基础保留
sh600153,600153.SH,建发股份,仓储物流,供应链服务,上交所,,218056580.0,0.028,9,2000只样本池基础保留
sh601059,601059.SH,信达证券,证券,证券,上交所,,104408566.0,0.028,0,2000只样本池基础保留
sh601990,601990.SH,南京证券,证券,证券,上交所,,96686561.0,0.028,1,2000只样本池基础保留
sz002683,002683.SZ,广东宏大,化工原料,民爆制品,深交所,,898114927.0,0.028,9,2000只样本池基础保留
sz300487,300487.SZ,蓝晓科技,化工原料,合成树脂,深交所,,255707883.0,0.028,11,2000只样本池基础保留
sz000738,000738.SZ,航发控制,航空,航空装备,深交所,,1230652682.0,0.028,6,2000只样本池基础保留
sz000733,000733.SZ,振华科技,元器件,军工电子,深交所,,725957591.0,0.028,14,2000只样本池基础保留
sh601001,601001.SH,晋控煤业,煤炭开采,动力煤,上交所,,327274786.0,0.028,1,2000只样本池基础保留
sz000932,000932.SZ,华菱钢铁,普钢,板材,深交所,,240978864.0,0.028,3,2000只样本池基础保留
sz002565,002565.SZ,顺灏股份,造纸,纸包装,深交所,,4565289252.0,0.028,9,2000只样本池基础保留
sh600773,600773.SH,西藏城投,区域地产,住宅开发,上交所,,1327008212.0,0.027,5,2000只样本池基础保留
sh601106,601106.SH,中国一重,工程机械,能源及重型设备,上交所,,577721354.0,0.027,10,2000只样本池基础保留
sz000528,000528.SZ,柳工,工程机械,工程机械整机,深交所,,372249365.0,0.027,9,2000只样本池基础保留
sh688516,688516.SH,奥特维,专用机械,光伏加工设备,上交所,,1210339719.0,0.027,11,2000只样本池基础保留
sz000009,000009.SZ,中国宝安,电气设备,电池化学品,深交所,,257371973.0,0.027,26,2000只样本池基础保留
sh600398,600398.SH,海澜之家,服饰,非运动服装,上交所,,318739046.0,0.027,6,2000只样本池基础保留
sz000062,000062.SZ,深圳华强,元器件,其他电子,深交所,,3261794173.0,0.027,17,2000只样本池基础保留
sh688123,688123.SH,聚辰股份,半导体,集成电路设计,上交所,,1494673661.0,0.027,12,2000只样本池基础保留
sh688322,688322.SH,奥比中光,元器件,光学元件,上交所,,1286588245.0,0.027,17,2000只样本池基础保留
sh688127,688127.SH,蓝特光学,元器件,光学元件,上交所,,987334513.0,0.027,8,2000只样本池基础保留
sh600563,600563.SH,法拉电子,元器件,被动元件,上交所,,655290188.0,0.027,11,2000只样本池基础保留
sz300655,300655.SZ,晶瑞电材,半导体,半导体材料,深交所,,578662967.0,0.027,7,2000只样本池基础保留
sh601991,601991.SH,大唐发电,火力发电,火力发电,上交所,,6675181861.0,0.027,7,2000只样本池基础保留
sh605090,605090.SH,九丰能源,供气供热,燃气,上交所,,934398032.0,0.027,13,2000只样本池基础保留
sz002007,002007.SZ,华兰生物,生物制药,血液制品,深交所,,167706759.0,0.027,4,2000只样本池基础保留
sh600332,600332.SH,白云山,中成药,中药,上交所,,151704514.0,0.027,6,2000只样本池基础保留
sh601238,601238.SH,广汽集团,汽车整车,综合乘用车,上交所,,112446461.0,0.027,20,2000只样本池基础保留
sz300085,300085.SZ,银之杰,软件服务,行业应用软件,深交所,,1444170855.0,0.027,15,2000只样本池基础保留
sh688208,688208.SH,道通科技,IT设备,其他IT设备,上交所,,316159465.0,0.027,15,2000只样本池基础保留
sh600323,600323.SH,瀚蓝环境,环境保护,固废治理,上交所,,208042873.0,0.027,10,2000只样本池基础保留
sz000969,000969.SZ,安泰科技,小金属,其他金属新材料,深交所,,684866690.0,0.027,27,2000只样本池基础保留
sh603881,603881.SH,数据港,软件服务,云基础设施服务,上交所,,2626185218.0,0.027,10,2000只样本池基础保留
sh600704,600704.SH,物产中大,仓储物流,供应链服务,上交所,,229588008.0,0.027,11,2000只样本池基础保留
sz002400,002400.SZ,省广集团,广告包装,互联网广告,深交所,,1346580789.0,0.027,21,2000只样本池基础保留
sh600901,600901.SH,江苏金租,多元金融,非货币银行,上交所,,280502349.0,0.027,1,2000只样本池基础保留
sz002361,002361.SZ,神剑股份,化工原料,合成树脂,深交所,,7547372005.0,0.027,13,2000只样本池基础保留
sz000973,000973.SZ,佛塑科技,塑料,塑料薄膜,深交所,,1534270526.0,0.027,11,2000只样本池基础保留
sz002326,002326.SZ,永太科技,化工原料,氟化工,深交所,,1226721590.0,0.027,7,2000只样本池基础保留
sh603379,603379.SH,三美股份,化工原料,氟化工,上交所,,418051713.0,0.027,4,2000只样本池基础保留
sh603260,603260.SH,合盛硅业,化工原料,有机硅,上交所,,386394832.0,0.027,4,2000只样本池基础保留
sh603225,603225.SH,新凤鸣,化纤,涤纶,上交所,,321157088.0,0.027,2,2000只样本池基础保留
sh600316,600316.SH,洪都航空,航空,航空装备,上交所,,613915721.0,0.027,8,2000只样本池基础保留
sh600985,600985.SH,淮北矿业,煤炭开采,炼焦煤,上交所,,274253967.0,0.027,3,2000只样本池基础保留
sh600516,600516.SH,方大炭素,矿物制品,冶钢辅料,上交所,,323264372.0,0.027,11,2000只样本池基础保留
sh600246,600246.SH,万通发展,区域地产,住宅开发,上交所,,1408379226.0,0.026,10,2000只样本池基础保留
sz002342,002342.SZ,巨力索具,机械基件,金属制品,深交所,,7619006550.0,0.026,13,2000只样本池基础保留
sz002759,002759.SZ,天际股份,电气设备,电池化学品,深交所,,2740037485.0,0.026,5,2000只样本池基础保留
sh600110,600110.SH,诺德股份,电气设备,锂电池,上交所,,1867905896.0,0.026,13,2000只样本池基础保留
sh605196,605196.SH,华通线缆,电气设备,线缆部件及其他,上交所,,588785655.0,0.026,4,2000只样本池基础保留
sz002056,002056.SZ,横店东磁,电气设备,光伏电池组件,深交所,,451003919.0,0.026,18,2000只样本池基础保留
sz300184,300184.SZ,力源信息,元器件,其他电子,深交所,,1885747783.0,0.026,31,2000只样本池基础保留
sz002841,002841.SZ,视源股份,元器件,品牌消费电子,深交所,,169519845.0,0.026,16,2000只样本池基础保留
sh603392,603392.SH,万泰生物,生物制药,疫苗,上交所,,498406029.0,0.026,4,2000只样本池基础保留
sh600589,600589.SH,大位科技,软件服务,云基础设施服务,上交所,,4296947897.0,0.026,6,2000只样本池基础保留
sz300253,300253.SZ,卫宁健康,软件服务,行业应用软件,深交所,,1922795963.0,0.026,18,2000只样本池基础保留
sh688692,688692.SH,达梦数据,软件服务,基础软件,上交所,,1303186910.0,0.026,4,2000只样本池基础保留
sh600583,600583.SH,海油工程,石油开采,油气工程,上交所,,236860409.0,0.026,13,2000只样本池基础保留
sz000603,000603.SZ,盛达资源,铅锌,白银,深交所,,1318042306.0,0.026,2,2000只样本池基础保留
sz301205,301205.SZ,联特科技,通信设备,网络接配及塔设,深交所,,2973063921.0,0.026,5,2000只样本池基础保留
sh600986,600986.SH,浙文互联,互联网,互联网广告,上交所,,1746017172.0,0.026,21,2000只样本池基础保留
sz300182,300182.SZ,捷成股份,影视音像,影视制作,深交所,,998824884.0,0.026,22,2000只样本池基础保留
sz002739,002739.SZ,儒意电影,影视音像,发行院线,深交所,,240362904.0,0.026,8,2000只样本池基础保留
sh601456,601456.SH,国联民生,证券,证券,上交所,,190799277.0,0.026,2,2000只样本池基础保留
sh603486,603486.SH,科沃斯,家用电器,清洁小家电,上交所,,773678120.0,0.026,4,2000只样本池基础保留
sh603688,603688.SH,石英股份,矿物制品,非金属材料,上交所,,2966501492.0,0.026,4,2000只样本池基础保留
sz002430,002430.SZ,杭氧股份,化工机械,其他专用设备,深交所,,677363846.0,0.026,11,2000只样本池基础保留
sz002545,002545.SZ,东方铁塔,农药化肥,钾肥,深交所,,619157680.0,0.026,5,2000只样本池基础保留
sz002389,002389.SZ,航天彩虹,航空,航空装备,深交所,,960598409.0,0.026,14,2000只样本池基础保留
sh600435,600435.SH,北方导航,专用机械,地面兵装,上交所,,461413267.0,0.026,6,2000只样本池基础保留
sz000708,000708.SZ,中信特钢,特种钢,特钢,深交所,,228387825.0,0.026,7,2000只样本池基础保留
sz002611,002611.SZ,东方精工,轻工机械,印刷包装机械,深交所,,1623761508.0,0.025,19,2000只样本池基础保留
sz300776,300776.SZ,帝尔激光,专用机械,光伏加工设备,深交所,,1527627958.0,0.025,14,2000只样本池基础保留
sh600151,600151.SH,航天机电,汽车配件,光伏电池组件,上交所,,1085787485.0,0.025,7,2000只样本池基础保留
sz300035,300035.SZ,中科电气,电气设备,电池化学品,深交所,,718897131.0,0.025,9,2000只样本池基础保留
sh688303,688303.SH,大全能源,电气设备,光伏硅料,上交所,,422174683.0,0.025,3,2000只样本池基础保留
sh600801,600801.SH,华新建材,水泥,水泥制造,上交所,,368682336.0,0.025,3,2000只样本池基础保留
sz300903,300903.SZ,科翔股份,元器件,PCB,深交所,,2696270728.0,0.025,24,2000只样本池基础保留
sh688082,688082.SH,盛美上海,半导体,半导体设备,上交所,,1125533049.0,0.025,4,2000只样本池基础保留
sz300623,300623.SZ,捷捷微电,半导体,功率半导体,深交所,,979685518.0,0.025,9,2000只样本池基础保留
sz002947,002947.SZ,恒铭达,元器件,消费电子组件,深交所,,924439369.0,0.025,12,2000只样本池基础保留
sh600863,600863.SH,华能蒙电,火力发电,火力发电,上交所,,470143193.0,0.025,4,2000只样本池基础保留
sz002617,002617.SZ,露笑科技,电气设备,线缆部件及其他,深交所,,411764290.0,0.025,14,2000只样本池基础保留
sz300199,300199.SZ,翰宇药业,化学制药,化学制剂,深交所,,759158872.0,0.025,19,2000只样本池基础保留
sh688301,688301.SH,奕瑞科技,医疗保健,医疗设备,上交所,,274849506.0,0.025,1,2000只样本池基础保留
sz002536,002536.SZ,飞龙股份,汽车配件,底盘与发动机系统,深交所,,2071180807.0,0.025,16,2000只样本池基础保留
sh600170,600170.SH,上海建工,建筑工程,房屋建设,上交所,,451035833.0,0.025,22,2000只样本池基础保留
sz300469,300469.SZ,信息发展,软件服务,行业应用软件,深交所,,804717940.0,0.025,19,2000只样本池基础保留
sh688327,688327.SH,云从科技,软件服务,行业应用软件,上交所,,564987080.0,0.025,30,2000只样本池基础保留
sz002152,002152.SZ,广电运通,IT设备,其他IT设备,深交所,,310260897.0,0.025,37,2000只样本池基础保留
sh603568,603568.SH,伟明环保,环境保护,固废治理,上交所,,115062800.0,0.025,9,2000只样本池基础保留
sz300139,300139.SZ,晓程科技,黄金,黄金,深交所,,2032309145.0,0.025,6,2000只样本池基础保留
sz002171,002171.SZ,楚江新材,铜,铜,深交所,,400785380.0,0.025,22,2000只样本池基础保留
sh603236,603236.SH,移远通信,通信设备,通信终端及配件,上交所,,485558673.0,0.025,33,2000只样本池基础保留
sh601018,601018.SH,宁波港,港口,港口,上交所,,284844147.0,0.025,3,2000只样本池基础保留
sz301171,301171.SZ,易点天下,互联网,互联网广告,深交所,,6654581899.0,0.025,20,2000只样本池基础保留
sz300459,300459.SZ,汤姆猫,互联网,游戏,深交所,,956697030.0,0.025,28,2000只样本池基础保留
sz300413,300413.SZ,芒果超媒,影视音像,视频音频媒体,深交所,,349819510.0,0.025,24,2000只样本池基础保留
sz300773,300773.SZ,拉卡拉,软件服务,其他金融服务,深交所,,975627576.0,0.025,15,2000只样本池基础保留
sz002939,002939.SZ,长城证券,证券,证券,深交所,,142478316.0,0.025,0,2000只样本池基础保留
sz000422,000422.SZ,湖北宜化,农药化肥,磷肥及磷化工,深交所,,815527363.0,0.025,6,2000只样本池基础保留
sz000519,000519.SZ,中兵红箭,专用机械,地面兵装,深交所,,591250419.0,0.025,9,2000只样本池基础保留
sh603816,603816.SH,顾家家居,家居用品,家具,上交所,,357861596.0,0.025,4,2000只样本池基础保留
sh603605,603605.SH,珀莱雅,日用化工,化妆品,上交所,,201274220.0,0.025,2,2000只样本池基础保留
sh688531,688531.SH,日联科技,专用机械,其他专用设备,上交所,,1770015114.0,0.024,13,2000只样本池基础保留
sz002046,002046.SZ,国机精工,机械基件,机械基础件,深交所,,1104179615.0,0.024,19,2000只样本池基础保留
sh603298,603298.SH,杭叉集团,工程机械,工程机械整机,上交所,,552939516.0,0.024,6,2000只样本池基础保留
sh603338,603338.SH,浙江鼎力,工程机械,工程机械整机,上交所,,456136425.0,0.024,4,2000只样本池基础保留
sz001696,001696.SZ,宗申动力,摩托车,其他通用设备,深交所,,408844162.0,0.024,16,2000只样本池基础保留
sz002364,002364.SZ,中恒电气,电气设备,其他发电设备,深交所,,2069846980.0,0.024,21,2000只样本池基础保留
sh600550,600550.SH,保变电气,电气设备,输变电设备,上交所,,824489139.0,0.024,9,2000只样本池基础保留
sh601567,601567.SH,三星电气,电气设备,配电设备,上交所,,639569849.0,0.024,14,2000只样本池基础保留
sz300657,300657.SZ,弘信电子,元器件,PCB,深交所,,2559578649.0,0.024,32,2000只样本池基础保留
sz300398,300398.SZ,飞凯材料,化工原料,半导体材料,深交所,,2480351004.0,0.024,10,2000只样本池基础保留
sz301486,301486.SZ,致尚科技,元器件,消费电子组件,深交所,,1938357694.0,0.024,16,2000只样本池基础保留
sh688362,688362.SH,甬矽电子,半导体,半导体封测,上交所,,787289269.0,0.024,6,2000只样本池基础保留
sz300296,300296.SZ,利亚德,元器件,LED,深交所,,768134259.0,0.024,30,2000只样本池基础保留
sz301536,301536.SZ,星宸科技,半导体,集成电路设计,深交所,,665415293.0,0.024,23,2000只样本池基础保留
sh600995,600995.SH,南网储能,水力发电,水力发电,上交所,,559393012.0,0.024,6,2000只样本池基础保留
sz000591,000591.SZ,太阳能,新型电力,光伏发电,深交所,,523463695.0,0.024,10,2000只样本池基础保留
sz002603,002603.SZ,以岭药业,中成药,中药,深交所,,360248976.0,0.024,9,2000只样本池基础保留
sh603939,603939.SH,益丰药房,医药商业,线下药店,上交所,,282850454.0,0.024,2,2000只样本池基础保留
sh600161,600161.SH,天坛生物,生物制药,血液制品,上交所,,157411236.0,0.024,2,2000只样本池基础保留
sz301005,301005.SZ,超捷股份,汽车配件,其他汽车零部件,深交所,,2568038668.0,0.024,18,2000只样本池基础保留
sz000887,000887.SZ,中鼎股份,汽车配件,其他汽车零部件,深交所,,589962071.0,0.024,21,2000只样本池基础保留
sh603778,603778.SH,国晟科技,电气设备,光伏电池组件,上交所,,2049282197.0,0.024,8,2000只样本池基础保留
sh600667,600667.SH,太极实业,半导体,半导体封测,上交所,,1403204224.0,0.024,6,2000只样本池基础保留
sz300166,300166.SZ,东方国信,软件服务,行业应用软件,深交所,,3944720509.0,0.024,42,2000只样本池基础保留
sh600602,600602.SH,云赛智联,软件服务,云基础设施服务,上交所,,1069578956.0,0.024,23,2000只样本池基础保留
sz000997,000997.SZ,新 大 陆,IT设备,其他IT设备,深交所,,942314080.0,0.024,27,2000只样本池基础保留
sz002266,002266.SZ,浙富控股,环境保护,固废治理,深交所,,1399229524.0,0.024,13,2000只样本池基础保留
sh600961,600961.SH,株冶集团,铅锌,铅锌,上交所,,2746720288.0,0.024,1,2000只样本池基础保留
sz002237,002237.SZ,恒邦股份,黄金,黄金,深交所,,588308792.0,0.024,4,2000只样本池基础保留
sz002792,002792.SZ,通宇通讯,通信设备,网络接配及塔设,深交所,,3530055576.0,0.024,20,2000只样本池基础保留
sh600018,600018.SH,上港集团,港口,港口,上交所,,296994372.0,0.024,8,2000只样本池基础保留
sh601000,601000.SH,唐山港,港口,港口,上交所,,195277342.0,0.024,2,2000只样本池基础保留
sz002926,002926.SZ,华西证券,证券,证券,深交所,,103013504.0,0.024,0,2000只样本池基础保留
sh600155,600155.SH,华创云信,证券,证券,上交所,,102105811.0,0.024,3,2000只样本池基础保留
sh600546,600546.SH,山煤国际,煤炭开采,动力煤,上交所,,475733931.0,0.024,4,2000只样本池基础保留
sh601918,601918.SH,新集能源,煤炭开采,动力煤,上交所,,362717605.0,0.024,3,2000只样本池基础保留
sz000723,000723.SZ,美锦能源,焦炭加工,焦炭加工,深交所,,259464791.0,0.024,9,2000只样本池基础保留
sz002831,002831.SZ,裕同科技,广告包装,纸包装,深交所,,641776695.0,0.024,5,2000只样本池基础保留
sz002958,002958.SZ,青农商行,银行,农商行,深交所,,115623752.0,0.023,0,2000只样本池基础保留
sh601155,601155.SH,新城控股,区域地产,住宅开发,上交所,,273536079.0,0.023,4,2000只样本池基础保留
sh603613,603613.SH,国联股份,互联网,产联网平台服务,上交所,,575700424.0,0.023,12,2000只样本池基础保留
sh600343,600343.SH,航天动力,机械基件,其他通用设备,上交所,,2541415764.0,0.023,8,2000只样本池基础保留
sh688400,688400.SH,凌云光,专用机械,其他专用设备,上交所,,1761661578.0,0.023,22,2000只样本池基础保留
sh688257,688257.SH,新锐股份,机械基件,金属制品,上交所,,761999081.0,0.023,2,2000只样本池基础保留
sh688009,688009.SH,中国通号,运输设备,轨交设备,上交所,,196617290.0,0.023,6,2000只样本池基础保留
sh688063,688063.SH,派能科技,电气设备,锂电池,上交所,,1137195594.0,0.023,9,2000只样本池基础保留
sz002270,002270.SZ,华明装备,电气设备,输变电设备,深交所,,747280923.0,0.023,6,2000只样本池基础保留
sh688717,688717.SH,艾罗能源,电气设备,光伏逆变器,上交所,,677774744.0,0.023,4,2000只样本池基础保留
sz001301,001301.SZ,尚太科技,电气设备,电池化学品,深交所,,373978718.0,0.023,2,2000只样本池基础保留
sh601636,601636.SH,旗滨集团,玻璃,玻璃制造,上交所,,925072614.0,0.023,3,2000只样本池基础保留
sz002385,002385.SZ,大北农,饲料,畜禽饲料,深交所,,169875653.0,0.023,9,2000只样本池基础保留
sz300077,300077.SZ,国民技术,半导体,集成电路设计,深交所,,2100197061.0,0.023,29,2000只样本池基础保留
sh605111,605111.SH,新洁能,半导体,功率半导体,上交所,,1697100307.0,0.023,13,2000只样本池基础保留
sz300679,300679.SZ,电连技术,元器件,消费电子组件,深交所,,1246725193.0,0.023,12,2000只样本池基础保留
sh603061,603061.SH,金海通,半导体,半导体设备,上交所,,677899160.0,0.023,1,2000只样本池基础保留
sz002139,002139.SZ,拓邦股份,元器件,其他电子,深交所,,278816973.0,0.023,31,2000只样本池基础保留
sz300049,300049.SZ,福瑞医科,医疗保健,医疗设备,深交所,,835041002.0,0.023,5,2000只样本池基础保留
sz300558,300558.SZ,贝达药业,化学制药,化学制剂,深交所,,566383988.0,0.023,4,2000只样本池基础保留
sh600763,600763.SH,通策医疗,医疗保健,医院,上交所,,309826696.0,0.023,3,2000只样本池基础保留
sz002262,002262.SZ,恩华药业,化学制药,化学制剂,深交所,,258006936.0,0.023,4,2000只样本池基础保留
sz000901,000901.SZ,航天科技,汽车配件,汽车电子电气系统,深交所,,1653802317.0,0.023,15,2000只样本池基础保留
sh688615,688615.SH,合合信息,软件服务,行业应用软件,上交所,,1506324253.0,0.023,9,2000只样本池基础保留
sz300277,300277.SZ,汽轮科技,机械基件,其他通用设备,深交所,,531265686.0,0.023,3,2000只样本池基础保留
sh600008,600008.SH,首创环保,水务,水务,上交所,,286766740.0,0.023,13,2000只样本池基础保留
sz000962,000962.SZ,东方钽业,小金属,其他金属,深交所,,866672484.0,0.023,11,2000只样本池基础保留
sz000737,000737.SZ,北方铜业,铜,铜,深交所,,842332199.0,0.023,3,2000只样本池基础保留
sz300315,300315.SZ,掌趣科技,互联网,游戏,深交所,,552719048.0,0.023,9,2000只样本池基础保留
sz000987,000987.SZ,越秀资本,多元金融,金融控股,深交所,,387957665.0,0.023,7,2000只样本池基础保留
sh603650,603650.SH,彤程新材,化工原料,橡胶助剂,上交所,,713066659.0,0.023,8,2000只样本池基础保留
sz002895,002895.SZ,川恒股份,化工原料,磷肥及磷化工,深交所,,323117004.0,0.023,6,2000只样本池基础保留
sh601606,601606.SH,长城军工,专用机械,地面兵装,上交所,,682844645.0,0.023,4,2000只样本池基础保留
sh600685,600685.SH,中船防务,船舶,航海装备,上交所,,682203518.0,0.023,11,2000只样本池基础保留
sh600562,600562.SH,国睿科技,通信设备,军工电子,上交所,,306326684.0,0.023,17,2000只样本池基础保留
sh600132,600132.SH,重庆啤酒,啤酒,啤酒,上交所,,214178854.0,0.023,0,2000只样本池基础保留
sh600282,600282.SH,南钢股份,普钢,板材,上交所,,311303949.0,0.023,10,2000只样本池基础保留
sz002948,002948.SZ,青岛银行,银行,城商行,深交所,,245772354.0,0.022,3,2000只样本池基础保留
sz002031,002031.SZ,巨轮智能,汽车配件,其他专用设备,深交所,,1554179127.0,0.022,8,2000只样本池基础保留
sh688187,688187.SH,时代电气,运输设备,轨交设备,上交所,,304230935.0,0.022,19,2000只样本池基础保留
sz002865,002865.SZ,钧达股份,电气设备,光伏电池组件,深交所,,2869644188.0,0.022,8,2000只样本池基础保留
sz300827,300827.SZ,上能电气,电气设备,光伏逆变器,深交所,,971322878.0,0.022,8,2000只样本池基础保留
sh688116,688116.SH,天奈科技,化工原料,电池化学品,上交所,,482327320.0,0.022,8,2000只样本池基础保留
sh603737,603737.SH,三棵树,染料涂料,涂料,上交所,,155675219.0,0.022,5,2000只样本池基础保留
sz002636,002636.SZ,金安国纪,元器件,PCB,深交所,,2206105522.0,0.022,1,2000只样本池基础保留
sz300303,300303.SZ,聚飞光电,半导体,LED,深交所,,1770365147.0,0.022,16,2000只样本池基础保留
sh688146,688146.SH,中船特气,半导体,半导体材料,上交所,,1356125559.0,0.022,6,2000只样本池基础保留
sh688800,688800.SH,瑞可达,元器件,其他电子,上交所,,1334304744.0,0.022,19,2000只样本池基础保留
sz002426,002426.SZ,胜利精密,元器件,消费电子组件,深交所,,689329905.0,0.022,13,2000只样本池基础保留
sz000833,000833.SZ,粤桂股份,综合类,综合类,深交所,,1649136216.0,0.022,7,2000只样本池基础保留
sz300765,300765.SZ,新诺威,食品,保健品,深交所,,322697804.0,0.022,3,2000只样本池基础保留
sh688114,688114.SH,华大智造,医疗保健,医疗设备,上交所,,309648335.0,0.022,5,2000只样本池基础保留
sh600998,600998.SH,九州通,医药商业,医药流通,上交所,,152185213.0,0.022,15,2000只样本池基础保留
sz002048,002048.SZ,宁波华翔,汽车配件,车身附件及饰件,深交所,,1208790544.0,0.022,10,2000只样本池基础保留
sz000951,000951.SZ,中国重汽,汽车整车,商用载货车,深交所,,291350877.0,0.022,8,2000只样本池基础保留
sh600820,600820.SH,隧道股份,建筑工程,基建工程,上交所,,120474598.0,0.022,17,2000只样本池基础保留
sh600301,600301.SH,华锡有色,小金属,其他金属,上交所,,1035542661.0,0.022,1,2000只样本池基础保留
sz000612,000612.SZ,焦作万方,铝,铝,深交所,,620254786.0,0.022,1,2000只样本池基础保留
sh600490,600490.SH,鹏欣资源,铜,铜,上交所,,470698134.0,0.022,6,2000只样本池基础保留
sz002092,002092.SZ,中泰化学,化工原料,氯碱,深交所,,503700978.0,0.022,8,2000只样本池基础保留
sz002539,002539.SZ,云图控股,农药化肥,复合肥,深交所,,292005464.0,0.022,6,2000只样本池基础保留
sz002607,002607.SZ,中公教育,文教休闲,教育培训,深交所,,442107040.0,0.022,8,2000只样本池基础保留
sz300777,300777.SZ,中简科技,化纤,碳纤维,深交所,,806802064.0,0.022,6,2000只样本池基础保留
sh600038,600038.SH,中直股份,航空,航空装备,上交所,,376476535.0,0.022,7,2000只样本池基础保留
sh600872,600872.SH,中炬高新,食品,调味品,上交所,,383290832.0,0.022,2,2000只样本池基础保留
sh601666,601666.SH,平煤股份,煤炭开采,炼焦煤,上交所,,255130221.0,0.022,1,2000只样本池基础保留
sz301018,301018.SZ,申菱环境,专用机械,制冷空调设备,深交所,,1424239443.0,0.021,18,2000只样本池基础保留
sz300747,300747.SZ,锐科激光,专用机械,激光设备,深交所,,914861732.0,0.021,16,2000只样本池基础保留
sz300257,300257.SZ,开山股份,机械基件,其他通用设备,深交所,,629277232.0,0.021,7,2000只样本池基础保留
sz300201,300201.SZ,海伦哲,工程机械,工程机械整机,深交所,,433612984.0,0.021,12,2000只样本池基础保留
sh601399,601399.SH,国机重装,工程机械,能源及重型设备,上交所,,385196557.0,0.021,13,2000只样本池基础保留
sh603728,603728.SH,鸣志电器,电气设备,电机制造,上交所,,886518209.0,0.021,7,2000只样本池基础保留
sh688779,688779.SH,五矿新能,电气设备,电池化学品,上交所,,609961126.0,0.021,9,2000只样本池基础保留
sz300850,300850.SZ,新强联,机械基件,风电零部件,深交所,,602001300.0,0.021,4,2000只样本池基础保留
sz300593,300593.SZ,新雷能,电气设备,其他发电设备,深交所,,483821282.0,0.021,7,2000只样本池基础保留
sh600072,600072.SH,中船科技,电气设备,风电零部件,上交所,,444378439.0,0.021,9,2000只样本池基础保留
sh603601,603601.SH,再升科技,玻璃,玻纤制造,上交所,,4621896225.0,0.021,10,2000只样本池基础保留
sh601118,601118.SH,海南橡胶,橡胶,其他种植业,上交所,,601914844.0,0.021,6,2000只样本池基础保留
sh603290,603290.SH,斯达半导,半导体,功率半导体,上交所,,971796533.0,0.021,10,2000只样本池基础保留
sh688172,688172.SH,燕东微,半导体,功率半导体,上交所,,715097886.0,0.021,4,2000只样本池基础保留
sh688652,688652.SH,京仪装备,半导体,半导体设备,上交所,,660452096.0,0.021,3,2000只样本池基础保留
sh688538,688538.SH,和辉光电,半导体,面板,上交所,,214569451.0,0.021,5,2000只样本池基础保留
sh600821,600821.SH,金开新能,新型电力,光伏发电,上交所,,1761924871.0,0.021,7,2000只样本池基础保留
sz002317,002317.SZ,众生药业,中成药,中药,深交所,,920665827.0,0.021,11,2000只样本池基础保留
sz300573,300573.SZ,兴齐眼药,化学制药,化学制剂,深交所,,425992814.0,0.021,1,2000只样本池基础保留
sh603301,603301.SH,振德医疗,医疗保健,医疗耗材,上交所,,148049069.0,0.021,2,2000只样本池基础保留
sh600529,600529.SH,山东药玻,医疗保健,医疗耗材,上交所,,105975586.0,0.021,0,2000只样本池基础保留
sh600380,600380.SH,健康元,化学制药,化学制剂,上交所,,103423801.0,0.021,11,2000只样本池基础保留
sh600970,600970.SH,中材国际,建筑工程,国际工程,上交所,,491676231.0,0.021,7,2000只样本池基础保留
sz301316,301316.SZ,慧博云通,软件服务,行业应用软件,深交所,,1090819755.0,0.021,28,2000只样本池基础保留
sz300229,300229.SZ,拓尔思,软件服务,行业应用软件,深交所,,810436157.0,0.021,29,2000只样本池基础保留
sz300468,300468.SZ,四方精创,软件服务,行业应用软件,深交所,,507582874.0,0.021,13,2000只样本池基础保留
sh601519,601519.SH,大智慧,软件服务,行业应用软件,上交所,,383484541.0,0.021,5,2000只样本池基础保留
sh603619,603619.SH,中曼石油,石油开采,油田服务,上交所,,544375420.0,0.021,3,2000只样本池基础保留
sh600531,600531.SH,豫光金铅,铅锌,铅锌,上交所,,1465391092.0,0.021,3,2000只样本池基础保留
sz002396,002396.SZ,星网锐捷,通信设备,系统设备,深交所,,1240501902.0,0.021,22,2000只样本池基础保留
sh601880,601880.SH,辽港股份,港口,港口,上交所,,306343915.0,0.021,7,2000只样本池基础保留
sz300113,300113.SZ,顺网科技,互联网,游戏,深交所,,1189697773.0,0.021,22,2000只样本池基础保留
sz000917,000917.SZ,电广传媒,广告包装,其他广告营销,深交所,,368444658.0,0.021,9,2000只样本池基础保留
sz000686,000686.SZ,东北证券,证券,证券,深交所,,149075288.0,0.021,0,2000只样本池基础保留
sz002500,002500.SZ,山西证券,证券,证券,深交所,,95103747.0,0.021,1,2000只样本池基础保留
sz002290,002290.SZ,禾盛新材,家用电器,家电零部件,深交所,,1150626988.0,0.021,5,2000只样本池基础保留
sz002312,002312.SZ,川发龙蟒,化工原料,磷肥及磷化工,深交所,,336063896.0,0.021,3,2000只样本池基础保留
sz002145,002145.SZ,钛能化学,化工原料,钛白粉,深交所,,210655384.0,0.021,6,2000只样本池基础保留
sz300144,300144.SZ,宋城演艺,旅游景点,旅游景区,深交所,,131664683.0,0.021,8,2000只样本池基础保留
sh688297,688297.SH,中无人机,航空,航空装备,上交所,,629708601.0,0.021,6,2000只样本池基础保留
sh600967,600967.SH,内蒙一机,运输设备,地面兵装,上交所,,468420170.0,0.021,21,2000只样本池基础保留
sz002969,002969.SZ,嘉美包装,广告包装,金属包装,深交所,,1806205229.0,0.021,1,2000只样本池基础保留
sh603195,603195.SH,公牛集团,家用电器,其他家居,上交所,,293301351.0,0.021,7,2000只样本池基础保留
sz002244,002244.SZ,滨江集团,区域地产,住宅开发,深交所,,749335347.0,0.02,5,2000只样本池基础保留
sz300503,300503.SZ,昊志机电,机械基件,机械基础件,深交所,,2131993517.0,0.02,15,2000只样本池基础保留
sz300499,300499.SZ,高澜股份,专用机械,其他专用设备,深交所,,1525261853.0,0.02,19,2000只样本池基础保留
sz002747,002747.SZ,埃斯顿,机械基件,机器人,深交所,,1080288696.0,0.02,12,2000只样本池基础保留
sz301200,301200.SZ,大族数控,专用机械,其他专用设备,深交所,,904161647.0,0.02,5,2000只样本池基础保留
sh688559,688559.SH,海目星,专用机械,激光设备,上交所,,559130611.0,0.02,17,2000只样本池基础保留
sz002498,002498.SZ,汉缆股份,电气设备,线缆部件及其他,深交所,,1640220203.0,0.02,12,2000只样本池基础保留
sz300693,300693.SZ,盛弘股份,电气设备,其他发电设备,深交所,,1384591783.0,0.02,8,2000只样本池基础保留
sh688275,688275.SH,万润新能,电气设备,电池化学品,上交所,,1262459151.0,0.02,7,2000只样本池基础保留
sz300005,300005.SZ,探路者,服饰,运动服装,深交所,,559050744.0,0.02,17,2000只样本池基础保留
sh600598,600598.SH,北大荒,种植业,粮食种植,上交所,,337330313.0,0.02,6,2000只样本池基础保留
sz002299,002299.SZ,圣农发展,农业综合,肉鸡养殖,深交所,,233985014.0,0.02,3,2000只样本池基础保留
sh600707,600707.SH,彩虹股份,元器件,面板,上交所,,1878436197.0,0.02,3,2000只样本池基础保留
sh600666,600666.SH,奥瑞德,元器件,半导体材料,上交所,,1466354375.0,0.02,10,2000只样本池基础保留
sh603738,603738.SH,泰晶科技,元器件,被动元件,上交所,,930097985.0,0.02,20,2000只样本池基础保留
sh600552,600552.SH,凯盛科技,元器件,面板,上交所,,864473508.0,0.02,14,2000只样本池基础保留
sz002922,002922.SZ,伊戈尔,电气设备,输变电设备,深交所,,779699399.0,0.02,10,2000只样本池基础保留
sh688484,688484.SH,南芯科技,半导体,集成电路设计,上交所,,673394498.0,0.02,14,2000只样本池基础保留
sh600877,600877.SH,电科芯片,半导体,集成电路设计,上交所,,491291930.0,0.02,17,2000只样本池基础保留
sz000690,000690.SZ,宝新能源,火力发电,火力发电,深交所,,873172072.0,0.02,4,2000只样本池基础保留
sz300676,300676.SZ,华大基因,医疗保健,诊断服务,深交所,,689531622.0,0.02,11,2000只样本池基础保留
sz000513,000513.SZ,丽珠集团,化学制药,化学制剂,深交所,,298631558.0,0.02,9,2000只样本池基础保留
sh600329,600329.SH,达仁堂,中成药,中药,上交所,,136027165.0,0.02,3,2000只样本池基础保留
sz000628,000628.SZ,高新发展,建筑工程,房屋建设,深交所,,1078642129.0,0.02,14,2000只样本池基础保留
sz300766,300766.SZ,每日互动,互联网,行业应用软件,深交所,,1133300312.0,0.02,21,2000只样本池基础保留
sh600728,600728.SH,佳都科技,软件服务,行业应用软件,上交所,,222259225.0,0.02,26,2000只样本池基础保留
sz000970,000970.SZ,中科三环,矿物制品,磁性材料,深交所,,287689147.0,0.02,8,2000只样本池基础保留
sz000070,000070.SZ,特发信息,通信设备,光纤光缆,深交所,,3327161389.0,0.02,33,2000只样本池基础保留
sz002491,002491.SZ,通鼎互联,通信设备,光纤光缆,深交所,,2361947009.0,0.02,8,2000只样本池基础保留
sz002115,002115.SZ,三维通信,互联网,互联网广告,深交所,,2165812394.0,0.02,17,2000只样本池基础保留
sz300353,300353.SZ,东土科技,通信设备,其他通信设备,深交所,,426595273.0,0.02,39,2000只样本池基础保留
sz000582,000582.SZ,北部湾港,港口,港口,深交所,,1369663229.0,0.02,10,2000只样本池基础保留
sh600428,600428.SH,中远海特,水运,航运,上交所,,424130605.0,0.02,4,2000只样本池基础保留
sz002120,002120.SZ,韵达股份,仓储物流,快递,深交所,,337894595.0,0.02,6,2000只样本池基础保留
sz300133,300133.SZ,华策影视,影视音像,影视制作,深交所,,1705695533.0,0.02,24,2000只样本池基础保留
sh600816,600816.SH,建元信托,多元金融,信托,上交所,,501298941.0,0.02,0,2000只样本池基础保留
sh600120,600120.SH,浙江东方,多元金融,金融控股,上交所,,241352589.0,0.02,2,2000只样本池基础保留
sh600390,600390.SH,五矿资本,多元金融,金融控股,上交所,,130749912.0,0.02,2,2000只样本池基础保留
sz002250,002250.SZ,联化科技,化工原料,农药,深交所,,401063138.0,0.02,5,2000只样本池基础保留
sh600596,600596.SH,新安股份,化工原料,有机硅,上交所,,258701561.0,0.02,11,2000只样本池基础保留
sh600754,600754.SH,锦江酒店,酒店餐饮,酒店,上交所,,212379980.0,0.02,5,2000只样本池基础保留
sz300775,300775.SZ,三角防务,航空,航空装备,深交所,,809130661.0,0.02,5,2000只样本池基础保留
sz300045,300045.SZ,华力创通,IT设备,军工电子,深交所,,613426129.0,0.02,24,2000只样本池基础保留
sh600126,600126.SH,杭钢股份,普钢,板材,上交所,,1339194848.0,0.02,11,2000只样本池基础保留
sz002807,002807.SZ,江阴银行,银行,农商行,深交所,,105306542.0,0.019,0,2000只样本池基础保留
sz300007,300007.SZ,汉威科技,电器仪表,仪器仪表,深交所,,1278795197.0,0.019,36,2000只样本池基础保留
sz002639,002639.SZ,雪人集团,专用机械,制冷空调设备,深交所,,912482667.0,0.019,22,2000只样本池基础保留
sh688700,688700.SH,东威科技,专用机械,其他专用设备,上交所,,891476063.0,0.019,9,2000只样本池基础保留
sh600761,600761.SH,安徽合力,工程机械,工程机械整机,上交所,,756292779.0,0.019,6,2000只样本池基础保留
sz301029,301029.SZ,怡合达,专用机械,其他专用设备,深交所,,447137470.0,0.019,15,2000只样本池基础保留
sh601608,601608.SH,中信重工,专用机械,能源及重型设备,上交所,,371377418.0,0.019,18,2000只样本池基础保留
sh600320,600320.SH,振华重工,专用机械,能源及重型设备,上交所,,280265371.0,0.019,8,2000只样本池基础保留
sh603906,603906.SH,龙蟠科技,电气设备,电池化学品,上交所,,1952636330.0,0.019,13,2000只样本池基础保留
sz301291,301291.SZ,明阳电气,电气设备,输变电设备,深交所,,837398307.0,0.019,10,2000只样本池基础保留
sz002518,002518.SZ,科士达,电气设备,其他发电设备,深交所,,766220601.0,0.019,12,2000只样本池基础保留
sh688147,688147.SH,微导纳米,专用机械,光伏加工设备,上交所,,685791571.0,0.019,10,2000只样本池基础保留
sh688772,688772.SH,珠海冠宇,电气设备,锂电池,上交所,,620160557.0,0.019,15,2000只样本池基础保留
sz300457,300457.SZ,赢合科技,专用机械,锂电设备,深交所,,608397816.0,0.019,9,2000只样本池基础保留
sz002531,002531.SZ,天顺风能,电气设备,风电零部件,深交所,,529966620.0,0.019,3,2000只样本池基础保留
sh600416,600416.SH,湘电股份,电气设备,电机制造,上交所,,368231924.0,0.019,13,2000只样本池基础保留
sz002366,002366.SZ,融发核电,专用机械,能源及重型设备,深交所,,363325511.0,0.019,12,2000只样本池基础保留
sz002217,002217.SZ,合力泰,元器件,消费电子组件,深交所,,5262681084.0,0.019,18,2000只样本池基础保留
sh603773,603773.SH,沃格光电,元器件,光学元件,上交所,,2421611119.0,0.019,20,2000只样本池基础保留
sz002655,002655.SZ,共达电声,元器件,消费电子组件,深交所,,1687022111.0,0.019,13,2000只样本池基础保留
sh688106,688106.SH,金宏气体,化工原料,半导体材料,上交所,,1640608478.0,0.019,15,2000只样本池基础保留
sh688268,688268.SH,华特气体,化工原料,半导体材料,上交所,,1608696501.0,0.019,8,2000只样本池基础保留
sh603626,603626.SH,科森科技,元器件,消费电子组件,上交所,,1500999508.0,0.019,12,2000只样本池基础保留
sh688403,688403.SH,汇成股份,半导体,半导体封测,上交所,,944143855.0,0.019,4,2000只样本池基础保留
sz301489,301489.SZ,思泉新材,元器件,消费电子组件,深交所,,744517098.0,0.019,14,2000只样本池基础保留
sz300322,300322.SZ,硕贝德,元器件,消费电子组件,深交所,,694611788.0,0.019,25,2000只样本池基础保留
sz002859,002859.SZ,洁美科技,元器件,被动元件,深交所,,461394428.0,0.019,8,2000只样本池基础保留
sz000050,000050.SZ,深天马A,元器件,面板,深交所,,183499296.0,0.019,14,2000只样本池基础保留
sh600226,600226.SH,亨通股份,供气供热,热力服务,上交所,,485150832.0,0.019,6,2000只样本池基础保留
sh600236,600236.SH,桂冠电力,水力发电,水力发电,上交所,,439717233.0,0.019,2,2000只样本池基础保留
sh600483,600483.SH,福能股份,新型电力,电能综合服务,上交所,,344911256.0,0.019,6,2000只样本池基础保留
sh603538,603538.SH,美诺华,化学制药,原料药,上交所,,3815089659.0,0.019,6,2000只样本池基础保留
sz300436,300436.SZ,广生堂,化学制药,化学制剂,深交所,,1175490721.0,0.019,6,2000只样本池基础保留
sh688382,688382.SH,益方生物,生物制药,其他生物制药,上交所,,336897459.0,0.019,1,2000只样本池基础保留
sh600867,600867.SH,通化东宝,生物制药,基因药物,上交所,,304867697.0,0.019,5,2000只样本池基础保留
sh688131,688131.SH,皓元医药,化学制药,医疗研发外包,上交所,,289829974.0,0.019,6,2000只样本池基础保留
sh600535,600535.SH,天士力,中成药,中药,上交所,,144561625.0,0.019,6,2000只样本池基础保留
sh600511,600511.SH,国药股份,医药商业,医药流通,上交所,,135076714.0,0.019,2,2000只样本池基础保留
sh600739,600739.SH,辽宁成大,生物制药,疫苗,上交所,,103937984.0,0.019,7,2000只样本池基础保留
sh603009,603009.SH,北特科技,汽车配件,底盘与发动机系统,上交所,,857867218.0,0.019,5,2000只样本池基础保留
sh688031,688031.SH,星环科技,软件服务,行业应用软件,上交所,,2113562786.0,0.019,16,2000只样本池基础保留
sz300790,300790.SZ,宇瞳光学,元器件,光学元件,深交所,,1382628454.0,0.019,15,2000只样本池基础保留
sz002439,002439.SZ,启明星辰,软件服务,基础软件,深交所,,1366620155.0,0.019,34,2000只样本池基础保留
sz300674,300674.SZ,宇信科技,软件服务,行业应用软件,深交所,,310801086.0,0.019,25,2000只样本池基础保留
sz000035,000035.SZ,中国天楹,环境保护,固废治理,深交所,,352970954.0,0.019,11,2000只样本池基础保留
sh600871,600871.SH,石化油服,石油开采,油田服务,上交所,,575947179.0,0.019,9,2000只样本池基础保留
sz002182,002182.SZ,宝武镁业,小金属,其他金属,深交所,,344555999.0,0.019,15,2000只样本池基础保留
sz002583,002583.SZ,海能达,通信设备,其他通信设备,深交所,,308143685.0,0.019,28,2000只样本池基础保留
sh601333,601333.SH,广深铁路,铁路,铁路运输,上交所,,165400934.0,0.019,3,2000只样本池基础保留
sh601375,601375.SH,中原证券,证券,证券,上交所,,105933169.0,0.019,1,2000只样本池基础保留
sz000921,000921.SZ,海信家电,家用电器,空调,深交所,,293273414.0,0.019,7,2000只样本池基础保留
sh601678,601678.SH,滨化股份,化工原料,氯碱,上交所,,265264999.0,0.019,6,2000只样本池基础保留
sz002297,002297.SZ,博云新材,航空,航空装备,深交所,,4246807440.0,0.019,9,2000只样本池基础保留
sz300008,300008.SZ,天海防务,船舶,航海装备,深交所,,656229902.0,0.019,13,2000只样本池基础保留
sz000778,000778.SZ,新兴铸管,钢加工,其他钢材,深交所,,320397228.0,0.019,8,2000只样本池基础保留
sh601963,601963.SH,重庆银行,银行,城商行,上交所,,124157765.0,0.018,2,2000只样本池基础保留
sh601528,601528.SH,瑞丰银行,银行,农商行,上交所,,67539501.0,0.018,1,2000只样本池基础保留
sz002416,002416.SZ,爱施德,电器连锁,专业连锁,深交所,,384773903.0,0.018,17,2000只样本池基础保留
sz002975,002975.SZ,博杰股份,专用机械,工业控制设备,深交所,,1352849997.0,0.018,31,2000只样本池基础保留
sh688028,688028.SH,沃尔德,机械基件,机械基础件,上交所,,1092827315.0,0.018,7,2000只样本池基础保留
sz300260,300260.SZ,新莱应材,机械基件,金属制品,深交所,,831004857.0,0.018,7,2000只样本池基础保留
sh688097,688097.SH,博众精工,专用机械,工业控制设备,上交所,,441080224.0,0.018,24,2000只样本池基础保留
sz000680,000680.SZ,山推股份,工程机械,工程机械整机,深交所,,334882362.0,0.018,10,2000只样本池基础保留
sz300842,300842.SZ,帝科股份,电气设备,光伏辅材,深交所,,755111191.0,0.018,12,2000只样本池基础保留
sz002706,002706.SZ,良信股份,电气设备,配电设备,深交所,,542475431.0,0.018,10,2000只样本池基础保留
sz000682,000682.SZ,东方电子,电气设备,电网自动化,深交所,,364036110.0,0.018,18,2000只样本池基础保留
sz002276,002276.SZ,万马股份,电气设备,线缆部件及其他,深交所,,318144302.0,0.018,19,2000只样本池基础保留
sh601865,601865.SH,福莱特,玻璃,光伏辅材,上交所,,292513886.0,0.018,3,2000只样本池基础保留
sh688567,688567.SH,孚能科技,电气设备,锂电池,上交所,,218418815.0,0.018,13,2000只样本池基础保留
sh600326,600326.SH,西藏天路,水泥,水泥制造,上交所,,292131986.0,0.018,7,2000只样本池基础保留
sz000998,000998.SZ,隆平高科,种植业,种子,深交所,,138098801.0,0.018,5,2000只样本池基础保留
sz300602,300602.SZ,飞荣达,元器件,消费电子组件,深交所,,933756344.0,0.018,29,2000只样本池基础保留
sh688150,688150.SH,莱特光电,元器件,光学元件,上交所,,823849247.0,0.018,5,2000只样本池基础保留
sh688262,688262.SH,国芯科技,半导体,集成电路设计,上交所,,708661574.0,0.018,19,2000只样本池基础保留
sh688728,688728.SH,格科微,半导体,集成电路设计,上交所,,482214332.0,0.018,5,2000只样本池基础保留
sh688582,688582.SH,芯动联科,元器件,被动元件,上交所,,281881786.0,0.018,6,2000只样本池基础保留
sh600452,600452.SH,涪陵电力,水力发电,电能综合服务,上交所,,762637574.0,0.018,1,2000只样本池基础保留
sh600635,600635.SH,大众公用,供气供热,燃气,上交所,,288867846.0,0.018,8,2000只样本池基础保留
sz000883,000883.SZ,湖北能源,水力发电,水力发电,深交所,,214801736.0,0.018,9,2000只样本池基础保留
sh600566,600566.SH,济川药业,中成药,中药,上交所,,199820902.0,0.018,6,2000只样本池基础保留
sz300009,300009.SZ,安科生物,生物制药,基因药物,深交所,,164055597.0,0.018,8,2000只样本池基础保留
sz000739,000739.SZ,普洛药业,化学制药,原料药,深交所,,156379161.0,0.018,12,2000只样本池基础保留
sz300181,300181.SZ,佐力药业,中成药,中药,深交所,,119463373.0,0.018,3,2000只样本池基础保留
sh603305,603305.SH,旭升集团,汽车配件,底盘与发动机系统,上交所,,912841993.0,0.018,9,2000只样本池基础保留
sh603319,603319.SH,美湖股份,汽车配件,底盘与发动机系统,上交所,,865181105.0,0.018,14,2000只样本池基础保留
sz002984,002984.SZ,森麒麟,汽车配件,轮胎轮毂,深交所,,310302017.0,0.018,8,2000只样本池基础保留
sz000032,000032.SZ,深桑达A,建筑工程,其他专业工程,深交所,,305176181.0,0.018,34,2000只样本池基础保留
sz300846,300846.SZ,首都在线,软件服务,云基础设施服务,深交所,,1082216718.0,0.018,26,2000只样本池基础保留
sz300377,300377.SZ,赢时胜,软件服务,行业应用软件,深交所,,427113959.0,0.018,14,2000只样本池基础保留
sh688088,688088.SH,虹软科技,软件服务,新兴软件,上交所,,352316117.0,0.018,17,2000只样本池基础保留
sh600131,600131.SH,国网信通,通信设备,云基础设施服务,上交所,,217275167.0,0.018,18,2000只样本池基础保留
sz300779,300779.SZ,惠城环保,环境保护,固废治理,深交所,,372280341.0,0.018,1,2000只样本池基础保留
sz000598,000598.SZ,兴蓉环境,水务,水务,深交所,,151512965.0,0.018,5,2000只样本池基础保留
sz301219,301219.SZ,腾远钴业,小金属,钴,深交所,,1600072071.0,0.018,7,2000只样本池基础保留
sz000506,000506.SZ,招金黄金,黄金,黄金,深交所,,729950481.0,0.018,3,2000只样本池基础保留
sz300618,300618.SZ,寒锐钴业,小金属,钴,深交所,,680850200.0,0.018,4,2000只样本池基础保留
sh600366,600366.SH,宁波韵升,矿物制品,磁性材料,上交所,,346053842.0,0.018,13,2000只样本池基础保留
sz002544,002544.SZ,普天科技,通信设备,网络规划设计,深交所,,449967060.0,0.018,23,2000只样本池基础保留
sz300638,300638.SZ,广和通,通信设备,通信终端及配件,深交所,,369648987.0,0.018,27,2000只样本池基础保留
sh601866,601866.SH,中远海发,水运,航运,上交所,,270758452.0,0.018,6,2000只样本池基础保留
sh600179,600179.SH,安通控股,水运,航运,上交所,,160162714.0,0.018,5,2000只样本池基础保留
sz000681,000681.SZ,视觉中国,互联网,文字图片媒体,深交所,,1275770245.0,0.018,22,2000只样本池基础保留
sz002354,002354.SZ,天娱数科,互联网,互联网广告,深交所,,1247242346.0,0.018,32,2000只样本池基础保留
sh603000,603000.SH,人民网,互联网,文字图片媒体,上交所,,488992137.0,0.018,23,2000只样本池基础保留
sh600977,600977.SH,中国电影,影视音像,发行院线,上交所,,428853130.0,0.018,6,2000只样本池基础保留
sh603300,603300.SH,海南华铁,多元金融,租赁,上交所,,313362891.0,0.018,18,2000只样本池基础保留
sh601236,601236.SH,红塔证券,证券,证券,上交所,,86997863.0,0.018,0,2000只样本池基础保留
sh688295,688295.SH,中复神鹰,化纤,碳纤维,上交所,,1102445036.0,0.018,11,2000只样本池基础保留
sz301216,301216.SZ,万凯新材,化工原料,合成树脂,深交所,,445589062.0,0.018,9,2000只样本池基础保留
sz002170,002170.SZ,芭田股份,农药化肥,复合肥,深交所,,293569224.0,0.018,9,2000只样本池基础保留
sh600063,600063.SH,皖维高新,化纤,有机化工原料,上交所,,195048608.0,0.018,4,2000只样本池基础保留
sh600258,600258.SH,首旅酒店,酒店餐饮,酒店,上交所,,212269300.0,0.018,3,2000只样本池基础保留
sh688239,688239.SH,航宇科技,航空,航空装备,上交所,,797048843.0,0.018,9,2000只样本池基础保留
sh688281,688281.SH,华秦科技,航空,航空装备,上交所,,252918750.0,0.018,3,2000只样本池基础保留
sh600702,600702.SH,舍得酒业,白酒,白酒,上交所,,180135674.0,0.018,4,2000只样本池基础保留
sz300146,300146.SZ,汤臣倍健,食品,保健品,深交所,,151042461.0,0.018,6,2000只样本池基础保留
sh601187,601187.SH,厦门银行,银行,城商行,上交所,,120795548.0,0.017,1,2000只样本池基础保留
sh603323,603323.SH,苏农银行,银行,农商行,上交所,,100446510.0,0.017,0,2000只样本池基础保留
sh600064,600064.SH,南京高科,园区开发,产业地产,上交所,,157458936.0,0.017,1,2000只样本池基础保留
sh600663,600663.SH,陆家嘴,园区开发,商业地产,上交所,,109057926.0,0.017,5,2000只样本池基础保留
sz002183,002183.SZ,怡亚通,仓储物流,供应链服务,深交所,,2963012006.0,0.017,34,2000只样本池基础保留
sh600859,600859.SH,王府井,百货,百货,上交所,,133537609.0,0.017,6,2000只样本池基础保留
sz300607,300607.SZ,拓斯达,专用机械,机器人,深交所,,1329710237.0,0.017,18,2000只样本池基础保留
sh688433,688433.SH,华曙高科,专用机械,其他专用设备,上交所,,422431194.0,0.017,8,2000只样本池基础保留
sh688518,688518.SH,联赢激光,专用机械,激光设备,上交所,,414331125.0,0.017,17,2000只样本池基础保留
sh603618,603618.SH,杭电股份,电气设备,线缆部件及其他,上交所,,3538433880.0,0.017,11,2000只样本池基础保留
sz002580,002580.SZ,圣阳股份,电气设备,其他电池,深交所,,2778576644.0,0.017,16,2000只样本池基础保留
sz301232,301232.SZ,飞沃科技,机械基件,风电零部件,深交所,,1587723124.0,0.017,9,2000只样本池基础保留
sh600478,600478.SH,科力远,电气设备,锂电池,上交所,,869340675.0,0.017,17,2000只样本池基础保留
sz003022,003022.SZ,联泓新科,化工原料,光伏辅材,深交所,,788354433.0,0.017,10,2000只样本池基础保留
sz300185,300185.SZ,通裕重工,工程机械,风电零部件,深交所,,510978785.0,0.017,10,2000只样本池基础保留
sh688392,688392.SH,骄成超声,专用机械,其他专用设备,上交所,,271907916.0,0.017,6,2000只样本池基础保留
sz001287,001287.SZ,中电港,元器件,其他电子,深交所,,1998132030.0,0.017,32,2000只样本池基础保留
sz300323,300323.SZ,华灿光电,半导体,LED,深交所,,1510130267.0,0.017,11,2000只样本池基础保留
sh688502,688502.SH,茂莱光学,元器件,光学元件,上交所,,1279288482.0,0.017,6,2000只样本池基础保留
sz300053,300053.SZ,航宇微,半导体,集成电路设计,深交所,,1167144516.0,0.017,20,2000只样本池基础保留
sz300684,300684.SZ,中石科技,元器件,其他电子,深交所,,761354390.0,0.017,19,2000只样本池基础保留
sz301626,301626.SZ,苏州天脉,元器件,消费电子组件,深交所,,734002564.0,0.017,4,2000只样本池基础保留
sz002815,002815.SZ,崇达技术,元器件,PCB,深交所,,608436193.0,0.017,24,2000只样本池基础保留
sz002654,002654.SZ,万润科技,互联网,其他广告营销,深交所,,515103322.0,0.017,24,2000只样本池基础保留
sz300331,300331.SZ,苏大维格,元器件,光学元件,深交所,,491093886.0,0.017,15,2000只样本池基础保留
sz002745,002745.SZ,木林森,元器件,LED,深交所,,409768994.0,0.017,11,2000只样本池基础保留
sh600578,600578.SH,京能电力,火力发电,火力发电,上交所,,371531267.0,0.017,6,2000只样本池基础保留
sz000027,000027.SZ,深圳能源,火力发电,火力发电,深交所,,307030820.0,0.017,20,2000只样本池基础保留
sz300244,300244.SZ,迪安诊断,医疗保健,诊断服务,深交所,,1590682623.0,0.017,19,2000只样本池基础保留
sh688321,688321.SH,微芯生物,化学制药,化学制剂,上交所,,327381688.0,0.017,5,2000只样本池基础保留
sh600645,600645.SH,中源协和,医疗保健,诊断试剂,上交所,,217752945.0,0.017,5,2000只样本池基础保留
sh600216,600216.SH,浙江医药,化学制药,原料药,上交所,,166860007.0,0.017,9,2000只样本池基础保留
sh600285,600285.SH,羚锐制药,中成药,中药,上交所,,121338173.0,0.017,2,2000只样本池基础保留
sz300100,300100.SZ,双林股份,汽车配件,车身附件及饰件,深交所,,622788601.0,0.017,12,2000只样本池基础保留
sz002488,002488.SZ,金固股份,汽车配件,轮胎轮毂,深交所,,306793030.0,0.017,7,2000只样本池基础保留
sh601966,601966.SH,玲珑轮胎,汽车配件,轮胎轮毂,上交所,,122013589.0,0.017,6,2000只样本池基础保留
sz000800,000800.SZ,一汽解放,汽车整车,商用载货车,深交所,,108978316.0,0.017,7,2000只样本池基础保留
sh600629,600629.SH,华建集团,建筑工程,工程咨询服务,上交所,,484929916.0,0.017,15,2000只样本池基础保留
sz300624,300624.SZ,万兴科技,软件服务,基础软件,深交所,,932763854.0,0.017,21,2000只样本池基础保留
sh688227,688227.SH,品高股份,软件服务,云平台服务,上交所,,804183793.0,0.017,13,2000只样本池基础保留
sz002373,002373.SZ,千方科技,软件服务,行业应用软件,深交所,,200667524.0,0.017,36,2000只样本池基础保留
sz002645,002645.SZ,华宏科技,专用机械,环保设备,深交所,,1184092222.0,0.017,8,2000只样本池基础保留
sz300328,300328.SZ,宜安科技,小金属,其他金属,深交所,,537224598.0,0.017,19,2000只样本池基础保留
sh600459,600459.SH,贵研铂业,小金属,其他金属,上交所,,428717428.0,0.017,10,2000只样本池基础保留
sz000758,000758.SZ,中色股份,铅锌,铅锌,深交所,,395852518.0,0.017,5,2000只样本池基础保留
sh601137,601137.SH,博威合金,小金属,其他金属新材料,上交所,,294829170.0,0.017,22,2000只样本池基础保留
sz002796,002796.SZ,世嘉科技,通信设备,其他通信设备,深交所,,1280608699.0,0.017,5,2000只样本池基础保留
sz002104,002104.SZ,恒宝股份,通信设备,通信终端及配件,深交所,,355768234.0,0.017,17,2000只样本池基础保留
sz002468,002468.SZ,申通快递,仓储物流,快递,深交所,,301211852.0,0.017,5,2000只样本池基础保留
sh603885,603885.SH,吉祥航空,空运,航空运输,上交所,,298907785.0,0.017,0,2000只样本池基础保留
sh601156,601156.SH,东航物流,仓储物流,跨境物流,上交所,,101864151.0,0.017,3,2000只样本池基础保留
sh600633,600633.SH,浙数文化,互联网,游戏,上交所,,766223924.0,0.017,29,2000只样本池基础保留
sz002174,002174.SZ,游族网络,互联网,游戏,深交所,,664685506.0,0.017,11,2000只样本池基础保留
sh600959,600959.SH,江苏有线,影视音像,广播电视,上交所,,329842807.0,0.017,19,2000只样本池基础保留
sh600517,600517.SH,国网英大,多元金融,信托,上交所,,177404880.0,0.017,7,2000只样本池基础保留
sh600095,600095.SH,湘财股份,证券,证券,上交所,,155344714.0,0.017,2,2000只样本池基础保留
sz000563,000563.SZ,陕国投A,多元金融,信托,深交所,,113830950.0,0.017,0,2000只样本池基础保留
sh600619,600619.SH,海立股份,家用电器,家电零部件,上交所,,427830404.0,0.017,11,2000只样本池基础保留
sh688585,688585.SH,上纬新材,化工原料,合成树脂,上交所,,1017878016.0,0.017,9,2000只样本池基础保留
sz000420,000420.SZ,吉林化纤,化纤,粘胶纤维,深交所,,757927921.0,0.017,8,2000只样本池基础保留
sz002324,002324.SZ,普利特,塑料,改性塑料,深交所,,713499815.0,0.017,21,2000只样本池基础保留
sz000949,000949.SZ,新乡化纤,化纤,氨纶,深交所,,456574277.0,0.017,2,2000只样本池基础保留
sh600389,600389.SH,江山股份,农药化肥,农药,上交所,,396646146.0,0.017,4,2000只样本池基础保留
sh603663,603663.SH,三祥新材,小金属,其他金属,上交所,,311209964.0,0.017,6,2000只样本池基础保留
sh600409,600409.SH,三友化工,化纤,粘胶纤维,上交所,,303734717.0,0.017,4,2000只样本池基础保留
sz300900,300900.SZ,广联航空,航空,航空装备,深交所,,2549131178.0,0.017,12,2000只样本池基础保留
sz000799,000799.SZ,酒鬼酒,白酒,白酒,深交所,,260249184.0,0.017,1,2000只样本池基础保留
sz002568,002568.SZ,百润股份,红黄酒,其他酒类,深交所,,185097859.0,0.017,1,2000只样本池基础保留
sh600559,600559.SH,老白干酒,白酒,白酒,上交所,,124111453.0,0.017,1,2000只样本池基础保留
sh603589,603589.SH,口子窖,白酒,白酒,上交所,,103973028.0,0.017,1,2000只样本池基础保留
sz002507,002507.SZ,涪陵榨菜,食品,调味品,深交所,,85019979.0,0.017,1,2000只样本池基础保留
sh600397,600397.SH,江钨装备,专用机械,能源及重型设备,上交所,,1055309704.0,0.017,0,2000只样本池基础保留
sz000709,000709.SZ,河钢股份,普钢,板材,深交所,,240358491.0,0.017,7,2000只样本池基础保留
sz000825,000825.SZ,太钢不锈,特种钢,特钢,深交所,,236511283.0,0.017,9,2000只样本池基础保留
sz002701,002701.SZ,奥瑞金,广告包装,金属包装,深交所,,105366715.0,0.017,8,2000只样本池基础保留
sz002936,002936.SZ,郑州银行,银行,城商行,深交所,,107883288.0,0.016,1,2000只样本池基础保留
sh600383,600383.SH,金地集团,全国地产,住宅开发,上交所,,239305930.0,0.016,2,2000只样本池基础保留
sz000006,000006.SZ,深振业A,区域地产,住宅开发,深交所,,235372191.0,0.016,3,2000只样本池基础保留
sz000069,000069.SZ,华侨城A,全国地产,住宅开发,深交所,,118594818.0,0.016,7,2000只样本池基础保留
sh600113,600113.SH,浙江东日,区域地产,商业物业经营,上交所,,356368748.0,0.016,6,2000只样本池基础保留
sz000829,000829.SZ,天音控股,其他商业,专业连锁,深交所,,291863148.0,0.016,21,2000只样本池基础保留
sh600655,600655.SH,豫园股份,百货,商业物业经营,上交所,,55017353.0,0.016,11,2000只样本池基础保留
sz002957,002957.SZ,科瑞技术,专用机械,工业控制设备,深交所,,1478821177.0,0.016,21,2000只样本池基础保留
sz301128,301128.SZ,强瑞技术,专用机械,其他专用设备,深交所,,1379515539.0,0.016,22,2000只样本池基础保留
sh688308,688308.SH,欧科亿,机械基件,金属制品,上交所,,1089171974.0,0.016,6,2000只样本池基础保留
sz301510,301510.SZ,固高科技,电器仪表,工业控制设备,深交所,,616796950.0,0.016,11,2000只样本池基础保留
sh600582,600582.SH,天地科技,专用机械,能源及重型设备,上交所,,109582635.0,0.016,4,2000只样本池基础保留
sz002471,002471.SZ,中超控股,电气设备,线缆部件及其他,深交所,,1427540068.0,0.016,21,2000只样本池基础保留
sh603031,603031.SH,安孚科技,电气设备,其他电池,上交所,,1347267748.0,0.016,8,2000只样本池基础保留
sz301150,301150.SZ,中一科技,电气设备,锂电池,深交所,,883535926.0,0.016,5,2000只样本池基础保留
sz003021,003021.SZ,兆威机电,元器件,电机制造,深交所,,813781260.0,0.016,12,2000只样本池基础保留
sh688248,688248.SH,南网科技,电气设备,电网自动化,上交所,,369054943.0,0.016,11,2000只样本池基础保留
sz300761,300761.SZ,立华股份,农业综合,肉鸡养殖,深交所,,178812376.0,0.016,3,2000只样本池基础保留
sh688661,688661.SH,和林微纳,元器件,消费电子组件,上交所,,792374352.0,0.016,4,2000只样本池基础保留
sh688593,688593.SH,新相微,半导体,集成电路设计,上交所,,606135878.0,0.016,5,2000只样本池基础保留
sz301031,301031.SZ,中熔电气,电气设备,配电设备,深交所,,588425174.0,0.016,10,2000只样本池基础保留
sh688279,688279.SH,峰岹科技,半导体,集成电路设计,上交所,,533973954.0,0.016,4,2000只样本池基础保留
sz002643,002643.SZ,万润股份,化工原料,半导体材料,深交所,,284239555.0,0.016,11,2000只样本池基础保留
sz002681,002681.SZ,奋达科技,元器件,消费电子组件,深交所,,220529004.0,0.016,22,2000只样本池基础保留
sz300735,300735.SZ,光弘科技,元器件,消费电子组件,深交所,,213292801.0,0.016,26,2000只样本池基础保留
sz001896,001896.SZ,豫能控股,火力发电,火力发电,深交所,,2262288117.0,0.016,15,2000只样本池基础保留
sz000543,000543.SZ,皖能电力,火力发电,火力发电,深交所,,328711267.0,0.016,8,2000只样本池基础保留
sz301293,301293.SZ,三博脑科,医疗保健,医院,深交所,,707841706.0,0.016,3,2000只样本池基础保留
sh688336,688336.SH,三生国健,生物制药,抗体,上交所,,470676619.0,0.016,3,2000只样本池基础保留
sh688677,688677.SH,海泰新光,医疗保健,医疗设备,上交所,,429505351.0,0.016,0,2000只样本池基础保留
sz300725,300725.SZ,药石科技,化学制药,医疗研发外包,深交所,,331341560.0,0.016,5,2000只样本池基础保留
sz300601,300601.SZ,康泰生物,生物制药,疫苗,深交所,,331295685.0,0.016,4,2000只样本池基础保留
sh600267,600267.SH,海正药业,化学制药,化学制剂,上交所,,249897003.0,0.016,7,2000只样本池基础保留
sz002773,002773.SZ,康弘药业,化学制药,化学制剂,深交所,,191343497.0,0.016,3,2000只样本池基础保留
sh688278,688278.SH,特宝生物,生物制药,其他生物制药,上交所,,138489727.0,0.016,4,2000只样本池基础保留
sz300529,300529.SZ,健帆生物,医疗保健,医疗耗材,深交所,,127422329.0,0.016,1,2000只样本池基础保留
sh688029,688029.SH,南微医学,医疗保健,医疗耗材,上交所,,120366449.0,0.016,0,2000只样本池基础保留
sh600750,600750.SH,华润江中,中成药,中药,上交所,,85870839.0,0.016,1,2000只样本池基础保留
sh603997,603997.SH,继峰股份,汽车配件,车身附件及饰件,上交所,,362051100.0,0.016,2,2000只样本池基础保留
sz000581,000581.SZ,威孚高科,汽车配件,底盘与发动机系统,深交所,,274157229.0,0.016,13,2000只样本池基础保留
sz002081,002081.SZ,金螳螂,装修装饰,装修装饰,深交所,,3910540031.0,0.016,10,2000只样本池基础保留
sz002310,002310.SZ,东方新能,新型电力,光伏发电,深交所,,975066694.0,0.016,14,2000只样本池基础保留
sz000815,000815.SZ,美利云,通信设备,云基础设施服务,深交所,,3801141607.0,0.016,10,2000只样本池基础保留
sz300302,300302.SZ,同有科技,IT设备,其他IT设备,深交所,,2497091003.0,0.016,11,2000只样本池基础保留
sz301248,301248.SZ,杰创智能,软件服务,行业应用软件,深交所,,985623397.0,0.016,37,2000只样本池基础保留
sz300455,300455.SZ,航天智装,IT设备,其他IT设备,深交所,,676646558.0,0.016,11,2000只样本池基础保留
sz002063,002063.SZ,远光软件,软件服务,行业应用软件,深交所,,334896715.0,0.016,33,2000只样本池基础保留
sh603887,603887.SH,城地香江,软件服务,云基础设施服务,上交所,,332286842.0,0.016,10,2000只样本池基础保留
sh600271,600271.SH,航天信息,软件服务,行业应用软件,上交所,,271779562.0,0.016,28,2000只样本池基础保留
sh603927,603927.SH,中科软,软件服务,行业应用软件,上交所,,265553402.0,0.016,23,2000只样本池基础保留
sz300348,300348.SZ,长亮科技,软件服务,行业应用软件,深交所,,182303897.0,0.016,18,2000只样本池基础保留
sz002268,002268.SZ,电科网安,IT设备,其他IT设备,深交所,,164263196.0,0.016,34,2000只样本池基础保留
sh600133,600133.SH,东湖高新,环境保护,大气治理,上交所,,302711842.0,0.016,6,2000只样本池基础保留
sz002408,002408.SZ,齐翔腾达,化工原料,有机化工原料,深交所,,273658451.0,0.016,3,2000只样本池基础保留
sz001337,001337.SZ,四川黄金,黄金,黄金,深交所,,1126979603.0,0.016,2,2000只样本池基础保留
sz300855,300855.SZ,图南股份,小金属,其他金属新材料,深交所,,410044967.0,0.016,5,2000只样本池基础保留
sh600456,600456.SH,宝钛股份,小金属,钛,上交所,,384965888.0,0.016,9,2000只样本池基础保留
sh603220,603220.SH,中贝通信,通信设备,网络工程施工,上交所,,1818433197.0,0.016,23,2000只样本池基础保留
sz002467,002467.SZ,二六三,互联网,电信增值服务,深交所,,558795475.0,0.016,22,2000只样本池基础保留
sz300098,300098.SZ,高新兴,软件服务,行业应用软件,深交所,,399095746.0,0.016,26,2000只样本池基础保留
sz000099,000099.SZ,中信海直,空运,航空运输,深交所,,208125350.0,0.016,10,2000只样本池基础保留
sh603565,603565.SH,中谷物流,水运,航运,上交所,,149626530.0,0.016,4,2000只样本池基础保留
sz000088,000088.SZ,盐田港,港口,港口,深交所,,147955953.0,0.016,5,2000只样本池基础保留
sh600755,600755.SH,厦门国贸,仓储物流,供应链服务,上交所,,115806069.0,0.016,10,2000只样本池基础保留
sh601598,601598.SH,中国外运,仓储物流,跨境物流,上交所,,94960663.0,0.016,10,2000只样本池基础保留
sz000958,000958.SZ,电投产融,新型电力,核力发电,深交所,,250187959.0,0.016,7,2000只样本池基础保留
sh601136,601136.SH,首创证券,证券,证券,上交所,,149207424.0,0.016,0,2000只样本池基础保留
sz002423,002423.SZ,中粮资本,多元金融,金融控股,深交所,,117357907.0,0.016,5,2000只样本池基础保留
sz300821,300821.SZ,东岳硅材,化工原料,有机硅,深交所,,1047014029.0,0.016,3,2000只样本池基础保留
sz002108,002108.SZ,沧州明珠,塑料,管材,深交所,,885278558.0,0.016,9,2000只样本池基础保留
sz000510,000510.SZ,新金路,化工原料,氯碱,深交所,,868443301.0,0.016,3,2000只样本池基础保留
sz000990,000990.SZ,诚志股份,化工原料,煤化工,深交所,,787302284.0,0.016,14,2000只样本池基础保留
sz300109,300109.SZ,新开源,化工原料,其他化学制品,深交所,,417481851.0,0.016,5,2000只样本池基础保留
sz000902,000902.SZ,新洋丰,农药化肥,复合肥,深交所,,309629434.0,0.016,3,2000只样本池基础保留
sz301035,301035.SZ,润丰股份,农药化肥,农药,深交所,,105712076.0,0.016,2,2000只样本池基础保留
sh600158,600158.SH,中体产业,文教休闲,体育,上交所,,1913853565.0,0.016,7,2000只样本池基础保留
sh600590,600590.SH,泰豪科技,通信设备,军工电子,上交所,,682076921.0,0.016,27,2000只样本池基础保留
sz300034,300034.SZ,钢研高纳,航空,航空装备,深交所,,475398010.0,0.016,7,2000只样本池基础保留
sz002446,002446.SZ,盛路通信,通信设备,军工电子,深交所,,473916907.0,0.016,15,2000只样本池基础保留
sh603678,603678.SH,火炬电子,元器件,军工电子,上交所,,411683277.0,0.016,12,2000只样本池基础保留
sh603198,603198.SH,迎驾贡酒,白酒,白酒,上交所,,183780614.0,0.016,1,2000只样本池基础保留
sh600808,600808.SH,马钢股份,普钢,板材,上交所,,261123732.0,0.016,5,2000只样本池基础保留
sh600295,600295.SH,鄂尔多斯,特种钢,冶钢辅料,上交所,,176944875.0,0.016,3,2000只样本池基础保留
sh603899,603899.SH,晨光股份,文教休闲,文化用品,上交所,,62436005.0,0.016,3,2000只样本池基础保留
sz002839,002839.SZ,张家港行,银行,农商行,深交所,,89611233.0,0.015,0,2000只样本池基础保留
sz001227,001227.SZ,兰州银行,银行,城商行,深交所,,88544482.0,0.015,1,2000只样本池基础保留
sh600908,600908.SH,无锡银行,银行,农商行,上交所,,65599894.0,0.015,0,2000只样本池基础保留
sh600848,600848.SH,上海临港,园区开发,产业地产,上交所,,125218121.0,0.015,4,2000只样本池基础保留
sz002091,002091.SZ,江苏国泰,商贸代理,贸易,深交所,,785091424.0,0.015,8,2000只样本池基础保留
sz300179,300179.SZ,四方达,矿物制品,磨具磨料,深交所,,1174175369.0,0.015,4,2000只样本池基础保留
sz002943,002943.SZ,宇晶股份,机床制造,机床制造,深交所,,943231377.0,0.015,9,2000只样本池基础保留
sh600172,600172.SH,黄河旋风,矿物制品,磨具磨料,上交所,,749168154.0,0.015,8,2000只样本池基础保留
sh603283,603283.SH,赛腾股份,专用机械,工业控制设备,上交所,,699467032.0,0.015,13,2000只样本池基础保留
sz300263,300263.SZ,隆华科技,专用机械,其他通用设备,深交所,,458476406.0,0.015,21,2000只样本池基础保留
sz300486,300486.SZ,东杰智能,专用机械,其他专用设备,深交所,,373300390.0,0.015,15,2000只样本池基础保留
sz300756,300756.SZ,金马游乐,专用机械,其他专用设备,深交所,,183366654.0,0.015,6,2000只样本池基础保留
sh600528,600528.SH,中铁工业,运输设备,轨交设备,上交所,,114655412.0,0.015,9,2000只样本池基础保留
sz300444,300444.SZ,双杰电气,电气设备,输变电设备,深交所,,1221110911.0,0.015,23,2000只样本池基础保留
sz300129,300129.SZ,泰胜风能,电气设备,风电零部件,深交所,,995118922.0,0.015,5,2000只样本池基础保留
sh688353,688353.SH,华盛锂电,化工原料,电池化学品,上交所,,969362943.0,0.015,6,2000只样本池基础保留
sh688556,688556.SH,高测股份,专用机械,光伏加工设备,上交所,,812389383.0,0.015,9,2000只样本池基础保留
sh603185,603185.SH,弘元绿能,电气设备,光伏硅片,上交所,,628160992.0,0.015,6,2000只样本池基础保留
sz300393,300393.SZ,中来股份,塑料,光伏电池组件,深交所,,600042770.0,0.015,7,2000只样本池基础保留
sz002392,002392.SZ,北京利尔,其他建材,耐火材料,深交所,,375853979.0,0.015,8,2000只样本池基础保留
sz002100,002100.SZ,天康生物,饲料,畜禽饲料,深交所,,288821538.0,0.015,6,2000只样本池基础保留
sz301183,301183.SZ,东田微,元器件,光学元件,深交所,,2910978363.0,0.015,8,2000只样本池基础保留
sh688691,688691.SH,灿芯股份,半导体,半导体制造,上交所,,1393509595.0,0.015,7,2000只样本池基础保留
sh603186,603186.SH,华正新材,元器件,PCB,上交所,,997791390.0,0.015,12,2000只样本池基础保留
sh603341,603341.SH,龙旗科技,通信设备,通信终端及配件,上交所,,849409741.0,0.015,15,2000只样本池基础保留
sh688401,688401.SH,路维光电,半导体,半导体材料,上交所,,588489126.0,0.015,7,2000只样本池基础保留
sh600353,600353.SH,旭光电子,元器件,其他电子,上交所,,585805476.0,0.015,18,2000只样本池基础保留
sz300319,300319.SZ,麦捷科技,元器件,被动元件,深交所,,423060111.0,0.015,17,2000只样本池基础保留
sz301285,301285.SZ,鸿日达,元器件,消费电子组件,深交所,,337240318.0,0.015,7,2000只样本池基础保留
sh600744,600744.SH,华银电力,火力发电,火力发电,上交所,,2038997891.0,0.015,8,2000只样本池基础保留
sz300483,300483.SZ,首华燃气,石油开采,油气开采,深交所,,617167175.0,0.015,2,2000只样本池基础保留
sz001286,001286.SZ,陕西能源,火力发电,火力发电,深交所,,249009378.0,0.015,3,2000只样本池基础保留
sh601222,601222.SH,林洋能源,新型电力,光伏发电,上交所,,153941195.0,0.015,17,2000只样本池基础保留
sh688319,688319.SH,欧林生物,生物制药,疫苗,上交所,,379431281.0,0.015,3,2000只样本池基础保留
sh688062,688062.SH,迈威生物,生物制药,其他生物制药,上交所,,327985690.0,0.015,2,2000只样本池基础保留
sz002020,002020.SZ,京新药业,化学制药,化学制剂,深交所,,190031135.0,0.015,3,2000只样本池基础保留
sz002675,002675.SZ,东诚药业,化学制药,化学制剂,深交所,,149640970.0,0.015,4,2000只样本池基础保留
sh603233,603233.SH,大参林,医药商业,线下药店,上交所,,119808155.0,0.015,1,2000只样本池基础保留
sh603858,603858.SH,步长制药,中成药,中药,上交所,,77545181.0,0.015,4,2000只样本池基础保留
sz002283,002283.SZ,天润工业,汽车配件,底盘与发动机系统,深交所,,990539742.0,0.015,6,2000只样本池基础保留
sz000980,000980.SZ,众泰汽车,汽车配件,其他汽车零部件,深交所,,590727514.0,0.015,3,2000只样本池基础保留
sh600933,600933.SH,爱柯迪,汽车配件,底盘与发动机系统,上交所,,448653916.0,0.015,6,2000只样本池基础保留
sz301345,301345.SZ,涛涛车业,摩托车,其他交通设备,深交所,,312247674.0,0.015,4,2000只样本池基础保留
sh688258,688258.SH,卓易信息,软件服务,产联网综合服务,上交所,,1698393794.0,0.015,9,2000只样本池基础保留
sz300378,300378.SZ,鼎捷数智,软件服务,基础软件,深交所,,890089899.0,0.015,20,2000只样本池基础保留
sh688318,688318.SH,财富趋势,软件服务,行业应用软件,上交所,,460252759.0,0.015,5,2000只样本池基础保留
sh600446,600446.SH,金证股份,软件服务,行业应用软件,上交所,,400979414.0,0.015,12,2000只样本池基础保留
sz300682,300682.SZ,朗新科技,软件服务,行业应用软件,深交所,,381343748.0,0.015,20,2000只样本池基础保留
sh600797,600797.SH,浙大网新,软件服务,行业应用软件,上交所,,267189053.0,0.015,31,2000只样本池基础保留
sz300324,300324.SZ,旋极信息,软件服务,行业应用软件,深交所,,221257743.0,0.015,35,2000只样本池基础保留
sz002212,002212.SZ,天融信,软件服务,基础软件,深交所,,218492203.0,0.015,40,2000只样本池基础保留
sz300130,300130.SZ,新国都,IT设备,其他IT设备,深交所,,188061769.0,0.015,18,2000只样本池基础保留
sz000685,000685.SZ,中山公用,水务,水务,深交所,,159373173.0,0.015,12,2000只样本池基础保留
sz300070,300070.SZ,碧水源,环境保护,水治理,深交所,,128478019.0,0.015,11,2000只样本池基础保留
sh601808,601808.SH,中海油服,石油开采,油田服务,上交所,,264761847.0,0.015,7,2000只样本池基础保留
sh600968,600968.SH,海油发展,石油开采,油田服务,上交所,,196306487.0,0.015,11,2000只样本池基础保留
sz002842,002842.SZ,翔鹭钨业,小金属,钨钼,深交所,,1808994967.0,0.015,1,2000只样本池基础保留
sh601069,601069.SH,西部黄金,黄金,黄金,上交所,,1240062946.0,0.015,1,2000只样本池基础保留
sh601609,601609.SH,金田股份,铜,铜,上交所,,250886101.0,0.015,20,2000只样本池基础保留
sz002929,002929.SZ,润建股份,通信设备,网络工程施工,深交所,,1662450145.0,0.015,36,2000只样本池基础保留
sz301165,301165.SZ,锐捷网络,通信设备,网络接配及塔设,深交所,,1004676285.0,0.015,22,2000只样本池基础保留
sh603871,603871.SH,嘉友国际,仓储物流,跨境物流,上交所,,150508734.0,0.015,4,2000只样本池基础保留
sh600004,600004.SH,白云机场,机场,机场,上交所,,106564341.0,0.015,3,2000只样本池基础保留
sz002508,002508.SZ,老板电器,家用电器,厨房电器,深交所,,126692312.0,0.015,2,2000只样本池基础保留
sh688300,688300.SH,联瑞新材,矿物制品,非金属材料,上交所,,500422095.0,0.015,4,2000只样本池基础保留
sh603612,603612.SH,索通发展,矿物制品,非金属材料,上交所,,332200868.0,0.015,12,2000只样本池基础保留
sh600391,600391.SH,航发科技,航空,航空装备,上交所,,1180627651.0,0.015,3,2000只样本池基础保留
sh603267,603267.SH,鸿远电子,元器件,军工电子,上交所,,722279781.0,0.015,6,2000只样本池基础保留
sz002338,002338.SZ,奥普光电,电器仪表,军工电子,深交所,,483668943.0,0.015,10,2000只样本池基础保留
sz300101,300101.SZ,振芯科技,通信设备,军工电子,深交所,,408326805.0,0.015,17,2000只样本池基础保留
sh603833,603833.SH,欧派家居,家居用品,家具,上交所,,153416227.0,0.015,2,2000只样本池基础保留
sh600210,600210.SH,紫江企业,广告包装,塑料包装,上交所,,140141913.0,0.015,8,2000只样本池基础保留
sz300957,300957.SZ,贝泰妮,日用化工,化妆品,深交所,,254718149.0,0.015,7,2000只样本池基础保留
sh601860,601860.SH,紫金银行,银行,农商行,上交所,,100938594.0,0.014,0,2000只样本池基础保留
sz000620,000620.SZ,盈新发展,全国地产,住宅开发,深交所,,994638404.0,0.014,9,2000只样本池基础保留
sz002979,002979.SZ,雷赛智能,专用机械,工业控制设备,深交所,,1596634383.0,0.014,8,2000只样本池基础保留
sz300718,300718.SZ,长盛轴承,机械基件,机械基础件,深交所,,1381946742.0,0.014,7,2000只样本池基础保留
sz002896,002896.SZ,中大力德,机械基件,机械基础件,深交所,,1284800505.0,0.014,5,2000只样本池基础保留
sz301338,301338.SZ,凯格精机,专用机械,其他专用设备,深交所,,860306142.0,0.014,17,2000只样本池基础保留
sh603662,603662.SH,柯力传感,电器仪表,仪器仪表,上交所,,628642862.0,0.014,11,2000只样本池基础保留
sh688059,688059.SH,华锐精密,机械基件,金属制品,上交所,,491342086.0,0.014,2,2000只样本池基础保留
sz300415,300415.SZ,伊之密,专用机械,其他专用设备,深交所,,357936096.0,0.014,9,2000只样本池基础保留
sz000410,000410.SZ,沈阳机床,机床制造,机床制造,深交所,,215977196.0,0.014,6,2000只样本池基础保留
sh601311,601311.SH,骆驼股份,电气设备,其他电池,上交所,,472063034.0,0.014,14,2000只样本池基础保留
sz002169,002169.SZ,智光电气,电气设备,电网自动化,深交所,,270420469.0,0.014,17,2000只样本池基础保留
sz002121,002121.SZ,科陆电子,电器仪表,电工仪器,深交所,,246190427.0,0.014,12,2000只样本池基础保留
sz002785,002785.SZ,万里石,其他建材,其他建材,深交所,,618986954.0,0.014,9,2000只样本池基础保留
sz300613,300613.SZ,富瀚微,半导体,集成电路设计,深交所,,1699932772.0,0.014,15,2000只样本池基础保留
sz300489,300489.SZ,光智科技,专用机械,激光设备,深交所,,1370776032.0,0.014,11,2000只样本池基础保留
sh688515,688515.SH,裕太微,半导体,集成电路设计,上交所,,1209608983.0,0.014,11,2000只样本池基础保留
sz300814,300814.SZ,中富电路,元器件,PCB,深交所,,1121113525.0,0.014,12,2000只样本池基础保留
sz300975,300975.SZ,商络电子,元器件,其他电子,深交所,,1047044296.0,0.014,24,2000只样本池基础保留
sz002036,002036.SZ,联创电子,元器件,光学元件,深交所,,475240022.0,0.014,28,2000只样本池基础保留
sz300576,300576.SZ,容大感光,染料涂料,半导体材料,深交所,,393519280.0,0.014,5,2000只样本池基础保留
sz003035,003035.SZ,南网能源,新型电力,电能综合服务,深交所,,736686716.0,0.014,9,2000只样本池基础保留
sz000537,000537.SZ,绿发电力,新型电力,风力发电,深交所,,709567843.0,0.014,6,2000只样本池基础保留
sh601619,601619.SH,嘉泽新能,新型电力,风力发电,上交所,,534743371.0,0.014,5,2000只样本池基础保留
sh603393,603393.SH,新天然气,供气供热,燃气,上交所,,230190834.0,0.014,1,2000只样本池基础保留
sz300497,300497.SZ,富祥药业,化学制药,原料药,深交所,,1047824721.0,0.014,8,2000只样本池基础保留
sz300204,300204.SZ,舒泰神,生物制药,其他生物制药,深交所,,611992771.0,0.014,3,2000只样本池基础保留
sz002173,002173.SZ,创新医疗,医疗保健,医院,深交所,,602018578.0,0.014,9,2000只样本池基础保留
sz301093,301093.SZ,华兰股份,医疗保健,医疗耗材,深交所,,405880113.0,0.014,3,2000只样本池基础保留
sh688690,688690.SH,纳微科技,化工原料,其他化学制品,上交所,,344216639.0,0.014,2,2000只样本池基础保留
sh600572,600572.SH,康恩贝,中成药,中药,上交所,,231476798.0,0.014,7,2000只样本池基础保留
sz300357,300357.SZ,我武生物,生物制药,其他生物制药,深交所,,227494496.0,0.014,2,2000只样本池基础保留
sz002019,002019.SZ,亿帆医药,化学制药,化学制剂,深交所,,109714548.0,0.014,8,2000只样本池基础保留
sz002004,002004.SZ,华邦健康,农药化肥,农药,深交所,,106942145.0,0.014,11,2000只样本池基础保留
sz000403,000403.SZ,派林生物,生物制药,血液制品,深交所,,96484144.0,0.014,1,2000只样本池基础保留
sh688050,688050.SH,爱博医疗,医疗保健,医疗耗材,上交所,,72314623.0,0.014,1,2000只样本池基础保留
sh600771,600771.SH,广誉远,中成药,中药,上交所,,64231566.0,0.014,4,2000只样本池基础保留
sz002906,002906.SZ,华阳集团,汽车配件,汽车电子电气系统,深交所,,268153283.0,0.014,25,2000只样本池基础保留
sh688612,688612.SH,威迈斯,汽车配件,汽车电子电气系统,上交所,,189585808.0,0.014,5,2000只样本池基础保留
sh605289,605289.SH,罗曼股份,建筑工程,其他专业工程,上交所,,490440648.0,0.014,14,2000只样本池基础保留
sz002541,002541.SZ,鸿路钢构,钢加工,钢结构,深交所,,131560318.0,0.014,6,2000只样本池基础保留
sz300209,300209.SZ,行云科技,互联网,跨境电商,深交所,,2806053615.0,0.014,6,2000只样本池基础保留
sz300042,300042.SZ,朗科科技,IT设备,其他IT设备,深交所,,2795113302.0,0.014,14,2000只样本池基础保留
sz301095,301095.SZ,广立微,半导体,集成电路设计,深交所,,1028426903.0,0.014,9,2000只样本池基础保留
sz300520,300520.SZ,科大国创,软件服务,行业应用软件,深交所,,643752657.0,0.014,36,2000只样本池基础保留
sz002153,002153.SZ,石基信息,软件服务,云软件服务,深交所,,616234643.0,0.014,13,2000只样本池基础保留
sz300290,300290.SZ,荣科科技,软件服务,行业应用软件,深交所,,598958827.0,0.014,21,2000只样本池基础保留
sh688561,688561.SH,奇安信,软件服务,基础软件,上交所,,401194799.0,0.014,19,2000只样本池基础保留
sz000555,000555.SZ,神州信息,软件服务,行业应用软件,深交所,,334426426.0,0.014,26,2000只样本池基础保留
sz300047,300047.SZ,天源迪科,软件服务,行业应用软件,深交所,,303782169.0,0.014,40,2000只样本池基础保留
sh600850,600850.SH,电科数字,软件服务,其他云服务,上交所,,289427555.0,0.014,42,2000只样本池基础保留
sz300079,300079.SZ,数码视讯,IT设备,行业应用软件,深交所,,179769285.0,0.014,30,2000只样本池基础保留
sh600718,600718.SH,东软集团,软件服务,行业应用软件,上交所,,168022387.0,0.014,35,2000只样本池基础保留
sh603686,603686.SH,福龙马,环境保护,环保设备,上交所,,620543529.0,0.014,20,2000只样本池基础保留
sh600461,600461.SH,洪城环境,水务,水务,上交所,,73154599.0,0.014,6,2000只样本池基础保留
sz300164,300164.SZ,通源石油,石油开采,油气工程,深交所,,1062707727.0,0.014,5,2000只样本池基础保留
sz300191,300191.SZ,潜能恒信,石油开采,油田服务,深交所,,593606404.0,0.014,4,2000只样本池基础保留
sz002167,002167.SZ,东方锆业,小金属,其他金属,深交所,,396830742.0,0.014,9,2000只样本池基础保留
sh600776,600776.SH,东方通信,通信设备,其他通信设备,上交所,,1441929687.0,0.014,8,2000只样本池基础保留
sh600345,600345.SH,长江通信,通信设备,其他通信设备,上交所,,1249902796.0,0.014,14,2000只样本池基础保留
sz000839,000839.SZ,国安股份,综合类,电信增值服务,深交所,,171910711.0,0.014,11,2000只样本池基础保留
sh600057,600057.SH,厦门象屿,仓储物流,供应链服务,上交所,,200485046.0,0.014,8,2000只样本池基础保留
sz002010,002010.SZ,传化智联,仓储物流,供应链服务,深交所,,132098480.0,0.014,12,2000只样本池基础保留
sz001330,001330.SZ,博纳影业,影视音像,发行院线,深交所,,869268441.0,0.014,6,2000只样本池基础保留
sh601098,601098.SH,中南传媒,出版业,教育出版,上交所,,138764467.0,0.014,4,2000只样本池基础保留
sh600906,600906.SH,财达证券,证券,证券,上交所,,217219451.0,0.014,1,2000只样本池基础保留
sz000935,000935.SZ,四川双马,水泥,水泥制造,深交所,,186344958.0,0.014,5,2000只样本池基础保留
sz000818,000818.SZ,航锦科技,化工原料,氯碱,深交所,,2175440668.0,0.014,17,2000只样本池基础保留
sz002549,002549.SZ,凯美特气,环境保护,大气治理,深交所,,849403185.0,0.014,8,2000只样本池基础保留
sz301071,301071.SZ,力量钻石,矿物制品,非金属材料,深交所,,623172108.0,0.014,3,2000只样本池基础保留
sh600623,600623.SH,华谊集团,化工原料,煤化工,上交所,,545948768.0,0.014,8,2000只样本池基础保留
sh605020,605020.SH,永和股份,化工原料,氟化工,上交所,,502358107.0,0.014,3,2000只样本池基础保留
sh600500,600500.SH,中化国际,塑料,其他化学制品,上交所,,405934518.0,0.014,8,2000只样本池基础保留
sz002246,002246.SZ,北化股份,化工原料,民爆制品,深交所,,389730832.0,0.014,6,2000只样本池基础保留
sh603599,603599.SH,广信股份,农药化肥,农药,上交所,,380794840.0,0.014,1,2000只样本池基础保留
sz002597,002597.SZ,金禾实业,食品,食品助剂,深交所,,309303362.0,0.014,6,2000只样本池基础保留
sh603360,603360.SH,百傲化学,农药化肥,农药,上交所,,304700153.0,0.014,4,2000只样本池基础保留
sz300938,300938.SZ,信测标准,电器仪表,检测服务,深交所,,1376072728.0,0.014,10,2000只样本池基础保留
sh688523,688523.SH,航天环宇,航空,航天装备,上交所,,1468586882.0,0.014,6,2000只样本池基础保留
sz300726,300726.SZ,宏达电子,元器件,军工电子,深交所,,487834899.0,0.014,8,2000只样本池基础保留
sh688543,688543.SH,国科军工,专用机械,地面兵装,上交所,,480290323.0,0.014,6,2000只样本池基础保留
sz002515,002515.SZ,金字火腿,食品,肉制品,深交所,,691091347.0,0.014,6,2000只样本池基础保留
sh600507,600507.SH,方大特钢,特种钢,特钢,上交所,,113357197.0,0.014,2,2000只样本池基础保留
sh601005,601005.SH,重庆钢铁,普钢,板材,上交所,,87623911.0,0.014,5,2000只样本池基础保留
sh600103,600103.SH,青山纸业,造纸,特种纸,上交所,,1200426061.0,0.014,9,2000只样本池基础保留
sz002229,002229.SZ,鸿博股份,广告包装,印刷,深交所,,977399018.0,0.014,18,2000只样本池基础保留
sh688363,688363.SH,华熙生物,医疗保健,医美耗材,上交所,,105511821.0,0.014,3,2000只样本池基础保留
sh600325,600325.SH,华发股份,区域地产,住宅开发,上交所,,201099178.0,0.013,4,2000只样本池基础保留
sz002315,002315.SZ,焦点科技,互联网,跨境电商,深交所,,542917506.0,0.013,12,2000只样本池基础保留
sh601061,601061.SH,中信金属,商贸代理,贸易,上交所,,282042279.0,0.013,6,2000只样本池基础保留
sz301078,301078.SZ,孩子王,其他商业,专业连锁,深交所,,204388266.0,0.013,13,2000只样本池基础保留
sz002251,002251.SZ,步步高,超市连锁,超市及便利店,深交所,,182799013.0,0.013,4,2000只样本池基础保留
sz002009,002009.SZ,天奇股份,工程机械,其他专用设备,深交所,,1332701913.0,0.013,22,2000只样本池基础保留
sz002685,002685.SZ,华东重机,机床制造,机床制造,深交所,,1201676573.0,0.013,12,2000只样本池基础保留
sz301392,301392.SZ,汇成真空,专用机械,其他专用设备,深交所,,1072264362.0,0.013,7,2000只样本池基础保留
sz300480,300480.SZ,光力科技,专用机械,能源及重型设备,深交所,,699458061.0,0.013,13,2000只样本池基础保留
sh688698,688698.SH,伟创电气,电气设备,工业控制设备,上交所,,682255503.0,0.013,9,2000只样本池基础保留
sz002779,002779.SZ,中坚科技,农用机械,农用机械,深交所,,568691761.0,0.013,2,2000只样本池基础保留
sz002698,002698.SZ,博实股份,化工机械,其他专用设备,深交所,,489869606.0,0.013,8,2000只样本池基础保留
sh688596,688596.SH,正帆科技,专用机械,半导体设备,上交所,,254084748.0,0.013,9,2000只样本池基础保留
sz002006,002006.SZ,精工科技,专用机械,纺织服装设备,深交所,,249870649.0,0.013,14,2000只样本池基础保留
sh600835,600835.SH,上海机电,运输设备,楼宇设备,上交所,,226550177.0,0.013,8,2000只样本池基础保留
sz002097,002097.SZ,山河智能,工程机械,工程机械整机,深交所,,180198829.0,0.013,16,2000只样本池基础保留
sh603337,603337.SH,杰克科技,纺织机械,纺织服装设备,上交所,,153481019.0,0.013,4,2000只样本池基础保留
sh688425,688425.SH,铁建重工,工程机械,工程机械整机,上交所,,83545299.0,0.013,12,2000只样本池基础保留
sz301292,301292.SZ,海科新源,化工原料,电池化学品,深交所,,1745737799.0,0.013,4,2000只样本池基础保留
sz002079,002079.SZ,苏州固锝,电气设备,光伏辅材,深交所,,866809147.0,0.013,24,2000只样本池基础保留
sz002733,002733.SZ,雄韬股份,电气设备,燃料电池,深交所,,756984150.0,0.013,17,2000只样本池基础保留
sh688006,688006.SH,杭可科技,电气设备,锂电设备,上交所,,724239688.0,0.013,5,2000只样本池基础保留
sz300660,300660.SZ,江苏雷利,电气设备,电机制造,深交所,,711075163.0,0.013,16,2000只样本池基础保留
sh600481,600481.SH,双良节能,电气设备,光伏硅片,上交所,,510774675.0,0.013,18,2000只样本池基础保留
sh600268,600268.SH,国电南自,电气设备,电网自动化,上交所,,363297056.0,0.013,22,2000只样本池基础保留
sz300772,300772.SZ,运达股份,电气设备,风电整机,深交所,,298812027.0,0.013,7,2000只样本池基础保留
sz002255,002255.SZ,海陆重工,专用机械,其他发电设备,深交所,,233455647.0,0.013,10,2000只样本池基础保留
sz002043,002043.SZ,兔宝宝,其他建材,其他建材,深交所,,159721783.0,0.013,1,2000只样本池基础保留
sz002083,002083.SZ,孚日股份,纺织,家纺,深交所,,373978916.0,0.013,11,2000只样本池基础保留
sh600916,600916.SH,中国黄金,服饰,钟表珠宝,上交所,,281111294.0,0.013,4,2000只样本池基础保留
sz002215,002215.SZ,诺普信,农药化肥,农药,深交所,,232245877.0,0.013,6,2000只样本池基础保留
sz002458,002458.SZ,益生股份,农业综合,肉鸡养殖,深交所,,199725663.0,0.013,2,2000只样本池基础保留
sh603936,603936.SH,博敏电子,元器件,PCB,上交所,,1376110666.0,0.013,24,2000只样本池基础保留
sh603002,603002.SH,宏昌电子,化工原料,合成树脂,上交所,,1199224897.0,0.013,6,2000只样本池基础保留
sh688233,688233.SH,神工股份,半导体,半导体材料,上交所,,631610440.0,0.013,2,2000只样本池基础保留
sh688380,688380.SH,中微半导,半导体,集成电路设计,上交所,,572449266.0,0.013,11,2000只样本池基础保留
sh688508,688508.SH,芯朋微,半导体,集成电路设计,上交所,,410001038.0,0.013,12,2000只样本池基础保留
sh603690,603690.SH,至纯科技,半导体,半导体设备,上交所,,315838726.0,0.013,6,2000只样本池基础保留
sh688378,688378.SH,奥来德,专用机械,其他专用设备,上交所,,289279998.0,0.013,6,2000只样本池基础保留
sz300327,300327.SZ,中颖电子,半导体,集成电路设计,深交所,,268117848.0,0.013,16,2000只样本池基础保留
sh600396,600396.SH,华电辽能,火力发电,火力发电,上交所,,4470578145.0,0.013,6,2000只样本池基础保留
sh600726,600726.SH,华电能源,火力发电,火力发电,上交所,,4317968140.0,0.013,3,2000只样本池基础保留
sz000791,000791.SZ,甘肃能源,水力发电,水力发电,深交所,,1386687938.0,0.013,5,2000只样本池基础保留
sz002256,002256.SZ,兆新股份,新型电力,光伏发电,深交所,,1295413860.0,0.013,9,2000只样本池基础保留
sh600509,600509.SH,天富能源,火力发电,火力发电,上交所,,377952166.0,0.013,12,2000只样本池基础保留
sh600098,600098.SH,广州发展,火力发电,火力发电,上交所,,304581697.0,0.013,10,2000只样本池基础保留
sz300723,300723.SZ,一品红,化学制药,化学制剂,深交所,,1016815728.0,0.013,9,2000只样本池基础保留
sz002437,002437.SZ,誉衡药业,化学制药,化学制剂,深交所,,304647461.0,0.013,5,2000只样本池基础保留
sh688192,688192.SH,迪哲医药,生物制药,其他生物制药,上交所,,231753989.0,0.013,1,2000只样本池基础保留
sh603882,603882.SH,金域医学,医疗保健,诊断服务,上交所,,231403224.0,0.013,13,2000只样本池基础保留
sh603456,603456.SH,九洲药业,医疗保健,医疗研发外包,上交所,,203516760.0,0.013,6,2000只样本池基础保留
sh688016,688016.SH,心脉医疗,医疗保健,医疗耗材,上交所,,179973522.0,0.013,0,2000只样本池基础保留
sh600056,600056.SH,中国医药,医药商业,医药流通,上交所,,165885897.0,0.013,4,2000只样本池基础保留
sh688068,688068.SH,热景生物,医疗保健,诊断试剂,上交所,,145337770.0,0.013,5,2000只样本池基础保留
sz300595,300595.SZ,欧普康视,医疗保健,医疗耗材,深交所,,107853264.0,0.013,4,2000只样本池基础保留
sh600993,600993.SH,马应龙,中成药,中药,上交所,,103215034.0,0.013,3,2000只样本池基础保留
sh600062,600062.SH,华润双鹤,化学制药,化学制剂,上交所,,102441374.0,0.013,8,2000只样本池基础保留
sz301263,301263.SZ,泰恩康,医药商业,医药流通,深交所,,100582504.0,0.013,4,2000只样本池基础保留
sz000700,000700.SZ,模塑科技,汽车配件,车身附件及饰件,深交所,,1934488705.0,0.013,8,2000只样本池基础保留
sh600480,600480.SH,凌云股份,汽车配件,其他汽车零部件,上交所,,711667943.0,0.013,17,2000只样本池基础保留
sh603358,603358.SH,华达科技,汽车配件,车身附件及饰件,上交所,,490961565.0,0.013,7,2000只样本池基础保留
sz002239,002239.SZ,奥特佳,汽车配件,汽车电子电气系统,深交所,,206348073.0,0.013,13,2000只样本池基础保留
sz000065,000065.SZ,北方国际,建筑工程,国际工程,深交所,,566551434.0,0.013,12,2000只样本池基础保留
sz002163,002163.SZ,海南发展,装修装饰,装修装饰,深交所,,478152949.0,0.013,4,2000只样本池基础保留
sh603859,603859.SH,能科科技,软件服务,行业应用软件,上交所,,339090497.0,0.013,25,2000只样本池基础保留
sz002368,002368.SZ,太极股份,软件服务,行业应用软件,深交所,,306075975.0,0.013,33,2000只样本池基础保留
sz300036,300036.SZ,超图软件,软件服务,行业应用软件,深交所,,201117392.0,0.013,37,2000只样本池基础保留
sz002221,002221.SZ,东华能源,石油加工,其他石化,深交所,,97450123.0,0.013,8,2000只样本池基础保留
sh600888,600888.SH,新疆众和,铝,铝,上交所,,327245666.0,0.013,4,2000只样本池基础保留
sz300224,300224.SZ,正海磁材,矿物制品,磁性材料,深交所,,269320130.0,0.013,10,2000只样本池基础保留
sz301382,301382.SZ,蜂助手,互联网,互联网广告,深交所,,663350707.0,0.013,18,2000只样本池基础保留
sz002123,002123.SZ,梦网科技,互联网,电信增值服务,深交所,,155927643.0,0.013,33,2000只样本池基础保留
sz000089,000089.SZ,深圳机场,机场,机场,深交所,,64431434.0,0.013,2,2000只样本池基础保留
sz002181,002181.SZ,粤传媒,出版业,大众出版,深交所,,2078207922.0,0.013,15,2000只样本池基础保留
sh600556,600556.SH,天下秀,互联网,互联网广告,上交所,,481720864.0,0.013,19,2000只样本池基础保留
sz300031,300031.SZ,宝通科技,互联网,游戏,深交所,,466990916.0,0.013,20,2000只样本池基础保留
sz002292,002292.SZ,奥飞娱乐,影视音像,影视制作,深交所,,377527054.0,0.013,13,2000只样本池基础保留
sh600864,600864.SH,哈投股份,证券,证券,上交所,,211243998.0,0.013,2,2000只样本池基础保留
sz002670,002670.SZ,国盛证券,证券,证券,深交所,,145864471.0,0.013,1,2000只样本池基础保留
sh600621,600621.SH,华鑫股份,证券,证券,上交所,,128258292.0,0.013,6,2000只样本池基础保留
sz000801,000801.SZ,四川九洲,家用电器,其他黑色家电,深交所,,479920961.0,0.013,22,2000只样本池基础保留
sz002011,002011.SZ,盾安环境,家用电器,家电零部件,深交所,,406917334.0,0.013,13,2000只样本池基础保留
sz002032,002032.SZ,苏泊尔,家用电器,厨房小家电,深交所,,92506287.0,0.013,2,2000只样本池基础保留
sz002470,002470.SZ,金正大,农药化肥,复合肥,深交所,,634992081.0,0.013,4,2000只样本池基础保留
sz002455,002455.SZ,百川股份,化工原料,有机化工原料,深交所,,464518299.0,0.013,9,2000只样本池基础保留
sz002440,002440.SZ,闰土股份,染料涂料,纺织化学品,深交所,,415671784.0,0.013,2,2000只样本池基础保留
sh603505,603505.SH,金石资源,化工原料,氟化工,上交所,,402069922.0,0.013,5,2000只样本池基础保留
sh603281,603281.SH,江瀚新材,化工原料,有机硅,上交所,,226451081.0,0.013,2,2000只样本池基础保留
sz300072,300072.SZ,海新能科,化工原料,其他化学制品,深交所,,149191272.0,0.013,9,2000只样本池基础保留
sh600273,600273.SH,嘉化能源,化工原料,有机化工原料,上交所,,110657556.0,0.013,6,2000只样本池基础保留
sz002023,002023.SZ,海特高新,航空,航空装备,深交所,,609629990.0,0.013,17,2000只样本池基础保留
sh601890,601890.SH,亚星锚链,船舶,航海装备,上交所,,403572670.0,0.013,5,2000只样本池基础保留
sh688563,688563.SH,航材股份,航空,航空装备,上交所,,300868582.0,0.013,7,2000只样本池基础保留
sh603712,603712.SH,七一二,通信设备,军工电子,上交所,,251319909.0,0.013,11,2000只样本池基础保留
sh601969,601969.SH,海南矿业,普钢,铁矿石,上交所,,433742156.0,0.013,11,2000只样本池基础保留
sz002348,002348.SZ,高乐股份,文教休闲,娱乐用品,深交所,,546409195.0,0.013,7,2000只样本池基础保留
sh600567,600567.SH,山鹰国际,造纸,大宗用纸,上交所,,114408331.0,0.013,8,2000只样本池基础保留
sz300888,300888.SZ,稳健医疗,医疗保健,医疗耗材,深交所,,91523242.0,0.013,5,2000只样本池基础保留
sh600094,600094.SH,大名城,区域地产,住宅开发,上交所,,137052136.0,0.012,13,2000只样本池基础保留
sh600185,600185.SH,珠免集团,旅游服务,旅游服务,上交所,,171477894.0,0.012,6,2000只样本池基础保留
sh603698,603698.SH,航天工程,专用机械,能源及重型设备,上交所,,2495300775.0,0.012,5,2000只样本池基础保留
sz002272,002272.SZ,川润股份,机械基件,其他通用设备,深交所,,1020790135.0,0.012,19,2000只样本池基础保留
sh603011,603011.SH,合锻智能,专用机械,其他专用设备,上交所,,623408778.0,0.012,19,2000只样本池基础保留
sz300382,300382.SZ,斯莱克,专用机械,印刷包装机械,深交所,,376516236.0,0.012,10,2000只样本池基础保留
sh605305,605305.SH,中际联合,工程机械,工程机械整机,上交所,,370987991.0,0.012,2,2000只样本池基础保留
sz300276,300276.SZ,三丰智能,专用机械,其他专用设备,深交所,,370916074.0,0.012,11,2000只样本池基础保留
sz000837,000837.SZ,秦川机床,机床制造,机床制造,深交所,,369432925.0,0.012,11,2000只样本池基础保留
sh688003,688003.SH,天准科技,专用机械,其他专用设备,上交所,,355359525.0,0.012,19,2000只样本池基础保留
sz000927,000927.SZ,中国铁物,仓储物流,供应链服务,深交所,,226071718.0,0.012,4,2000只样本池基础保留
sz002073,002073.SZ,软控股份,专用机械,其他专用设备,深交所,,153881863.0,0.012,12,2000只样本池基础保留
sz300048,300048.SZ,合康新能,电气设备,输变电设备,深交所,,142565584.0,0.012,10,2000只样本池基础保留
sh603985,603985.SH,恒润股份,电气设备,风电零部件,上交所,,1080033770.0,0.012,7,2000只样本池基础保留
sh603507,603507.SH,振江股份,电气设备,风电零部件,上交所,,1079708590.0,0.012,8,2000只样本池基础保留
sz002196,002196.SZ,方正电机,纺织机械,电机制造,深交所,,995487013.0,0.012,9,2000只样本池基础保留
sz300153,300153.SZ,科泰电源,电气设备,其他发电设备,深交所,,665939525.0,0.012,8,2000只样本池基础保留
sz301487,301487.SZ,盟固利,化工原料,电池化学品,深交所,,495536624.0,0.012,8,2000只样本池基础保留
sz000049,000049.SZ,德赛电池,电气设备,锂电池,深交所,,417431425.0,0.012,16,2000只样本池基础保留
sz300222,300222.SZ,科大智能,电气设备,电网自动化,深交所,,416609143.0,0.012,19,2000只样本池基础保留
sz300443,300443.SZ,金雷股份,电气设备,风电零部件,深交所,,311304407.0,0.012,5,2000只样本池基础保留
sh688663,688663.SH,新风光,电气设备,电网自动化,上交所,,284301268.0,0.012,9,2000只样本池基础保留
sz300128,300128.SZ,锦富技术,元器件,光学元件,深交所,,277430177.0,0.012,20,2000只样本池基础保留
sz002533,002533.SZ,金杯电工,电气设备,线缆部件及其他,深交所,,182474556.0,0.012,18,2000只样本池基础保留
sz001212,001212.SZ,中旗新材,其他建材,其他建材,深交所,,424623256.0,0.012,8,2000只样本池基础保留
sz000672,000672.SZ,上峰水泥,水泥,水泥制造,深交所,,300568146.0,0.012,6,2000只样本池基础保留
sz002372,002372.SZ,伟星新材,其他建材,管材,深交所,,86226836.0,0.012,6,2000只样本池基础保留
sz002233,002233.SZ,塔牌集团,水泥,水泥制造,深交所,,67645679.0,0.012,2,2000只样本池基础保留
sz002832,002832.SZ,比音勒芬,服饰,运动服装,深交所,,232125939.0,0.012,5,2000只样本池基础保留
sz002003,002003.SZ,伟星股份,服饰,辅料,深交所,,84397234.0,0.012,1,2000只样本池基础保留
sh600108,600108.SH,亚盛集团,种植业,其他种植业,上交所,,314514079.0,0.012,7,2000只样本池基础保留
sz002213,002213.SZ,大为股份,半导体,集成电路设计,深交所,,1948631895.0,0.012,12,2000只样本池基础保留
sz300671,300671.SZ,富满微,半导体,集成电路设计,深交所,,1629833368.0,0.012,12,2000只样本池基础保留
sz000727,000727.SZ,冠捷科技,元器件,面板,深交所,,825095306.0,0.012,23,2000只样本池基础保留
sh688549,688549.SH,中巨芯,元器件,其他电子,上交所,,678523322.0,0.012,4,2000只样本池基础保留
sz300843,300843.SZ,胜蓝股份,元器件,消费电子组件,深交所,,607835499.0,0.012,17,2000只样本池基础保留
sz002741,002741.SZ,光华科技,化工原料,半导体材料,深交所,,536562767.0,0.012,11,2000只样本池基础保留
sh688049,688049.SH,炬芯科技,半导体,集成电路设计,上交所,,277220764.0,0.012,11,2000只样本池基础保留
sz301086,301086.SZ,鸿富瀚,元器件,消费电子组件,深交所,,265413535.0,0.012,11,2000只样本池基础保留
sh688709,688709.SH,成都华微,半导体,集成电路设计,上交所,,254333931.0,0.012,13,2000只样本池基础保留
sh603991,603991.SH,至正股份,半导体,半导体材料,上交所,,232723148.0,0.012,7,2000只样本池基础保留
sz002387,002387.SZ,维信诺,元器件,面板,深交所,,84643583.0,0.012,11,2000只样本池基础保留
sz000767,000767.SZ,晋控电力,火力发电,火力发电,深交所,,1014395581.0,0.012,4,2000只样本池基础保留
sh600032,600032.SH,浙江新能,新型电力,光伏发电,上交所,,693446713.0,0.012,5,2000只样本池基础保留
sh603950,603950.SH,长源东谷,汽车配件,底盘与发动机系统,上交所,,1187332973.0,0.012,5,2000只样本池基础保留
sz300547,300547.SZ,川环科技,汽车配件,底盘与发动机系统,深交所,,658081068.0,0.012,12,2000只样本池基础保留
sz000880,000880.SZ,潍柴重机,专用机械,内燃机,深交所,,568815511.0,0.012,1,2000只样本池基础保留
sz002448,002448.SZ,中原内配,汽车配件,底盘与发动机系统,深交所,,553858727.0,0.012,17,2000只样本池基础保留
sz300580,300580.SZ,贝斯特,汽车配件,底盘与发动机系统,深交所,,474549506.0,0.012,11,2000只样本池基础保留
sz002265,002265.SZ,建设工业,专用机械,地面兵装,深交所,,419601074.0,0.012,8,2000只样本池基础保留
sh603809,603809.SH,豪能股份,汽车配件,底盘与发动机系统,上交所,,244495747.0,0.012,13,2000只样本池基础保留
sh600651,600651.SH,飞乐音响,电器仪表,LED,上交所,,204340099.0,0.012,11,2000只样本池基础保留
sz002537,002537.SZ,海联金汇,汽车配件,车身附件及饰件,深交所,,190939616.0,0.012,13,2000只样本池基础保留
sz002510,002510.SZ,天汽模,汽车配件,其他汽车零部件,深交所,,171667805.0,0.012,11,2000只样本池基础保留
sh600339,600339.SH,中油工程,石油开采,油气工程,上交所,,340363337.0,0.012,10,2000只样本池基础保留
sz300055,300055.SZ,万邦达,石油加工,其他石化,深交所,,252590270.0,0.012,7,2000只样本池基础保留
sh600688,600688.SH,上海石化,石油加工,炼油化工,上交所,,165832787.0,0.012,6,2000只样本池基础保留
sz300057,300057.SZ,万顺新材,铝,铝,深交所,,1018015409.0,0.012,13,2000只样本池基础保留
sz000751,000751.SZ,锌业股份,铅锌,铅锌,深交所,,895919436.0,0.012,2,2000只样本池基础保留
sz300337,300337.SZ,银邦股份,铝,铝,深交所,,814829713.0,0.012,11,2000只样本池基础保留
sz300835,300835.SZ,龙磁科技,矿物制品,磁性材料,深交所,,638439548.0,0.012,6,2000只样本池基础保留
sh600361,600361.SH,创新新材,铝,铝,上交所,,264741031.0,0.012,13,2000只样本池基础保留
sh603118,603118.SH,共进股份,通信设备,通信终端及配件,上交所,,1676576464.0,0.012,23,2000只样本池基础保留
sh600717,600717.SH,天津港,港口,港口,上交所,,91320923.0,0.012,4,2000只样本池基础保留
sh600350,600350.SH,山东高速,路桥,高速公路,上交所,,75047879.0,0.012,4,2000只样本池基础保留
sh600787,600787.SH,中储股份,仓储物流,仓储物流,上交所,,73186363.0,0.012,7,2000只样本池基础保留
sz000810,000810.SZ,创维数字,家用电器,其他黑色家电,深交所,,209080970.0,0.012,31,2000只样本池基础保留
sz300731,300731.SZ,科创新源,橡胶,橡胶制品,深交所,,476869714.0,0.012,9,2000只样本池基础保留
sz300596,300596.SZ,利安隆,化工原料,塑料助剂,深交所,,420221245.0,0.012,11,2000只样本池基础保留
sz002734,002734.SZ,利民股份,农药化肥,农药,深交所,,394630249.0,0.012,10,2000只样本池基础保留
sz002768,002768.SZ,国恩股份,塑料,改性塑料,深交所,,362525987.0,0.012,18,2000只样本池基础保留
sz002838,002838.SZ,道恩股份,塑料,改性塑料,深交所,,359214087.0,0.012,12,2000只样本池基础保留
sh600075,600075.SH,新疆天业,化工原料,氯碱,上交所,,290941858.0,0.012,6,2000只样本池基础保留
sz002254,002254.SZ,泰和新材,化纤,氨纶,深交所,,285226220.0,0.012,15,2000只样本池基础保留
sh600328,600328.SH,中盐化工,化工原料,无机盐,上交所,,277505788.0,0.012,4,2000只样本池基础保留
sz300910,300910.SZ,瑞丰新材,化工原料,其他化学制品,深交所,,174116338.0,0.012,1,2000只样本池基础保留
sz002226,002226.SZ,江南化工,化工原料,民爆制品,深交所,,96699563.0,0.012,13,2000只样本池基础保留
sz002967,002967.SZ,广电计量,电器仪表,检测服务,深交所,,438904781.0,0.012,26,2000只样本池基础保留
sz002557,002557.SZ,洽洽食品,食品,零食,深交所,,155073759.0,0.012,0,2000只样本池基础保留
sh601101,601101.SH,昊华能源,煤炭开采,动力煤,上交所,,464938635.0,0.012,2,2000只样本池基础保留
sz002067,002067.SZ,景兴纸业,造纸,大宗用纸,深交所,,213691867.0,0.012,6,2000只样本池基础保留
sz002572,002572.SZ,索菲亚,家居用品,家具,深交所,,135071933.0,0.012,3,2000只样本池基础保留
sh600315,600315.SH,上海家化,日用化工,洗护用品,上交所,,101911030.0,0.012,4,2000只样本池基础保留
sh600606,600606.SH,绿地控股,全国地产,住宅开发,上交所,,315029978.0,0.011,10,2000只样本池基础保留
sh600266,600266.SH,城建发展,区域地产,住宅开发,上交所,,227428763.0,0.011,7,2000只样本池基础保留
sh600710,600710.SH,苏美达,商贸代理,贸易,上交所,,281034076.0,0.011,15,2000只样本池基础保留
sh600827,600827.SH,百联股份,超市连锁,多业态零售,上交所,,105663842.0,0.011,7,2000只样本池基础保留
sz000785,000785.SZ,居然智家,百货,商业物业经营,深交所,,104214418.0,0.011,14,2000只样本池基础保留
sz000925,000925.SZ,众合科技,运输设备,轨交设备,深交所,,1145587668.0,0.011,31,2000只样本池基础保留
sz002931,002931.SZ,锋龙股份,机械基件,机械基础件,深交所,,1003030388.0,0.011,2,2000只样本池基础保留
sh600783,600783.SH,鲁信创投,专用机械,磨具磨料,上交所,,751733979.0,0.011,2,2000只样本池基础保留
sh688312,688312.SH,燕麦科技,专用机械,其他专用设备,上交所,,635506102.0,0.011,8,2000只样本池基础保留
sz002560,002560.SZ,通达股份,电气设备,线缆部件及其他,深交所,,1331212986.0,0.011,17,2000只样本池基础保留
sz001208,001208.SZ,华菱线缆,电气设备,线缆部件及其他,深交所,,686207612.0,0.011,14,2000只样本池基础保留
sz300490,300490.SZ,华自科技,专用机械,锂电设备,深交所,,575949578.0,0.011,32,2000只样本池基础保留
sh688226,688226.SH,威腾电气,电气设备,线缆部件及其他,上交所,,536264965.0,0.011,9,2000只样本池基础保留
sh688155,688155.SH,先惠技术,电气设备,锂电设备,上交所,,525119356.0,0.011,10,2000只样本池基础保留
sh688499,688499.SH,利元亨,专用机械,锂电设备,上交所,,418640241.0,0.011,17,2000只样本池基础保留
sz000922,000922.SZ,佳电股份,电气设备,电机制造,深交所,,240517750.0,0.011,6,2000只样本池基础保留
sh603218,603218.SH,日月股份,电气设备,风电零部件,上交所,,199182167.0,0.011,4,2000只样本池基础保留
sh688660,688660.SH,电气风电,电气设备,风电整机,上交所,,181567263.0,0.011,1,2000只样本池基础保留
sz000877,000877.SZ,天山股份,水泥,水泥制造,深交所,,87334891.0,0.011,2,2000只样本池基础保留
sz002345,002345.SZ,潮宏基,服饰,钟表珠宝,深交所,,228605835.0,0.011,5,2000只样本池基础保留
sz300979,300979.SZ,华利集团,服饰,纺织鞋类制造,深交所,,94812914.0,0.011,4,2000只样本池基础保留
sz301498,301498.SZ,乖宝宠物,饲料,宠物食品,深交所,,519135562.0,0.011,2,2000只样本池基础保留
sz300189,300189.SZ,神农种业,种植业,种子,深交所,,412299622.0,0.011,7,2000只样本池基础保留
sz002891,002891.SZ,中宠股份,饲料,宠物食品,深交所,,248819157.0,0.011,2,2000只样本池基础保留
sz301297,301297.SZ,富乐德,半导体,半导体设备,深交所,,1068968816.0,0.011,3,2000只样本池基础保留
sz301123,301123.SZ,奕东电子,元器件,消费电子组件,深交所,,936254528.0,0.011,13,2000只样本池基础保留
sh688678,688678.SH,福立旺,元器件,消费电子组件,上交所,,836075891.0,0.011,9,2000只样本池基础保留
sh603052,603052.SH,可川科技,元器件,消费电子组件,上交所,,833939671.0,0.011,7,2000只样本池基础保留
sh688535,688535.SH,华海诚科,半导体,半导体材料,上交所,,775197840.0,0.011,5,2000只样本池基础保留
sz002913,002913.SZ,奥士康,元器件,PCB,深交所,,561867768.0,0.011,11,2000只样本池基础保留
sh688381,688381.SH,帝奥微,半导体,集成电路设计,上交所,,528633086.0,0.011,14,2000只样本池基础保留
sz002993,002993.SZ,奥海科技,元器件,消费电子组件,深交所,,273003721.0,0.011,17,2000只样本池基础保留
sz300709,300709.SZ,精研科技,元器件,消费电子组件,深交所,,259568024.0,0.011,10,2000只样本池基础保留
sh688798,688798.SH,艾为电子,半导体,集成电路设计,上交所,,235045317.0,0.011,13,2000只样本池基础保留
sz300493,300493.SZ,润欣科技,元器件,其他电子,深交所,,233965461.0,0.011,18,2000只样本池基础保留
sz000536,000536.SZ,华映科技,元器件,面板,深交所,,178727067.0,0.011,8,2000只样本池基础保留
sh688352,688352.SH,颀中科技,半导体,半导体封测,上交所,,155394698.0,0.011,5,2000只样本池基础保留
sz300680,300680.SZ,隆盛科技,汽车配件,底盘与发动机系统,深交所,,655723515.0,0.011,21,2000只样本池基础保留
sz002703,002703.SZ,浙江世宝,汽车配件,底盘与发动机系统,深交所,,616885126.0,0.011,5,2000只样本池基础保留
sz300681,300681.SZ,英搏尔,汽车配件,汽车电子电气系统,深交所,,465098958.0,0.011,7,2000只样本池基础保留
sh600686,600686.SH,金龙汽车,汽车整车,商用载客车,上交所,,297861728.0,0.011,10,2000只样本池基础保留
sz300446,300446.SZ,航天智造,汽车配件,车身附件及饰件,深交所,,296604771.0,0.011,15,2000只样本池基础保留
sz300304,300304.SZ,云意电气,汽车配件,汽车电子电气系统,深交所,,235462291.0,0.011,11,2000只样本池基础保留
sz000572,000572.SZ,海马汽车,汽车整车,综合乘用车,深交所,,204737363.0,0.011,13,2000只样本池基础保留
sh603786,603786.SH,科博达,汽车配件,汽车电子电气系统,上交所,,204463735.0,0.011,4,2000只样本池基础保留
sz000589,000589.SZ,贵州轮胎,汽车配件,轮胎轮毂,深交所,,128127060.0,0.011,5,2000只样本池基础保留
sh601965,601965.SH,中国汽研,汽车服务,汽车综合服务,上交所,,122593866.0,0.011,11,2000只样本池基础保留
sz301039,301039.SZ,中集车辆,汽车整车,商用载货车,深交所,,65017527.0,0.011,5,2000只样本池基础保留
sz002062,002062.SZ,宏润建设,建筑工程,基建工程,深交所,,537955469.0,0.011,9,2000只样本池基础保留
sh600496,600496.SH,精工钢构,钢加工,钢结构,上交所,,213880023.0,0.011,9,2000只样本池基础保留
sh600502,600502.SH,安徽建工,建筑工程,基建工程,上交所,,109210606.0,0.011,14,2000只样本池基础保留
sh600255,600255.SH,鑫科材料,小金属,其他金属新材料,上交所,,221828794.0,0.011,4,2000只样本池基础保留
sz000795,000795.SZ,英洛华,矿物制品,磁性材料,深交所,,150605085.0,0.011,12,2000只样本池基础保留
sh688143,688143.SH,长盈通,通信设备,光纤光缆,上交所,,937368459.0,0.011,7,2000只样本池基础保留
sh688418,688418.SH,震有科技,通信设备,其他通信设备,上交所,,666651294.0,0.011,25,2000只样本池基础保留
sz002897,002897.SZ,意华股份,元器件,网络接配及塔设,深交所,,657612785.0,0.011,14,2000只样本池基础保留
sz002017,002017.SZ,东信和平,通信设备,通信终端及配件,深交所,,285537222.0,0.011,18,2000只样本池基础保留
sh600106,600106.SH,重庆路桥,路桥,高速公路,上交所,,131491581.0,0.011,4,2000只样本池基础保留
sz000429,000429.SZ,粤高速A,路桥,高速公路,深交所,,86301407.0,0.011,2,2000只样本池基础保留
sh601298,601298.SH,青岛港,港口,港口,上交所,,65256778.0,0.011,7,2000只样本池基础保留
sz000712,000712.SZ,锦龙股份,证券,证券,深交所,,129673298.0,0.011,1,2000只样本池基础保留
sz002847,002847.SZ,盐津铺子,食品,零食,深交所,,161931853.0,0.011,0,2000只样本池基础保留
sh600779,600779.SH,水井坊,白酒,白酒,上交所,,82573006.0,0.011,1,2000只样本池基础保留
sz000860,000860.SZ,顺鑫农业,白酒,白酒,深交所,,72266918.0,0.011,2,2000只样本池基础保留
sz000552,000552.SZ,甘肃能化,煤炭开采,动力煤,深交所,,223330920.0,0.011,3,2000只样本池基础保留
sh600123,600123.SH,兰花科创,煤炭开采,炼焦煤,上交所,,176326975.0,0.011,2,2000只样本池基础保留
sh600925,600925.SH,苏能股份,煤炭开采,动力煤,上交所,,46613139.0,0.011,5,2000只样本池基础保留
sz002980,002980.SZ,华盛昌,电器仪表,电工仪器,深交所,,1343077035.0,0.01,16,2000只样本池基础保留
sz300265,300265.SZ,通光线缆,电气设备,线缆部件及其他,深交所,,1040229519.0,0.01,11,2000只样本池基础保留
sz000533,000533.SZ,顺钠股份,电气设备,输变电设备,深交所,,837029526.0,0.01,14,2000只样本池基础保留
sh688707,688707.SH,振华新材,电气设备,电池化学品,上交所,,737137385.0,0.01,7,2000只样本池基础保留
sz300617,300617.SZ,安靠智电,电气设备,线缆部件及其他,深交所,,547898288.0,0.01,11,2000只样本池基础保留
sz002125,002125.SZ,湘潭电化,化工原料,其他化学原料,深交所,,523990772.0,0.01,6,2000只样本池基础保留
sz001283,001283.SZ,豪鹏科技,电气设备,锂电池,深交所,,407863515.0,0.01,17,2000只样本池基础保留
sh600973,600973.SH,宝胜股份,电气设备,线缆部件及其他,上交所,,334304976.0,0.01,19,2000只样本池基础保留
sz300427,300427.SZ,红相股份,电气设备,电网自动化,深交所,,236827391.0,0.01,13,2000只样本池基础保留
sh688032,688032.SH,禾迈股份,电气设备,光伏逆变器,上交所,,229369255.0,0.01,2,2000只样本池基础保留
sz002534,002534.SZ,西子洁能,专用机械,其他发电设备,深交所,,192591044.0,0.01,15,2000只样本池基础保留
sh603556,603556.SH,海兴电力,电器仪表,电工仪器,上交所,,146691702.0,0.01,7,2000只样本池基础保留
sh688349,688349.SH,三一重能,电气设备,风电整机,上交所,,139728377.0,0.01,4,2000只样本池基础保留
sz002201,002201.SZ,九鼎新材,玻璃,玻纤制造,深交所,,1175555395.0,0.01,3,2000只样本池基础保留
sh600586,600586.SH,金晶科技,玻璃,玻璃制造,上交所,,255286922.0,0.01,6,2000只样本池基础保留
sh605599,605599.SH,菜百股份,服饰,钟表珠宝,上交所,,216557405.0,0.01,2,2000只样本池基础保留
sz002867,002867.SZ,周大生,服饰,钟表珠宝,深交所,,153856599.0,0.01,3,2000只样本池基础保留
sz002293,002293.SZ,罗莱生活,纺织,家纺,深交所,,127204564.0,0.01,5,2000只样本池基础保留
sz002721,002721.SZ,金一文化,服饰,钟表珠宝,深交所,,120305906.0,0.01,9,2000只样本池基础保留
sh603477,603477.SH,巨星农牧,农业综合,生猪养殖,上交所,,300271061.0,0.01,2,2000只样本池基础保留
sz002124,002124.SZ,天邦食品,农业综合,生猪养殖,深交所,,265839021.0,0.01,6,2000只样本池基础保留
sh600251,600251.SH,冠农股份,农业综合,果蔬加工,上交所,,242192231.0,0.01,9,2000只样本池基础保留
sz300087,300087.SZ,荃银高科,种植业,种子,深交所,,95075897.0,0.01,4,2000只样本池基础保留
sz000930,000930.SZ,中粮科技,农业综合,其他农产品加工,深交所,,89093206.0,0.01,6,2000只样本池基础保留
sz000735,000735.SZ,罗牛山,农业综合,生猪养殖,深交所,,83139849.0,0.01,9,2000只样本池基础保留
sz000823,000823.SZ,超声电子,元器件,PCB,深交所,,1188606150.0,0.01,16,2000只样本池基础保留
sz001298,001298.SZ,好上好,元器件,其他电子,深交所,,1011898456.0,0.01,16,2000只样本池基础保留
sh603890,603890.SH,春秋电子,元器件,消费电子组件,上交所,,989450159.0,0.01,11,2000只样本池基础保留
sh688020,688020.SH,方邦股份,元器件,PCB,上交所,,891840807.0,0.01,7,2000只样本池基础保留
sz300739,300739.SZ,明阳电路,元器件,PCB,深交所,,784804096.0,0.01,11,2000只样本池基础保留
sh603078,603078.SH,江化微,半导体,半导体材料,上交所,,751054612.0,0.01,6,2000只样本池基础保留
sh688416,688416.SH,恒烁股份,半导体,集成电路设计,上交所,,597504782.0,0.01,6,2000只样本池基础保留
sh688135,688135.SH,利扬芯片,半导体,半导体封测,上交所,,586631325.0,0.01,11,2000只样本池基础保留
sh688432,688432.SH,有研硅,半导体,半导体材料,上交所,,581844685.0,0.01,5,2000只样本池基础保留
sh603328,603328.SH,依顿电子,元器件,PCB,上交所,,489547037.0,0.01,8,2000只样本池基础保留
sh600203,600203.SH,福日电子,元器件,消费电子组件,上交所,,479855153.0,0.01,18,2000只样本池基础保留
sh688368,688368.SH,晶丰明源,半导体,集成电路设计,上交所,,444773611.0,0.01,10,2000只样本池基础保留
sh688359,688359.SH,三孚新科,化工原料,半导体材料,上交所,,400106319.0,0.01,3,2000只样本池基础保留
sz002077,002077.SZ,大港股份,半导体,半导体封测,深交所,,381890542.0,0.01,8,2000只样本池基础保留
sz300046,300046.SZ,台基股份,半导体,功率半导体,深交所,,257336893.0,0.01,7,2000只样本池基础保留
sz002925,002925.SZ,盈趣科技,元器件,消费电子组件,深交所,,245670476.0,0.01,17,2000只样本池基础保留
sz300708,300708.SZ,聚灿光电,半导体,LED,深交所,,245476503.0,0.01,4,2000只样本池基础保留
sh688711,688711.SH,宏微科技,半导体,功率半导体,上交所,,175197431.0,0.01,12,2000只样本池基础保留
sz300232,300232.SZ,洲明科技,元器件,LED,深交所,,151130301.0,0.01,30,2000只样本池基础保留
sh688591,688591.SH,泰凌微,半导体,集成电路设计,上交所,,144931055.0,0.01,14,2000只样本池基础保留
sz002106,002106.SZ,莱宝高科,元器件,光学元件,深交所,,133770183.0,0.01,9,2000只样本池基础保留
sh600770,600770.SH,综艺股份,综合类,综合类,上交所,,1491009251.0,0.01,12,2000只样本池基础保留
sz002328,002328.SZ,新朋股份,汽车配件,车身附件及饰件,深交所,,1140898049.0,0.01,7,2000只样本池基础保留
sz301529,301529.SZ,福赛科技,汽车配件,车身附件及饰件,深交所,,816244877.0,0.01,4,2000只样本池基础保留
sz002284,002284.SZ,亚太股份,汽车配件,底盘与发动机系统,深交所,,342816292.0,0.01,7,2000只样本池基础保留
sz300428,300428.SZ,立中集团,汽车配件,轮胎轮毂,深交所,,209332285.0,0.01,23,2000只样本池基础保留
sh603529,603529.SH,爱玛科技,摩托车,其他交通设备,上交所,,188462871.0,0.01,4,2000只样本池基础保留
sz301007,301007.SZ,德迈仕,汽车配件,底盘与发动机系统,深交所,,181992646.0,0.01,13,2000只样本池基础保留
sz300986,300986.SZ,志特新材,建筑工程,其他专业工程,深交所,,721753120.0,0.01,11,2000只样本池基础保留
sz002135,002135.SZ,东南网架,钢加工,钢结构,深交所,,429705441.0,0.01,14,2000只样本池基础保留
sz000928,000928.SZ,中钢国际,建筑工程,国际工程,深交所,,272657270.0,0.01,10,2000只样本池基础保留
sh601096,601096.SH,宏盛华源,钢加工,钢结构,上交所,,193026005.0,0.01,6,2000只样本池基础保留
sz002941,002941.SZ,新疆交建,建筑工程,基建工程,深交所,,177433352.0,0.01,11,2000只样本池基础保留
sz002210,002210.SZ,飞马国际,环境保护,固废治理,深交所,,957646478.0,0.01,6,2000只样本池基础保留
sh600292,600292.SH,电投水电,水力发电,水力发电,上交所,,412073581.0,0.01,9,2000只样本池基础保留
sz301127,301127.SZ,武汉天源,环境保护,水治理,深交所,,171654703.0,0.01,12,2000只样本池基础保留
sh603399,603399.SH,永杉锂业,小金属,钨钼,上交所,,3505720232.0,0.01,5,2000只样本池基础保留
sh603124,603124.SH,江南新材,铜,其他金属新材料,上交所,,530654599.0,0.01,4,2000只样本池基础保留
sh601702,601702.SH,华峰铝业,铝,铝,上交所,,195550520.0,0.01,3,2000只样本池基础保留
sh600775,600775.SH,南京熊猫,通信设备,通信终端及配件,上交所,,369295308.0,0.01,17,2000只样本池基础保留
sh600751,600751.SH,海航科技,水运,航运,上交所,,383760367.0,0.01,4,2000只样本池基础保留
sz002928,002928.SZ,华夏航空,空运,航空运输,深交所,,329883036.0,0.01,0,2000只样本池基础保留
sz300572,300572.SZ,安车检测,电器仪表,检测服务,深交所,,728172329.0,0.01,9,2000只样本池基础保留
sz300416,300416.SZ,苏试试验,电器仪表,检测服务,深交所,,292335385.0,0.01,10,2000只样本池基础保留
sz000796,000796.SZ,凯撒旅业,旅游服务,旅游服务,深交所,,207100771.0,0.01,9,2000只样本池基础保留
sh603027,603027.SH,千禾味业,食品,调味品,上交所,,116054209.0,0.01,0,2000只样本池基础保留
sh600059,600059.SH,古越龙山,红黄酒,黄酒,上交所,,66216865.0,0.01,4,2000只样本池基础保留
sz000937,000937.SZ,冀中能源,煤炭开采,炼焦煤,深交所,,367026983.0,0.01,2,2000只样本池基础保留
sh600395,600395.SH,盘江股份,煤炭开采,炼焦煤,上交所,,145993270.0,0.01,5,2000只样本池基础保留
sh603687,603687.SH,大胜达,广告包装,纸包装,上交所,,688662853.0,0.01,13,2000只样本池基础保留
sz300740,300740.SZ,水羊股份,日用化工,化妆品,深交所,,313650620.0,0.01,6,2000只样本池基础保留
sh600152,600152.SH,维科技术,电气设备,锂电池,上交所,,2384774192.0,0.009,12,2000只样本池基础保留
sz002309,002309.SZ,中利集团,电气设备,光伏电池组件,深交所,,1448088167.0,0.009,15,2000只样本池基础保留
sz002350,002350.SZ,北京科锐,电气设备,配电设备,深交所,,944626667.0,0.009,19,2000只样本池基础保留
sh603897,603897.SH,长城科技,电气设备,线缆部件及其他,上交所,,864885682.0,0.009,4,2000只样本池基础保留
sh603530,603530.SH,神马电力,电气设备,线缆部件及其他,上交所,,476519653.0,0.009,5,2000只样本池基础保留
sz002452,002452.SZ,长高电新,电气设备,输变电设备,深交所,,453261017.0,0.009,8,2000只样本池基础保留
sz300619,300619.SZ,金银河,专用机械,锂电设备,深交所,,426790777.0,0.009,9,2000只样本池基础保留
sh688191,688191.SH,智洋创新,软件服务,电网自动化,上交所,,402831025.0,0.009,14,2000只样本池基础保留
sh601218,601218.SH,吉鑫科技,电气设备,风电零部件,上交所,,364360236.0,0.009,2,2000只样本池基础保留
sz300018,300018.SZ,中元股份,电气设备,电网自动化,深交所,,312306598.0,0.009,11,2000只样本池基础保留
sz301155,301155.SZ,海力风电,电气设备,风电零部件,深交所,,210407470.0,0.009,2,2000只样本池基础保留
sh688408,688408.SH,中信博,电气设备,光伏辅材,上交所,,197586487.0,0.009,5,2000只样本池基础保留
sz300569,300569.SZ,天能重工,电气设备,风电零部件,深交所,,186650438.0,0.009,5,2000只样本池基础保留
sz002358,002358.SZ,森源电气,电气设备,输变电设备,深交所,,185026021.0,0.009,15,2000只样本池基础保留
sz002042,002042.SZ,华孚时尚,纺织,棉纺制品,深交所,,517971744.0,0.009,14,2000只样本池基础保留
sz002885,002885.SZ,京泉华,元器件,其他电子,深交所,,1952417943.0,0.009,14,2000只样本池基础保留
sz301389,301389.SZ,隆扬电子,元器件,消费电子组件,深交所,,1061887228.0,0.009,6,2000只样本池基础保留
sz002134,002134.SZ,天津普林,元器件,PCB,深交所,,588641363.0,0.009,5,2000只样本池基础保留
sh688035,688035.SH,德邦科技,半导体,半导体材料,上交所,,577981321.0,0.009,22,2000只样本池基础保留
sz002579,002579.SZ,中京电子,元器件,PCB,深交所,,564389013.0,0.009,35,2000只样本池基础保留
sz002119,002119.SZ,康强电子,半导体,半导体材料,深交所,,523704371.0,0.009,4,2000只样本池基础保留
sh688107,688107.SH,安路科技,半导体,集成电路设计,上交所,,463840209.0,0.009,12,2000只样本池基础保留
sz301326,301326.SZ,捷邦科技,元器件,消费电子组件,深交所,,449858006.0,0.009,9,2000只样本池基础保留
sz300429,300429.SZ,强力新材,化工原料,半导体材料,深交所,,439950413.0,0.009,6,2000只样本池基础保留
sz000670,000670.SZ,盈方微,元器件,其他电子,深交所,,426804051.0,0.009,8,2000只样本池基础保留
sh603297,603297.SH,永新光学,元器件,光学元件,上交所,,421033183.0,0.009,9,2000只样本池基础保留
sh688261,688261.SH,东微半导,半导体,功率半导体,上交所,,357357182.0,0.009,13,2000只样本池基础保留
sz002635,002635.SZ,安洁科技,元器件,消费电子组件,深交所,,260149366.0,0.009,23,2000只样本池基础保留
sh688486,688486.SH,龙迅股份,半导体,集成电路设计,上交所,,253820249.0,0.009,5,2000只样本池基础保留
sh688210,688210.SH,统联精密,元器件,消费电子组件,上交所,,217216920.0,0.009,7,2000只样本池基础保留
sh688653,688653.SH,康希通信,半导体,集成电路设计,上交所,,200326973.0,0.009,8,2000只样本池基础保留
sh688332,688332.SH,中科蓝讯,半导体,集成电路设计,上交所,,198031092.0,0.009,12,2000只样本池基础保留
sh688153,688153.SH,唯捷创芯,半导体,集成电路设计,上交所,,192493445.0,0.009,12,2000只样本池基础保留
sh688299,688299.SH,长阳科技,元器件,光学元件,上交所,,184420924.0,0.009,7,2000只样本池基础保留
sh688325,688325.SH,赛微微电,半导体,集成电路设计,上交所,,181053328.0,0.009,2,2000只样本池基础保留
sz002161,002161.SZ,远望谷,通信设备,其他通信设备,深交所,,164930877.0,0.009,17,2000只样本池基础保留
sz002045,002045.SZ,国光电器,元器件,消费电子组件,深交所,,156803803.0,0.009,23,2000只样本池基础保留
sh600881,600881.SH,亚泰集团,综合类,综合类,上交所,,78502211.0,0.009,3,2000只样本池基础保留
sz300863,300863.SZ,卡倍亿,汽车配件,汽车电子电气系统,深交所,,791525448.0,0.009,10,2000只样本池基础保留
sz002965,002965.SZ,祥鑫科技,汽车配件,其他汽车零部件,深交所,,605434171.0,0.009,22,2000只样本池基础保留
sz000551,000551.SZ,创元科技,专用机械,环保设备,深交所,,510985644.0,0.009,17,2000只样本池基础保留
sz000059,000059.SZ,华锦股份,石油加工,炼油化工,深交所,,155769430.0,0.009,1,2000只样本池基础保留
sh603115,603115.SH,海星股份,铝,铝,上交所,,499333753.0,0.009,3,2000只样本池基础保留
sh601388,601388.SH,怡球资源,铝,铝,上交所,,427057248.0,0.009,2,2000只样本池基础保留
sh603045,603045.SH,福达合金,小金属,其他金属新材料,上交所,,103619693.0,0.009,14,2000只样本池基础保留
sz002902,002902.SZ,铭普光磁,通信设备,网络接配及塔设,深交所,,733036375.0,0.009,22,2000只样本池基础保留
sz300913,300913.SZ,兆龙互连,通信设备,光纤光缆,深交所,,651697355.0,0.009,10,2000只样本池基础保留
sz300292,300292.SZ,吴通控股,互联网,电信增值服务,深交所,,443237926.0,0.009,22,2000只样本池基础保留
sh600198,600198.SH,大唐电信,通信设备,系统设备,上交所,,229852512.0,0.009,22,2000只样本池基础保留
sz002881,002881.SZ,美格智能,元器件,消费电子组件,深交所,,221643558.0,0.009,28,2000只样本池基础保留
sh688100,688100.SH,威胜信息,通信设备,通信终端及配件,上交所,,126865019.0,0.009,9,2000只样本池基础保留
sz300213,300213.SZ,佳讯飞鸿,通信设备,其他通信设备,深交所,,101547673.0,0.009,31,2000只样本池基础保留
sz002418,002418.SZ,康盛股份,家用电器,家电零部件,深交所,,843901234.0,0.009,13,2000只样本池基础保留
sz002052,002052.SZ,同洲电子,家用电器,其他黑色家电,深交所,,444673382.0,0.009,6,2000只样本池基础保留
sz002668,002668.SZ,TCL智家,家用电器,冰洗,深交所,,160259680.0,0.009,4,2000只样本池基础保留
sz300217,300217.SZ,东方电热,家用电器,家电零部件,深交所,,156224565.0,0.009,15,2000只样本池基础保留
sh688696,688696.SH,极米科技,家用电器,电视,上交所,,57818472.0,0.009,7,2000只样本池基础保留
sz002243,002243.SZ,力合科创,广告包装,其他包装,深交所,,138936377.0,0.009,14,2000只样本池基础保留
sz002057,002057.SZ,中钢天源,矿物制品,磁性材料,深交所,,107055287.0,0.009,15,2000只样本池基础保留
sh603317,603317.SH,天味食品,食品,调味品,上交所,,387942690.0,0.009,0,2000只样本池基础保留
sh600882,600882.SH,妙可蓝多,乳制品,乳制品,上交所,,205184370.0,0.009,4,2000只样本池基础保留
sz000848,000848.SZ,承德露露,软饮料,软饮料,深交所,,152457705.0,0.009,3,2000只样本池基础保留
sz002570,002570.SZ,贝因美,乳制品,乳制品,深交所,,132232793.0,0.009,9,2000只样本池基础保留
sz002216,002216.SZ,三全食品,食品,预加工食品,深交所,,102275423.0,0.009,3,2000只样本池基础保留
sz002946,002946.SZ,新乳业,乳制品,乳制品,深交所,,91580516.0,0.009,3,2000只样本池基础保留
sh600305,600305.SH,恒顺醋业,食品,调味品,上交所,,41742940.0,0.009,0,2000只样本池基础保留
sh600597,600597.SH,光明乳业,乳制品,乳制品,上交所,,37708222.0,0.009,3,2000只样本池基础保留
sh600575,600575.SH,淮河能源,火力发电,火力发电,上交所,,408464030.0,0.009,6,2000只样本池基础保留
sh600740,600740.SH,山西焦化,焦炭加工,焦炭加工,上交所,,199387224.0,0.009,2,2000只样本池基础保留
sh600971,600971.SH,恒源煤电,煤炭开采,动力煤,上交所,,117636662.0,0.009,0,2000只样本池基础保留
sh600433,600433.SH,冠豪高新,造纸,特种纸,上交所,,974086365.0,0.009,4,2000只样本池基础保留
sz002235,002235.SZ,安妮股份,造纸,特种纸,深交所,,793791393.0,0.009,13,2000只样本池基础保留
sz000659,000659.SZ,珠海中富,广告包装,塑料包装,深交所,,260414680.0,0.009,1,2000只样本池基础保留
sz002511,002511.SZ,中顺洁柔,造纸,生活用纸,深交所,,125902463.0,0.009,3,2000只样本池基础保留
sh600928,600928.SH,西安银行,银行,城商行,上交所,,83646784.0,0.008,2,2000只样本池基础保留
sz300632,300632.SZ,光莆股份,半导体,LED,深交所,,1500588605.0,0.008,27,2000只样本池基础保留
sz002866,002866.SZ,传艺科技,IT设备,消费电子组件,深交所,,1125287204.0,0.008,6,2000只样本池基础保留
sz300868,300868.SZ,杰美特,元器件,消费电子组件,深交所,,744327938.0,0.008,6,2000只样本池基础保留
sz301421,301421.SZ,波长光电,元器件,光学元件,深交所,,642935266.0,0.008,11,2000只样本池基础保留
sz301369,301369.SZ,联动科技,半导体,半导体设备,深交所,,581364272.0,0.008,4,2000只样本池基础保留
sz301606,301606.SZ,绿联科技,元器件,品牌消费电子,深交所,,512859095.0,0.008,7,2000只样本池基础保留
sh688603,688603.SH,天承科技,化工原料,其他电子,上交所,,509749876.0,0.008,4,2000只样本池基础保留
sz301566,301566.SZ,达利凯普,元器件,被动元件,深交所,,457825684.0,0.008,3,2000只样本池基础保留
sh688720,688720.SH,艾森股份,半导体,半导体材料,上交所,,266260663.0,0.008,6,2000只样本池基础保留
sh600237,600237.SH,铜峰电子,元器件,被动元件,上交所,,172574972.0,0.008,7,2000只样本池基础保留
sh603703,603703.SH,盛洋科技,元器件,面板,上交所,,167380531.0,0.008,9,2000只样本池基础保留
sz002782,002782.SZ,可立克,元器件,消费电子组件,深交所,,162723134.0,0.008,10,2000只样本池基础保留
sh688007,688007.SH,光峰科技,元器件,品牌消费电子,上交所,,95128368.0,0.008,9,2000只样本池基础保留
sz002992,002992.SZ,宝明科技,元器件,LED,深交所,,83656871.0,0.008,11,2000只样本池基础保留
sz002351,002351.SZ,漫步者,IT设备,消费电子组件,深交所,,77478656.0,0.008,10,2000只样本池基础保留
sz000753,000753.SZ,漳州发展,综合类,综合类,深交所,,259893179.0,0.008,18,2000只样本池基础保留
sz000652,000652.SZ,泰达股份,批发业,贸易,深交所,,126087398.0,0.008,9,2000只样本池基础保留
sh600682,600682.SH,南京新百,生物制药,其他生物制药,上交所,,74887477.0,0.008,10,2000只样本池基础保留
sz000968,000968.SZ,蓝焰控股,石油开采,油气开采,深交所,,336872233.0,0.008,2,2000只样本池基础保留
sh688456,688456.SH,有研粉材,铜,铜,上交所,,590668055.0,0.008,14,2000只样本池基础保留
sz002978,002978.SZ,安宁股份,小金属,钛,深交所,,109782677.0,0.008,3,2000只样本池基础保留
sz002194,002194.SZ,武汉凡谷,通信设备,网络接配及塔设,深交所,,1055681567.0,0.008,11,2000只样本池基础保留
sz301191,301191.SZ,菲菱科思,通信设备,网络接配及塔设,深交所,,881588259.0,0.008,11,2000只样本池基础保留
sz301307,301307.SZ,美利信,通信设备,其他通信设备,深交所,,540676851.0,0.008,15,2000只样本池基础保留
sz002296,002296.SZ,辉煌科技,通信设备,其他通信设备,深交所,,164793456.0,0.008,12,2000只样本池基础保留
sz002705,002705.SZ,新宝股份,家用电器,厨房小家电,深交所,,412392425.0,0.008,6,2000只样本池基础保留
sz301362,301362.SZ,民爆光电,电气设备,LED,深交所,,406219482.0,0.008,3,2000只样本池基础保留
sz002638,002638.SZ,勤上股份,家用电器,LED,深交所,,327345774.0,0.008,3,2000只样本池基础保留
sh603112,603112.SH,华翔股份,机械基件,金属制品,上交所,,257783992.0,0.008,6,2000只样本池基础保留
sz002626,002626.SZ,金达威,医疗保健,保健品,深交所,,147098005.0,0.008,7,2000只样本池基础保留
sz002461,002461.SZ,珠江啤酒,啤酒,啤酒,深交所,,107319394.0,0.008,2,2000只样本池基础保留
sz300783,300783.SZ,三只松鼠,食品,零食,深交所,,91632731.0,0.008,8,2000只样本池基础保留
sz301629,301629.SZ,矽电股份,半导体,半导体设备,深交所,,1339518263.0,0.007,3,2000只样本池基础保留
sz300706,300706.SZ,阿石创,元器件,半导体材料,深交所,,1209136670.0,0.007,13,2000只样本池基础保留
sz301189,301189.SZ,奥尼电子,IT设备,品牌消费电子,深交所,,1049916320.0,0.007,15,2000只样本池基础保留
sz003026,003026.SZ,中晶科技,半导体,半导体材料,深交所,,956186861.0,0.007,2,2000只样本池基础保留
sh688530,688530.SH,欧莱新材,半导体,半导体材料,上交所,,771118563.0,0.007,7,2000只样本池基础保留
sh688584,688584.SH,上海合晶,半导体,半导体材料,上交所,,760011874.0,0.007,1,2000只样本池基础保留
sz301099,301099.SZ,雅创电子,元器件,其他电子,深交所,,565117053.0,0.007,18,2000只样本池基础保留
sz300831,300831.SZ,派瑞股份,半导体,功率半导体,深交所,,352245276.0,0.007,3,2000只样本池基础保留
sz301251,301251.SZ,威尔高,元器件,PCB,深交所,,348464508.0,0.007,9,2000只样本池基础保留
sh688601,688601.SH,力芯微,半导体,集成电路设计,上交所,,312823824.0,0.007,9,2000只样本池基础保留
sh688209,688209.SH,英集芯,半导体,集成电路设计,上交所,,275311519.0,0.007,6,2000只样本池基础保留
sz300566,300566.SZ,激智科技,元器件,光学元件,深交所,,241895532.0,0.007,12,2000只样本池基础保留
sz003019,003019.SZ,宸展光电,元器件,面板,深交所,,241714318.0,0.007,11,2000只样本池基础保留
sz003043,003043.SZ,华亚智能,半导体,半导体设备,深交所,,189912773.0,0.007,6,2000只样本池基础保留
sz002876,002876.SZ,三利谱,元器件,光学元件,深交所,,161467596.0,0.007,7,2000只样本池基础保留
sz300032,300032.SZ,金龙机电,元器件,消费电子组件,深交所,,155957492.0,0.007,10,2000只样本池基础保留
sh688181,688181.SH,八亿时空,元器件,光学元件,上交所,,152175790.0,0.007,11,2000只样本池基础保留
sh688512,688512.SH,慧智微,半导体,集成电路设计,上交所,,134363557.0,0.007,3,2000只样本池基础保留
sh688550,688550.SH,瑞联新材,化工原料,半导体材料,上交所,,134132008.0,0.007,7,2000只样本池基础保留
sz300909,300909.SZ,汇创达,元器件,光学元件,深交所,,106931290.0,0.007,9,2000只样本池基础保留
sz300120,300120.SZ,经纬辉开,元器件,面板,深交所,,90236571.0,0.007,9,2000只样本池基础保留
sz002449,002449.SZ,国星光电,半导体,LED,深交所,,84342592.0,0.007,19,2000只样本池基础保留
sz002369,002369.SZ,卓翼科技,通信设备,通信终端及配件,深交所,,84002289.0,0.007,19,2000只样本池基础保留
sz002986,002986.SZ,宇新股份,化工原料,有机化工原料,深交所,,137152540.0,0.007,2,2000只样本池基础保留
sz000819,000819.SZ,岳阳兴长,石油加工,其他石化,深交所,,122342947.0,0.007,5,2000只样本池基础保留
sh603978,603978.SH,深圳新星,小金属,其他金属新材料,上交所,,889354569.0,0.007,9,2000只样本池基础保留
sz002824,002824.SZ,和胜股份,铝,铝,深交所,,748136181.0,0.007,9,2000只样本池基础保留
sh688190,688190.SH,云路股份,矿物制品,磁性材料,上交所,,222387865.0,0.007,2,2000只样本池基础保留
sz002988,002988.SZ,豪美新材,铝,铝,深交所,,206823844.0,0.007,8,2000只样本池基础保留
sz300963,300963.SZ,中洲特材,小金属,其他金属新材料,深交所,,188081667.0,0.007,10,2000只样本池基础保留
sz300127,300127.SZ,银河磁体,矿物制品,磁性材料,深交所,,186118518.0,0.007,4,2000只样本池基础保留
sh688231,688231.SH,隆达股份,航空,航天装备,上交所,,144779811.0,0.007,3,2000只样本池基础保留
sz300571,300571.SZ,平治信息,互联网,文字图片媒体,深交所,,1516195513.0,0.007,27,2000只样本池基础保留
sz300590,300590.SZ,移为通信,通信设备,通信终端及配件,深交所,,442127170.0,0.007,13,2000只样本池基础保留
sh603322,603322.SH,超讯通信,通信设备,网络优化运维,上交所,,376439821.0,0.007,18,2000只样本池基础保留
sz300050,300050.SZ,世纪鼎利,通信设备,网络优化运维,深交所,,355291040.0,0.007,10,2000只样本池基础保留
sz300959,300959.SZ,线上线下,电信运营,电信增值服务,深交所,,281312317.0,0.007,4,2000只样本池基础保留
sz300603,300603.SZ,立昂技术,通信设备,云基础设施服务,深交所,,217328255.0,0.007,30,2000只样本池基础保留
sz300134,300134.SZ,大富科技,通信设备,网络接配及塔设,深交所,,199043271.0,0.007,27,2000只样本池基础保留
sz300310,300310.SZ,宜通世纪,通信设备,网络优化运维,深交所,,149915436.0,0.007,23,2000只样本池基础保留
sz300563,300563.SZ,神宇股份,通信设备,光纤光缆,深交所,,130987313.0,0.007,14,2000只样本池基础保留
sz000567,000567.SZ,海德股份,多元金融,其他金融服务,深交所,,357532811.0,0.007,3,2000只样本池基础保留
sh603093,603093.SH,南华期货,多元金融,期货,上交所,,223996506.0,0.007,1,2000只样本池基础保留
sh600643,600643.SH,爱建集团,多元金融,金融控股,上交所,,195984545.0,0.007,3,2000只样本池基础保留
sz002945,002945.SZ,华林证券,证券,证券,深交所,,162126963.0,0.007,1,2000只样本池基础保留
sh600927,600927.SH,永安期货,多元金融,期货,上交所,,67609612.0,0.007,1,2000只样本池基础保留
sz300403,300403.SZ,汉宇集团,家用电器,家电零部件,深交所,,265197519.0,0.007,14,2000只样本池基础保留
sh688609,688609.SH,九联科技,家用电器,其他黑色家电,上交所,,256496258.0,0.007,36,2000只样本池基础保留
sz000404,000404.SZ,长虹华意,家用电器,家电零部件,深交所,,217277886.0,0.007,8,2000只样本池基础保留
sh600336,600336.SH,澳柯玛,家用电器,冰洗,上交所,,176643851.0,0.007,10,2000只样本池基础保留
sz000521,000521.SZ,长虹美菱,家用电器,冰洗,深交所,,78119692.0,0.007,13,2000只样本池基础保留
sz002035,002035.SZ,华帝股份,家用电器,厨房电器,深交所,,62451994.0,0.007,6,2000只样本池基础保留
sz000541,000541.SZ,佛山照明,家用电器,LED,深交所,,45923267.0,0.007,13,2000只样本池基础保留
sz002582,002582.SZ,好想你,食品,零食,深交所,,334735646.0,0.007,11,2000只样本池基础保留
sz002840,002840.SZ,华统股份,食品,肉制品,深交所,,217699176.0,0.007,7,2000只样本池基础保留
sh600300,600300.SH,维维股份,软饮料,软饮料,上交所,,120443709.0,0.007,4,2000只样本池基础保留
sh601579,601579.SH,会稽山,红黄酒,黄酒,上交所,,94102467.0,0.007,2,2000只样本池基础保留
sh600199,600199.SH,金种子酒,白酒,白酒,上交所,,61521186.0,0.007,1,2000只样本池基础保留
sh600073,600073.SH,光明肉业,食品,肉制品,上交所,,33127503.0,0.007,2,2000只样本池基础保留
sh600508,600508.SH,上海能源,煤炭开采,炼焦煤,上交所,,93094317.0,0.007,3,2000只样本池基础保留
sh600800,600800.SH,渤海化学,化工原料,有机化工原料,上交所,,224054068.0,0.006,3,2000只样本池基础保留
sz002554,002554.SZ,惠博普,石油开采,油气工程,深交所,,121472263.0,0.006,11,2000只样本池基础保留
sz301522,301522.SZ,上大股份,小金属,其他金属新材料,深交所,,197131617.0,0.006,7,2000只样本池基础保留
sz002540,002540.SZ,亚太科技,铝,铝,深交所,,82770687.0,0.006,7,2000只样本池基础保留
sh603803,603803.SH,瑞斯康达,通信设备,通信终端及配件,上交所,,1336927707.0,0.006,17,2000只样本池基础保留
sh688182,688182.SH,灿勤科技,通信设备,网络接配及塔设,上交所,,502259396.0,0.006,7,2000只样本池基础保留
sz300578,300578.SZ,会畅科技,通信设备,电信增值服务,深交所,,412793753.0,0.006,16,2000只样本池基础保留
sz002148,002148.SZ,北纬科技,互联网,电信增值服务,深交所,,94586540.0,0.006,11,2000只样本池基础保留
sz003040,003040.SZ,楚天龙,通信设备,通信终端及配件,深交所,,93448796.0,0.006,15,2000只样本池基础保留
sz002961,002961.SZ,瑞达期货,多元金融,期货,深交所,,200847271.0,0.006,2,2000只样本池基础保留
sh600318,600318.SH,新力金融,多元金融,非货币银行,上交所,,87817834.0,0.006,2,2000只样本池基础保留
sz002676,002676.SZ,顺威股份,家用电器,家电零部件,深交所,,502680335.0,0.006,10,2000只样本池基础保留
sz300247,300247.SZ,融捷健康,医疗保健,个护小家电,深交所,,307031712.0,0.006,7,2000只样本池基础保留
sz002242,002242.SZ,九阳股份,家用电器,厨房小家电,深交所,,291595005.0,0.006,4,2000只样本池基础保留
sh603355,603355.SH,莱克电气,家用电器,清洁小家电,上交所,,142738861.0,0.006,2,2000只样本池基础保留
sz002860,002860.SZ,星帅尔,家用电器,家电零部件,深交所,,141189930.0,0.006,11,2000只样本池基础保留
sz300272,300272.SZ,开能健康,家用电器,厨房小家电,深交所,,106842928.0,0.006,10,2000只样本池基础保留
sh603919,603919.SH,金徽酒,白酒,白酒,上交所,,199319098.0,0.006,1,2000只样本池基础保留
sz002956,002956.SZ,西麦食品,食品,其他食品,深交所,,153213692.0,0.006,2,2000只样本池基础保留
sh600189,600189.SH,泉阳泉,软饮料,软饮料,上交所,,107707092.0,0.006,6,2000只样本池基础保留
sh603043,603043.SH,广州酒家,食品,烘焙食品,上交所,,59574812.0,0.006,5,2000只样本池基础保留
sh600197,600197.SH,伊力特,白酒,白酒,上交所,,38426542.0,0.006,2,2000只样本池基础保留
sh603353,603353.SH,和顺石油,石油贸易,石油贸易,上交所,,670734022.0,0.005,5,2000只样本池基础保留
sz301323,301323.SZ,新莱福,橡胶,橡胶制品,深交所,,304234809.0,0.005,14,2000只样本池基础保留
sh603271,603271.SH,永杰新材,铝,铝,上交所,,183669639.0,0.005,14,2000只样本池基础保留
sz300697,300697.SZ,电工合金,铜,铜,深交所,,153449053.0,0.005,6,2000只样本池基础保留
sz301026,301026.SZ,浩通科技,小金属,其他金属,深交所,,150160476.0,0.005,2,2000只样本池基础保留
sh603072,603072.SH,天和磁材,矿物制品,磁性材料,上交所,,134906624.0,0.005,5,2000只样本池基础保留
sh605208,605208.SH,永茂泰,铝,铝,上交所,,122741913.0,0.005,8,2000只样本池基础保留
sz002160,002160.SZ,常铝股份,铝,铝,深交所,,118249178.0,0.005,6,2000只样本池基础保留
sh688786,688786.SH,悦安新材,小金属,其他金属新材料,上交所,,105964952.0,0.005,6,2000只样本池基础保留
sz000889,000889.SZ,中嘉博创,通信设备,网络优化运维,深交所,,1568146207.0,0.005,10,2000只样本池基础保留
sh688159,688159.SH,有方科技,通信设备,通信终端及配件,上交所,,255782340.0,0.005,21,2000只样本池基础保留
sz300414,300414.SZ,中光防雷,通信设备,其他通信设备,深交所,,214347188.0,0.005,11,2000只样本池基础保留
sz300565,300565.SZ,科信技术,通信设备,网络接配及塔设,深交所,,146266075.0,0.005,9,2000只样本池基础保留
sz300183,300183.SZ,东软载波,通信设备,其他通信设备,深交所,,133771368.0,0.005,21,2000只样本池基础保留
sz300689,300689.SZ,澄天伟业,通信设备,通信终端及配件,深交所,,128470927.0,0.005,5,2000只样本池基础保留
sz300025,300025.SZ,华星创业,通信设备,网络优化运维,深交所,,75368907.0,0.005,8,2000只样本池基础保留
sz300597,300597.SZ,吉大通信,通信设备,网络规划设计,深交所,,61989585.0,0.005,15,2000只样本池基础保留
sz300513,300513.SZ,恒实科技,软件服务,行业应用软件,深交所,,54503541.0,0.005,21,2000只样本池基础保留
sh600830,600830.SH,香溢融通,多元金融,租赁,上交所,,186583800.0,0.005,3,2000只样本池基础保留
sz001236,001236.SZ,弘业期货,多元金融,期货,深交所,,74516754.0,0.005,2,2000只样本池基础保留
sz300911,300911.SZ,亿田智能,家用电器,厨房电器,深交所,,408775069.0,0.005,7,2000只样本池基础保留
sh605555,605555.SH,德昌股份,家用电器,清洁小家电,上交所,,260450599.0,0.005,4,2000只样本池基础保留
sh605365,605365.SH,立达信,家用电器,LED,上交所,,195492288.0,0.005,10,2000只样本池基础保留
sh603579,603579.SH,荣泰健康,家用电器,个护小家电,上交所,,156689726.0,0.005,12,2000只样本池基础保留
sz001215,001215.SZ,千味央厨,食品,预加工食品,深交所,,364037659.0,0.005,2,2000只样本池基础保留
sh600429,600429.SH,三元股份,乳制品,乳制品,上交所,,126830897.0,0.005,1,2000只样本池基础保留
sz000716,000716.SZ,黑芝麻,食品,其他食品,深交所,,123440691.0,0.005,10,2000只样本池基础保留
sz002329,002329.SZ,皇氏集团,乳制品,乳制品,深交所,,106689056.0,0.005,10,2000只样本池基础保留
sz002695,002695.SZ,煌上煌,食品,熟食,深交所,,92254132.0,0.005,3,2000只样本池基础保留
sz300973,300973.SZ,立高食品,食品,烘焙食品,深交所,,71431786.0,0.005,1,2000只样本池基础保留
sh603866,603866.SH,桃李面包,食品,烘焙食品,上交所,,37960041.0,0.005,0,2000只样本池基础保留
sz000869,000869.SZ,张  裕A,红黄酒,葡萄酒,深交所,,22846347.0,0.005,2,2000只样本池基础保留
sz301141,301141.SZ,中科磁业,矿物制品,磁性材料,深交所,,254986947.0,0.004,6,2000只样本池基础保留
sh603527,603527.SH,众源新材,铜,铜,上交所,,196805661.0,0.004,5,2000只样本池基础保留
sh603132,603132.SH,金徽股份,铅锌,铅锌,上交所,,173179750.0,0.004,1,2000只样本池基础保留
sz002114,002114.SZ,罗平锌电,铅锌,铅锌,深交所,,109202663.0,0.004,3,2000只样本池基础保留
sz002578,002578.SZ,闽发铝业,铝,铝,深交所,,100750423.0,0.004,5,2000只样本池基础保留
sz000586,000586.SZ,汇源通信,通信设备,光纤光缆,深交所,,632825735.0,0.004,4,2000只样本池基础保留
sz300921,300921.SZ,南凌科技,互联网,电信增值服务,深交所,,389492952.0,0.004,21,2000只样本池基础保留
sh603042,603042.SH,华脉科技,通信设备,光纤光缆,上交所,,383924395.0,0.004,11,2000只样本池基础保留
sz300560,300560.SZ,中富通,通信设备,网络优化运维,深交所,,332386433.0,0.004,29,2000只样本池基础保留
sz002313,002313.SZ,日海智能,通信设备,通信终端及配件,深交所,,275439097.0,0.004,22,2000只样本池基础保留
sz301428,301428.SZ,世纪恒通,互联网,电信增值服务,深交所,,255657102.0,0.004,21,2000只样本池基础保留
sz300504,300504.SZ,天邑股份,通信设备,通信终端及配件,深交所,,182510212.0,0.004,12,2000只样本池基础保留
sz300698,300698.SZ,万马科技,通信设备,网络接配及塔设,深交所,,173021906.0,0.004,19,2000只样本池基础保留
sh603421,603421.SH,鼎信通讯,通信设备,其他通信设备,上交所,,123187563.0,0.004,9,2000只样本池基础保留
sh688283,688283.SH,坤恒顺维,电器仪表,仪器仪表,上交所,,120336497.0,0.004,6,2000只样本池基础保留
sz300710,300710.SZ,万隆光电,通信设备,网络接配及塔设,深交所,,108220649.0,0.004,10,2000只样本池基础保留
sh688080,688080.SH,映翰通,通信设备,其他通信设备,上交所,,78239453.0,0.004,14,2000只样本池基础保留
sz000532,000532.SZ,华金资本,多元金融,投资管理,深交所,,100919594.0,0.004,5,2000只样本池基础保留
sh603777,603777.SH,来伊份,食品,零食,上交所,,383236857.0,0.004,6,2000只样本池基础保留
sz300997,300997.SZ,欢乐家,软饮料,软饮料,深交所,,178517210.0,0.004,6,2000只样本池基础保留
sh600530,600530.SH,交大昂立,医疗保健,保健品,上交所,,160222693.0,0.004,3,2000只样本池基础保留
sz002702,002702.SZ,海欣食品,食品,预加工食品,深交所,,136186033.0,0.004,5,2000只样本池基础保留
sh603057,603057.SH,紫燕食品,食品,熟食,上交所,,110403266.0,0.004,3,2000只样本池基础保留
sh605179,605179.SH,一鸣食品,乳制品,乳制品,上交所,,63930725.0,0.004,4,2000只样本池基础保留
sh605338,605338.SH,巴比食品,食品,预加工食品,上交所,,53728528.0,0.004,2,2000只样本池基础保留
sh603170,603170.SH,宝立食品,食品,调味品,上交所,,48718240.0,0.004,1,2000只样本池基础保留
sh600419,600419.SH,天润乳业,乳制品,乳制品,上交所,,48374304.0,0.004,0,2000只样本池基础保留
sz300908,300908.SZ,仲景食品,食品,调味品,深交所,,41018503.0,0.004,2,2000只样本池基础保留
sh600616,600616.SH,金枫酒业,红黄酒,黄酒,上交所,,38972483.0,0.004,1,2000只样本池基础保留
sz301419,301419.SZ,阿莱德,通信设备,其他通信设备,深交所,,172999208.0,0.003,6,2000只样本池基础保留
sz300711,300711.SZ,广哈通信,通信设备,其他通信设备,深交所,,162860020.0,0.003,17,2000只样本池基础保留
sz301202,301202.SZ,朗威股份,机械基件,金属制品,深交所,,138118065.0,0.003,9,2000只样本池基础保留
sh688618,688618.SH,三旺通信,通信设备,其他通信设备,上交所,,125224552.0,0.003,24,2000只样本池基础保留
sh688592,688592.SH,司南导航,通信设备,通信终端及配件,上交所,,110623676.0,0.003,11,2000只样本池基础保留
sh603206,603206.SH,嘉环科技,通信设备,网络工程施工,上交所,,100664715.0,0.003,21,2000只样本池基础保留
sz301577,301577.SZ,美信科技,元器件,其他电子,深交所,,92301352.0,0.003,8,2000只样本池基础保留
sz301380,301380.SZ,挖金客,软件服务,电信增值服务,深交所,,50484383.0,0.003,11,2000只样本池基础保留
sz300615,300615.SZ,欣天科技,通信设备,网络接配及塔设,深交所,,86251637.0,0.002,4,2000只样本池基础保留
sz301139,301139.SZ,元道通信,通信设备,网络优化运维,深交所,,59541557.0,0.002,13,2000只样本池基础保留
sz301314,301314.SZ,科瑞思,元器件,其他电子,深交所,,52888933.0,0.001,4,2000只样本池基础保留
sh603459,603459.SH,红板科技,元器件,PCB,上交所,主板,3035004471.0,0.0,18,全A基础池扩展补充
sz300249,300249.SZ,依米康,IT设备,其他IT设备,深交所,创业板,1629669066.0,0.0,20,全A基础池扩展补充
sz002990,002990.SZ,盛视科技,软件服务,行业应用软件,深交所,主板,1563452860.0,0.0,25,全A基础池扩展补充
sz301638,301638.SZ,南网数字,软件服务,行业应用软件,深交所,创业板,1490647236.0,0.0,22,全A基础池扩展补充
sh603203,603203.SH,快克智能,专用机械,其他专用设备,上交所,主板,1381541626.0,0.0,22,全A基础池扩展补充
sz002602,002602.SZ,世纪华通,互联网,游戏,深交所,主板,2369935940.0,0.0,17,全A基础池扩展补充
sh600736,600736.SH,苏州高新,园区开发,商业地产,上交所,主板,1345777858.0,0.0,20,全A基础池扩展补充
sz300687,300687.SZ,赛意信息,软件服务,其他云服务,深交所,创业板,1107039051.0,0.0,21,全A基础池扩展补充
sz300252,300252.SZ,金信诺,通信设备,军工电子,深交所,创业板,1028112626.0,0.0,24,全A基础池扩展补充
sz001339,001339.SZ,智微智能,IT设备,其他IT设备,深交所,主板,1003234077.0,0.0,26,全A基础池扩展补充
sz300608,300608.SZ,思特奇,软件服务,行业应用软件,深交所,创业板,980944061.0,0.0,38,全A基础池扩展补充
sh688170,688170.SH,德龙激光,专用机械,激光设备,上交所,科创板,914285072.0,0.0,21,全A基础池扩展补充
sz301312,301312.SZ,智立方,专用机械,其他自动化设备,深交所,创业板,908632385.0,0.0,20,全A基础池扩展补充
sz300895,300895.SZ,铜牛信息,软件服务,云基础设施服务,深交所,创业板,1556870599.0,0.0,17,全A基础池扩展补充
sz002380,002380.SZ,科远智慧,软件服务,行业应用软件,深交所,主板,873729375.0,0.0,21,全A基础池扩展补充
sz300067,300067.SZ,安诺其,染料涂料,纺织化学品,深交所,创业板,818111647.0,0.0,20,全A基础池扩展补充
sz002298,002298.SZ,中电鑫龙,电气设备,输变电设备,深交所,主板,796239225.0,0.0,35,全A基础池扩展补充
sz301666,301666.SZ,大普微-UW,IT设备,其他IT设备,深交所,创业板,4950097965.0,0.0,10,全A基础池扩展补充
sh688818,688818.SH,电科蓝天,航空,航天装备,上交所,科创板,2767814646.0,0.0,13,全A基础池扩展补充
sz002757,002757.SZ,南兴股份,专用机械,其他专用设备,深交所,主板,760531878.0,0.0,22,全A基础池扩展补充
sh600475,600475.SH,华光环能,电气设备,电能综合服务,上交所,主板,1204204503.0,0.0,17,全A基础池扩展补充
sh603496,603496.SH,恒为科技,IT设备,其他IT设备,上交所,主板,641065600.0,0.0,26,全A基础池扩展补充
sh688328,688328.SH,深科达,专用机械,其他专用设备,上交所,科创板,635965567.0,0.0,20,全A基础池扩展补充
sh605168,605168.SH,三人行,互联网,互联网广告,上交所,主板,1067907039.0,0.0,17,全A基础池扩展补充
sz300351,300351.SZ,永贵电器,运输设备,轨交设备,深交所,创业板,556873483.0,0.0,22,全A基础池扩展补充
sh603636,603636.SH,南威软件,软件服务,行业应用软件,上交所,主板,555189307.0,0.0,31,全A基础池扩展补充
sz301041,301041.SZ,金百泽,元器件,PCB,深交所,创业板,545140225.0,0.0,20,全A基础池扩展补充
sz002777,002777.SZ,久远银海,软件服务,行业应用软件,深交所,主板,515130079.0,0.0,25,全A基础池扩展补充
sz002519,002519.SZ,银河电子,通信设备,地面兵装,深交所,主板,618291100.0,0.0,19,全A基础池扩展补充
sz000601,000601.SZ,韶能股份,水力发电,水力发电,深交所,主板,3225281349.0,0.0,10,全A基础池扩展补充
sz300785,300785.SZ,值得买,互联网,电商服务,深交所,创业板,734237318.0,0.0,18,全A基础池扩展补充
sh603679,603679.SH,华体科技,电气设备,LED,上交所,主板,501234697.0,0.0,28,全A基础池扩展补充
sh603660,603660.SH,苏州科达,IT设备,其他IT设备,上交所,主板,494773673.0,0.0,27,全A基础池扩展补充
sz300667,300667.SZ,必创科技,电器仪表,仪器仪表,深交所,创业板,494109572.0,0.0,25,全A基础池扩展补充
sz301196,301196.SZ,唯科科技,专用机械,其他专用设备,深交所,创业板,1768660102.0,0.0,13,全A基础池扩展补充
sz300872,300872.SZ,天阳科技,软件服务,其他云服务,深交所,创业板,568885155.0,0.0,19,全A基础池扩展补充
sz301179,301179.SZ,泽宇智能,软件服务,电网自动化,深交所,创业板,460432443.0,0.0,22,全A基础池扩展补充
sh603212,603212.SH,赛伍技术,塑料,光伏辅材,上交所,主板,443568701.0,0.0,23,全A基础池扩展补充
sz300964,300964.SZ,本川智能,元器件,PCB,深交所,创业板,755269993.0,0.0,17,全A基础池扩展补充
sz002334,002334.SZ,英威腾,电气设备,工业控制设备,深交所,主板,432001507.0,0.0,26,全A基础池扩展补充
sz301013,301013.SZ,利和兴,专用机械,其他专用设备,深交所,创业板,420289886.0,0.0,21,全A基础池扩展补充
sh601929,601929.SH,吉视传媒,影视音像,广播电视,上交所,主板,393508677.0,0.0,25,全A基础池扩展补充
sz003007,003007.SZ,直真科技,软件服务,云软件服务,深交所,主板,568371636.0,0.0,18,全A基础池扩展补充
sz300052,300052.SZ,中青宝,互联网,游戏,深交所,创业板,468679209.0,0.0,19,全A基础池扩展补充
sh688820,688820.SH,盛合晶微,半导体,集成电路设计,上交所,科创板,7381352199.0,0.0,4,全A基础池扩展补充
sz301021,301021.SZ,英诺激光,专用机械,激光设备,深交所,创业板,1402977721.0,0.0,13,全A基础池扩展补充
sz301282,301282.SZ,金禄电子,元器件,PCB,深交所,创业板,378139166.0,0.0,22,全A基础池扩展补充
sz300634,300634.SZ,彩讯股份,软件服务,行业应用软件,深交所,创业板,376628140.0,0.0,36,全A基础池扩展补充
sh603598,603598.SH,引力传媒,互联网,互联网广告,上交所,主板,539140281.0,0.0,18,全A基础池扩展补充
sz300397,300397.SZ,天和防务,通信设备,军工电子,深交所,创业板,371760016.0,0.0,25,全A基础池扩展补充
sz300041,300041.SZ,回天新材,化工原料,胶黏剂及胶带,深交所,创业板,369390749.0,0.0,23,全A基础池扩展补充
sz300221,300221.SZ,银禧科技,塑料,改性塑料,深交所,创业板,1110941401.0,0.0,14,全A基础池扩展补充
sz300730,300730.SZ,科创信息,软件服务,行业应用软件,深交所,创业板,364799318.0,0.0,29,全A基础池扩展补充
sh688323,688323.SH,瑞华泰,塑料,塑料薄膜,上交所,科创板,1100911476.0,0.0,14,全A基础池扩展补充
sz002474,002474.SZ,榕基软件,软件服务,行业应用软件,深交所,主板,344550332.0,0.0,21,全A基础池扩展补充
sz300283,300283.SZ,温州宏丰,电气设备,配电设备,深交所,创业板,1499012816.0,0.0,12,全A基础池扩展补充
sz002843,002843.SZ,泰嘉股份,钢加工,金属制品,深交所,主板,1495989133.0,0.0,12,全A基础池扩展补充
sz300287,300287.SZ,飞利信,软件服务,行业应用软件,深交所,创业板,335337510.0,0.0,38,全A基础池扩展补充
sh688500,688500.SH,慧辰股份,互联网,行业应用软件,上交所,科创板,484114788.0,0.0,18,全A基础池扩展补充
sz300531,300531.SZ,优博讯,IT设备,其他IT设备,深交所,创业板,333717361.0,0.0,24,全A基础池扩展补充
sh601789,601789.SH,宁波建工,建筑工程,房屋建设,上交所,主板,676973852.0,0.0,16,全A基础池扩展补充
sz300162,300162.SZ,雷曼光电,元器件,LED,深交所,创业板,559501458.0,0.0,17,全A基础池扩展补充
sh600855,600855.SH,航天长峰,专用机械,军工电子,上交所,主板,558107565.0,0.0,17,全A基础池扩展补充
sz301682,301682.SZ,宏明电子,元器件,军工电子,深交所,创业板,554765574.0,0.0,17,全A基础池扩展补充
sz300410,300410.SZ,正业科技,专用机械,锂电设备,深交所,创业板,381202954.0,0.0,19,全A基础池扩展补充
sz002886,002886.SZ,沃特股份,塑料,改性塑料,深交所,主板,316477841.0,0.0,27,全A基础池扩展补充
sz002339,002339.SZ,积成电子,电气设备,电网自动化,深交所,主板,315635846.0,0.0,30,全A基础池扩展补充
sh600979,600979.SH,广安爱众,水力发电,水力发电,上交所,主板,761286630.0,0.0,15,全A基础池扩展补充
sh600379,600379.SH,宝光股份,电气设备,输变电设备,上交所,主板,2258123830.0,0.0,9,全A基础池扩展补充
sz301091,301091.SZ,深城交,建筑工程,工程咨询服务,深交所,创业板,293149818.0,0.0,25,全A基础池扩展补充
sz002970,002970.SZ,锐明技术,IT设备,其他IT设备,深交所,主板,501154343.0,0.0,17,全A基础池扩展补充
sz002878,002878.SZ,元隆雅图,广告包装,其他广告营销,深交所,主板,280738062.0,0.0,22,全A基础池扩展补充
sz000539,000539.SZ,粤电力Ａ,火力发电,火力发电,深交所,主板,1751942889.0,0.0,10,全A基础池扩展补充
sz300545,300545.SZ,联得装备,专用机械,其他专用设备,深交所,创业板,270121823.0,0.0,23,全A基础池扩展补充
sz300780,300780.SZ,德恩精工,机械基件,机械基础件,深交所,创业板,561740178.0,0.0,16,全A基础池扩展补充
sh603466,603466.SH,风语筑,文教休闲,,上交所,主板,321528941.0,0.0,19,全A基础池扩展补充
sh688808,688808.SH,联讯仪器,电器仪表,仪器仪表,上交所,科创板,3493799160.0,0.0,6,全A基础池扩展补充
sz300400,300400.SZ,劲拓股份,专用机械,其他专用设备,深交所,创业板,628976435.0,0.0,15,全A基础池扩展补充
sz301169,301169.SZ,零点有数,文教休闲,其他专业服务,深交所,创业板,244233621.0,0.0,25,全A基础池扩展补充
sz300040,300040.SZ,九洲集团,新型电力,电能综合服务,深交所,创业板,604403012.0,0.0,15,全A基础池扩展补充
sz002803,002803.SZ,吉宏股份,互联网,跨境电商,深交所,主板,326861204.0,0.0,18,全A基础池扩展补充
sz001266,001266.SZ,宏英智能,电器仪表,工业控制设备,深交所,主板,269338567.0,0.0,19,全A基础池扩展补充
sz300376,300376.SZ,易事特,电气设备,其他发电设备,深交所,创业板,221689778.0,0.0,30,全A基础池扩展补充
sz300219,300219.SZ,鸿利智汇,元器件,LED,深交所,创业板,315366335.0,0.0,18,全A基础池扩展补充
sz002520,002520.SZ,日发精机,机床制造,机床制造,深交所,主板,653354468.0,0.0,14,全A基础池扩展补充
sh600982,600982.SH,宁波能源,供气供热,热力服务,上交所,主板,1352919022.0,0.0,10,全A基础池扩展补充
sh601908,601908.SH,京运通,电气设备,光伏硅片,上交所,主板,1615801163.0,0.0,9,全A基础池扩展补充
sz002585,002585.SZ,双星新材,塑料,塑料薄膜,深交所,主板,770930495.0,0.0,13,全A基础池扩展补充
sz002819,002819.SZ,东方中科,电器仪表,仪器仪表,深交所,主板,210886954.0,0.0,32,全A基础池扩展补充
sz002218,002218.SZ,拓日新能,新型电力,光伏发电,深交所,主板,1088434147.0,0.0,11,全A基础池扩展补充
sz300840,300840.SZ,酷特智能,服饰,非运动服装,深交所,创业板,613933237.0,0.0,14,全A基础池扩展补充
sz002530,002530.SZ,金财互联,专用机械,其他通用设备,深交所,主板,202053969.0,0.0,20,全A基础池扩展补充
sz300063,300063.SZ,天龙集团,互联网,互联网广告,深交所,创业板,875714437.0,0.0,12,全A基础池扩展补充
sz000676,000676.SZ,智度股份,互联网,互联网广告,深交所,主板,199963407.0,0.0,26,全A基础池扩展补充
sh603169,603169.SH,兰石重装,专用机械,能源及重型设备,上交所,主板,199958300.0,0.0,21,全A基础池扩展补充
sz002559,002559.SZ,亚威股份,机床制造,机床制造,深交所,主板,870631171.0,0.0,12,全A基础池扩展补充
sz300825,300825.SZ,阿尔特,汽车服务,汽车综合服务,深交所,创业板,199259311.0,0.0,28,全A基础池扩展补充
sh688001,688001.SH,华兴源创,专用机械,其他专用设备,上交所,科创板,1040603213.0,0.0,11,全A基础池扩展补充
sz300177,300177.SZ,中海达,通信设备,军工电子,深交所,创业板,194546458.0,0.0,27,全A基础池扩展补充
sz002197,002197.SZ,证通电子,IT设备,云基础设施服务,深交所,主板,191452431.0,0.0,30,全A基础池扩展补充
sh603068,603068.SH,博通集成,半导体,集成电路设计,上交所,主板,191315065.0,0.0,25,全A基础池扩展补充
sz001314,001314.SZ,亿道信息,元器件,消费电子组件,深交所,主板,189947534.0,0.0,21,全A基础池扩展补充
sz300976,300976.SZ,达瑞电子,元器件,消费电子组件,深交所,创业板,396008628.0,0.0,16,全A基础池扩展补充
sh603126,603126.SH,中材节能,环境保护,固废治理,上交所,主板,677814615.0,0.0,13,全A基础池扩展补充
sz002575,002575.SZ,群兴玩具,文教休闲,综合类,深交所,主板,1174989245.0,0.0,10,全A基础池扩展补充
sz300852,300852.SZ,四会富仕,元器件,PCB,深交所,创业板,973588076.0,0.0,11,全A基础池扩展补充
sz300781,300781.SZ,因赛集团,广告包装,其他广告营销,深交所,创业板,184284155.0,0.0,22,全A基础池扩展补充
sh600880,600880.SH,博瑞传播,广告包装,教育培训,上交所,主板,183200215.0,0.0,24,全A基础池扩展补充
sh688411,688411.SH,海博思创,电气设备,其他电池,上交所,科创板,1643527498.0,0.0,8,全A基础池扩展补充
sh688598,688598.SH,金博股份,矿物制品,光伏辅材,上交所,科创板,782994243.0,0.0,12,全A基础池扩展补充
sh603888,603888.SH,新华网,互联网,文字图片媒体,上交所,主板,308410357.0,0.0,17,全A基础池扩展补充
sz002669,002669.SZ,康达新材,化工原料,胶黏剂及胶带,深交所,主板,176403828.0,0.0,22,全A基础池扩展补充
sh600506,600506.SH,统一股份,石油加工,其他石化,上交所,主板,175720445.0,0.0,20,全A基础池扩展补充
sz300270,300270.SZ,中威电子,IT设备,安防设备,深交所,创业板,210903000.0,0.0,19,全A基础池扩展补充
sz301517,301517.SZ,陕西华达,元器件,军工电子,深交所,创业板,437947921.0,0.0,15,全A基础池扩展补充
sz002870,002870.SZ,香山股份,汽车配件,车身附件及饰件,深交所,主板,297710140.0,0.0,17,全A基础池扩展补充
sh603533,603533.SH,掌阅科技,互联网,文字图片媒体,上交所,主板,739933836.0,0.0,12,全A基础池扩展补充
sh603278,603278.SH,大业股份,钢加工,金属制品,上交所,主板,1537910217.0,0.0,8,全A基础池扩展补充
sz300786,300786.SZ,国林科技,环境保护,环保设备,深交所,创业板,350634628.0,0.0,16,全A基础池扩展补充
sz300145,300145.SZ,南方泵业,机械基件,机械基础件,深交所,创业板,415305207.0,0.0,15,全A基础池扩展补充
sh688079,688079.SH,美迪凯,元器件,光学元件,上交所,科创板,498300954.0,0.0,14,全A基础池扩展补充
sz000600,000600.SZ,建投能源,火力发电,火力发电,深交所,主板,707078161.0,0.0,12,全A基础池扩展补充
sz002552,002552.SZ,宝鼎科技,元器件,PCB,深交所,主板,1466714272.0,0.0,8,全A基础池扩展补充
sz300943,300943.SZ,春晖智控,机械基件,机械基础件,深交所,创业板,566592714.0,0.0,13,全A基础池扩展补充
sh603017,603017.SH,中衡设计,建筑工程,工程咨询服务,上交所,主板,271071266.0,0.0,17,全A基础池扩展补充
sz300793,300793.SZ,佳禾智能,IT设备,消费电子组件,深交所,创业板,155017435.0,0.0,25,全A基础池扩展补充
sh603757,603757.SH,大元泵业,机械基件,机械基础件,上交所,主板,653996509.0,0.0,12,全A基础池扩展补充
sz002355,002355.SZ,兴民智通,汽车配件,轮胎轮毂,深交所,主板,216377367.0,0.0,18,全A基础池扩展补充
sz300449,300449.SZ,汉邦高科,IT设备,安防设备,深交所,创业板,1124308514.0,0.0,9,全A基础池扩展补充
sz300939,300939.SZ,秋田微,元器件,面板,深交所,创业板,367896799.0,0.0,15,全A基础池扩展补充
sz000950,000950.SZ,重药控股,医药商业,医药流通,深交所,主板,753430114.0,0.0,11,全A基础池扩展补充
sz002829,002829.SZ,星网宇达,航空,航天装备,深交所,主板,138887976.0,0.0,20,全A基础池扩展补充
sz002158,002158.SZ,汉钟精机,工程机械,制冷空调设备,深交所,主板,414920644.0,0.0,14,全A基础池扩展补充
sh603175,603175.SH,超颖电子,元器件,PCB,上交所,主板,498640538.0,0.0,13,全A基础池扩展补充
sz300885,300885.SZ,海昌新材,机械基件,机械基础件,深交所,创业板,718716819.0,0.0,11,全A基础池扩展补充
sz002658,002658.SZ,雪迪龙,环境保护,环境监测,深交所,主板,597493182.0,0.0,12,全A基础池扩展补充
sz002090,002090.SZ,金智科技,电气设备,电网自动化,深交所,主板,134639875.0,0.0,20,全A基础池扩展补充
sz301330,301330.SZ,熵基科技,IT设备,安防设备,深交所,创业板,132827540.0,0.0,20,全A基础池扩展补充
sz000966,000966.SZ,长源电力,火力发电,火力发电,深交所,主板,832467531.0,0.0,10,全A基础池扩展补充
sh688379,688379.SH,华光新材,机械基件,金属制品,上交所,科创板,393882614.0,0.0,14,全A基础池扩展补充
sh605222,605222.SH,起帆电缆,电气设备,线缆部件及其他,上交所,主板,683665166.0,0.0,11,全A基础池扩展补充
sz002708,002708.SZ,光洋股份,汽车配件,底盘与发动机系统,深交所,主板,392519778.0,0.0,14,全A基础池扩展补充
sz300161,300161.SZ,华中数控,机床制造,机床制造,深交所,创业板,323374182.0,0.0,15,全A基础池扩展补充
sz002640,002640.SZ,跨境通,互联网,跨境电商,深交所,主板,1398375442.0,0.0,7,全A基础池扩展补充
sz300546,300546.SZ,雄帝科技,IT设备,其他IT设备,深交所,创业板,153112619.0,0.0,19,全A基础池扩展补充
sz000881,000881.SZ,中广核技,化工原料,其他化学制品,深交所,主板,127293491.0,0.0,25,全A基础池扩展补充
sh600764,600764.SH,中国海防,船舶,航海装备,上交所,主板,182840916.0,0.0,18,全A基础池扩展补充
sz301313,301313.SZ,凡拓数创,文教休闲,其他专业服务,深交所,创业板,125321826.0,0.0,22,全A基础池扩展补充
sz300688,300688.SZ,创业黑马,文教休闲,教育培训,深交所,创业板,124975806.0,0.0,21,全A基础池扩展补充
sz300099,300099.SZ,尤洛卡,电器仪表,能源及重型设备,深交所,创业板,373591143.0,0.0,14,全A基础池扩展补充
sz002132,002132.SZ,恒星科技,钢加工,金属制品,深交所,主板,1353636693.0,0.0,7,全A基础池扩展补充
sz002995,002995.SZ,天地在线,互联网,互联网广告,深交所,主板,146306268.0,0.0,19,全A基础池扩展补充
sz300317,300317.SZ,珈伟新能,电气设备,光伏发电,深交所,创业板,914650291.0,0.0,9,全A基础池扩展补充
sz002030,002030.SZ,达安基因,医疗保健,诊断试剂,深交所,主板,911797223.0,0.0,9,全A基础池扩展补充
sz002208,002208.SZ,合肥城建,区域地产,住宅开发,深交所,主板,1888266181.0,0.0,5,全A基础池扩展补充
sh600693,600693.SH,东百集团,百货,百货,上交所,主板,896181000.0,0.0,9,全A基础池扩展补充
sh688802,688802.SH,沐曦股份,半导体,集成电路设计,上交所,科创板,1545989657.0,0.0,6,全A基础池扩展补充
sh603716,603716.SH,塞力医疗,医药商业,医药流通,上交所,主板,294152173.0,0.0,15,全A基础池扩展补充
sz000530,000530.SZ,冰山冷热,机械基件,制冷空调设备,深交所,主板,167386086.0,0.0,18,全A基础池扩展补充
sh600711,600711.SH,盛屯矿业,小金属,钴,上交所,主板,1516932456.0,0.0,6,全A基础池扩展补充
sz300820,300820.SZ,英杰电气,电气设备,其他发电设备,深交所,创业板,872009835.0,0.0,9,全A基础池扩展补充
sz002903,002903.SZ,宇环数控,机床制造,机床制造,深交所,主板,598256072.0,0.0,11,全A基础池扩展补充
sz301310,301310.SZ,鑫宏业,汽车配件,其他汽车零部件,深交所,创业板,494827568.0,0.0,12,全A基础池扩展补充
sz000993,000993.SZ,闽东电力,水力发电,水力发电,深交所,主板,854726641.0,0.0,9,全A基础池扩展补充
sz301070,301070.SZ,开勒股份,机械基件,其他通用设备,深交所,创业板,580553913.0,0.0,11,全A基础池扩展补充
sh600310,600310.SH,广西能源,水力发电,水力发电,上交所,主板,1005932138.0,0.0,8,全A基础池扩展补充
sz002375,002375.SZ,亚厦股份,装修装饰,装修装饰,深交所,主板,479540441.0,0.0,12,全A基础池扩展补充
sh688795,688795.SH,摩尔线程,半导体,集成电路设计,上交所,科创板,2511177762.0,0.0,3,全A基础池扩展补充
sz300648,300648.SZ,星云股份,电气设备,锂电设备,深交所,创业板,330890597.0,0.0,14,全A基础池扩展补充
sh603938,603938.SH,三孚股份,化工原料,其他化学原料,上交所,主板,1729707319.0,0.0,5,全A基础池扩展补充
sz300335,300335.SZ,迪森股份,供气供热,热力服务,深交所,创业板,325102629.0,0.0,14,全A基础池扩展补充
sz301079,301079.SZ,邵阳液压,机械基件,工程机械零件,深交所,创业板,388430464.0,0.0,13,全A基础池扩展补充
sz001280,001280.SZ,中国铀业,小金属,其他金属,深交所,主板,1409851584.0,0.0,6,全A基础池扩展补充
sh600654,600654.SH,中安科,仓储物流,其他专业服务,上交所,主板,465275824.0,0.0,12,全A基础池扩展补充
sh603088,603088.SH,宁波精达,机床制造,机床制造,上交所,主板,318707127.0,0.0,14,全A基础池扩展补充
sz300061,300061.SZ,旗天科技,互联网,其他广告营销,深交所,创业板,551064223.0,0.0,11,全A基础池扩展补充
sz300494,300494.SZ,盛天网络,互联网,游戏,深交所,创业板,125594258.0,0.0,19,全A基础池扩展补充
sz002632,002632.SZ,道明光学,塑料,塑料薄膜,深交所,主板,180552096.0,0.0,17,全A基础池扩展补充
sz300349,300349.SZ,金卡智能,电器仪表,仪器仪表,深交所,创业板,216826317.0,0.0,16,全A基础池扩展补充
sz000417,000417.SZ,合百集团,百货,百货,深交所,主板,452999830.0,0.0,12,全A基础池扩展补充
sz300887,300887.SZ,谱尼测试,电器仪表,检测服务,深交所,创业板,103385085.0,0.0,23,全A基础池扩展补充
sz301531,301531.SZ,C春光集团,矿物制品,磁性材料,深交所,创业板,2844434372.0,0.0,2,全A基础池扩展补充
sh603158,603158.SH,腾龙股份,汽车配件,底盘与发动机系统,上交所,主板,446804188.0,0.0,12,全A基础池扩展补充
sz300420,300420.SZ,五洋自控,机械基件,其他专用设备,深交所,创业板,535980692.0,0.0,11,全A基础池扩展补充
sz301027,301027.SZ,华蓝集团,建筑工程,工程咨询服务,深交所,创业板,176573106.0,0.0,17,全A基础池扩展补充
sh600640,600640.SH,国脉文化,影视音像,视频音频媒体,上交所,主板,146861414.0,0.0,18,全A基础池扩展补充
sh605299,605299.SH,舒华体育,文教休闲,娱乐用品,上交所,主板,769077490.0,0.0,9,全A基础池扩展补充
sz300612,300612.SZ,宣亚国际,广告包装,互联网广告,深交所,创业板,101163245.0,0.0,24,全A基础池扩展补充
sz300801,300801.SZ,泰和科技,化工原料,其他化学制品,深交所,创业板,249366834.0,0.0,15,全A基础池扩展补充
sh603315,603315.SH,福鞍股份,环境保护,大气治理,上交所,主板,750164786.0,0.0,9,全A基础池扩展补充
sh688219,688219.SH,会通股份,塑料,改性塑料,上交所,科创板,98340346.0,0.0,21,全A基础池扩展补充
sz002038,002038.SZ,双鹭药业,生物制药,基因药物,深交所,主板,355915371.0,0.0,13,全A基础池扩展补充
sz002527,002527.SZ,新时达,电器仪表,工业控制设备,深交所,主板,140245438.0,0.0,18,全A基础池扩展补充
sz000701,000701.SZ,厦门信达,商贸代理,贸易,深交所,主板,96417707.0,0.0,21,全A基础池扩展补充
sh600868,600868.SH,梅雁吉祥,水力发电,水力发电,上交所,主板,497635003.0,0.0,11,全A基础池扩展补充
sz002093,002093.SZ,国脉科技,文教休闲,教育培训,深交所,主板,164052947.0,0.0,17,全A基础池扩展补充
sz002591,002591.SZ,恒大高新,环境保护,环保设备,深交所,主板,235100088.0,0.0,15,全A基础池扩展补充
sz000665,000665.SZ,湖北广电,影视音像,广播电视,深交所,主板,112249547.0,0.0,19,全A基础池扩展补充
sh600664,600664.SH,哈药股份,化学制药,化学制剂,上交所,主板,588536291.0,0.0,10,全A基础池扩展补充
sz002117,002117.SZ,东港股份,广告包装,印刷,深交所,主板,161555079.0,0.0,17,全A基础池扩展补充
sh603977,603977.SH,国泰集团,化工原料,民爆制品,上交所,主板,405175724.0,0.0,12,全A基础池扩展补充
sh600458,600458.SH,时代新材,塑料,风电零部件,上交所,主板,233041515.0,0.0,15,全A基础池扩展补充
sz300435,300435.SZ,中泰股份,供气供热,燃气,深交所,创业板,482632402.0,0.0,11,全A基础池扩展补充
sz002623,002623.SZ,亚玛顿,玻璃,光伏辅材,深交所,主板,575425106.0,0.0,10,全A基础池扩展补充
sz300712,300712.SZ,永福股份,建筑工程,其他专业工程,深交所,创业板,131609919.0,0.0,18,全A基础池扩展补充
sz300788,300788.SZ,中信出版,出版业,大众出版,深交所,创业板,273021522.0,0.0,14,全A基础池扩展补充
sh688326,688326.SH,经纬恒润,汽车配件,汽车电子电气系统,上交所,科创板,188838753.0,0.0,16,全A基础池扩展补充
sz300137,300137.SZ,先河环保,环境保护,环境监测,深交所,创业板,821662614.0,0.0,8,全A基础池扩展补充
sh688693,688693.SH,锴威特,半导体,功率半导体,上交所,科创板,985435830.0,0.0,7,全A基础池扩展补充
sz300586,300586.SZ,美联新材,化工原料,塑料助剂,深交所,创业板,390781635.0,0.0,12,全A基础池扩展补充
sz002682,002682.SZ,龙洲股份,仓储物流,供应链服务,深交所,主板,88177275.0,0.0,22,全A基础池扩展补充
sh603602,603602.SH,纵横通信,通信设备,网络工程施工,上交所,主板,105989334.0,0.0,19,全A基础池扩展补充
sz300606,300606.SZ,金太阳,机械基件,磨具磨料,深交所,创业板,265961542.0,0.0,14,全A基础池扩展补充
sz301136,301136.SZ,招标股份,建筑工程,工程咨询服务,深交所,创业板,87737558.0,0.0,22,全A基础池扩展补充
sh688458,688458.SH,美芯晟,半导体,集成电路设计,上交所,科创板,547703649.0,0.0,10,全A基础池扩展补充
sz000156,000156.SZ,华数传媒,影视音像,广播电视,深交所,主板,85661340.0,0.0,25,全A基础池扩展补充
sh603051,603051.SH,鹿山新材,塑料,胶黏剂及胶带,上交所,主板,178054001.0,0.0,16,全A基础池扩展补充
sz300819,300819.SZ,聚杰微纤,纺织,其他纺织,深交所,创业板,1120227599.0,0.0,6,全A基础池扩展补充
sz002277,002277.SZ,友阿股份,百货,百货,深交所,主板,445656777.0,0.0,11,全A基础池扩展补充
sz301137,301137.SZ,哈焊华通,机械基件,金属制品,深交所,创业板,771140296.0,0.0,8,全A基础池扩展补充
sz300552,300552.SZ,万集科技,IT设备,其他IT设备,深交所,创业板,255076217.0,0.0,14,全A基础池扩展补充
sh603318,603318.SH,水发燃气,供气供热,燃气,上交所,主板,1336427194.0,0.0,5,全A基础池扩展补充
sz000546,000546.SZ,金圆股份,环境保护,固废治理,深交所,主板,639402760.0,0.0,9,全A基础池扩展补充
sz002051,002051.SZ,中工国际,建筑工程,国际工程,深交所,主板,767834390.0,0.0,8,全A基础池扩展补充
sz300665,300665.SZ,飞鹿股份,染料涂料,涂料油墨,深交所,创业板,304013059.0,0.0,13,全A基础池扩展补充
sz002034,002034.SZ,旺能环境,环境保护,固废治理,深交所,主板,1099787251.0,0.0,6,全A基础池扩展补充
sz300228,300228.SZ,富瑞特装,化工机械,其他专用设备,深交所,创业板,434079716.0,0.0,11,全A基础池扩展补充
sz002291,002291.SZ,遥望科技,广告包装,互联网广告,深交所,主板,206510892.0,0.0,15,全A基础池扩展补充
sh688305,688305.SH,科德数控,机床制造,机床制造,上交所,科创板,248058769.0,0.0,14,全A基础池扩展补充
sz301603,301603.SZ,乔锋智能,机床制造,机床制造,深交所,创业板,503972078.0,0.0,10,全A基础池扩展补充
sz002190,002190.SZ,成飞集成,汽车配件,其他汽车零部件,深交所,主板,601179321.0,0.0,9,全A基础池扩展补充
sh603123,603123.SH,翠微股份,多元金融,其他金融服务,上交所,主板,238888421.0,0.0,14,全A基础池扩展补充
sz300537,300537.SZ,广信材料,染料涂料,半导体材料,深交所,创业板,285826543.0,0.0,13,全A基础池扩展补充
sh603269,603269.SH,海鸥股份,机械基件,其他通用设备,上交所,主板,860194254.0,0.0,7,全A基础池扩展补充
sz300275,300275.SZ,梅安森,工程机械,能源及重型设备,深交所,创业板,78414144.0,0.0,27,全A基础池扩展补充
sh600805,600805.SH,悦达投资,综合类,综合类,上交所,主板,78400329.0,0.0,20,全A基础池扩展补充
sz300200,300200.SZ,高盟新材,化工原料,胶黏剂及胶带,深交所,创业板,492996522.0,0.0,10,全A基础池扩展补充
sh600545,600545.SH,卓郎智能,纺织机械,纺织服装设备,上交所,主板,1488353923.0,0.0,4,全A基础池扩展补充
sz002398,002398.SZ,垒知集团,其他建材,其他建材,深交所,主板,77532171.0,0.0,29,全A基础池扩展补充
sz300553,300553.SZ,集智股份,电器仪表,仪器仪表,深交所,创业板,704367189.0,0.0,8,全A基础池扩展补充
sz002912,002912.SZ,中新赛克,IT设备,其他IT设备,深交所,主板,77183115.0,0.0,23,全A基础池扩展补充
sz002301,002301.SZ,齐心集团,文教休闲,文化用品,深交所,主板,231137715.0,0.0,14,全A基础池扩展补充
sz300071,300071.SZ,福石控股,广告包装,互联网广告,深交所,创业板,230764288.0,0.0,14,全A基础池扩展补充
sz301233,301233.SZ,盛帮股份,汽车配件,车身附件及饰件,深交所,创业板,110105193.0,0.0,18,全A基础池扩展补充
sz002383,002383.SZ,合众思壮,通信设备,其他通信设备,深交所,主板,159075509.0,0.0,16,全A基础池扩展补充
sz002165,002165.SZ,红 宝 丽,化工原料,聚氨酯,深交所,主板,1200123783.0,0.0,5,全A基础池扩展补充
sh603110,603110.SH,东方材料,染料涂料,涂料油墨,上交所,主板,688317279.0,0.0,8,全A基础池扩展补充
sh688157,688157.SH,松井股份,染料涂料,涂料油墨,上交所,科创板,75206296.0,0.0,20,全A基础池扩展补充
sz002940,002940.SZ,昂利康,化学制药,化学制剂,深交所,主板,1191548347.0,0.0,5,全A基础池扩展补充
sz300284,300284.SZ,苏交科,建筑工程,工程咨询服务,深交所,创业板,75047386.0,0.0,20,全A基础池扩展补充
sz300988,300988.SZ,津荣天宇,机械基件,金属制品,深交所,创业板,156420683.0,0.0,16,全A基础池扩展补充
sh600163,600163.SH,中闽能源,新型电力,风力发电,上交所,主板,818194713.0,0.0,7,全A基础池扩展补充
sh688733,688733.SH,壹石通,矿物制品,电池化学品,上交所,科创板,470448483.0,0.0,10,全A基础池扩展补充
sz300828,300828.SZ,锐新科技,机械基件,金属制品,深交所,创业板,390595577.0,0.0,11,全A基础池扩展补充
sh688685,688685.SH,迈信林,航空,航空装备,上交所,科创板,389047322.0,0.0,11,全A基础池扩展补充
sz300354,300354.SZ,东华测试,电器仪表,仪器仪表,深交所,创业板,89097610.0,0.0,19,全A基础池扩展补充
sz300019,300019.SZ,硅宝科技,化工原料,有机硅,深交所,创业板,153134836.0,0.0,16,全A基础池扩展补充
sz300745,300745.SZ,欣锐科技,汽车配件,其他汽车零部件,深交所,创业板,555516524.0,0.0,9,全A基础池扩展补充
sz301397,301397.SZ,溯联股份,汽车配件,底盘与发动机系统,深交所,创业板,316727737.0,0.0,12,全A基础池扩展补充
sh603390,603390.SH,通达电气,汽车配件,汽车电子电气系统,上交所,主板,180060084.0,0.0,15,全A基础池扩展补充
sz300538,300538.SZ,同益股份,塑料,改性塑料,深交所,创业板,101937397.0,0.0,18,全A基础池扩展补充
sz002599,002599.SZ,盛通股份,广告包装,印刷,深交所,主板,101028564.0,0.0,18,全A基础池扩展补充
sh688386,688386.SH,泛亚微透,化工原料,塑料薄膜,上交所,科创板,174848884.0,0.0,15,全A基础池扩展补充
sz301363,301363.SZ,美好医疗,医疗保健,医疗设备,深交所,创业板,917137913.0,0.0,6,全A基础池扩展补充
sh601139,601139.SH,深圳燃气,供气供热,燃气,上交所,主板,362315616.0,0.0,11,全A基础池扩展补充
sh600488,600488.SH,津药药业,化学制药,原料药,上交所,主板,1898950070.0,0.0,2,全A基础池扩展补充
sh600683,600683.SH,京投发展,区域地产,住宅开发,上交所,主板,1082723420.0,0.0,5,全A基础池扩展补充
sh603960,603960.SH,克来机电,汽车配件,汽车电子电气系统,上交所,主板,247406818.0,0.0,13,全A基础池扩展补充
sz300258,300258.SZ,精锻科技,汽车配件,底盘与发动机系统,深交所,创业板,423696142.0,0.0,10,全A基础池扩展补充
sh688595,688595.SH,芯海科技,半导体,集成电路设计,上交所,科创板,202079498.0,0.0,14,全A基础池扩展补充
sh603178,603178.SH,圣龙股份,汽车配件,底盘与发动机系统,上交所,主板,726566339.0,0.0,7,全A基础池扩展补充
sh600996,600996.SH,贵广网络,影视音像,广播电视,上交所,主板,240456731.0,0.0,13,全A基础池扩展补充
sz002454,002454.SZ,松芝股份,汽车配件,汽车电子电气系统,深交所,主板,415892904.0,0.0,10,全A基础池扩展补充
sh600990,600990.SH,四创电子,通信设备,军工电子,上交所,主板,136951180.0,0.0,16,全A基础池扩展补充
sz002869,002869.SZ,金溢科技,通信设备,其他电子,深交所,主板,65116257.0,0.0,21,全A基础池扩展补充
sh601226,601226.SH,华电科工,建筑工程,其他专业工程,上交所,主板,236396002.0,0.0,13,全A基础池扩展补充
sz301538,301538.SZ,骏鼎达,塑料,改性塑料,深交所,创业板,706864169.0,0.0,7,全A基础池扩展补充
sz301349,301349.SZ,信德新材,化工原料,电池化学品,深交所,创业板,486599325.0,0.0,9,全A基础池扩展补充
sz002973,002973.SZ,侨银股份,环境保护,固废治理,深交所,主板,190753247.0,0.0,14,全A基础池扩展补充
sz002810,002810.SZ,山东赫达,化工原料,其他化学制品,深交所,主板,1000281491.0,0.0,5,全A基础池扩展补充
sz002584,002584.SZ,西陇科学,化工原料,其他化学制品,深交所,主板,190381715.0,0.0,14,全A基础池扩展补充
sz300905,300905.SZ,宝丽迪,染料涂料,纺织化学品,深交所,创业板,1188679559.0,0.0,4,全A基础池扩展补充
sz300721,300721.SZ,怡达股份,化工原料,有机化工原料,深交所,创业板,976151451.0,0.0,5,全A基础池扩展补充
sz002628,002628.SZ,成都路桥,建筑工程,基建工程,深交所,主板,662170199.0,0.0,7,全A基础池扩展补充
sz002647,002647.SZ,仁东控股,多元金融,其他金融服务,深交所,主板,793330064.0,0.0,6,全A基础池扩展补充
sh603969,603969.SH,银龙股份,其他建材,金属制品,上交所,主板,315024807.0,0.0,11,全A基础池扩展补充
sz300187,300187.SZ,永清环保,环境保护,生态修复,深交所,创业板,150551620.0,0.0,15,全A基础池扩展补充
sh688807,688807.SH,优迅股份,半导体,集成电路设计,上交所,科创板,651295299.0,0.0,7,全A基础池扩展补充
sh603610,603610.SH,麒盛科技,家居用品,家具,上交所,主板,537918034.0,0.0,8,全A基础池扩展补充
sz301348,301348.SZ,蓝箭电子,半导体,半导体封测,深交所,创业板,520033348.0,0.0,8,全A基础池扩展补充
sz300644,300644.SZ,南京聚隆,塑料,改性塑料,深交所,创业板,56982260.0,0.0,22,全A基础池扩展补充
sz002445,002445.SZ,中南文化,钢加工,金属制品,深交所,主板,622506993.0,0.0,7,全A基础池扩展补充
sz300720,300720.SZ,海川智能,电器仪表,仪器仪表,深交所,创业板,1071498773.0,0.0,4,全A基础池扩展补充
sz300589,300589.SZ,江龙船艇,船舶,航海装备,深交所,创业板,426449701.0,0.0,9,全A基础池扩展补充
sz300051,300051.SZ,琏升科技,综合类,综合类,深交所,创业板,294439355.0,0.0,11,全A基础池扩展补充
sz002522,002522.SZ,浙江众成,塑料,塑料薄膜,深交所,主板,1044981621.0,0.0,4,全A基础池扩展补充
sh688173,688173.SH,希荻微,半导体,集成电路设计,上交所,科创板,239319462.0,0.0,12,全A基础池扩展补充
sh600758,600758.SH,辽宁能源,煤炭开采,炼焦煤,上交所,主板,1492168004.0,0.0,2,全A基础池扩展补充
sh603268,603268.SH,松发股份,船舶,航海装备,上交所,主板,1032098418.0,0.0,4,全A基础池扩展补充
sz300259,300259.SZ,新天科技,电器仪表,仪器仪表,深交所,创业板,409802046.0,0.0,9,全A基础池扩展补充
sz300815,300815.SZ,玉禾田,环境保护,固废治理,深交所,创业板,93531294.0,0.0,17,全A基础池扩展补充
sh605123,605123.SH,派克新材,航空,航空装备,上交所,主板,589777387.0,0.0,7,全A基础池扩展补充
sz002177,002177.SZ,御银股份,其他商业,商业物业经营,深交所,主板,705733102.0,0.0,6,全A基础池扩展补充
bj920021,920021.BJ,流金科技,影视音像,广播电视,北交所,北交所,210665189.0,0.0,20,全A基础池扩展补充
sz300500,300500.SZ,启迪设计,建筑工程,工程咨询服务,深交所,创业板,62939494.0,0.0,19,全A基础池扩展补充
sz300195,300195.SZ,长荣股份,轻工机械,印刷包装机械,深交所,创业板,52337819.0,0.0,20,全A基础池扩展补充
sh688222,688222.SH,成都先导,化学制药,医疗研发外包,上交所,科创板,469762523.0,0.0,8,全A基础池扩展补充
sz300466,300466.SZ,赛摩智能,电器仪表,仪器仪表,深交所,创业板,89511451.0,0.0,17,全A基础池扩展补充
sz301408,301408.SZ,华人健康,医药商业,医药流通,深交所,创业板,468626324.0,0.0,8,全A基础池扩展补充
sh605069,605069.SH,正和生态,环境保护,生态修复,上交所,主板,186015862.0,0.0,13,全A基础池扩展补充
sh601858,601858.SH,中国科传,出版业,其他出版,上交所,主板,466110031.0,0.0,8,全A基础池扩展补充
sz002443,002443.SZ,金洲管道,钢加工,特钢,深交所,主板,559581531.0,0.0,7,全A基础池扩展补充
sh601515,601515.SH,衢州东峰,广告包装,纸包装,上交所,主板,267441794.0,0.0,11,全A基础池扩展补充
sh688783,688783.SH,西安奕材,半导体,半导体材料,上交所,科创板,969788016.0,0.0,4,全A基础池扩展补充
sh603018,603018.SH,华设集团,建筑工程,工程咨询服务,上交所,主板,50892698.0,0.0,24,全A基础池扩展补充
sz300539,300539.SZ,横河精密,塑料,其他塑料制品,深交所,创业板,463105067.0,0.0,8,全A基础池扩展补充
sh600644,600644.SH,乐山电力,水力发电,水力发电,上交所,主板,556479167.0,0.0,7,全A基础池扩展补充
sh605287,605287.SH,德才股份,装修装饰,装修装饰,上交所,主板,554616155.0,0.0,7,全A基础池扩展补充
sh601330,601330.SH,绿色动力,环境保护,固废治理,上交所,主板,553381482.0,0.0,7,全A基础池扩展补充
sz300241,300241.SZ,瑞丰光电,半导体,LED,深交所,创业板,380972141.0,0.0,9,全A基础池扩展补充
sz300267,300267.SZ,尔康制药,化学制药,原料药,深交所,创业板,457724948.0,0.0,8,全A基础池扩展补充
sz000516,000516.SZ,国际医学,医疗保健,医院,深交所,主板,126031015.0,0.0,15,全A基础池扩展补充
sz301608,301608.SZ,博实结,通信设备,通信终端及配件,深交所,创业板,182098334.0,0.0,13,全A基础池扩展补充
sz000593,000593.SZ,德龙汇能,供气供热,燃气,深交所,主板,546028137.0,0.0,7,全A基础池扩展补充
sh600956,600956.SH,新天绿能,供气供热,燃气,上交所,主板,314125918.0,0.0,10,全A基础池扩展补充
sz301500,301500.SZ,飞南资源,环境保护,固废治理,深交所,创业板,544727877.0,0.0,7,全A基础池扩展补充
sz002419,002419.SZ,天虹股份,百货,百货,深交所,主板,86207200.0,0.0,17,全A基础池扩展补充
sh603200,603200.SH,上海洗霸,环境保护,水治理,上交所,主板,372445259.0,0.0,9,全A基础池扩展补充
sz301413,301413.SZ,安培龙,电器仪表,仪器仪表,深交所,创业板,534541571.0,0.0,7,全A基础池扩展补充
sh603776,603776.SH,永安行,公共交通,其他交通设备,上交所,主板,176735898.0,0.0,13,全A基础池扩展补充
sh688790,688790.SH,昂瑞微,半导体,集成电路设计,上交所,科创板,368247951.0,0.0,9,全A基础池扩展补充
sz002788,002788.SZ,鹭燕医药,医药商业,医药流通,深交所,主板,529615286.0,0.0,7,全A基础池扩展补充
sz002489,002489.SZ,浙江永强,家居用品,家具,深交所,主板,440472027.0,0.0,8,全A基础池扩展补充
sz001359,001359.SZ,平安电工,矿物制品,非金属材料,深交所,主板,439422918.0,0.0,8,全A基础池扩展补充
sz300732,300732.SZ,设研院,建筑工程,工程咨询服务,深交所,创业板,57878034.0,0.0,19,全A基础池扩展补充
sz300021,300021.SZ,大禹节水,建筑工程,其他专业工程,深交所,创业板,57793813.0,0.0,19,全A基础池扩展补充
sz002263,002263.SZ,大东南,塑料,塑料薄膜,深交所,主板,435893719.0,0.0,8,全A基础池扩展补充
sh600076,600076.SH,康欣新材,广告包装,其他包装,上交所,主板,757006097.0,0.0,5,全A基础池扩展补充
sz300696,300696.SZ,爱乐达,航空,航空装备,深交所,创业板,358790376.0,0.0,9,全A基础池扩展补充
sz300143,300143.SZ,盈康生命,医疗保健,医院,深交所,创业板,171179963.0,0.0,13,全A基础池扩展补充
sz002849,002849.SZ,威星智能,电器仪表,仪器仪表,深交所,主板,428335262.0,0.0,8,全A基础池扩展补充
sz002707,002707.SZ,众信旅游,旅游服务,旅游服务,深交所,主板,117171931.0,0.0,15,全A基础池扩展补充
sz300965,300965.SZ,恒宇信通,航空,航空装备,深交所,创业板,882078114.0,0.0,4,全A基础池扩展补充
sz300307,300307.SZ,慈星股份,纺织机械,纺织服装设备,深交所,创业板,79165499.0,0.0,17,全A基础池扩展补充
sz001258,001258.SZ,立新能源,新型电力,风力发电,深交所,主板,491142104.0,0.0,7,全A基础池扩展补充
sz300789,300789.SZ,唐源电气,运输设备,轨交设备,深交所,创业板,53375037.0,0.0,19,全A基础池扩展补充
sz000759,000759.SZ,中百集团,超市连锁,超市及便利店,深交所,主板,231925882.0,0.0,11,全A基础池扩展补充
sz002060,002060.SZ,广东建工,建筑工程,基建工程,深交所,主板,192355734.0,0.0,12,全A基础池扩展补充
sh603693,603693.SH,江苏新能,新型电力,风力发电,上交所,主板,481718446.0,0.0,7,全A基础池扩展补充
sh688292,688292.SH,浩瀚深度,通信设备,其他通信设备,上交所,科创板,75942884.0,0.0,17,全A基础池扩展补充
sz300758,300758.SZ,七彩化学,染料涂料,涂料油墨,深交所,创业板,475085088.0,0.0,7,全A基础池扩展补充
sh688605,688605.SH,先锋精科,半导体,半导体设备,上交所,科创板,813725489.0,0.0,4,全A基础池扩展补充
sh603025,603025.SH,大豪科技,纺织机械,工业控制设备,上交所,主板,223483038.0,0.0,11,全A基础池扩展补充
sz000566,000566.SZ,海南海药,化学制药,化学制剂,深交所,主板,185298972.0,0.0,12,全A基础池扩展补充
sz000722,000722.SZ,湖南发展,水力发电,水力发电,深交所,主板,664858061.0,0.0,5,全A基础池扩展补充
sz300736,300736.SZ,百邦科技,通信设备,其他专业服务,深交所,创业板,1149864372.0,0.0,2,全A基础池扩展补充
sz301306,301306.SZ,西测测试,航空,检测服务,深交所,创业板,656948658.0,0.0,5,全A基础池扩展补充
sh688286,688286.SH,敏芯股份,半导体,集成电路设计,上交所,科创板,180214806.0,0.0,12,全A基础池扩展补充
sz000863,000863.SZ,三湘印象,区域地产,住宅开发,深交所,主板,121831542.0,0.0,14,全A基础池扩展补充
sz301230,301230.SZ,泓博医药,生物制药,医疗研发外包,深交所,创业板,367040415.0,0.0,8,全A基础池扩展补充
sz300180,300180.SZ,华峰超纤,化纤,合成革,深交所,创业板,144316365.0,0.0,13,全A基础池扩展补充
sz000899,000899.SZ,赣能股份,火力发电,火力发电,深交所,主板,625735037.0,0.0,5,全A基础池扩展补充
sz002985,002985.SZ,北摩高科,航空,航空装备,深交所,主板,245755388.0,0.0,10,全A基础池扩展补充
sz300616,300616.SZ,尚品宅配,家居用品,家具,深交所,创业板,170008874.0,0.0,12,全A基础池扩展补充
sz001211,001211.SZ,双枪科技,家居用品,其他家居,深交所,主板,608930507.0,0.0,5,全A基础池扩展补充
sz003036,003036.SZ,泰坦股份,纺织机械,纺织服装设备,深交所,主板,608842460.0,0.0,5,全A基础池扩展补充
sz000862,000862.SZ,银星能源,新型电力,风力发电,深交所,主板,608527507.0,0.0,5,全A基础池扩展补充
sh600510,600510.SH,黑牡丹,全国地产,住宅开发,上交所,主板,290100256.0,0.0,9,全A基础池扩展补充
sz301055,301055.SZ,张小泉,家居用品,其他家居,深交所,创业板,501037585.0,0.0,6,全A基础池扩展补充
sh603219,603219.SH,富佳股份,家用电器,清洁小家电,上交所,主板,345249691.0,0.0,8,全A基础池扩展补充
sz000813,000813.SZ,德展健康,化学制药,化学制剂,深交所,主板,198479855.0,0.0,11,全A基础池扩展补充
sz002787,002787.SZ,华源控股,广告包装,金属包装,深交所,主板,862935450.0,0.0,3,全A基础池扩展补充
sz002935,002935.SZ,天奥电子,航空,军工电子,深交所,主板,284351266.0,0.0,9,全A基础池扩展补充
sz002712,002712.SZ,思美传媒,广告包装,互联网广告,深交所,主板,77036315.0,0.0,16,全A基础池扩展补充
sh605006,605006.SH,山东玻纤,玻璃,玻纤制造,上交所,主板,1013395573.0,0.0,2,全A基础池扩展补充
sz000531,000531.SZ,穗恒运Ａ,火力发电,火力发电,深交所,主板,278232843.0,0.0,9,全A基础池扩展补充
sh600831,600831.SH,广电网络,影视音像,广播电视,上交所,主板,36573398.0,0.0,20,全A基础池扩展补充
sz300715,300715.SZ,凯伦股份,其他建材,防水材料,深交所,创业板,683033661.0,0.0,4,全A基础池扩展补充
sz002146,002146.SZ,荣盛发展,全国地产,住宅开发,深交所,主板,156340113.0,0.0,12,全A基础池扩展补充
sz000936,000936.SZ,华西股份,化纤,涤纶,深交所,主板,669591789.0,0.0,4,全A基础池扩展补充
sz301246,301246.SZ,宏源药业,化学制药,原料药,深交所,创业板,800180786.0,0.0,3,全A基础池扩展补充
sh600037,600037.SH,歌华有线,影视音像,广播电视,上交所,主板,181824085.0,0.0,11,全A基础池扩展补充
sz301262,301262.SZ,海看股份,影视音像,广播电视,深交所,创业板,119742865.0,0.0,13,全A基础池扩展补充
sz300700,300700.SZ,岱勒新材,矿物制品,磨具磨料,深交所,创业板,247571287.0,0.0,9,全A基础池扩展补充
sz001289,001289.SZ,龙源电力,新型电力,风力发电,深交所,主板,202994742.0,0.0,10,全A基础池扩展补充
sh600101,600101.SH,明星电力,水力发电,电能综合服务,上交所,主板,416834368.0,0.0,6,全A基础池扩展补充
sh600449,600449.SH,宁夏建材,水泥,水泥制造,上交所,主板,410592851.0,0.0,6,全A基础池扩展补充
sz301188,301188.SZ,力诺药包,玻璃,玻璃制造,深交所,创业板,1218148818.0,0.0,0,全A基础池扩展补充
sz001210,001210.SZ,金房能源,供气供热,热力服务,深交所,主板,483008502.0,0.0,5,全A基础池扩展补充
sz300770,300770.SZ,新媒股份,影视音像,广播电视,深交所,创业板,110109142.0,0.0,13,全A基础池扩展补充
sz002608,002608.SZ,江苏国信,火力发电,火力发电,深交所,主板,479687970.0,0.0,5,全A基础池扩展补充
sz301050,301050.SZ,雷电微力,航空,军工电子,深交所,创业板,228185190.0,0.0,9,全A基础池扩展补充
sz001313,001313.SZ,粤海饲料,饲料,水产饲料,深交所,主板,396359625.0,0.0,6,全A基础池扩展补充
sz300482,300482.SZ,万孚生物,医疗保健,体外诊断,深交所,创业板,131006762.0,0.0,12,全A基础池扩展补充
sz000852,000852.SZ,石化机械,化工机械,能源及重型设备,深交所,主板,108862662.0,0.0,13,全A基础池扩展补充
sh600227,600227.SH,赤天化,农药化肥,氮肥,上交所,主板,568796711.0,0.0,4,全A基础池扩展补充
sz003009,003009.SZ,中天火箭,航空,航天装备,深交所,主板,326525087.0,0.0,7,全A基础池扩展补充
sz002278,002278.SZ,神开股份,化工机械,能源及重型设备,深交所,主板,128979405.0,0.0,12,全A基础池扩展补充
sz002963,002963.SZ,豪尔赛,装修装饰,装修装饰,深交所,主板,106998336.0,0.0,13,全A基础池扩展补充
sh603717,603717.SH,天域生物,农业综合,生猪养殖,上交所,主板,220875368.0,0.0,9,全A基础池扩展补充
sz000037,000037.SZ,深南电A,火力发电,火力发电,深交所,主板,461063666.0,0.0,5,全A基础池扩展补充
sh688811,688811.SH,有研复材,小金属,其他金属新材料,上交所,科创板,551400529.0,0.0,4,全A基础池扩展补充
sz300424,300424.SZ,航新科技,航空,航空装备,深交所,创业板,316138778.0,0.0,7,全A基础池扩展补充
sz000026,000026.SZ,飞亚达,服饰,钟表珠宝,深交所,主板,379618990.0,0.0,6,全A基础池扩展补充
sz002596,002596.SZ,海南瑞泽,水泥,水泥制品,深交所,主板,180334492.0,0.0,10,全A基础池扩展补充
sz000008,000008.SZ,神州高铁,运输设备,轨交设备,深交所,主板,213180878.0,0.0,9,全A基础池扩展补充
sz300363,300363.SZ,博腾股份,化学制药,医疗研发外包,深交所,创业板,528854102.0,0.0,4,全A基础池扩展补充
sz301235,301235.SZ,华康洁净,医疗保健,其他医疗服务,深交所,创业板,437965028.0,0.0,5,全A基础池扩展补充
sh600719,600719.SH,大连热电,供气供热,热力服务,上交所,主板,911575645.0,0.0,1,全A基础池扩展补充
sz300719,300719.SZ,安达维尔,航空,航空装备,深交所,创业板,99448706.0,0.0,13,全A基础池扩展补充
sz300639,300639.SZ,凯普生物,医疗保健,诊断试剂,深交所,创业板,207473184.0,0.0,9,全A基础池扩展补充
sh603616,603616.SH,韩建河山,水泥,水泥制品,上交所,主板,299128393.0,0.0,7,全A基础池扩展补充
sh603608,603608.SH,天创时尚,服饰,鞋帽及其他,上交所,主板,297896802.0,0.0,7,全A基础池扩展补充
sz000560,000560.SZ,我爱我家,房产服务,租赁经纪,深交所,主板,247345695.0,0.0,8,全A基础池扩展补充
sz301683,301683.SZ,慧谷新材,染料涂料,涂料油墨,深交所,创业板,427619217.0,0.0,5,全A基础池扩展补充
sz300350,300350.SZ,华鹏飞,仓储物流,供应链服务,深交所,创业板,97666803.0,0.0,13,全A基础池扩展补充
sz002478,002478.SZ,常宝股份,钢加工,特钢,深交所,主板,203581836.0,0.0,9,全A基础池扩展补充
sh603535,603535.SH,嘉诚国际,仓储物流,跨境物流,上交所,主板,202652872.0,0.0,9,全A基础池扩展补充
sz300809,300809.SZ,华辰装备,机床制造,机床制造,深交所,创业板,243218593.0,0.0,8,全A基础池扩展补充
sh603280,603280.SH,南方路机,工程机械,工程机械整机,上交所,主板,46292589.0,0.0,17,全A基础池扩展补充
sh605286,605286.SH,同力天启,运输设备,楼宇设备,上交所,主板,242864005.0,0.0,8,全A基础池扩展补充
sh600313,600313.SH,农发种业,种植业,种子,上交所,主板,421880262.0,0.0,5,全A基础池扩展补充
sh688202,688202.SH,美迪西,医疗保健,医疗研发外包,上交所,科创板,291171012.0,0.0,7,全A基础池扩展补充
sz300192,300192.SZ,科德教育,文教休闲,教育培训,深交所,创业板,241256325.0,0.0,8,全A基础池扩展补充
sh600969,600969.SH,郴电国际,水力发电,电能综合服务,上交所,主板,166534768.0,0.0,10,全A基础池扩展补充
sh603520,603520.SH,司太立,化学制药,原料药,上交所,主板,719554839.0,0.0,2,全A基础池扩展补充
sz002053,002053.SZ,云南能投,新型电力,风力发电,深交所,主板,286155425.0,0.0,7,全A基础池扩展补充
sz000710,000710.SZ,贝瑞基因,医疗保健,诊断服务,深交所,主板,136635536.0,0.0,11,全A基础池扩展补充
sh688186,688186.SH,广大特材,特种钢,风电零部件,上交所,科创板,135886003.0,0.0,11,全A基础池扩展补充
sh600903,600903.SH,贵州燃气,供气供热,燃气,上交所,主板,711217044.0,0.0,2,全A基础池扩展补充
sz300505,300505.SZ,川金诺,农药化肥,磷肥及磷化工,深交所,创业板,407962329.0,0.0,5,全A基础池扩展补充
sz300254,300254.SZ,仟源医药,化学制药,化学制剂,深交所,创业板,233897939.0,0.0,8,全A基础池扩展补充
sz001391,001391.SZ,国货航,仓储物流,跨境物流,深交所,主板,482879412.0,0.0,4,全A基础池扩展补充
sh603108,603108.SH,润达医疗,医药商业,医药流通,上交所,主板,191899482.0,0.0,9,全A基础池扩展补充
sz002238,002238.SZ,天威视讯,影视音像,广播电视,深交所,主板,52692927.0,0.0,16,全A基础池扩展补充
sz002723,002723.SZ,小崧股份,家用电器,个护小家电,深交所,主板,327752394.0,0.0,6,全A基础池扩展补充
sh603069,603069.SH,海汽集团,公共交通,公共交通,上交所,主板,270168240.0,0.0,7,全A基础池扩展补充
sz002420,002420.SZ,毅昌科技,家用电器,家电零部件,深交所,主板,74353460.0,0.0,14,全A基础池扩展补充
sh600691,600691.SH,潞化科技,农药化肥,煤化工,上交所,主板,128953513.0,0.0,11,全A基础池扩展补充
sh600815,600815.SH,厦工股份,工程机械,工程机械整机,上交所,主板,322913271.0,0.0,6,全A基础池扩展补充
sh600540,600540.SH,新赛股份,种植业,其他种植业,上交所,主板,321817387.0,0.0,6,全A基础池扩展补充
sh603823,603823.SH,百合花,染料涂料,涂料油墨,上交所,主板,386367810.0,0.0,5,全A基础池扩展补充
sz002615,002615.SZ,哈尔斯,家居用品,其他家居,深交所,主板,153789610.0,0.0,10,全A基础池扩展补充
sh688282,688282.SH,理工导航,通信设备,军工电子,上交所,科创板,267195889.0,0.0,7,全A基础池扩展补充
sz300233,300233.SZ,金城医药,化学制药,化学制剂,深交所,创业板,127548070.0,0.0,11,全A基础池扩展补充
sz000524,000524.SZ,岭南控股,旅游服务,旅游服务,深交所,主板,73341013.0,0.0,14,全A基础池扩展补充
sz300196,300196.SZ,长海股份,玻璃,玻纤制造,深交所,创业板,461614276.0,0.0,4,全A基础池扩展补充
sh605189,605189.SH,富春染织,纺织,印染,上交所,主板,383703965.0,0.0,5,全A基础池扩展补充
sz000905,000905.SZ,厦门港务,港口,港口,深交所,主板,262226556.0,0.0,7,全A基础池扩展补充
sh603958,603958.SH,哈森股份,服饰,鞋帽及其他,上交所,主板,313447499.0,0.0,6,全A基础池扩展补充
sz301231,301231.SZ,荣信文化,出版业,大众出版,深交所,创业板,149439127.0,0.0,10,全A基础池扩展补充
sh600116,600116.SH,三峡水利,水力发电,电能综合服务,上交所,主板,258986152.0,0.0,7,全A基础池扩展补充
sh600129,600129.SH,太极集团,中成药,中药,上交所,主板,85488964.0,0.0,13,全A基础池扩展补充
sz002556,002556.SZ,辉隆股份,农药化肥,复合肥,深交所,主板,102066891.0,0.0,12,全A基础池扩展补充
sz000029,000029.SZ,深深房Ａ,区域地产,住宅开发,深交所,主板,535612091.0,0.0,3,全A基础池扩展补充
sh601992,601992.SH,金隅集团,水泥,水泥制造,上交所,主板,146883147.0,0.0,10,全A基础池扩展补充
sz300651,300651.SZ,金陵体育,文教休闲,体育,深交所,创业板,531505876.0,0.0,3,全A基础池扩展补充
sz000007,000007.SZ,全新好,其他商业,商业物业经营,深交所,主板,299541349.0,0.0,6,全A基础池扩展补充
sz300861,300861.SZ,美畅股份,矿物制品,磨具磨料,深交所,创业板,520255382.0,0.0,3,全A基础池扩展补充
sz001257,001257.SZ,盛龙股份,小金属,钨钼,深交所,主板,750897754.0,0.0,1,全A基础池扩展补充
sz002858,002858.SZ,力盛体育,文教休闲,体育,深交所,主板,98924509.0,0.0,12,全A基础池扩展补充
sh600308,600308.SH,华泰股份,造纸,大宗用纸,上交所,主板,142457800.0,0.0,10,全A基础池扩展补充
sz000012,000012.SZ,南  玻Ａ,玻璃,玻璃制造,深交所,主板,117635291.0,0.0,11,全A基础池扩展补充
sh688108,688108.SH,赛诺医疗,医疗保健,医疗耗材,上交所,科创板,890719863.0,0.0,0,全A基础池扩展补充
sz002631,002631.SZ,德尔未来,家居用品,家具,深交所,主板,244628556.0,0.0,7,全A基础池扩展补充
sh688626,688626.SH,翔宇医疗,医疗保健,医疗设备,上交所,科创板,140703587.0,0.0,10,全A基础池扩展补充
sh688697,688697.SH,纽威数控,机床制造,机床制造,上交所,科创板,203082300.0,0.0,8,全A基础池扩展补充
sz300737,300737.SZ,科顺股份,其他建材,防水材料,深交所,创业板,293043226.0,0.0,6,全A基础池扩展补充
sz300622,300622.SZ,博士眼镜,其他商业,专业连锁,深交所,创业板,347638364.0,0.0,5,全A基础池扩展补充
sh605162,605162.SH,新中港,供气供热,热力服务,上交所,主板,287069170.0,0.0,6,全A基础池扩展补充
sz003039,003039.SZ,顺控发展,水务,水务,深交所,主板,78999700.0,0.0,13,全A基础池扩展补充
sz300798,300798.SZ,锦鸡股份,染料涂料,纺织化学品,深交所,创业板,410887563.0,0.0,4,全A基础池扩展补充
sz002219,002219.SZ,新里程,医疗保健,医院,深交所,主板,196386542.0,0.0,8,全A基础池扩展补充
sh603095,603095.SH,越剑智能,纺织机械,纺织服装设备,上交所,主板,340641992.0,0.0,5,全A基础池扩展补充
sh605178,605178.SH,时空科技,装修装饰,装修装饰,上交所,主板,233775347.0,0.0,7,全A基础池扩展补充
sh600981,600981.SH,苏豪汇鸿,商贸代理,贸易,上交所,主板,53217852.0,0.0,15,全A基础池扩展补充
sh688577,688577.SH,浙海德曼,机床制造,机床制造,上交所,科创板,277876746.0,0.0,6,全A基础池扩展补充
sz000697,000697.SZ,炼石航空,航空,航空装备,深交所,主板,332881382.0,0.0,5,全A基础池扩展补充
sz002862,002862.SZ,实丰文化,文教休闲,娱乐用品,深交所,主板,52445738.0,0.0,15,全A基础池扩展补充
sh603111,603111.SH,康尼机电,运输设备,轨交设备,上交所,主板,90737913.0,0.0,12,全A基础池扩展补充
sz300640,300640.SZ,德艺文创,家居用品,其他家居,深交所,创业板,109080716.0,0.0,11,全A基础池扩展补充
sh605198,605198.SH,安德利,软饮料,软饮料,上交所,主板,570260024.0,0.0,2,全A基础池扩展补充
sz002490,002490.SZ,山东墨龙,化工机械,能源及重型设备,深交所,主板,391294027.0,0.0,4,全A基础池扩展补充
sz300591,300591.SZ,万里马,服饰,鞋帽及其他,深交所,创业板,129368894.0,0.0,10,全A基础池扩展补充
sz000650,000650.SZ,仁和药业,中成药,中药,深交所,主板,74346281.0,0.0,13,全A基础池扩展补充
sz002651,002651.SZ,利君股份,航空,航空装备,深交所,主板,154945845.0,0.0,9,全A基础池扩展补充
sz000957,000957.SZ,中通客车,汽车整车,商用载客车,深交所,主板,185668882.0,0.0,8,全A基础池扩展补充
sz000036,000036.SZ,华联控股,全国地产,住宅开发,深交所,主板,321586213.0,0.0,5,全A基础池扩展补充
sz000995,000995.SZ,皇台酒业,白酒,白酒,深交所,主板,558605502.0,0.0,2,全A基础池扩展补充
sh600769,600769.SH,祥龙电业,水务,水务,上交所,主板,806606379.0,0.0,0,全A基础池扩展补充
sz300918,300918.SZ,南山智尚,纺织,其他纺织,深交所,创业板,127451855.0,0.0,10,全A基础池扩展补充
sz300206,300206.SZ,理邦仪器,医疗保健,医疗设备,深交所,创业板,127329446.0,0.0,10,全A基础池扩展补充
sh603122,603122.SH,合富中国,医药商业,医药流通,上交所,主板,383198151.0,0.0,4,全A基础池扩展补充
sz002989,002989.SZ,中天精装,装修装饰,装修装饰,深交所,主板,379128469.0,0.0,4,全A基础池扩展补充
sz300291,300291.SZ,百纳千成,影视音像,影视制作,深交所,创业板,125117978.0,0.0,10,全A基础池扩展补充
sh600017,600017.SH,日照港,港口,港口,上交所,主板,150213812.0,0.0,9,全A基础池扩展补充
sh600222,600222.SH,太龙药业,中成药,中药,上交所,主板,312569505.0,0.0,5,全A基础池扩展补充
sz300006,300006.SZ,莱美药业,化学制药,化学制剂,深交所,创业板,216115149.0,0.0,7,全A基础池扩展补充
sz300703,300703.SZ,创源股份,文教休闲,文化用品,深交所,创业板,103356371.0,0.0,11,全A基础池扩展补充
sh603116,603116.SH,红蜻蜓,服饰,鞋帽及其他,上交所,主板,309586239.0,0.0,5,全A基础池扩展补充
