股票代码,市场编号,原始代码,通达信行业代码,通达信行业名称,通达信行业指数代码,细分行业代码,细分行业名称,细分行业指数代码,来源行号
sz000001,0,000001,T1001,银行,880471,X500102,股份制银行,881388,1
sz000002,0,000002,T110201,全国地产,880483,X530101,住宅开发,881419,2
sz000004,0,000004,T1205,软件服务,880493,X420201,基础软件,881356,3
sz000006,0,000006,T110202,区域地产,880484,X530101,住宅开发,881419,4
sz000007,0,000007,T050105,其他商业,880411,X2503,商业物业经营,881204,5
sz000008,0,000008,T0703,运输设备,880432,X3201,轨交设备,881293,6
sz000009,0,000009,T0706,电气设备,880446,X300202,电池化学品,881264,7
sz000010,0,000010,T110101,建筑工程,880477,X520202,园林工程,881409,8
sz000011,0,000011,T110204,房产服务,880486,X530201,物业管理,881423,9
sz000012,0,000012,T020603,玻璃,880347,X150201,玻璃制造,881095,10
sz000014,0,000014,T110201,全国地产,880483,X530101,住宅开发,881419,11
sz000016,0,000016,T0401,家用电器,880387,X240201,电视,881188,12
sz000017,0,000017,T030302,服饰,880369,X220301,钟表珠宝,881163,13
sz000019,0,000019,T030206,农业综合,880366,X200601,粮油加工,881124,14
sz000020,0,000020,T1204,元器件,880492,X400301,面板,881330,15
sz000021,0,000021,T1204,元器件,880492,X400201,消费电子组件,881327,16
sz000025,0,000025,T1301,综合类,880497,X9901,综合类,881478,17
sz000026,0,000026,T030302,服饰,880369,X220301,钟表珠宝,881163,18
sz000027,0,000027,T010202,火力发电,880307,X620102,火力发电,881461,19
sz000028,0,000028,T050104,医药商业,880410,X270501,医药流通,881253,20
sz000029,0,000029,T110202,区域地产,880484,X530101,住宅开发,881419,21
sz000030,0,000030,T040202,汽车配件,880392,X260302,底盘与发动机系统,881220,22
sz000031,0,000031,T110201,全国地产,880483,X530102,商业地产,881420,23
sz000032,0,000032,T110101,建筑工程,880477,X520304,其他专业工程,881414,24
sz000034,0,000034,T1205,软件服务,880493,X420304,其他云服务,881363,25
sz000035,0,000035,T0805,环境保护,880456,X630203,固废治理,881474,26
sz000036,0,000036,T110201,全国地产,880483,X530101,住宅开发,881419,27
sz000037,0,000037,T010202,火力发电,880307,X620102,火力发电,881461,28
sz000039,0,000039,T0703,运输设备,880432,X320204,金属制品,881298,29
sz000042,0,000042,T110201,全国地产,880483,X530101,住宅开发,881419,30
sz000045,0,000045,T1204,元器件,880492,X400302,光学元件,881331,31
sz000048,0,000048,T030206,农业综合,880366,X200201,生猪养殖,881112,32
sz000049,0,000049,T0706,电气设备,880446,X300201,锂电池,881263,33
sz000050,0,000050,T1204,元器件,880492,X400301,面板,881330,34
sz000055,0,000055,T020604,其他建材,880348,X150306,其他建材,881103,35
sz000056,0,000056,T050105,其他商业,880411,X2503,商业物业经营,881204,36
sz000058,0,000058,T050106,商品城,880412,X2503,商业物业经营,881204,37
sz000059,0,000059,T010302,石油加工,880312,X110301,炼油化工,881012,38
sz000060,0,000060,T020203,铅锌,880327,X140103,铅锌,881074,39
sz000061,0,000061,T030206,农业综合,880366,X2503,商业物业经营,881204,40
sz000062,0,000062,T1204,元器件,880492,X4005,其他电子,881336,41
sz000063,0,000063,T1202,通信设备,880490,X410103,系统设备,881341,42
sz000065,0,000065,T110101,建筑工程,880477,X520303,国际工程,881413,43
sz000066,0,000066,T1201,IT设备,880489,X420102,其他IT设备,881354,44
sz000068,0,000068,T0805,环境保护,880456,X630202,水治理,881473,45
sz000069,0,000069,T110201,全国地产,880483,X530101,住宅开发,881419,46
sz000070,0,000070,T1202,通信设备,880490,X410101,光纤光缆,881339,47
sz000078,0,000078,T050104,医药商业,880410,X270501,医药流通,881253,48
sz000088,0,000088,T090303,港口,880468,X610301,港口,881450,49
sz000089,0,000089,T090302,机场,880467,X610202,机场,881448,50
sz000090,0,000090,T110101,建筑工程,880477,X520201,基建工程,881408,51
sz000096,0,000096,T010303,石油贸易,880313,X110302,石油贸易,881013,52
sz000099,0,000099,T090103,空运,880462,X610201,航空运输,881447,53
sz000100,0,000100,T1204,元器件,880492,X400301,面板,881330,54
sz000151,0,000151,T0502,商贸代理,880414,X2505,贸易,881206,55
sz000153,0,000153,T040501,化学制药,880401,X270101,化学制剂,881232,56
sz000155,0,000155,T010203,新型电力,880308,X620104,风力发电,881463,57
sz000156,0,000156,T060102,影视音像,880420,X4307,广播电视,881384,58
sz000157,0,000157,T0707,工程机械,880447,X320401,工程机械整机,881311,59
sz000158,0,000158,T1205,软件服务,880493,X420202,行业应用软件,881357,60
sz000159,0,000159,T010303,石油贸易,880313,X110302,石油贸易,881013,61
sz000166,0,000166,T1002,证券,880472,X5101,证券,881394,62
sz000301,0,000301,T0203,化纤,880330,X120201,涤纶,881020,63
sz000333,0,000333,T0401,家用电器,880387,X240101,空调,881185,64
sz000338,0,000338,T040202,汽车配件,880392,X260302,底盘与发动机系统,881220,65
sz000400,0,000400,T0706,电气设备,880446,X300302,电网自动化,881270,66
sz000401,0,000401,T020602,水泥,880346,X150101,水泥制造,881092,67
sz000402,0,000402,T110201,全国地产,880483,X530102,商业地产,881420,68
sz000403,0,000403,T040502,生物制药,880402,X270201,血液制品,881235,69
sz000404,0,000404,T0401,家用电器,880387,X2406,家电零部件,881198,70
sz000407,0,000407,T0804,供气供热,880455,X6202,燃气,881467,71
sz000408,0,000408,T020402,农药化肥,880337,X120704,钾肥,881059,72
sz000409,0,000409,T1205,软件服务,880493,X420202,行业应用软件,881357,73
sz000410,0,000410,T070401,机床制造,880438,X320202,机床制造,881296,74
sz000411,0,000411,T050104,医药商业,880410,X270501,医药流通,881253,75
sz000415,0,000415,T1004,多元金融,880474,X510305,租赁,881401,76
sz000417,0,000417,T050101,百货,880407,X250102,百货,881202,77
sz000419,0,000419,T050101,百货,880407,X250103,多业态零售,881203,78
sz000420,0,000420,T0203,化纤,880330,X120203,粘胶纤维,881022,79
sz000421,0,000421,T0804,供气供热,880455,X6202,燃气,881467,80
sz000422,0,000422,T020402,农药化肥,880337,X120703,磷肥及磷化工,881058,81
sz000423,0,000423,T040503,中成药,880403,X2706,中药,881256,82
sz000425,0,000425,T0707,工程机械,880447,X320401,工程机械整机,881311,83
sz000426,0,000426,T020203,铅锌,880327,X140103,铅锌,881074,84
sz000428,0,000428,T0604,酒店餐饮,880423,X600301,酒店,881430,85
sz000429,0,000429,T090301,路桥,880466,X610102,高速公路,881444,86
sz000430,0,000430,T060502,旅游景点,880426,X600501,旅游景区,881433,87
sz000488,0,000488,T0207,造纸,880350,X230101,大宗用纸,881168,88
sz000498,0,000498,T110101,建筑工程,880477,X520201,基建工程,881408,89
sz000501,0,000501,T050101,百货,880407,X250102,百货,881202,90
sz000503,0,000503,T1205,软件服务,880493,X420202,行业应用软件,881357,91
sz000504,0,000504,T0403,医疗保健,880398,X270404,其他医疗服务,881251,92
sz000505,0,000505,T030403,食品,880375,X200601,粮油加工,881124,93
sz000506,0,000506,T020204,黄金,880328,X140201,黄金,881076,94
sz000507,0,000507,T010203,新型电力,880308,X620104,风力发电,881463,95
sz000509,0,000509,T1204,元器件,880492,X400301,面板,881330,96
sz000510,0,000510,T020401,化工原料,880336,X120303,氯碱,881029,97
sz000513,0,000513,T040501,化学制药,880401,X270101,化学制剂,881232,98
sz000514,0,000514,T110202,区域地产,880484,X530101,住宅开发,881419,99
sz000516,0,000516,T0403,医疗保健,880398,X270403,医院,881250,100
sz000517,0,000517,T110202,区域地产,880484,X530101,住宅开发,881419,101
sz000518,0,000518,T040502,生物制药,880402,X270205,基因药物,881239,102
sz000519,0,000519,T070506,专用机械,880445,X3101,地面兵装,881287,103
sz000520,0,000520,T090102,水运,880461,X610302,航运,881451,104
sz000521,0,000521,T0401,家用电器,880387,X240102,冰洗,881186,105
sz000523,0,000523,T030403,食品,880375,X210602,制糖业,881146,106
sz000524,0,000524,T060501,旅游服务,880425,X600502,旅游服务,881434,107
sz000525,0,000525,T020402,农药化肥,880337,X120701,农药,881056,108
sz000526,0,000526,T0603,文教休闲,880422,X6002,教育培训,881428,109
sz000528,0,000528,T0707,工程机械,880447,X320401,工程机械整机,881311,110
sz000529,0,000529,T030403,食品,880375,X210601,肉制品,881145,111
sz000530,0,000530,T070402,机械基件,880439,X320206,制冷空调设备,881300,112
sz000531,0,000531,T010202,火力发电,880307,X620102,火力发电,881461,113
sz000532,0,000532,T1004,多元金融,880474,X510303,投资管理,881399,114
sz000533,0,000533,T0706,电气设备,880446,X300303,输变电设备,881271,115
sz000534,0,000534,T040502,生物制药,880402,X270206,其他生物制药,881240,116
sz000536,0,000536,T1204,元器件,880492,X400301,面板,881330,117
sz000537,0,000537,T010203,新型电力,880308,X620104,风力发电,881463,118
sz000538,0,000538,T040503,中成药,880403,X2706,中药,881256,119
sz000539,0,000539,T010202,火力发电,880307,X620102,火力发电,881461,120
sz000541,0,000541,T0401,家用电器,880387,X400303,LED,881332,121
sz000543,0,000543,T010202,火力发电,880307,X620102,火力发电,881461,122
sz000544,0,000544,T0805,环境保护,880456,X630202,水治理,881473,123
sz000545,0,000545,T020401,化工原料,880336,X120302,钛白粉,881028,124
sz000546,0,000546,T0805,环境保护,880456,X630203,固废治理,881474,125
sz000547,0,000547,T1202,通信设备,880490,X3105,军工电子,881291,126
sz000548,0,000548,T090301,路桥,880466,X610102,高速公路,881444,127
sz000550,0,000550,T040201,汽车整车,880391,X260201,商用载货车,881216,128
sz000551,0,000551,T070506,专用机械,880445,X6301,环保设备,881470,129
sz000552,0,000552,T010101,煤炭开采,880302,X100101,动力煤,881003,130
sz000553,0,000553,T020402,农药化肥,880337,X120701,农药,881056,131
sz000554,0,000554,T010303,石油贸易,880313,X110302,石油贸易,881013,132
sz000555,0,000555,T1205,软件服务,880493,X420202,行业应用软件,881357,133
sz000557,0,000557,T090101,铁路,880460,X610101,铁路运输,881443,134
sz000558,0,000558,T060502,旅游景点,880426,X600501,旅游景区,881433,135
sz000559,0,000559,T040202,汽车配件,880392,X260302,底盘与发动机系统,881220,136
sz000560,0,000560,T110204,房产服务,880486,X530202,租赁经纪,881424,137
sz000561,0,000561,T1202,通信设备,880490,X3103,航天装备,881289,138
sz000563,0,000563,T1004,多元金融,880474,X510302,信托,881398,139
sz000564,0,000564,T050101,百货,880407,X250102,百货,881202,140
sz000565,0,000565,T020406,染料涂料,880340,X120402,涂料油墨,881036,141
sz000566,0,000566,T040501,化学制药,880401,X270101,化学制剂,881232,142
sz000567,0,000567,T1004,多元金融,880474,X510399,其他金融服务,881404,143
sz000568,0,000568,T030501,白酒,880381,X210205,白酒,881135,144
sz000570,0,000570,T070505,农用机械,880444,X320205,内燃机,881299,145
sz000571,0,000571,T010101,煤炭开采,880302,X100101,动力煤,881003,146
sz000572,0,000572,T040201,汽车整车,880391,X260102,综合乘用车,881214,147
sz000573,0,000573,T110202,区域地产,880484,X530101,住宅开发,881419,148
sz000576,0,000576,T0706,电气设备,880446,X3101,地面兵装,881287,149
sz000581,0,000581,T040202,汽车配件,880392,X260302,底盘与发动机系统,881220,150
sz000582,0,000582,T090303,港口,880468,X610301,港口,881450,151
sz000586,0,000586,T1202,通信设备,880490,X410101,光纤光缆,881339,152
sz000589,0,000589,T040202,汽车配件,880392,X260303,轮胎轮毂,881221,153
sz000590,0,000590,T040503,中成药,880403,X2706,中药,881256,154
sz000591,0,000591,T010203,新型电力,880308,X620105,光伏发电,881464,155
sz000592,0,000592,T030203,林业,880363,X2003,林业,881115,156
sz000593,0,000593,T0804,供气供热,880455,X6202,燃气,881467,157
sz000595,0,000595,T010203,新型电力,880308,X620104,风力发电,881463,158
sz000596,0,000596,T030501,白酒,880381,X210205,白酒,881135,159
sz000597,0,000597,T040501,化学制药,880401,X270101,化学制剂,881232,160
sz000598,0,000598,T0803,水务,880454,X6203,水务,881468,161
sz000599,0,000599,T040202,汽车配件,880392,X260303,轮胎轮毂,881221,162
sz000600,0,000600,T010202,火力发电,880307,X620102,火力发电,881461,163
sz000601,0,000601,T010201,水力发电,880306,X620101,水力发电,881460,164
sz000603,0,000603,T020203,铅锌,880327,X140202,白银,881077,165
sz000605,0,000605,T0803,水务,880454,X6203,水务,881468,166
sz000607,0,000607,T0602,广告包装,880421,X430202,其他广告营销,881372,167
sz000608,0,000608,T110202,区域地产,880484,X530102,商业地产,881420,168
sz000609,0,000609,T110202,区域地产,880484,X530101,住宅开发,881419,169
sz000610,0,000610,T060501,旅游服务,880425,X600502,旅游服务,881434,170
sz000612,0,000612,T020202,铝,880326,X140102,铝,881073,171
sz000615,0,000615,T0403,医疗保健,880398,X270702,医美服务,,172
sz000617,0,000617,T1004,多元金融,880474,X510306,金融控股,881402,173
sz000619,0,000619,T020604,其他建材,880348,X150306,其他建材,881103,174
sz000620,0,000620,T110201,全国地产,880483,X530101,住宅开发,881419,175
sz000623,0,000623,T040503,中成药,880403,X2706,中药,881256,176
sz000625,0,000625,T040201,汽车整车,880391,X260102,综合乘用车,881214,177
sz000626,0,000626,T0502,商贸代理,880414,X2505,贸易,881206,178
sz000628,0,000628,T110101,建筑工程,880477,X5201,房屋建设,881406,179
sz000629,0,000629,T020205,小金属,880329,X140404,其他金属,881086,180
sz000630,0,000630,T020201,铜,880325,X140101,铜,881072,181
sz000631,0,000631,T1301,综合类,880497,X9901,综合类,881478,182
sz000632,0,000632,T1301,综合类,880497,X2505,贸易,881206,183
sz000633,0,000633,T020205,小金属,880329,X140502,其他金属新材料,881089,184
sz000635,0,000635,T020401,化工原料,880336,X120303,氯碱,881029,185
sz000636,0,000636,T1204,元器件,880492,X400402,被动元件,881335,186
sz000637,0,000637,T010302,石油加工,880312,X110303,其他石化,881014,187
sz000638,0,000638,T030206,农业综合,880366,X200601,粮油加工,881124,188
sz000639,0,000639,T030403,食品,880375,X200601,粮油加工,881124,189
sz000650,0,000650,T040503,中成药,880403,X2706,中药,881256,190
sz000651,0,000651,T0401,家用电器,880387,X240101,空调,881185,191
sz000652,0,000652,T050107,批发业,880413,X2505,贸易,881206,192
sz000655,0,000655,T020101,普钢,880319,X130101,铁矿石,881063,193
sz000656,0,000656,T110201,全国地产,880483,X530101,住宅开发,881419,194
sz000657,0,000657,T020205,小金属,880329,X140402,钨钼,881084,195
sz000659,0,000659,T0602,广告包装,880421,X230203,塑料包装,881174,196
sz000661,0,000661,T040502,生物制药,880402,X270205,基因药物,881239,197
sz000663,0,000663,T030203,林业,880363,X2003,林业,881115,198
sz000665,0,000665,T060102,影视音像,880420,X4307,广播电视,881384,199
sz000668,0,000668,T110204,房产服务,880486,X530101,住宅开发,881419,200
sz000669,0,000669,T0804,供气供热,880455,X6202,燃气,881467,201
sz000670,0,000670,T1204,元器件,880492,X4005,其他电子,881336,202
sz000672,0,000672,T020602,水泥,880346,X150101,水泥制造,881092,203
sz000676,0,000676,T1206,互联网,880494,X430201,互联网广告,881371,204
sz000677,0,000677,T0203,化纤,880330,X120201,涤纶,881020,205
sz000678,0,000678,T040202,汽车配件,880392,X260302,底盘与发动机系统,881220,206
sz000679,0,000679,T050101,百货,880407,X250102,百货,881202,207
sz000680,0,000680,T0707,工程机械,880447,X320401,工程机械整机,881311,208
sz000681,0,000681,T1206,互联网,880494,X430402,文字图片媒体,881378,209
sz000682,0,000682,T0706,电气设备,880446,X300302,电网自动化,881270,210
sz000683,0,000683,T020401,化工原料,880336,X120304,纯碱,881030,211
sz000685,0,000685,T0803,水务,880454,X6203,水务,881468,212
sz000686,0,000686,T1002,证券,880472,X5101,证券,881394,213
sz000688,0,000688,T020203,铅锌,880327,X140103,铅锌,881074,214
sz000690,0,000690,T010202,火力发电,880307,X620102,火力发电,881461,215
sz000691,0,000691,T020401,化工原料,880336,X120399,其他化学原料,881033,216
sz000692,0,000692,T0804,供气供热,880455,X620103,热力服务,881462,217
sz000695,0,000695,T020401,化工原料,880336,X300202,电池化学品,881264,218
sz000697,0,000697,T0701,航空,880430,X3102,航空装备,881288,219
sz000698,0,000698,T010302,石油加工,880312,X110301,炼油化工,881012,220
sz000700,0,000700,T040202,汽车配件,880392,X260301,车身附件及饰件,881219,221
sz000701,0,000701,T0502,商贸代理,880414,X2505,贸易,881206,222
sz000702,0,000702,T030204,饲料,880364,X200501,畜禽饲料,881120,223
sz000703,0,000703,T0203,化纤,880330,X120201,涤纶,881020,224
sz000705,0,000705,T050104,医药商业,880410,X270501,医药流通,881253,225
sz000707,0,000707,T020401,化工原料,880336,X120304,纯碱,881030,226
sz000708,0,000708,T020102,特种钢,880320,X1303,特钢,881069,227
sz000709,0,000709,T020101,普钢,880319,X130202,板材,881067,228
sz000710,0,000710,T0403,医疗保健,880398,X270401,诊断服务,881248,229
sz000711,0,000711,T0805,环境保护,880456,X630204,生态修复,881475,230
sz000712,0,000712,T1002,证券,880472,X5101,证券,881394,231
sz000713,0,000713,T030201,种植业,880361,X200103,种子,881109,232
sz000715,0,000715,T050101,百货,880407,X250102,百货,881202,233
sz000716,0,000716,T030403,食品,880375,X210605,其他食品,881149,234
sz000717,0,000717,T020101,普钢,880319,X130201,长材,881066,235
sz000718,0,000718,T110202,区域地产,880484,X530101,住宅开发,881419,236
sz000719,0,000719,T060101,出版业,880419,X430602,大众出版,881382,237
sz000720,0,000720,T0706,电气设备,880446,X300305,线缆部件及其他,881273,238
sz000721,0,000721,T0604,酒店餐饮,880423,X600302,餐饮,881431,239
sz000722,0,000722,T010201,水力发电,880306,X620101,水力发电,881460,240
sz000723,0,000723,T010102,焦炭加工,880303,X1002,焦炭加工,881005,241
sz000725,0,000725,T1204,元器件,880492,X400301,面板,881330,242
sz000726,0,000726,T030301,纺织,880368,X220101,棉纺制品,881152,243
sz000727,0,000727,T1204,元器件,880492,X400301,面板,881330,244
sz000728,0,000728,T1002,证券,880472,X5101,证券,881394,245
sz000729,0,000729,T030502,啤酒,880382,X210201,啤酒,881131,246
sz000731,0,000731,T020402,农药化肥,880337,X120702,氮肥,881057,247
sz000733,0,000733,T1204,元器件,880492,X3105,军工电子,881291,248
sz000735,0,000735,T030206,农业综合,880366,X200201,生猪养殖,881112,249
sz000736,0,000736,T110201,全国地产,880483,X530101,住宅开发,881419,250
sz000737,0,000737,T020201,铜,880325,X140101,铜,881072,251
sz000738,0,000738,T0701,航空,880430,X3102,航空装备,881288,252
sz000739,0,000739,T040501,化学制药,880401,X270102,原料药,881233,253
sz000750,0,000750,T1002,证券,880472,X5101,证券,881394,254
sz000751,0,000751,T020203,铅锌,880327,X140103,铅锌,881074,255
sz000752,0,000752,T030502,啤酒,880382,X210201,啤酒,881131,256
sz000753,0,000753,T1301,综合类,880497,X9901,综合类,881478,257
sz000755,0,000755,T090301,路桥,880466,X610102,高速公路,881444,258
sz000756,0,000756,T040501,化学制药,880401,X270102,原料药,881233,259
sz000757,0,000757,T040203,汽车服务,880393,X260402,汽车综合服务,881226,260
sz000758,0,000758,T020203,铅锌,880327,X140103,铅锌,881074,261
sz000759,0,000759,T050102,超市连锁,880408,X250101,超市及便利店,881201,262
sz000761,0,000761,T020101,普钢,880319,X130202,板材,881067,263
sz000762,0,000762,T020205,小金属,880329,X140301,锂,881079,264
sz000766,0,000766,T040501,化学制药,880401,X270101,化学制剂,881232,265
sz000767,0,000767,T010202,火力发电,880307,X620102,火力发电,881461,266
sz000768,0,000768,T0701,航空,880430,X3102,航空装备,881288,267
sz000776,0,000776,T1002,证券,880472,X5101,证券,881394,268
sz000777,0,000777,T070402,机械基件,880439,X320203,机械基础件,881297,269
sz000778,0,000778,T020103,钢加工,880321,X130203,其他钢材,881068,270
sz000779,0,000779,T110101,建筑工程,880477,X5204,工程咨询服务,881415,271
sz000782,0,000782,T0203,化纤,880330,X120204,锦纶,881023,272
sz000783,0,000783,T1002,证券,880472,X5101,证券,881394,273
sz000785,0,000785,T050101,百货,880407,X2503,商业物业经营,881204,274
sz000786,0,000786,T020604,其他建材,880348,X150306,其他建材,881103,275
sz000788,0,000788,T040501,化学制药,880401,X270101,化学制剂,881232,276
sz000789,0,000789,T020602,水泥,880346,X150101,水泥制造,881092,277
sz000790,0,000790,T040503,中成药,880403,X2706,中药,881256,278
sz000791,0,000791,T010201,水力发电,880306,X620101,水力发电,881460,279
sz000792,0,000792,T020402,农药化肥,880337,X120704,钾肥,881059,280
sz000793,0,000793,T060101,出版业,880419,X430603,其他出版,881383,281
sz000795,0,000795,T0208,矿物制品,880351,X140501,磁性材料,881088,282
sz000796,0,000796,T060501,旅游服务,880425,X600502,旅游服务,881434,283
sz000797,0,000797,T110201,全国地产,880483,X530101,住宅开发,881419,284
sz000798,0,000798,T030202,渔业,880362,X200402,水产捕捞,881118,285
sz000799,0,000799,T030501,白酒,880381,X210205,白酒,881135,286
sz000800,0,000800,T040201,汽车整车,880391,X260201,商用载货车,881216,287
sz000801,0,000801,T0401,家用电器,880387,X240202,其他黑色家电,881189,288
sz000802,0,000802,T060102,影视音像,880420,X430301,影视制作,881374,289
sz000803,0,000803,T0805,环境保护,880456,X630203,固废治理,881474,290
sz000807,0,000807,T020202,铝,880326,X140102,铝,881073,291
sz000809,0,000809,T0706,电气设备,880446,X300502,风电零部件,881284,292
sz000810,0,000810,T0401,家用电器,880387,X240202,其他黑色家电,881189,293
sz000811,0,000811,T0707,工程机械,880447,X320206,制冷空调设备,881300,294
sz000812,0,000812,T0602,广告包装,880421,X230204,纸包装,881175,295
sz000813,0,000813,T040501,化学制药,880401,X270101,化学制剂,881232,296
sz000815,0,000815,T1202,通信设备,880490,X420301,云基础设施服务,881360,297
sz000816,0,000816,T070505,农用机械,880444,X320205,内燃机,881299,298
sz000818,0,000818,T020401,化工原料,880336,X120303,氯碱,881029,299
sz000819,0,000819,T010302,石油加工,880312,X110303,其他石化,881014,300
sz000820,0,000820,T1301,综合类,880497,X9901,综合类,881478,301
sz000821,0,000821,T0706,电气设备,880446,X300406,光伏加工设备,881281,302
sz000822,0,000822,T020401,化工原料,880336,X120304,纯碱,881030,303
sz000823,0,000823,T1204,元器件,880492,X400401,PCB,881334,304
sz000825,0,000825,T020102,特种钢,880320,X1303,特钢,881069,305
sz000826,0,000826,T0805,环境保护,880456,X630203,固废治理,881474,306
sz000828,0,000828,T090301,路桥,880466,X610102,高速公路,881444,307
sz000829,0,000829,T050105,其他商业,880411,X2504,专业连锁,881205,308
sz000830,0,000830,T020401,化工原料,880336,X120301,煤化工,881027,309
sz000831,0,000831,T020205,小金属,880329,X140401,稀土,881083,310
sz000833,0,000833,T1301,综合类,880497,X9901,综合类,881478,311
sz000837,0,000837,T070401,机床制造,880438,X320202,机床制造,881296,312
sz000838,0,000838,T110202,区域地产,880484,X530101,住宅开发,881419,313
sz000839,0,000839,T1301,综合类,880497,X410202,电信增值服务,881346,314
sz000848,0,000848,T030402,软饮料,880374,X210301,软饮料,881137,315
sz000850,0,000850,T030301,纺织,880368,X220101,棉纺制品,881152,316
sz000852,0,000852,T070501,化工机械,880441,X320301,能源及重型设备,881304,317
sz000856,0,000856,T070506,专用机械,880445,X320399,其他专用设备,881309,318
sz000858,0,000858,T030501,白酒,880381,X210205,白酒,881135,319
sz000859,0,000859,T020404,塑料,880338,X120502,塑料薄膜,881046,320
sz000860,0,000860,T030501,白酒,880381,X210205,白酒,881135,321
sz000862,0,000862,T010203,新型电力,880308,X620104,风力发电,881463,322
sz000863,0,000863,T110202,区域地产,880484,X530101,住宅开发,881419,323
sz000868,0,000868,T040201,汽车整车,880391,X260202,商用载客车,881217,324
sz000869,0,000869,T030503,红黄酒,880383,X210202,葡萄酒,881132,325
sz000875,0,000875,T010202,火力发电,880307,X620107,电能综合服务,881466,326
sz000876,0,000876,T030204,饲料,880364,X200501,畜禽饲料,881120,327
sz000877,0,000877,T020602,水泥,880346,X150101,水泥制造,881092,328
sz000878,0,000878,T020201,铜,880325,X140101,铜,881072,329
sz000880,0,000880,T070506,专用机械,880445,X320205,内燃机,881299,330
sz000881,0,000881,T020401,化工原料,880336,X120499,其他化学制品,881043,331
sz000882,0,000882,T050105,其他商业,880411,X250102,百货,881202,332
sz000883,0,000883,T010201,水力发电,880306,X620101,水力发电,881460,333
sz000885,0,000885,T0805,环境保护,880456,X630203,固废治理,881474,334
sz000886,0,000886,T110202,区域地产,880484,X530101,住宅开发,881419,335
sz000887,0,000887,T040202,汽车配件,880392,X260304,其他汽车零部件,881222,336
sz000888,0,000888,T060502,旅游景点,880426,X600501,旅游景区,881433,337
sz000889,0,000889,T1202,通信设备,880490,X410303,网络优化运维,881350,338
sz000890,0,000890,T0805,环境保护,880456,X630202,水治理,881473,339
sz000892,0,000892,T060102,影视音像,880420,X430301,影视制作,881374,340
sz000893,0,000893,T020402,农药化肥,880337,X120704,钾肥,881059,341
sz000895,0,000895,T030403,食品,880375,X210601,肉制品,881145,342
sz000897,0,000897,T110202,区域地产,880484,X530101,住宅开发,881419,343
sz000898,0,000898,T020101,普钢,880319,X130202,板材,881067,344
sz000899,0,000899,T010202,火力发电,880307,X620102,火力发电,881461,345
sz000900,0,000900,T090301,路桥,880466,X610102,高速公路,881444,346
sz000901,0,000901,T040202,汽车配件,880392,X260305,汽车电子电气系统,881223,347
sz000902,0,000902,T020402,农药化肥,880337,X120705,复合肥,881060,348
sz000903,0,000903,T040202,汽车配件,880392,X260302,底盘与发动机系统,881220,349
sz000905,0,000905,T090303,港口,880468,X610301,港口,881450,350
sz000906,0,000906,T0902,仓储物流,880464,X610401,供应链服务,881453,351
sz000908,0,000908,T040501,化学制药,880401,X270101,化学制剂,881232,352
sz000909,0,000909,T110202,区域地产,880484,X530101,住宅开发,881419,353
sz000910,0,000910,T0404,家居用品,880399,X230301,家具,881178,354
sz000911,0,000911,T030403,食品,880375,X210602,制糖业,881146,355
sz000912,0,000912,T020402,农药化肥,880337,X120702,氮肥,881057,356
sz000913,0,000913,T040204,摩托车,880394,X260501,摩托车,881228,357
sz000915,0,000915,T040501,化学制药,880401,X270101,化学制剂,881232,358
sz000917,0,000917,T0602,广告包装,880421,X430202,其他广告营销,881372,359
sz000919,0,000919,T040501,化学制药,880401,X270101,化学制剂,881232,360
sz000920,0,000920,T020404,塑料,880338,X120506,其他塑料制品,881050,361
sz000921,0,000921,T0401,家用电器,880387,X240101,空调,881185,362
sz000922,0,000922,T0706,电气设备,880446,X3001,电机制造,881261,363
sz000923,0,000923,T020101,普钢,880319,X130101,铁矿石,881063,364
sz000925,0,000925,T0703,运输设备,880432,X3201,轨交设备,881293,365
sz000926,0,000926,T110202,区域地产,880484,X530101,住宅开发,881419,366
sz000927,0,000927,T0902,仓储物流,880464,X610401,供应链服务,881453,367
sz000928,0,000928,T110101,建筑工程,880477,X520303,国际工程,881413,368
sz000929,0,000929,T030502,啤酒,880382,X210201,啤酒,881131,369
sz000930,0,000930,T030206,农业综合,880366,X200603,其他农产品加工,881126,370
sz000931,0,000931,T040501,化学制药,880401,X270101,化学制剂,881232,371
sz000932,0,000932,T020101,普钢,880319,X130202,板材,881067,372
sz000933,0,000933,T020202,铝,880326,X140102,铝,881073,373
sz000935,0,000935,T020602,水泥,880346,X150101,水泥制造,881092,374
sz000936,0,000936,T0203,化纤,880330,X120201,涤纶,881020,375
sz000937,0,000937,T010101,煤炭开采,880302,X100102,炼焦煤,881004,376
sz000938,0,000938,T1201,IT设备,880489,X420102,其他IT设备,881354,377
sz000948,0,000948,T1205,软件服务,880493,X420202,行业应用软件,881357,378
sz000949,0,000949,T0203,化纤,880330,X120202,氨纶,881021,379
sz000950,0,000950,T050104,医药商业,880410,X270501,医药流通,881253,380
sz000951,0,000951,T040201,汽车整车,880391,X260201,商用载货车,881216,381
sz000952,0,000952,T040501,化学制药,880401,X270102,原料药,881233,382
sz000953,0,000953,T040501,化学制药,880401,X270102,原料药,881233,383
sz000955,0,000955,T030301,纺织,880368,X220104,其他纺织,881155,384
sz000957,0,000957,T040201,汽车整车,880391,X260202,商用载客车,881217,385
sz000958,0,000958,T010203,新型电力,880308,X620106,核力发电,881465,386
sz000959,0,000959,T020101,普钢,880319,X130202,板材,881067,387
sz000960,0,000960,T020205,小金属,880329,X140404,其他金属,881086,388
sz000962,0,000962,T020205,小金属,880329,X140404,其他金属,881086,389
sz000963,0,000963,T040501,化学制药,880401,X270101,化学制剂,881232,390
sz000965,0,000965,T110202,区域地产,880484,X530101,住宅开发,881419,391
sz000966,0,000966,T010202,火力发电,880307,X620102,火力发电,881461,392
sz000967,0,000967,T0805,环境保护,880456,X6301,环保设备,881470,393
sz000968,0,000968,T010301,石油开采,880311,X1101,油气开采,881007,394
sz000969,0,000969,T020205,小金属,880329,X140502,其他金属新材料,881089,395
sz000970,0,000970,T0208,矿物制品,880351,X140501,磁性材料,881088,396
sz000972,0,000972,T030403,食品,880375,X200602,果蔬加工,881125,397
sz000973,0,000973,T020404,塑料,880338,X120502,塑料薄膜,881046,398
sz000975,0,000975,T020204,黄金,880328,X140201,黄金,881076,399
sz000977,0,000977,T1201,IT设备,880489,X420102,其他IT设备,881354,400
sz000978,0,000978,T060502,旅游景点,880426,X600501,旅游景区,881433,401
sz000980,0,000980,T040202,汽车配件,880392,X260304,其他汽车零部件,881222,402
sz000981,0,000981,T040202,汽车配件,880392,X260302,底盘与发动机系统,881220,403
sz000983,0,000983,T010101,煤炭开采,880302,X100102,炼焦煤,881004,404
sz000985,0,000985,T020401,化工原料,880336,X120501,合成树脂,881045,405
sz000987,0,000987,T1004,多元金融,880474,X510306,金融控股,881402,406
sz000988,0,000988,T070506,专用机械,880445,X320503,激光设备,881316,407
sz000989,0,000989,T040503,中成药,880403,X2706,中药,881256,408
sz000990,0,000990,T020401,化工原料,880336,X120301,煤化工,881027,409
sz000993,0,000993,T010201,水力发电,880306,X620101,水力发电,881460,410
sz000995,0,000995,T030501,白酒,880381,X210205,白酒,881135,411
sz000997,0,000997,T1201,IT设备,880489,X420102,其他IT设备,881354,412
sz000998,0,000998,T030201,种植业,880361,X200103,种子,881109,413
sz000999,0,000999,T040503,中成药,880403,X2706,中药,881256,414
sz001201,0,001201,T030206,农业综合,880366,X200201,生猪养殖,881112,415
sz001202,0,001202,T0902,仓储物流,880464,X610401,供应链服务,881453,416
sz001203,0,001203,T020101,普钢,880319,X130101,铁矿石,881063,417
sz001205,0,001205,T090102,水运,880461,X610302,航运,881451,418
sz001206,0,001206,T0207,造纸,880350,X230102,生活用纸,881169,419
sz001207,0,001207,T020401,化工原料,880336,X120602,炭黑,881053,420
sz001208,0,001208,T0706,电气设备,880446,X300305,线缆部件及其他,881273,421
sz001209,0,001209,T030302,服饰,880369,X220204,非运动服装,881161,422
sz001210,0,001210,T0804,供气供热,880455,X620103,热力服务,881462,423
sz001211,0,001211,T0404,家居用品,880399,X230302,其他家居,881179,424
sz001212,0,001212,T020604,其他建材,880348,X150306,其他建材,881103,425
sz001213,0,001213,T090101,铁路,880460,X610101,铁路运输,881443,426
sz001215,0,001215,T030403,食品,880375,X210603,预加工食品,881147,427
sz001216,0,001216,T0404,家居用品,880399,X230302,其他家居,881179,428
sz001217,0,001217,T020401,化工原料,880336,X120399,其他化学原料,881033,429
sz001218,0,001218,T020401,化工原料,880336,X120499,其他化学制品,881043,430
sz001219,0,001219,T030403,食品,880375,X210502,烘焙食品,881142,431
sz001220,0,001220,T0902,仓储物流,880464,X610403,跨境物流,881455,432
sz001221,0,001221,T0404,家居用品,880399,X230302,其他家居,881179,433
sz001222,0,001222,T0603,文教休闲,880422,X230402,娱乐用品,881182,434
sz001223,0,001223,T070506,专用机械,880445,X320399,其他专用设备,881309,435
sz001225,0,001225,T070506,专用机械,880445,X320399,其他专用设备,881309,436
sz001226,0,001226,T0707,工程机械,880447,X320402,工程机械零件,881312,437
sz001227,0,001227,T1001,银行,880471,X500201,城商行,881390,438
sz001228,0,001228,T0902,仓储物流,880464,X610401,供应链服务,881453,439
sz001229,0,001229,T1201,IT设备,880489,X420102,其他IT设备,881354,440
sz001230,0,001230,T0805,环境保护,880456,X630203,固废治理,881474,441
sz001231,0,001231,T020402,农药化肥,880337,X120701,农药,881056,442
sz001233,0,001233,T040202,汽车配件,880392,X260303,轮胎轮毂,881221,443
sz001234,0,001234,T030302,服饰,880369,X220203,运动服装,881160,444
sz001235,0,001235,T0706,电气设备,880446,X300302,电网自动化,881270,445
sz001236,0,001236,T1004,多元金融,880474,X510304,期货,881400,446
sz001237,0,001237,T0706,电气设备,880446,X320206,制冷空调设备,881300,447
sz001238,0,001238,T0404,家居用品,880399,X230301,家具,881178,448
sz001239,0,001239,T0707,工程机械,880447,X320402,工程机械零件,881312,449
sz001255,0,001255,T0706,电气设备,880446,X300305,线缆部件及其他,881273,450
sz001256,0,001256,T070502,轻工机械,880442,X320302,印刷包装机械,881305,451
sz001257,0,001257,T020205,小金属,880329,X140402,钨钼,881084,452
sz001258,0,001258,T010203,新型电力,880308,X620104,风力发电,881463,453
sz001259,0,001259,T0401,家用电器,880387,X240301,厨房小家电,881191,454
sz001260,0,001260,T040202,汽车配件,880392,X260301,车身附件及饰件,881219,455
sz001266,0,001266,T0708,电器仪表,880448,X320502,工业控制设备,881315,456
sz001267,0,001267,T1202,通信设备,880490,X410102,网络接配及塔设,881340,457
sz001268,0,001268,T070402,机械基件,880439,X320203,机械基础件,881297,458
sz001269,0,001269,T0208,矿物制品,880351,X300405,光伏辅材,881280,459
sz001270,0,001270,T1203,半导体,880491,X3105,军工电子,881291,460
sz001277,0,001277,T070506,专用机械,880445,X320301,能源及重型设备,881304,461
sz001278,0,001278,T040202,汽车配件,880392,X260301,车身附件及饰件,881219,462
sz001279,0,001279,T0602,广告包装,880421,X230201,印刷,881172,463
sz001280,0,001280,T020205,小金属,880329,X140404,其他金属,881086,464
sz001282,0,001282,T040202,汽车配件,880392,X260304,其他汽车零部件,881222,465
sz001283,0,001283,T0706,电气设备,880446,X300201,锂电池,881263,466
sz001285,0,001285,T040202,汽车配件,880392,X260302,底盘与发动机系统,881220,467
sz001286,0,001286,T010202,火力发电,880307,X620102,火力发电,881461,468
sz001287,0,001287,T1204,元器件,880492,X4005,其他电子,881336,469
sz001288,0,001288,T070506,专用机械,880445,X320399,其他专用设备,881309,470
sz001289,0,001289,T010203,新型电力,880308,X620104,风力发电,881463,471
sz001296,0,001296,T020604,其他建材,880348,X1208,非金属材料,881104,472
sz001298,0,001298,T1204,元器件,880492,X4005,其他电子,881336,473
sz001299,0,001299,T0804,供气供热,880455,X6202,燃气,881467,474
sz001300,0,001300,T0603,文教休闲,880422,X230402,娱乐用品,881182,475
sz001301,0,001301,T0706,电气设备,880446,X300202,电池化学品,881264,476
sz001306,0,001306,T070402,机械基件,880439,X320203,机械基础件,881297,477
sz001308,0,001308,T1204,元器件,880492,X400202,品牌消费电子,881328,478
sz001309,0,001309,T1203,半导体,880491,X400103,集成电路设计,881322,479
sz001311,0,001311,T040202,汽车配件,880392,X260304,其他汽车零部件,881222,480
sz001312,0,001312,T030301,纺织,880368,X220104,其他纺织,881155,481
sz001313,0,001313,T030204,饲料,880364,X200502,水产饲料,881121,482
sz001314,0,001314,T1204,元器件,880492,X400201,消费电子组件,881327,483
sz001316,0,001316,T050107,批发业,880413,X2505,贸易,881206,484
sz001317,0,001317,T090101,铁路,880460,X610101,铁路运输,881443,485
sz001318,0,001318,T030401,乳制品,880373,X210302,乳制品,881138,486
sz001319,0,001319,T040202,汽车配件,880392,X260301,车身附件及饰件,881219,487
sz001322,0,001322,T0404,家居用品,880399,X230302,其他家居,881179,488
sz001323,0,001323,T0404,家居用品,880399,X230301,家具,881178,489
sz001324,0,001324,T0703,运输设备,880432,X3201,轨交设备,881293,490
sz001325,0,001325,T020405,橡胶,880339,X120603,橡胶制品,881054,491
sz001326,0,001326,T0706,电气设备,880446,X400303,LED,881332,492
sz001328,0,001328,T0301,日用化工,880355,X120101,洗护用品,881017,493
sz001330,0,001330,T060102,影视音像,880420,X430302,发行院线,881375,494
sz001331,0,001331,T0804,供气供热,880455,X6202,燃气,881467,495
sz001332,0,001332,T070506,专用机械,880445,X320301,能源及重型设备,881304,496
sz001333,0,001333,T020401,化工原料,880336,X120499,其他化学制品,881043,497
sz001335,0,001335,T020401,化工原料,880336,X120399,其他化学原料,881033,498
sz001336,0,001336,T070506,专用机械,880445,X6301,环保设备,881470,499
sz001337,0,001337,T020204,黄金,880328,X140201,黄金,881076,500
sz001338,0,001338,T030502,啤酒,880382,X210201,啤酒,881131,501
sz001339,0,001339,T1201,IT设备,880489,X420102,其他IT设备,881354,502
sz001356,0,001356,T020404,塑料,880338,X120506,其他塑料制品,881050,503
sz001358,0,001358,T020401,化工原料,880336,X120499,其他化学制品,881043,504
sz001359,0,001359,T0208,矿物制品,880351,X1208,非金属材料,881104,505
sz001360,0,001360,T0707,工程机械,880447,X320301,能源及重型设备,881304,506
sz001365,0,001365,T040202,汽车配件,880392,X260305,汽车电子电气系统,881223,507
sz001366,0,001366,T030204,饲料,880364,X200501,畜禽饲料,881120,508
sz001367,0,001367,T040501,化学制药,880401,X270102,原料药,881233,509
sz001368,0,001368,T0603,文教休闲,880422,X230402,娱乐用品,881182,510
sz001369,0,001369,T0203,化纤,880330,X120299,其他化学纤维,881025,511
sz001373,0,001373,T1204,元器件,880492,X400302,光学元件,881331,512
sz001376,0,001376,T0804,供气供热,880455,X620103,热力服务,881462,513
sz001378,0,001378,T020404,塑料,880338,X120502,塑料薄膜,881046,514
sz001379,0,001379,T070402,机械基件,880439,X320204,金属制品,881298,515
sz001380,0,001380,T040202,汽车配件,880392,X260302,底盘与发动机系统,881220,516
sz001382,0,001382,T0706,电气设备,880446,X300305,线缆部件及其他,881273,517
sz001386,0,001386,T0404,家居用品,880399,X230302,其他家居,881179,518
sz001387,0,001387,T0401,家用电器,880387,X240102,冰洗,881186,519
sz001388,0,001388,T0706,电气设备,880446,X300302,电网自动化,881270,520
sz001389,0,001389,T1204,元器件,880492,X400401,PCB,881334,521
sz001390,0,001390,T030301,纺织,880368,X220104,其他纺织,881155,522
sz001391,0,001391,T0902,仓储物流,880464,X610403,跨境物流,881455,523
sz001393,0,001393,T0706,电气设备,880446,X300304,配电设备,881272,524
sz001395,0,001395,T070506,专用机械,880445,X320399,其他专用设备,881309,525
sz001396,0,001396,T110101,建筑工程,880477,X520201,基建工程,881408,526
sz001400,0,001400,T070506,专用机械,880445,X320299,其他通用设备,881302,527
sz001696,0,001696,T040204,摩托车,880394,X320299,其他通用设备,881302,528
sz001872,0,001872,T090303,港口,880468,X610301,港口,881450,529
sz001896,0,001896,T010202,火力发电,880307,X620102,火力发电,881461,530
sz001914,0,001914,T110204,房产服务,880486,X530201,物业管理,881423,531
sz001965,0,001965,T090301,路桥,880466,X610102,高速公路,881444,532
sz001979,0,001979,T110201,全国地产,880483,X530101,住宅开发,881419,533
sz002001,0,002001,T040501,化学制药,880401,X120406,食品助剂,881040,534
sz002003,0,002003,T030302,服饰,880369,X220103,辅料,881154,535
sz002004,0,002004,T020402,农药化肥,880337,X120701,农药,881056,536
sz002005,0,002005,T0401,家用电器,880387,X240301,厨房小家电,881191,537
sz002006,0,002006,T070506,专用机械,880445,X320303,纺织服装设备,881306,538
sz002007,0,002007,T040502,生物制药,880402,X270201,血液制品,881235,539
sz002008,0,002008,T070506,专用机械,880445,X320503,激光设备,881316,540
sz002009,0,002009,T0707,工程机械,880447,X320399,其他专用设备,881309,541
sz002010,0,002010,T0902,仓储物流,880464,X610401,供应链服务,881453,542
sz002011,0,002011,T0401,家用电器,880387,X2406,家电零部件,881198,543
sz002012,0,002012,T0207,造纸,880350,X230103,特种纸,881170,544
sz002014,0,002014,T020404,塑料,880338,X230203,塑料包装,881174,545
sz002015,0,002015,T010203,新型电力,880308,X620107,电能综合服务,881466,546
sz002016,0,002016,T110202,区域地产,880484,X530101,住宅开发,881419,547
sz002017,0,002017,T1202,通信设备,880490,X410104,通信终端及配件,881342,548
sz002019,0,002019,T040501,化学制药,880401,X270101,化学制剂,881232,549
sz002020,0,002020,T040501,化学制药,880401,X270101,化学制剂,881232,550
sz002021,0,002021,T070504,纺织机械,880443,X320303,纺织服装设备,881306,551
sz002022,0,002022,T0403,医疗保健,880398,X270204,诊断试剂,881238,552
sz002023,0,002023,T0701,航空,880430,X3102,航空装备,881288,553
sz002024,0,002024,T050103,电器连锁,880409,X250601,综合电商,881208,554
sz002025,0,002025,T1204,元器件,880492,X3105,军工电子,881291,555
sz002026,0,002026,T070402,机械基件,880439,X320203,机械基础件,881297,556
sz002027,0,002027,T0602,广告包装,880421,X430202,其他广告营销,881372,557
sz002028,0,002028,T0706,电气设备,880446,X300303,输变电设备,881271,558
sz002029,0,002029,T030302,服饰,880369,X220204,非运动服装,881161,559
sz002030,0,002030,T0403,医疗保健,880398,X270204,诊断试剂,881238,560
sz002031,0,002031,T040202,汽车配件,880392,X320399,其他专用设备,881309,561
sz002032,0,002032,T0401,家用电器,880387,X240301,厨房小家电,881191,562
sz002033,0,002033,T060502,旅游景点,880426,X600501,旅游景区,881433,563
sz002034,0,002034,T0805,环境保护,880456,X630203,固废治理,881474,564
sz002035,0,002035,T0401,家用电器,880387,X240401,厨房电器,881195,565
sz002036,0,002036,T1204,元器件,880492,X400302,光学元件,881331,566
sz002037,0,002037,T020401,化工原料,880336,X120403,民爆制品,881037,567
sz002038,0,002038,T040502,生物制药,880402,X270205,基因药物,881239,568
sz002039,0,002039,T010201,水力发电,880306,X620101,水力发电,881460,569
sz002040,0,002040,T090303,港口,880468,X610301,港口,881450,570
sz002041,0,002041,T030201,种植业,880361,X200103,种子,881109,571
sz002042,0,002042,T030301,纺织,880368,X220101,棉纺制品,881152,572
sz002043,0,002043,T020604,其他建材,880348,X150306,其他建材,881103,573
sz002044,0,002044,T0403,医疗保健,880398,X270403,医院,881250,574
sz002045,0,002045,T1204,元器件,880492,X400201,消费电子组件,881327,575
sz002046,0,002046,T070402,机械基件,880439,X320203,机械基础件,881297,576
sz002047,0,002047,T110102,装修装饰,880478,X5205,装修装饰,881416,577
sz002048,0,002048,T040202,汽车配件,880392,X260301,车身附件及饰件,881219,578
sz002049,0,002049,T1203,半导体,880491,X400103,集成电路设计,881322,579
sz002050,0,002050,T0401,家用电器,880387,X2406,家电零部件,881198,580
sz002051,0,002051,T110101,建筑工程,880477,X520303,国际工程,881413,581
sz002052,0,002052,T0401,家用电器,880387,X240202,其他黑色家电,881189,582
sz002053,0,002053,T010203,新型电力,880308,X620104,风力发电,881463,583
sz002054,0,002054,T020406,染料涂料,880340,X120404,纺织化学品,881038,584
sz002055,0,002055,T1204,元器件,880492,X400201,消费电子组件,881327,585
sz002056,0,002056,T0706,电气设备,880446,X300403,光伏电池组件,881278,586
sz002057,0,002057,T0208,矿物制品,880351,X140501,磁性材料,881088,587
sz002058,0,002058,T0706,电气设备,880446,X300201,锂电池,881263,588
sz002059,0,002059,T060502,旅游景点,880426,X600503,休闲综合,881435,589
sz002060,0,002060,T110101,建筑工程,880477,X520201,基建工程,881408,590
sz002061,0,002061,T110101,建筑工程,880477,X520201,基建工程,881408,591
sz002062,0,002062,T110101,建筑工程,880477,X520201,基建工程,881408,592
sz002063,0,002063,T1205,软件服务,880493,X420202,行业应用软件,881357,593
sz002064,0,002064,T0203,化纤,880330,X120202,氨纶,881021,594
sz002065,0,002065,T1205,软件服务,880493,X420202,行业应用软件,881357,595
sz002066,0,002066,T020604,其他建材,880348,X150303,耐火材料,881100,596
sz002067,0,002067,T0207,造纸,880350,X230101,大宗用纸,881168,597
sz002068,0,002068,T020401,化工原料,880336,X120602,炭黑,881053,598
sz002069,0,002069,T030202,渔业,880362,X200401,水产养殖,881117,599
sz002072,0,002072,T0502,商贸代理,880414,X2505,贸易,881206,600
sz002073,0,002073,T070506,专用机械,880445,X320399,其他专用设备,881309,601
sz002074,0,002074,T0706,电气设备,880446,X300201,锂电池,881263,602
sz002075,0,002075,T020102,特种钢,880320,X1303,特钢,881069,603
sz002076,0,002076,T0401,家用电器,880387,X400303,LED,881332,604
sz002077,0,002077,T1203,半导体,880491,X400106,半导体封测,881325,605
sz002078,0,002078,T0207,造纸,880350,X230101,大宗用纸,881168,606
sz002079,0,002079,T0706,电气设备,880446,X300405,光伏辅材,881280,607
sz002080,0,002080,T020603,玻璃,880347,X150202,玻纤制造,881096,608
sz002081,0,002081,T110102,装修装饰,880478,X5205,装修装饰,881416,609
sz002082,0,002082,T040503,中成药,880403,X2706,中药,881256,610
sz002083,0,002083,T030301,纺织,880368,X220201,家纺,881158,611
sz002084,0,002084,T0404,家居用品,880399,X230302,其他家居,881179,612
sz002085,0,002085,T040202,汽车配件,880392,X260303,轮胎轮毂,881221,613
sz002086,0,002086,T030202,渔业,880362,X200401,水产养殖,881117,614
sz002088,0,002088,T0208,矿物制品,880351,X150303,耐火材料,881100,615
sz002090,0,002090,T0706,电气设备,880446,X300302,电网自动化,881270,616
sz002091,0,002091,T0502,商贸代理,880414,X2505,贸易,881206,617
sz002092,0,002092,T020401,化工原料,880336,X120303,氯碱,881029,618
sz002093,0,002093,T0603,文教休闲,880422,X6002,教育培训,881428,619
sz002094,0,002094,T0301,日用化工,880355,X120102,化妆品,881018,620
sz002095,0,002095,T1206,互联网,880494,X420402,产联网平台服务,881366,621
sz002096,0,002096,T020401,化工原料,880336,X120403,民爆制品,881037,622
sz002097,0,002097,T0707,工程机械,880447,X320401,工程机械整机,881311,623
sz002098,0,002098,T030302,服饰,880369,X220103,辅料,881154,624
sz002099,0,002099,T040501,化学制药,880401,X270102,原料药,881233,625
sz002100,0,002100,T030204,饲料,880364,X200501,畜禽饲料,881120,626
sz002101,0,002101,T040202,汽车配件,880392,X260301,车身附件及饰件,881219,627
sz002102,0,002102,T040501,化学制药,880401,X270102,原料药,881233,628
sz002103,0,002103,T0603,文教休闲,880422,X230401,文化用品,881181,629
sz002104,0,002104,T1202,通信设备,880490,X410104,通信终端及配件,881342,630
sz002105,0,002105,T040204,摩托车,880394,X260502,其他交通设备,881229,631
sz002106,0,002106,T1204,元器件,880492,X400302,光学元件,881331,632
sz002107,0,002107,T040503,中成药,880403,X2706,中药,881256,633
sz002108,0,002108,T020404,塑料,880338,X150302,管材,881099,634
sz002109,0,002109,T020401,化工原料,880336,X120301,煤化工,881027,635
sz002110,0,002110,T020101,普钢,880319,X130201,长材,881066,636
sz002111,0,002111,T0701,航空,880430,X3102,航空装备,881288,637
sz002112,0,002112,T0706,电气设备,880446,X300303,输变电设备,881271,638
sz002114,0,002114,T020203,铅锌,880327,X140103,铅锌,881074,639
sz002115,0,002115,T1206,互联网,880494,X430201,互联网广告,881371,640
sz002116,0,002116,T110101,建筑工程,880477,X520304,其他专业工程,881414,641
sz002117,0,002117,T0602,广告包装,880421,X230201,印刷,881172,642
sz002119,0,002119,T1203,半导体,880491,X400101,半导体材料,881320,643
sz002120,0,002120,T0902,仓储物流,880464,X610402,快递,881454,644
sz002121,0,002121,T0708,电器仪表,880448,X300301,电工仪器,881269,645
sz002122,0,002122,T070401,机床制造,880438,X320202,机床制造,881296,646
sz002123,0,002123,T1206,互联网,880494,X410202,电信增值服务,881346,647
sz002124,0,002124,T030206,农业综合,880366,X200201,生猪养殖,881112,648
sz002125,0,002125,T020401,化工原料,880336,X120399,其他化学原料,881033,649
sz002126,0,002126,T040202,汽车配件,880392,X260302,底盘与发动机系统,881220,650
sz002127,0,002127,T1206,互联网,880494,X250601,综合电商,881208,651
sz002128,0,002128,T010101,煤炭开采,880302,X100101,动力煤,881003,652
sz002129,0,002129,T0706,电气设备,880446,X300402,光伏硅片,881277,653
sz002130,0,002130,T0706,电气设备,880446,X4005,其他电子,881336,654
sz002131,0,002131,T1206,互联网,880494,X430201,互联网广告,881371,655
sz002132,0,002132,T020103,钢加工,880321,X320204,金属制品,881298,656
sz002133,0,002133,T110201,全国地产,880483,X530101,住宅开发,881419,657
sz002134,0,002134,T1204,元器件,880492,X400401,PCB,881334,658
sz002135,0,002135,T020103,钢加工,880321,X520302,钢结构,881412,659
sz002136,0,002136,T020401,化工原料,880336,X120302,钛白粉,881028,660
sz002137,0,002137,T1204,元器件,880492,X400303,LED,881332,661
sz002138,0,002138,T1204,元器件,880492,X400402,被动元件,881335,662
sz002139,0,002139,T1204,元器件,880492,X4005,其他电子,881336,663
sz002140,0,002140,T110101,建筑工程,880477,X520301,化学工程,881411,664
sz002141,0,002141,T030206,农业综合,880366,X2007,动物保健,881127,665
sz002142,0,002142,T1001,银行,880471,X500201,城商行,881390,666
sz002144,0,002144,T030301,纺织,880368,X220104,其他纺织,881155,667
sz002145,0,002145,T020401,化工原料,880336,X120302,钛白粉,881028,668
sz002146,0,002146,T110201,全国地产,880483,X530101,住宅开发,881419,669
sz002148,0,002148,T1206,互联网,880494,X410202,电信增值服务,881346,670
sz002149,0,002149,T020205,小金属,880329,X140403,钛,881085,671
sz002150,0,002150,T070402,机械基件,880439,X320204,金属制品,881298,672
sz002151,0,002151,T1202,通信设备,880490,X3105,军工电子,881291,673
sz002152,0,002152,T1201,IT设备,880489,X420102,其他IT设备,881354,674
sz002153,0,002153,T1205,软件服务,880493,X420303,云软件服务,881362,675
sz002154,0,002154,T030302,服饰,880369,X220204,非运动服装,881161,676
sz002155,0,002155,T020204,黄金,880328,X140201,黄金,881076,677
sz002156,0,002156,T1203,半导体,880491,X400106,半导体封测,881325,678
sz002157,0,002157,T030206,农业综合,880366,X200201,生猪养殖,881112,679
sz002158,0,002158,T0707,工程机械,880447,X320206,制冷空调设备,881300,680
sz002159,0,002159,T060501,旅游服务,880425,X600502,旅游服务,881434,681
sz002160,0,002160,T020202,铝,880326,X140102,铝,881073,682
sz002161,0,002161,T1202,通信设备,880490,X410105,其他通信设备,881343,683
sz002162,0,002162,T020601,陶瓷,880345,X150301,陶瓷,881098,684
sz002163,0,002163,T110102,装修装饰,880478,X5205,装修装饰,881416,685
sz002164,0,002164,T070402,机械基件,880439,X320203,机械基础件,881297,686
sz002165,0,002165,T020401,化工原料,880336,X120401,聚氨酯,881035,687
sz002166,0,002166,T040503,中成药,880403,X2706,中药,881256,688
sz002167,0,002167,T020205,小金属,880329,X140404,其他金属,881086,689
sz002168,0,002168,T0706,电气设备,880446,X300304,配电设备,881272,690
sz002169,0,002169,T0706,电气设备,880446,X300302,电网自动化,881270,691
sz002170,0,002170,T020402,农药化肥,880337,X120705,复合肥,881060,692
sz002171,0,002171,T020201,铜,880325,X140101,铜,881072,693
sz002172,0,002172,T0403,医疗保健,880398,X270403,医院,881250,694
sz002173,0,002173,T0403,医疗保健,880398,X270403,医院,881250,695
sz002174,0,002174,T1206,互联网,880494,X4301,游戏,881369,696
sz002175,0,002175,T0708,电器仪表,880448,X320201,仪器仪表,881295,697
sz002176,0,002176,T020205,小金属,880329,X140301,锂,881079,698
sz002177,0,002177,T050105,其他商业,880411,X2503,商业物业经营,881204,699
sz002178,0,002178,T1205,软件服务,880493,X420202,行业应用软件,881357,700
sz002179,0,002179,T1204,元器件,880492,X3105,军工电子,881291,701
sz002180,0,002180,T1201,IT设备,880489,X420102,其他IT设备,881354,702
sz002181,0,002181,T060101,出版业,880419,X430602,大众出版,881382,703
sz002182,0,002182,T020205,小金属,880329,X140404,其他金属,881086,704
sz002183,0,002183,T0902,仓储物流,880464,X610401,供应链服务,881453,705
sz002184,0,002184,T070402,机械基件,880439,X320502,工业控制设备,881315,706
sz002185,0,002185,T1203,半导体,880491,X400106,半导体封测,881325,707
sz002186,0,002186,T0604,酒店餐饮,880423,X600302,餐饮,881431,708
sz002187,0,002187,T050101,百货,880407,X250102,百货,881202,709
sz002188,0,002188,T110204,房产服务,880486,X530201,物业管理,881423,710
sz002189,0,002189,T1204,元器件,880492,X400302,光学元件,881331,711
sz002190,0,002190,T040202,汽车配件,880392,X260304,其他汽车零部件,881222,712
sz002191,0,002191,T0602,广告包装,880421,X230204,纸包装,881175,713
sz002192,0,002192,T020205,小金属,880329,X140301,锂,881079,714
sz002193,0,002193,T030301,纺织,880368,X220104,其他纺织,881155,715
sz002194,0,002194,T1202,通信设备,880490,X410102,网络接配及塔设,881340,716
sz002195,0,002195,T1205,软件服务,880493,X420403,产联网综合服务,881367,717
sz002196,0,002196,T070504,纺织机械,880443,X3001,电机制造,881261,718
sz002197,0,002197,T1201,IT设备,880489,X420301,云基础设施服务,881360,719
sz002198,0,002198,T040503,中成药,880403,X2706,中药,881256,720
sz002199,0,002199,T1204,元器件,880492,X400402,被动元件,881335,721
sz002200,0,002200,T110101,建筑工程,880477,X520202,园林工程,881409,722
sz002201,0,002201,T020603,玻璃,880347,X150202,玻纤制造,881096,723
sz002202,0,002202,T0706,电气设备,880446,X300501,风电整机,881283,724
sz002203,0,002203,T020201,铜,880325,X140101,铜,881072,725
sz002204,0,002204,T070506,专用机械,880445,X320301,能源及重型设备,881304,726
sz002205,0,002205,T020602,水泥,880346,X150101,水泥制造,881092,727
sz002206,0,002206,T0203,化纤,880330,X120201,涤纶,881020,728
sz002207,0,002207,T010301,石油开采,880311,X110201,油田服务,881009,729
sz002208,0,002208,T110202,区域地产,880484,X530101,住宅开发,881419,730
sz002209,0,002209,T070502,轻工机械,880442,X320302,印刷包装机械,881305,731
sz002210,0,002210,T0805,环境保护,880456,X630203,固废治理,881474,732
sz002211,0,002211,T020405,橡胶,880339,X120407,有机硅,881041,733
sz002212,0,002212,T1205,软件服务,880493,X420201,基础软件,881356,734
sz002213,0,002213,T1203,半导体,880491,X400103,集成电路设计,881322,735
sz002214,0,002214,T0708,电器仪表,880448,X3105,军工电子,881291,736
sz002215,0,002215,T020402,农药化肥,880337,X120701,农药,881056,737
sz002216,0,002216,T030403,食品,880375,X210603,预加工食品,881147,738
sz002217,0,002217,T1204,元器件,880492,X400201,消费电子组件,881327,739
sz002218,0,002218,T010203,新型电力,880308,X620105,光伏发电,881464,740
sz002219,0,002219,T0403,医疗保健,880398,X270403,医院,881250,741
sz002221,0,002221,T010302,石油加工,880312,X110303,其他石化,881014,742
sz002222,0,002222,T1204,元器件,880492,X400302,光学元件,881331,743
sz002223,0,002223,T0403,医疗保健,880398,X270301,家用器械,881242,744
sz002224,0,002224,T020405,橡胶,880339,X120603,橡胶制品,881054,745
sz002225,0,002225,T020604,其他建材,880348,X150303,耐火材料,881100,746
sz002226,0,002226,T020401,化工原料,880336,X120403,民爆制品,881037,747
sz002227,0,002227,T0706,电气设备,880446,X3006,其他发电设备,881285,748
sz002228,0,002228,T0602,广告包装,880421,X230204,纸包装,881175,749
sz002229,0,002229,T0602,广告包装,880421,X230201,印刷,881172,750
sz002230,0,002230,T1205,软件服务,880493,X420203,新兴软件,881358,751
sz002232,0,002232,T1205,软件服务,880493,X420202,行业应用软件,881357,752
sz002233,0,002233,T020602,水泥,880346,X150101,水泥制造,881092,753
sz002234,0,002234,T030206,农业综合,880366,X200202,肉鸡养殖,881113,754
sz002235,0,002235,T0207,造纸,880350,X230103,特种纸,881170,755
sz002236,0,002236,T1201,IT设备,880489,X420101,安防设备,881353,756
sz002237,0,002237,T020204,黄金,880328,X140201,黄金,881076,757
sz002238,0,002238,T060102,影视音像,880420,X4307,广播电视,881384,758
sz002239,0,002239,T040202,汽车配件,880392,X260305,汽车电子电气系统,881223,759
sz002240,0,002240,T020205,小金属,880329,X140301,锂,881079,760
sz002241,0,002241,T1204,元器件,880492,X400201,消费电子组件,881327,761
sz002242,0,002242,T0401,家用电器,880387,X240301,厨房小家电,881191,762
sz002243,0,002243,T0602,广告包装,880421,X230205,其他包装,881176,763
sz002244,0,002244,T110202,区域地产,880484,X530101,住宅开发,881419,764
sz002245,0,002245,T0706,电气设备,880446,X300201,锂电池,881263,765
sz002246,0,002246,T020401,化工原料,880336,X120403,民爆制品,881037,766
sz002247,0,002247,T020604,其他建材,880348,X150306,其他建材,881103,767
sz002248,0,002248,T070401,机床制造,880438,X320202,机床制造,881296,768
sz002249,0,002249,T0706,电气设备,880446,X3001,电机制造,881261,769
sz002250,0,002250,T020401,化工原料,880336,X120701,农药,881056,770
sz002251,0,002251,T050102,超市连锁,880408,X250101,超市及便利店,881201,771
sz002252,0,002252,T040502,生物制药,880402,X270201,血液制品,881235,772
sz002253,0,002253,T1205,软件服务,880493,X420202,行业应用软件,881357,773
sz002254,0,002254,T0203,化纤,880330,X120202,氨纶,881021,774
sz002255,0,002255,T070506,专用机械,880445,X3006,其他发电设备,881285,775
sz002256,0,002256,T010203,新型电力,880308,X620105,光伏发电,881464,776
sz002258,0,002258,T020402,农药化肥,880337,X120701,农药,881056,777
sz002259,0,002259,T0804,供气供热,880455,X6202,燃气,881467,778
sz002261,0,002261,T1205,软件服务,880493,X420303,云软件服务,881362,779
sz002262,0,002262,T040501,化学制药,880401,X270101,化学制剂,881232,780
sz002263,0,002263,T020404,塑料,880338,X120502,塑料薄膜,881046,781
sz002264,0,002264,T1206,互联网,880494,X250603,电商服务,881210,782
sz002265,0,002265,T070506,专用机械,880445,X3101,地面兵装,881287,783
sz002266,0,002266,T0805,环境保护,880456,X630203,固废治理,881474,784
sz002267,0,002267,T0804,供气供热,880455,X6202,燃气,881467,785
sz002268,0,002268,T1201,IT设备,880489,X420102,其他IT设备,881354,786
sz002269,0,002269,T030302,服饰,880369,X220204,非运动服装,881161,787
sz002270,0,002270,T0706,电气设备,880446,X300303,输变电设备,881271,788
sz002271,0,002271,T020604,其他建材,880348,X150304,防水材料,881101,789
sz002272,0,002272,T070402,机械基件,880439,X320299,其他通用设备,881302,790
sz002273,0,002273,T1204,元器件,880492,X400302,光学元件,881331,791
sz002274,0,002274,T020402,农药化肥,880337,X120705,复合肥,881060,792
sz002275,0,002275,T040503,中成药,880403,X2706,中药,881256,793
sz002276,0,002276,T0706,电气设备,880446,X300305,线缆部件及其他,881273,794
sz002277,0,002277,T050101,百货,880407,X250102,百货,881202,795
sz002278,0,002278,T070501,化工机械,880441,X320301,能源及重型设备,881304,796
sz002279,0,002279,T1205,软件服务,880493,X420201,基础软件,881356,797
sz002281,0,002281,T1202,通信设备,880490,X410102,网络接配及塔设,881340,798
sz002282,0,002282,T070402,机械基件,880439,X320207,磨具磨料,881301,799
sz002283,0,002283,T040202,汽车配件,880392,X260302,底盘与发动机系统,881220,800
sz002284,0,002284,T040202,汽车配件,880392,X260302,底盘与发动机系统,881220,801
sz002285,0,002285,T110204,房产服务,880486,X530202,租赁经纪,881424,802
sz002286,0,002286,T030403,食品,880375,X210602,制糖业,881146,803
sz002287,0,002287,T040503,中成药,880403,X2706,中药,881256,804
sz002289,0,002289,T1204,元器件,880492,X400301,面板,881330,805
sz002290,0,002290,T0401,家用电器,880387,X2406,家电零部件,881198,806
sz002291,0,002291,T0602,广告包装,880421,X430201,互联网广告,881371,807
sz002292,0,002292,T060102,影视音像,880420,X430301,影视制作,881374,808
sz002293,0,002293,T030301,纺织,880368,X220201,家纺,881158,809
sz002294,0,002294,T040501,化学制药,880401,X270101,化学制剂,881232,810
sz002295,0,002295,T020201,铜,880325,X140101,铜,881072,811
sz002296,0,002296,T1202,通信设备,880490,X410105,其他通信设备,881343,812
sz002297,0,002297,T0701,航空,880430,X3102,航空装备,881288,813
sz002298,0,002298,T0706,电气设备,880446,X300303,输变电设备,881271,814
sz002299,0,002299,T030206,农业综合,880366,X200202,肉鸡养殖,881113,815
sz002300,0,002300,T0706,电气设备,880446,X300305,线缆部件及其他,881273,816
sz002301,0,002301,T0603,文教休闲,880422,X230401,文化用品,881181,817
sz002302,0,002302,T020602,水泥,880346,X150102,水泥制品,881093,818
sz002303,0,002303,T0207,造纸,880350,X230204,纸包装,881175,819
sz002304,0,002304,T030501,白酒,880381,X210205,白酒,881135,820
sz002305,0,002305,T110202,区域地产,880484,X530102,商业地产,881420,821
sz002306,0,002306,T0604,酒店餐饮,880423,X600302,餐饮,881431,822
sz002307,0,002307,T110101,建筑工程,880477,X520201,基建工程,881408,823
sz002309,0,002309,T0706,电气设备,880446,X300403,光伏电池组件,881278,824
sz002310,0,002310,T010203,新型电力,880308,X620105,光伏发电,881464,825
sz002311,0,002311,T030204,饲料,880364,X200502,水产饲料,881121,826
sz002312,0,002312,T020401,化工原料,880336,X120703,磷肥及磷化工,881058,827
sz002313,0,002313,T1202,通信设备,880490,X410104,通信终端及配件,881342,828
sz002314,0,002314,T110202,区域地产,880484,X530101,住宅开发,881419,829
sz002315,0,002315,T1206,互联网,880494,X250602,跨境电商,881209,830
sz002316,0,002316,T1205,软件服务,880493,X510399,其他金融服务,881404,831
sz002317,0,002317,T040503,中成药,880403,X2706,中药,881256,832
sz002318,0,002318,T020102,特种钢,880320,X1303,特钢,881069,833
sz002319,0,002319,T020406,染料涂料,880340,X120402,涂料油墨,881036,834
sz002320,0,002320,T090102,水运,880461,X610302,航运,881451,835
sz002321,0,002321,T030206,农业综合,880366,X200203,其他养殖,881114,836
sz002322,0,002322,T1205,软件服务,880493,X420202,行业应用软件,881357,837
sz002323,0,002323,T110101,建筑工程,880477,X520302,钢结构,881412,838
sz002324,0,002324,T020404,塑料,880338,X120503,改性塑料,881047,839
sz002326,0,002326,T020401,化工原料,880336,X120405,氟化工,881039,840
sz002327,0,002327,T030301,纺织,880368,X220201,家纺,881158,841
sz002328,0,002328,T040202,汽车配件,880392,X260301,车身附件及饰件,881219,842
sz002329,0,002329,T030401,乳制品,880373,X210302,乳制品,881138,843
sz002330,0,002330,T030403,食品,880375,X210601,肉制品,881145,844
sz002331,0,002331,T1205,软件服务,880493,X420202,行业应用软件,881357,845
sz002332,0,002332,T040501,化学制药,880401,X270101,化学制剂,881232,846
sz002333,0,002333,T020604,其他建材,880348,X150306,其他建材,881103,847
sz002334,0,002334,T0706,电气设备,880446,X320502,工业控制设备,881315,848
sz002335,0,002335,T0706,电气设备,880446,X3006,其他发电设备,881285,849
sz002337,0,002337,T070501,化工机械,880441,X320399,其他专用设备,881309,850
sz002338,0,002338,T0708,电器仪表,880448,X3105,军工电子,881291,851
sz002339,0,002339,T0706,电气设备,880446,X300302,电网自动化,881270,852
sz002340,0,002340,T020205,小金属,880329,X300202,电池化学品,881264,853
sz002342,0,002342,T070402,机械基件,880439,X320204,金属制品,881298,854
sz002343,0,002343,T060102,影视音像,880420,X430301,影视制作,881374,855
sz002344,0,002344,T050106,商品城,880412,X2503,商业物业经营,881204,856
sz002345,0,002345,T030302,服饰,880369,X220301,钟表珠宝,881163,857
sz002346,0,002346,T0706,电气设备,880446,X300304,配电设备,881272,858
sz002347,0,002347,T070402,机械基件,880439,X320203,机械基础件,881297,859
sz002348,0,002348,T0603,文教休闲,880422,X230402,娱乐用品,881182,860
sz002349,0,002349,T040503,中成药,880403,X2706,中药,881256,861
sz002350,0,002350,T0706,电气设备,880446,X300304,配电设备,881272,862
sz002351,0,002351,T1201,IT设备,880489,X400201,消费电子组件,881327,863
sz002352,0,002352,T0902,仓储物流,880464,X610402,快递,881454,864
sz002353,0,002353,T070501,化工机械,880441,X320301,能源及重型设备,881304,865
sz002354,0,002354,T1206,互联网,880494,X430201,互联网广告,881371,866
sz002355,0,002355,T040202,汽车配件,880392,X260303,轮胎轮毂,881221,867
sz002356,0,002356,T050105,其他商业,880411,X250103,多业态零售,881203,868
sz002357,0,002357,T0802,公共交通,880453,X610103,公共交通,881445,869
sz002358,0,002358,T0706,电气设备,880446,X300303,输变电设备,881271,870
sz002360,0,002360,T020401,化工原料,880336,X120403,民爆制品,881037,871
sz002361,0,002361,T020401,化工原料,880336,X120501,合成树脂,881045,872
sz002362,0,002362,T1205,软件服务,880493,X420203,新兴软件,881358,873
sz002363,0,002363,T040202,汽车配件,880392,X260302,底盘与发动机系统,881220,874
sz002364,0,002364,T0706,电气设备,880446,X3006,其他发电设备,881285,875
sz002365,0,002365,T040501,化学制药,880401,X270102,原料药,881233,876
sz002366,0,002366,T070506,专用机械,880445,X320301,能源及重型设备,881304,877
sz002367,0,002367,T0703,运输设备,880432,X320305,楼宇设备,881308,878
sz002368,0,002368,T1205,软件服务,880493,X420202,行业应用软件,881357,879
sz002369,0,002369,T1202,通信设备,880490,X410104,通信终端及配件,881342,880
sz002370,0,002370,T040501,化学制药,880401,X270101,化学制剂,881232,881
sz002371,0,002371,T1203,半导体,880491,X400102,半导体设备,881321,882
sz002372,0,002372,T020604,其他建材,880348,X150302,管材,881099,883
sz002373,0,002373,T1205,软件服务,880493,X420202,行业应用软件,881357,884
sz002374,0,002374,T0602,广告包装,880421,X230202,金属包装,881173,885
sz002375,0,002375,T110102,装修装饰,880478,X5205,装修装饰,881416,886
sz002376,0,002376,T1201,IT设备,880489,X420102,其他IT设备,881354,887
sz002377,0,002377,T020604,其他建材,880348,X150306,其他建材,881103,888
sz002378,0,002378,T020205,小金属,880329,X140402,钨钼,881084,889
sz002379,0,002379,T020202,铝,880326,X140102,铝,881073,890
sz002380,0,002380,T1205,软件服务,880493,X420202,行业应用软件,881357,891
sz002381,0,002381,T020405,橡胶,880339,X120603,橡胶制品,881054,892
sz002382,0,002382,T0403,医疗保健,880398,X270303,医疗耗材,881244,893
sz002383,0,002383,T1202,通信设备,880490,X410105,其他通信设备,881343,894
sz002384,0,002384,T1204,元器件,880492,X400401,PCB,881334,895
sz002385,0,002385,T030204,饲料,880364,X200501,畜禽饲料,881120,896
sz002386,0,002386,T020401,化工原料,880336,X120303,氯碱,881029,897
sz002387,0,002387,T1204,元器件,880492,X400301,面板,881330,898
sz002388,0,002388,T1204,元器件,880492,X4005,其他电子,881336,899
sz002389,0,002389,T0701,航空,880430,X3102,航空装备,881288,900
sz002390,0,002390,T050104,医药商业,880410,X270501,医药流通,881253,901
sz002391,0,002391,T020402,农药化肥,880337,X120701,农药,881056,902
sz002392,0,002392,T020604,其他建材,880348,X150303,耐火材料,881100,903
sz002393,0,002393,T040501,化学制药,880401,X270101,化学制剂,881232,904
sz002394,0,002394,T030301,纺织,880368,X220101,棉纺制品,881152,905
sz002395,0,002395,T020404,塑料,880338,X120504,合成革,881048,906
sz002396,0,002396,T1202,通信设备,880490,X410103,系统设备,881341,907
sz002397,0,002397,T030301,纺织,880368,X220201,家纺,881158,908
sz002398,0,002398,T020604,其他建材,880348,X150306,其他建材,881103,909
sz002399,0,002399,T040501,化学制药,880401,X270102,原料药,881233,910
sz002400,0,002400,T0602,广告包装,880421,X430201,互联网广告,881371,911
sz002401,0,002401,T1205,软件服务,880493,X420202,行业应用软件,881357,912
sz002402,0,002402,T1204,元器件,880492,X4005,其他电子,881336,913
sz002403,0,002403,T0401,家用电器,880387,X240301,厨房小家电,881191,914
sz002404,0,002404,T030301,纺织,880368,X220104,其他纺织,881155,915
sz002405,0,002405,T1205,软件服务,880493,X420202,行业应用软件,881357,916
sz002406,0,002406,T040202,汽车配件,880392,X260302,底盘与发动机系统,881220,917
sz002407,0,002407,T020401,化工原料,880336,X120405,氟化工,881039,918
sz002408,0,002408,T020401,化工原料,880336,X120306,有机化工原料,881032,919
sz002409,0,002409,T1203,半导体,880491,X400101,半导体材料,881320,920
sz002410,0,002410,T1205,软件服务,880493,X420303,云软件服务,881362,921
sz002412,0,002412,T040503,中成药,880403,X2706,中药,881256,922
sz002413,0,002413,T1202,通信设备,880490,X3105,军工电子,881291,923
sz002414,0,002414,T0708,电器仪表,880448,X3105,军工电子,881291,924
sz002415,0,002415,T1201,IT设备,880489,X420101,安防设备,881353,925
sz002416,0,002416,T050103,电器连锁,880409,X2504,专业连锁,881205,926
sz002418,0,002418,T0401,家用电器,880387,X2406,家电零部件,881198,927
sz002419,0,002419,T050101,百货,880407,X250102,百货,881202,928
sz002420,0,002420,T0401,家用电器,880387,X2406,家电零部件,881198,929
sz002421,0,002421,T1205,软件服务,880493,X420202,行业应用软件,881357,930
sz002422,0,002422,T040501,化学制药,880401,X270101,化学制剂,881232,931
sz002423,0,002423,T1004,多元金融,880474,X510306,金融控股,881402,932
sz002424,0,002424,T040503,中成药,880403,X2706,中药,881256,933
sz002425,0,002425,T1206,互联网,880494,X4301,游戏,881369,934
sz002426,0,002426,T1204,元器件,880492,X400201,消费电子组件,881327,935
sz002427,0,002427,T0203,化纤,880330,X120201,涤纶,881020,936
sz002428,0,002428,T020205,小金属,880329,X140404,其他金属,881086,937
sz002429,0,002429,T0401,家用电器,880387,X240201,电视,881188,938
sz002430,0,002430,T070501,化工机械,880441,X320399,其他专用设备,881309,939
sz002431,0,002431,T110101,建筑工程,880477,X520202,园林工程,881409,940
sz002432,0,002432,T0403,医疗保健,880398,X270301,家用器械,881242,941
sz002434,0,002434,T040202,汽车配件,880392,X260302,底盘与发动机系统,881220,942
sz002436,0,002436,T1204,元器件,880492,X400401,PCB,881334,943
sz002437,0,002437,T040501,化学制药,880401,X270101,化学制剂,881232,944
sz002438,0,002438,T070402,机械基件,880439,X320203,机械基础件,881297,945
sz002439,0,002439,T1205,软件服务,880493,X420201,基础软件,881356,946
sz002440,0,002440,T020406,染料涂料,880340,X120404,纺织化学品,881038,947
sz002441,0,002441,T0706,电气设备,880446,X300304,配电设备,881272,948
sz002442,0,002442,T020401,化工原料,880336,X120602,炭黑,881053,949
sz002443,0,002443,T020103,钢加工,880321,X1303,特钢,881069,950
sz002444,0,002444,T070502,轻工机械,880442,X320299,其他通用设备,881302,951
sz002445,0,002445,T020103,钢加工,880321,X320204,金属制品,881298,952
sz002446,0,002446,T1202,通信设备,880490,X3105,军工电子,881291,953
sz002448,0,002448,T040202,汽车配件,880392,X260302,底盘与发动机系统,881220,954
sz002449,0,002449,T1203,半导体,880491,X400303,LED,881332,955
sz002451,0,002451,T0706,电气设备,880446,X300305,线缆部件及其他,881273,956
sz002452,0,002452,T0706,电气设备,880446,X300303,输变电设备,881271,957
sz002453,0,002453,T020401,化工原料,880336,X120499,其他化学制品,881043,958
sz002454,0,002454,T040202,汽车配件,880392,X260305,汽车电子电气系统,881223,959
sz002455,0,002455,T020401,化工原料,880336,X120306,有机化工原料,881032,960
sz002456,0,002456,T1204,元器件,880492,X400201,消费电子组件,881327,961
sz002457,0,002457,T020404,塑料,880338,X150302,管材,881099,962
sz002458,0,002458,T030206,农业综合,880366,X200202,肉鸡养殖,881113,963
sz002459,0,002459,T0706,电气设备,880446,X300403,光伏电池组件,881278,964
sz002460,0,002460,T020205,小金属,880329,X140301,锂,881079,965
sz002461,0,002461,T030502,啤酒,880382,X210201,啤酒,881131,966
sz002462,0,002462,T050104,医药商业,880410,X270501,医药流通,881253,967
sz002463,0,002463,T1204,元器件,880492,X400401,PCB,881334,968
sz002465,0,002465,T1202,通信设备,880490,X3105,军工电子,881291,969
sz002466,0,002466,T020205,小金属,880329,X140301,锂,881079,970
sz002467,0,002467,T1206,互联网,880494,X410202,电信增值服务,881346,971
sz002468,0,002468,T0902,仓储物流,880464,X610402,快递,881454,972
sz002469,0,002469,T020401,化工原料,880336,X120306,有机化工原料,881032,973
sz002470,0,002470,T020402,农药化肥,880337,X120705,复合肥,881060,974
sz002471,0,002471,T0706,电气设备,880446,X300305,线缆部件及其他,881273,975
sz002472,0,002472,T040202,汽车配件,880392,X260302,底盘与发动机系统,881220,976
sz002474,0,002474,T1205,软件服务,880493,X420202,行业应用软件,881357,977
sz002475,0,002475,T1204,元器件,880492,X400201,消费电子组件,881327,978
sz002476,0,002476,T020401,化工原料,880336,X120499,其他化学制品,881043,979
sz002478,0,002478,T020103,钢加工,880321,X1303,特钢,881069,980
sz002479,0,002479,T010203,新型电力,880308,X620103,热力服务,881462,981
sz002480,0,002480,T0703,运输设备,880432,X3201,轨交设备,881293,982
sz002481,0,002481,T030403,食品,880375,X200603,其他农产品加工,881126,983
sz002482,0,002482,T110102,装修装饰,880478,X5205,装修装饰,881416,984
sz002483,0,002483,T070506,专用机械,880445,X320301,能源及重型设备,881304,985
sz002484,0,002484,T1204,元器件,880492,X400402,被动元件,881335,986
sz002485,0,002485,T0502,商贸代理,880414,X2505,贸易,881206,987
sz002486,0,002486,T030302,服饰,880369,X220204,非运动服装,881161,988
sz002487,0,002487,T0706,电气设备,880446,X300502,风电零部件,881284,989
sz002488,0,002488,T040202,汽车配件,880392,X260303,轮胎轮毂,881221,990
sz002489,0,002489,T0404,家居用品,880399,X230301,家具,881178,991
sz002490,0,002490,T070501,化工机械,880441,X320301,能源及重型设备,881304,992
sz002491,0,002491,T1202,通信设备,880490,X410101,光纤光缆,881339,993
sz002492,0,002492,T0902,仓储物流,880464,X610404,仓储物流,881456,994
sz002493,0,002493,T0203,化纤,880330,X120201,涤纶,881020,995
sz002494,0,002494,T030302,服饰,880369,X220204,非运动服装,881161,996
sz002495,0,002495,T030403,食品,880375,X2104,调味品,881139,997
sz002496,0,002496,T020402,农药化肥,880337,X120701,农药,881056,998
sz002497,0,002497,T020205,小金属,880329,X140301,锂,881079,999
sz002498,0,002498,T0706,电气设备,880446,X300305,线缆部件及其他,881273,1000
sz002500,0,002500,T1002,证券,880472,X5101,证券,881394,1001
sz002501,0,002501,T020202,铝,880326,X140102,铝,881073,1002
sz002506,0,002506,T0706,电气设备,880446,X300403,光伏电池组件,881278,1003
sz002507,0,002507,T030403,食品,880375,X2104,调味品,881139,1004
sz002508,0,002508,T0401,家用电器,880387,X240401,厨房电器,881195,1005
sz002510,0,002510,T040202,汽车配件,880392,X260304,其他汽车零部件,881222,1006
sz002511,0,002511,T0207,造纸,880350,X230102,生活用纸,881169,1007
sz002512,0,002512,T1201,IT设备,880489,X420102,其他IT设备,881354,1008
sz002513,0,002513,T010203,新型电力,880308,X300403,光伏电池组件,881278,1009
sz002514,0,002514,T070402,机械基件,880439,X320204,金属制品,881298,1010
sz002515,0,002515,T030403,食品,880375,X210601,肉制品,881145,1011
sz002516,0,002516,T040202,汽车配件,880392,X260301,车身附件及饰件,881219,1012
sz002517,0,002517,T1206,互联网,880494,X4301,游戏,881369,1013
sz002518,0,002518,T0706,电气设备,880446,X3006,其他发电设备,881285,1014
sz002519,0,002519,T1202,通信设备,880490,X3101,地面兵装,881287,1015
sz002520,0,002520,T070401,机床制造,880438,X320202,机床制造,881296,1016
sz002521,0,002521,T0207,造纸,880350,X230103,特种纸,881170,1017
sz002522,0,002522,T020404,塑料,880338,X120502,塑料薄膜,881046,1018
sz002523,0,002523,T070506,专用机械,880445,X320301,能源及重型设备,881304,1019
sz002524,0,002524,T0403,医疗保健,880398,X270403,医院,881250,1020
sz002526,0,002526,T0707,工程机械,880447,X320301,能源及重型设备,881304,1021
sz002527,0,002527,T0708,电器仪表,880448,X320502,工业控制设备,881315,1022
sz002528,0,002528,T1201,IT设备,880489,X420101,安防设备,881353,1023
sz002529,0,002529,T070506,专用机械,880445,X320399,其他专用设备,881309,1024
sz002530,0,002530,T070506,专用机械,880445,X320299,其他通用设备,881302,1025
sz002531,0,002531,T0706,电气设备,880446,X300502,风电零部件,881284,1026
sz002532,0,002532,T020202,铝,880326,X140102,铝,881073,1027
sz002533,0,002533,T0706,电气设备,880446,X300305,线缆部件及其他,881273,1028
sz002534,0,002534,T070506,专用机械,880445,X3006,其他发电设备,881285,1029
sz002535,0,002535,T0707,工程机械,880447,X320301,能源及重型设备,881304,1030
sz002536,0,002536,T040202,汽车配件,880392,X260302,底盘与发动机系统,881220,1031
sz002537,0,002537,T040202,汽车配件,880392,X260301,车身附件及饰件,881219,1032
sz002538,0,002538,T020402,农药化肥,880337,X120705,复合肥,881060,1033
sz002539,0,002539,T020402,农药化肥,880337,X120705,复合肥,881060,1034
sz002540,0,002540,T020202,铝,880326,X140102,铝,881073,1035
sz002541,0,002541,T020103,钢加工,880321,X520302,钢结构,881412,1036
sz002542,0,002542,T110101,建筑工程,880477,X520304,其他专业工程,881414,1037
sz002543,0,002543,T0401,家用电器,880387,X240401,厨房电器,881195,1038
sz002544,0,002544,T1202,通信设备,880490,X410301,网络规划设计,881348,1039
sz002545,0,002545,T020402,农药化肥,880337,X120704,钾肥,881059,1040
sz002546,0,002546,T0706,电气设备,880446,X300301,电工仪器,881269,1041
sz002547,0,002547,T040202,汽车配件,880392,X260304,其他汽车零部件,881222,1042
sz002548,0,002548,T030204,饲料,880364,X200501,畜禽饲料,881120,1043
sz002549,0,002549,T0805,环境保护,880456,X630201,大气治理,881472,1044
sz002550,0,002550,T040502,生物制药,880402,X270206,其他生物制药,881240,1045
sz002551,0,002551,T0403,医疗保健,880398,X270404,其他医疗服务,881251,1046
sz002552,0,002552,T1204,元器件,880492,X400401,PCB,881334,1047
sz002553,0,002553,T040202,汽车配件,880392,X260302,底盘与发动机系统,881220,1048
sz002554,0,002554,T010301,石油开采,880311,X110202,油气工程,881010,1049
sz002555,0,002555,T1206,互联网,880494,X4301,游戏,881369,1050
sz002556,0,002556,T020402,农药化肥,880337,X120705,复合肥,881060,1051
sz002557,0,002557,T030403,食品,880375,X210501,零食,881141,1052
sz002558,0,002558,T1206,互联网,880494,X4301,游戏,881369,1053
sz002559,0,002559,T070401,机床制造,880438,X320202,机床制造,881296,1054
sz002560,0,002560,T0706,电气设备,880446,X300305,线缆部件及其他,881273,1055
sz002561,0,002561,T050101,百货,880407,X250102,百货,881202,1056
sz002562,0,002562,T040501,化学制药,880401,X120406,食品助剂,881040,1057
sz002563,0,002563,T030302,服饰,880369,X220204,非运动服装,881161,1058
sz002564,0,002564,T070501,化工机械,880441,X320399,其他专用设备,881309,1059
sz002565,0,002565,T0207,造纸,880350,X230204,纸包装,881175,1060
sz002566,0,002566,T040503,中成药,880403,X2706,中药,881256,1061
sz002567,0,002567,T030204,饲料,880364,X200501,畜禽饲料,881120,1062
sz002568,0,002568,T030503,红黄酒,880383,X210204,其他酒类,881134,1063
sz002569,0,002569,T030302,服饰,880369,X220204,非运动服装,881161,1064
sz002570,0,002570,T030401,乳制品,880373,X210302,乳制品,881138,1065
sz002571,0,002571,T0404,家居用品,880399,X230302,其他家居,881179,1066
sz002572,0,002572,T0404,家居用品,880399,X230301,家具,881178,1067
sz002573,0,002573,T0805,环境保护,880456,X630202,水治理,881473,1068
sz002574,0,002574,T030302,服饰,880369,X220301,钟表珠宝,881163,1069
sz002575,0,002575,T0603,文教休闲,880422,X9901,综合类,881478,1070
sz002576,0,002576,T0706,电气设备,880446,X3001,电机制造,881261,1071
sz002577,0,002577,T1201,IT设备,880489,X420102,其他IT设备,881354,1072
sz002578,0,002578,T020202,铝,880326,X140102,铝,881073,1073
sz002579,0,002579,T1204,元器件,880492,X400401,PCB,881334,1074
sz002580,0,002580,T0706,电气设备,880446,X300205,其他电池,881267,1075
sz002581,0,002581,T040502,生物制药,880402,X270206,其他生物制药,881240,1076
sz002582,0,002582,T030403,食品,880375,X210501,零食,881141,1077
sz002583,0,002583,T1202,通信设备,880490,X410105,其他通信设备,881343,1078
sz002584,0,002584,T020401,化工原料,880336,X120499,其他化学制品,881043,1079
sz002585,0,002585,T020404,塑料,880338,X120502,塑料薄膜,881046,1080
sz002586,0,002586,T110101,建筑工程,880477,X520201,基建工程,881408,1081
sz002587,0,002587,T1204,元器件,880492,X400303,LED,881332,1082
sz002588,0,002588,T020402,农药化肥,880337,X120705,复合肥,881060,1083
sz002589,0,002589,T050104,医药商业,880410,X270501,医药流通,881253,1084
sz002590,0,002590,T040202,汽车配件,880392,X260302,底盘与发动机系统,881220,1085
sz002591,0,002591,T0805,环境保护,880456,X6301,环保设备,881470,1086
sz002592,0,002592,T040202,汽车配件,880392,X260301,车身附件及饰件,881219,1087
sz002593,0,002593,T020103,钢加工,880321,X520302,钢结构,881412,1088
sz002594,0,002594,T040201,汽车整车,880391,X260101,电动乘用车,881213,1089
sz002595,0,002595,T070506,专用机械,880445,X320399,其他专用设备,881309,1090
sz002596,0,002596,T020602,水泥,880346,X150102,水泥制品,881093,1091
sz002597,0,002597,T030403,食品,880375,X120406,食品助剂,881040,1092
sz002598,0,002598,T070402,机械基件,880439,X320299,其他通用设备,881302,1093
sz002599,0,002599,T0602,广告包装,880421,X230201,印刷,881172,1094
sz002600,0,002600,T1204,元器件,880492,X400201,消费电子组件,881327,1095
sz002601,0,002601,T020401,化工原料,880336,X120302,钛白粉,881028,1096
sz002602,0,002602,T1206,互联网,880494,X4301,游戏,881369,1097
sz002603,0,002603,T040503,中成药,880403,X2706,中药,881256,1098
sz002605,0,002605,T1206,互联网,880494,X4301,游戏,881369,1099
sz002606,0,002606,T0706,电气设备,880446,X300305,线缆部件及其他,881273,1100
sz002607,0,002607,T0603,文教休闲,880422,X6002,教育培训,881428,1101
sz002608,0,002608,T010202,火力发电,880307,X620102,火力发电,881461,1102
sz002609,0,002609,T1205,软件服务,880493,X420202,行业应用软件,881357,1103
sz002611,0,002611,T070502,轻工机械,880442,X320302,印刷包装机械,881305,1104
sz002612,0,002612,T030302,服饰,880369,X220204,非运动服装,881161,1105
sz002613,0,002613,T070506,专用机械,880445,X320399,其他专用设备,881309,1106
sz002614,0,002614,T0401,家用电器,880387,X240303,个护小家电,881193,1107
sz002615,0,002615,T0404,家居用品,880399,X230302,其他家居,881179,1108
sz002616,0,002616,T0805,环境保护,880456,X620107,电能综合服务,881466,1109
sz002617,0,002617,T0706,电气设备,880446,X300305,线缆部件及其他,881273,1110
sz002620,0,002620,T110102,装修装饰,880478,X5205,装修装饰,881416,1111
sz002622,0,002622,T0403,医疗保健,880398,X270403,医院,881250,1112
sz002623,0,002623,T020603,玻璃,880347,X300405,光伏辅材,881280,1113
sz002624,0,002624,T1206,互联网,880494,X4301,游戏,881369,1114
sz002625,0,002625,T0701,航空,880430,X3102,航空装备,881288,1115
sz002626,0,002626,T0403,医疗保健,880398,X210604,保健品,881148,1116
sz002627,0,002627,T060502,旅游景点,880426,X600501,旅游景区,881433,1117
sz002628,0,002628,T110101,建筑工程,880477,X520201,基建工程,881408,1118
sz002629,0,002629,T010301,石油开采,880311,X110201,油田服务,881009,1119
sz002630,0,002630,T070506,专用机械,880445,X3006,其他发电设备,881285,1120
sz002631,0,002631,T0404,家居用品,880399,X230301,家具,881178,1121
sz002632,0,002632,T020404,塑料,880338,X120502,塑料薄膜,881046,1122
sz002633,0,002633,T070402,机械基件,880439,X320203,机械基础件,881297,1123
sz002634,0,002634,T030302,服饰,880369,X220202,鞋帽及其他,881159,1124
sz002635,0,002635,T1204,元器件,880492,X400201,消费电子组件,881327,1125
sz002636,0,002636,T1204,元器件,880492,X400401,PCB,881334,1126
sz002637,0,002637,T0301,日用化工,880355,X120101,洗护用品,881017,1127
sz002638,0,002638,T0401,家用电器,880387,X400303,LED,881332,1128
sz002639,0,002639,T070506,专用机械,880445,X320206,制冷空调设备,881300,1129
sz002640,0,002640,T1206,互联网,880494,X250602,跨境电商,881209,1130
sz002641,0,002641,T020404,塑料,880338,X150302,管材,881099,1131
sz002642,0,002642,T1205,软件服务,880493,X420202,行业应用软件,881357,1132
sz002643,0,002643,T020401,化工原料,880336,X400101,半导体材料,881320,1133
sz002644,0,002644,T040503,中成药,880403,X2706,中药,881256,1134
sz002645,0,002645,T070506,专用机械,880445,X6301,环保设备,881470,1135
sz002646,0,002646,T030501,白酒,880381,X210205,白酒,881135,1136
sz002647,0,002647,T1004,多元金融,880474,X510399,其他金融服务,881404,1137
sz002648,0,002648,T020401,化工原料,880336,X120306,有机化工原料,881032,1138
sz002649,0,002649,T1205,软件服务,880493,X420202,行业应用软件,881357,1139
sz002650,0,002650,T030403,食品,880375,X2104,调味品,881139,1140
sz002651,0,002651,T0701,航空,880430,X3102,航空装备,881288,1141
sz002652,0,002652,T020604,其他建材,880348,X150306,其他建材,881103,1142
sz002653,0,002653,T040501,化学制药,880401,X270101,化学制剂,881232,1143
sz002654,0,002654,T1206,互联网,880494,X430202,其他广告营销,881372,1144
sz002655,0,002655,T1204,元器件,880492,X400201,消费电子组件,881327,1145
sz002656,0,002656,T030302,服饰,880369,X220204,非运动服装,881161,1146
sz002657,0,002657,T1205,软件服务,880493,X420202,行业应用软件,881357,1147
sz002658,0,002658,T0805,环境保护,880456,X6303,环境监测,881476,1148
sz002659,0,002659,T0603,文教休闲,880422,X6002,教育培训,881428,1149
sz002660,0,002660,T0706,电气设备,880446,X400201,消费电子组件,881327,1150
sz002661,0,002661,T030403,食品,880375,X200603,其他农产品加工,881126,1151
sz002662,0,002662,T040202,汽车配件,880392,X260301,车身附件及饰件,881219,1152
sz002663,0,002663,T110101,建筑工程,880477,X520202,园林工程,881409,1153
sz002664,0,002664,T040202,汽车配件,880392,X260305,汽车电子电气系统,881223,1154
sz002666,0,002666,T020401,化工原料,880336,X120499,其他化学制品,881043,1155
sz002667,0,002667,T020205,小金属,880329,X140301,锂,881079,1156
sz002668,0,002668,T0401,家用电器,880387,X240102,冰洗,881186,1157
sz002669,0,002669,T020401,化工原料,880336,X120408,胶黏剂及胶带,881042,1158
sz002670,0,002670,T1002,证券,880472,X5101,证券,881394,1159
sz002671,0,002671,T020602,水泥,880346,X150102,水泥制品,881093,1160
sz002672,0,002672,T0805,环境保护,880456,X630203,固废治理,881474,1161
sz002673,0,002673,T1002,证券,880472,X5101,证券,881394,1162
sz002674,0,002674,T030301,纺织,880368,X220103,辅料,881154,1163
sz002675,0,002675,T040501,化学制药,880401,X270101,化学制剂,881232,1164
sz002676,0,002676,T0401,家用电器,880387,X2406,家电零部件,881198,1165
sz002677,0,002677,T0401,家用电器,880387,X240401,厨房电器,881195,1166
sz002678,0,002678,T0603,文教休闲,880422,X230402,娱乐用品,881182,1167
sz002679,0,002679,T030203,林业,880363,X2003,林业,881115,1168
sz002681,0,002681,T1204,元器件,880492,X400201,消费电子组件,881327,1169
sz002682,0,002682,T0902,仓储物流,880464,X610401,供应链服务,881453,1170
sz002683,0,002683,T020401,化工原料,880336,X120403,民爆制品,881037,1171
sz002685,0,002685,T070401,机床制造,880438,X320202,机床制造,881296,1172
sz002686,0,002686,T070506,专用机械,880445,X320299,其他通用设备,881302,1173
sz002687,0,002687,T030302,服饰,880369,X220204,非运动服装,881161,1174
sz002688,0,002688,T030206,农业综合,880366,X2007,动物保健,881127,1175
sz002689,0,002689,T0703,运输设备,880432,X320305,楼宇设备,881308,1176
sz002690,0,002690,T070506,专用机械,880445,X320399,其他专用设备,881309,1177
sz002691,0,002691,T070506,专用机械,880445,X320301,能源及重型设备,881304,1178
sz002692,0,002692,T0706,电气设备,880446,X300305,线缆部件及其他,881273,1179
sz002693,0,002693,T040502,生物制药,880402,X270206,其他生物制药,881240,1180
sz002694,0,002694,T020404,塑料,880338,X150302,管材,881099,1181
sz002695,0,002695,T030403,食品,880375,X210503,熟食,881143,1182
sz002696,0,002696,T030204,饲料,880364,X200502,水产饲料,881121,1183
sz002697,0,002697,T050102,超市连锁,880408,X250101,超市及便利店,881201,1184
sz002698,0,002698,T070501,化工机械,880441,X320399,其他专用设备,881309,1185
sz002700,0,002700,T0804,供气供热,880455,X6202,燃气,881467,1186
sz002701,0,002701,T0602,广告包装,880421,X230202,金属包装,881173,1187
sz002702,0,002702,T030403,食品,880375,X210603,预加工食品,881147,1188
sz002703,0,002703,T040202,汽车配件,880392,X260302,底盘与发动机系统,881220,1189
sz002705,0,002705,T0401,家用电器,880387,X240301,厨房小家电,881191,1190
sz002706,0,002706,T0706,电气设备,880446,X300304,配电设备,881272,1191
sz002707,0,002707,T060501,旅游服务,880425,X600502,旅游服务,881434,1192
sz002708,0,002708,T040202,汽车配件,880392,X260302,底盘与发动机系统,881220,1193
sz002709,0,002709,T020401,化工原料,880336,X300202,电池化学品,881264,1194
sz002710,0,002710,,,,,,,1195
sz002712,0,002712,T0602,广告包装,880421,X430201,互联网广告,881371,1196
sz002713,0,002713,T110102,装修装饰,880478,X5205,装修装饰,881416,1197
sz002714,0,002714,T030206,农业综合,880366,X200201,生猪养殖,881112,1198
sz002715,0,002715,T040202,汽车配件,880392,X260302,底盘与发动机系统,881220,1199
sz002716,0,002716,T020205,小金属,880329,X140202,白银,881077,1200
sz002717,0,002717,T0805,环境保护,880456,X630204,生态修复,881475,1201
sz002718,0,002718,T020604,其他建材,880348,X150306,其他建材,881103,1202
sz002719,0,002719,T030401,乳制品,880373,X210302,乳制品,881138,1203
sz002720,0,002720,,,,,,,1204
sz002721,0,002721,T030302,服饰,880369,X220301,钟表珠宝,881163,1205
sz002722,0,002722,T020103,钢加工,880321,X320204,金属制品,881298,1206
sz002723,0,002723,T0401,家用电器,880387,X240303,个护小家电,881193,1207
sz002724,0,002724,T1204,元器件,880492,X400303,LED,881332,1208
sz002725,0,002725,T040202,汽车配件,880392,X260303,轮胎轮毂,881221,1209
sz002726,0,002726,T030403,食品,880375,X210601,肉制品,881145,1210
sz002727,0,002727,T050104,医药商业,880410,X270502,线下药店,881254,1211
sz002728,0,002728,T040503,中成药,880403,X2706,中药,881256,1212
sz002729,0,002729,T1204,元器件,880492,X4005,其他电子,881336,1213
sz002730,0,002730,T070506,专用机械,880445,X320301,能源及重型设备,881304,1214
sz002731,0,002731,T030302,服饰,880369,X220301,钟表珠宝,881163,1215
sz002732,0,002732,T030401,乳制品,880373,X210302,乳制品,881138,1216
sz002733,0,002733,T0706,电气设备,880446,X300204,燃料电池,881266,1217
sz002734,0,002734,T020402,农药化肥,880337,X120701,农药,881056,1218
sz002735,0,002735,T020404,塑料,880338,X230203,塑料包装,881174,1219
sz002736,0,002736,T1002,证券,880472,X5101,证券,881394,1220
sz002737,0,002737,T040503,中成药,880403,X2706,中药,881256,1221
sz002738,0,002738,T020205,小金属,880329,X140301,锂,881079,1222
sz002739,0,002739,T060102,影视音像,880420,X430302,发行院线,881375,1223
sz002741,0,002741,T020401,化工原料,880336,X400101,半导体材料,881320,1224
sz002742,0,002742,T020602,水泥,880346,X150102,水泥制品,881093,1225
sz002743,0,002743,T020103,钢加工,880321,X520302,钢结构,881412,1226
sz002745,0,002745,T1204,元器件,880492,X400303,LED,881332,1227
sz002746,0,002746,T030206,农业综合,880366,X200202,肉鸡养殖,881113,1228
sz002747,0,002747,T070402,机械基件,880439,X320501,机器人,881314,1229
sz002748,0,002748,T020401,化工原料,880336,X120505,塑料助剂,881049,1230
sz002749,0,002749,T020402,农药化肥,880337,X120701,农药,881056,1231
sz002752,0,002752,T0602,广告包装,880421,X230202,金属包装,881173,1232
sz002753,0,002753,T020401,化工原料,880336,X120602,炭黑,881053,1233
sz002755,0,002755,T040501,化学制药,880401,X270101,化学制剂,881232,1234
sz002756,0,002756,T020205,小金属,880329,X140301,锂,881079,1235
sz002757,0,002757,T070506,专用机械,880445,X320399,其他专用设备,881309,1236
sz002758,0,002758,T050107,批发业,880413,X2505,贸易,881206,1237
sz002759,0,002759,T0706,电气设备,880446,X300202,电池化学品,881264,1238
sz002760,0,002760,T070402,机械基件,880439,X320207,磨具磨料,881301,1239
sz002761,0,002761,T110101,建筑工程,880477,X5201,房屋建设,881406,1240
sz002762,0,002762,T030302,服饰,880369,X220204,非运动服装,881161,1241
sz002763,0,002763,T030302,服饰,880369,X220202,鞋帽及其他,881159,1242
sz002765,0,002765,T1204,元器件,880492,X400301,面板,881330,1243
sz002766,0,002766,T040202,汽车配件,880392,X260305,汽车电子电气系统,881223,1244
sz002767,0,002767,T0708,电器仪表,880448,X320201,仪器仪表,881295,1245
sz002768,0,002768,T020404,塑料,880338,X120503,改性塑料,881047,1246
sz002769,0,002769,T0902,仓储物流,880464,X610401,供应链服务,881453,1247
sz002771,0,002771,T1205,软件服务,880493,X420202,行业应用软件,881357,1248
sz002772,0,002772,T030201,种植业,880361,X200102,食用菌,881108,1249
sz002773,0,002773,T040501,化学制药,880401,X270101,化学制剂,881232,1250
sz002774,0,002774,T0703,运输设备,880432,X320305,楼宇设备,881308,1251
sz002775,0,002775,T110101,建筑工程,880477,X520202,园林工程,881409,1252
sz002777,0,002777,T1205,软件服务,880493,X420202,行业应用软件,881357,1253
sz002778,0,002778,T0805,环境保护,880456,X630202,水治理,881473,1254
sz002779,0,002779,T070505,农用机械,880444,X320304,农用机械,881307,1255
sz002780,0,002780,T030302,服饰,880369,X220203,运动服装,881160,1256
sz002782,0,002782,T1204,元器件,880492,X400201,消费电子组件,881327,1257
sz002783,0,002783,T020401,化工原料,880336,X120403,民爆制品,881037,1258
sz002785,0,002785,T020604,其他建材,880348,X150306,其他建材,881103,1259
sz002786,0,002786,T070506,专用机械,880445,X320399,其他专用设备,881309,1260
sz002787,0,002787,T0602,广告包装,880421,X230202,金属包装,881173,1261
sz002788,0,002788,T050104,医药商业,880410,X270501,医药流通,881253,1262
sz002789,0,002789,T110102,装修装饰,880478,X5205,装修装饰,881416,1263
sz002790,0,002790,T0404,家居用品,880399,X230302,其他家居,881179,1264
sz002791,0,002791,T020604,其他建材,880348,X150306,其他建材,881103,1265
sz002792,0,002792,T1202,通信设备,880490,X410102,网络接配及塔设,881340,1266
sz002793,0,002793,T040501,化学制药,880401,X270101,化学制剂,881232,1267
sz002795,0,002795,T070402,机械基件,880439,X320203,机械基础件,881297,1268
sz002796,0,002796,T1202,通信设备,880490,X410105,其他通信设备,881343,1269
sz002797,0,002797,T1002,证券,880472,X5101,证券,881394,1270
sz002798,0,002798,T0404,家居用品,880399,X230302,其他家居,881179,1271
sz002799,0,002799,T0602,广告包装,880421,X230204,纸包装,881175,1272
sz002800,0,002800,T0902,仓储物流,880464,X610401,供应链服务,881453,1273
sz002801,0,002801,T0706,电气设备,880446,X3001,电机制造,881261,1274
sz002802,0,002802,T020401,化工原料,880336,X120501,合成树脂,881045,1275
sz002803,0,002803,T1206,互联网,880494,X250602,跨境电商,881209,1276
sz002805,0,002805,T0706,电气设备,880446,X300202,电池化学品,881264,1277
sz002806,0,002806,T040202,汽车配件,880392,X260304,其他汽车零部件,881222,1278
sz002807,0,002807,T1001,银行,880471,X500202,农商行,881391,1279
sz002808,0,002808,T1204,元器件,880492,X400302,光学元件,881331,1280
sz002809,0,002809,T020401,化工原料,880336,X120499,其他化学制品,881043,1281
sz002810,0,002810,T020401,化工原料,880336,X120499,其他化学制品,881043,1282
sz002811,0,002811,T110102,装修装饰,880478,X5205,装修装饰,881416,1283
sz002812,0,002812,T0706,电气设备,880446,X300202,电池化学品,881264,1284
sz002813,0,002813,T040202,汽车配件,880392,X260305,汽车电子电气系统,881223,1285
sz002815,0,002815,T1204,元器件,880492,X400401,PCB,881334,1286
sz002816,0,002816,T070506,专用机械,880445,X320399,其他专用设备,881309,1287
sz002817,0,002817,T040501,化学制药,880401,X270102,原料药,881233,1288
sz002818,0,002818,T050105,其他商业,880411,X2503,商业物业经营,881204,1289
sz002819,0,002819,T0708,电器仪表,880448,X320201,仪器仪表,881295,1290
sz002820,0,002820,T030403,食品,880375,X210502,烘焙食品,881142,1291
sz002821,0,002821,T040502,生物制药,880402,X270402,医疗研发外包,881249,1292
sz002822,0,002822,T110102,装修装饰,880478,X5205,装修装饰,881416,1293
sz002823,0,002823,T070402,机械基件,880439,X3001,电机制造,881261,1294
sz002824,0,002824,T020202,铝,880326,X140102,铝,881073,1295
sz002825,0,002825,T020401,化工原料,880336,X120506,其他塑料制品,881050,1296
sz002826,0,002826,T040501,化学制药,880401,X270101,化学制剂,881232,1297
sz002827,0,002827,T020401,化工原料,880336,X120403,民爆制品,881037,1298
sz002828,0,002828,T010301,石油开采,880311,X110201,油田服务,881009,1299
sz002829,0,002829,T0701,航空,880430,X3103,航天装备,881289,1300
sz002830,0,002830,T110102,装修装饰,880478,X5205,装修装饰,881416,1301
sz002831,0,002831,T0602,广告包装,880421,X230204,纸包装,881175,1302
sz002832,0,002832,T030302,服饰,880369,X220203,运动服装,881160,1303
sz002833,0,002833,T070506,专用机械,880445,X320399,其他专用设备,881309,1304
sz002835,0,002835,T1201,IT设备,880489,X420101,安防设备,881353,1305
sz002836,0,002836,T0602,广告包装,880421,X230204,纸包装,881175,1306
sz002837,0,002837,T070506,专用机械,880445,X320399,其他专用设备,881309,1307
sz002838,0,002838,T020404,塑料,880338,X120503,改性塑料,881047,1308
sz002839,0,002839,T1001,银行,880471,X500202,农商行,881391,1309
sz002840,0,002840,T030403,食品,880375,X210601,肉制品,881145,1310
sz002841,0,002841,T1204,元器件,880492,X400202,品牌消费电子,881328,1311
sz002842,0,002842,T020205,小金属,880329,X140402,钨钼,881084,1312
sz002843,0,002843,T020103,钢加工,880321,X320204,金属制品,881298,1313
sz002845,0,002845,T1204,元器件,880492,X400301,面板,881330,1314
sz002846,0,002846,T0602,广告包装,880421,X230202,金属包装,881173,1315
sz002847,0,002847,T030403,食品,880375,X210501,零食,881141,1316
sz002848,0,002848,T0401,家用电器,880387,X240202,其他黑色家电,881189,1317
sz002849,0,002849,T0708,电器仪表,880448,X320201,仪器仪表,881295,1318
sz002850,0,002850,T0706,电气设备,880446,X300201,锂电池,881263,1319
sz002851,0,002851,T0706,电气设备,880446,X3006,其他发电设备,881285,1320
sz002852,0,002852,T030403,食品,880375,X200601,粮油加工,881124,1321
sz002853,0,002853,T0404,家居用品,880399,X230301,家具,881178,1322
sz002855,0,002855,T1204,元器件,880492,X400201,消费电子组件,881327,1323
sz002856,0,002856,T110102,装修装饰,880478,X5205,装修装饰,881416,1324
sz002857,0,002857,T0708,电器仪表,880448,X300301,电工仪器,881269,1325
sz002858,0,002858,T0603,文教休闲,880422,X6001,体育,881427,1326
sz002859,0,002859,T1204,元器件,880492,X400402,被动元件,881335,1327
sz002860,0,002860,T0401,家用电器,880387,X2406,家电零部件,881198,1328
sz002861,0,002861,T1204,元器件,880492,X400201,消费电子组件,881327,1329
sz002862,0,002862,T0603,文教休闲,880422,X230402,娱乐用品,881182,1330
sz002863,0,002863,T040202,汽车配件,880392,X260303,轮胎轮毂,881221,1331
sz002864,0,002864,T040503,中成药,880403,X2706,中药,881256,1332
sz002865,0,002865,T0706,电气设备,880446,X300403,光伏电池组件,881278,1333
sz002866,0,002866,T1201,IT设备,880489,X400201,消费电子组件,881327,1334
sz002867,0,002867,T030302,服饰,880369,X220301,钟表珠宝,881163,1335
sz002868,0,002868,T030206,农业综合,880366,X2007,动物保健,881127,1336
sz002869,0,002869,T1202,通信设备,880490,X4005,其他电子,881336,1337
sz002870,0,002870,T040202,汽车配件,880392,X260301,车身附件及饰件,881219,1338
sz002871,0,002871,T070402,机械基件,880439,X320203,机械基础件,881297,1339
sz002872,0,002872,T050104,医药商业,880410,X270501,医药流通,881253,1340
sz002873,0,002873,T040503,中成药,880403,X2706,中药,881256,1341
sz002875,0,002875,T030302,服饰,880369,X220204,非运动服装,881161,1342
sz002876,0,002876,T1204,元器件,880492,X400302,光学元件,881331,1343
sz002877,0,002877,T070402,机械基件,880439,X320203,机械基础件,881297,1344
sz002878,0,002878,T0602,广告包装,880421,X430202,其他广告营销,881372,1345
sz002879,0,002879,T0706,电气设备,880446,X300305,线缆部件及其他,881273,1346
sz002880,0,002880,T040502,生物制药,880402,X270201,血液制品,881235,1347
sz002881,0,002881,T1204,元器件,880492,X400201,消费电子组件,881327,1348
sz002882,0,002882,T0706,电气设备,880446,X300305,线缆部件及其他,881273,1349
sz002883,0,002883,T110101,建筑工程,880477,X5204,工程咨询服务,881415,1350
sz002884,0,002884,T070402,机械基件,880439,X320203,机械基础件,881297,1351
sz002885,0,002885,T1204,元器件,880492,X4005,其他电子,881336,1352
sz002886,0,002886,T020404,塑料,880338,X120503,改性塑料,881047,1353
sz002887,0,002887,T0805,环境保护,880456,X630204,生态修复,881475,1354
sz002888,0,002888,T1204,元器件,880492,X400201,消费电子组件,881327,1355
sz002889,0,002889,T0902,仓储物流,880464,X610401,供应链服务,881453,1356
sz002890,0,002890,T070505,农用机械,880444,X320304,农用机械,881307,1357
sz002891,0,002891,T030204,饲料,880364,X200503,宠物食品,881122,1358
sz002892,0,002892,T0706,电气设备,880446,X3001,电机制造,881261,1359
sz002893,0,002893,T0804,供气供热,880455,X620103,热力服务,881462,1360
sz002895,0,002895,T020401,化工原料,880336,X120703,磷肥及磷化工,881058,1361
sz002896,0,002896,T070402,机械基件,880439,X320203,机械基础件,881297,1362
sz002897,0,002897,T1204,元器件,880492,X410102,网络接配及塔设,881340,1363
sz002898,0,002898,T040501,化学制药,880401,X270101,化学制剂,881232,1364
sz002899,0,002899,T0603,文教休闲,880422,X230402,娱乐用品,881182,1365
sz002900,0,002900,T040501,化学制药,880401,X270101,化学制剂,881232,1366
sz002901,0,002901,T0403,医疗保健,880398,X270303,医疗耗材,881244,1367
sz002902,0,002902,T1202,通信设备,880490,X410102,网络接配及塔设,881340,1368
sz002903,0,002903,T070401,机床制造,880438,X320202,机床制造,881296,1369
sz002905,0,002905,T060102,影视音像,880420,X430302,发行院线,881375,1370
sz002906,0,002906,T040202,汽车配件,880392,X260305,汽车电子电气系统,881223,1371
sz002907,0,002907,T040503,中成药,880403,X2706,中药,881256,1372
sz002908,0,002908,T1205,软件服务,880493,X420202,行业应用软件,881357,1373
sz002909,0,002909,T020401,化工原料,880336,X120408,胶黏剂及胶带,881042,1374
sz002910,0,002910,T030401,乳制品,880373,X210302,乳制品,881138,1375
sz002911,0,002911,T0804,供气供热,880455,X6202,燃气,881467,1376
sz002912,0,002912,T1201,IT设备,880489,X420102,其他IT设备,881354,1377
sz002913,0,002913,T1204,元器件,880492,X400401,PCB,881334,1378
sz002915,0,002915,T020401,化工原料,880336,X120405,氟化工,881039,1379
sz002916,0,002916,T1204,元器件,880492,X400401,PCB,881334,1380
sz002917,0,002917,T020401,化工原料,880336,X120403,民爆制品,881037,1381
sz002918,0,002918,T020601,陶瓷,880345,X150301,陶瓷,881098,1382
sz002919,0,002919,T1206,互联网,880494,X4301,游戏,881369,1383
sz002920,0,002920,T040202,汽车配件,880392,X260305,汽车电子电气系统,881223,1384
sz002921,0,002921,T040202,汽车配件,880392,X260304,其他汽车零部件,881222,1385
sz002922,0,002922,T0706,电气设备,880446,X300303,输变电设备,881271,1386
sz002923,0,002923,T040501,化学制药,880401,X270101,化学制剂,881232,1387
sz002925,0,002925,T1204,元器件,880492,X400201,消费电子组件,881327,1388
sz002926,0,002926,T1002,证券,880472,X5101,证券,881394,1389
sz002927,0,002927,T0706,电气设备,880446,X300304,配电设备,881272,1390
sz002928,0,002928,T090103,空运,880462,X610201,航空运输,881447,1391
sz002929,0,002929,T1202,通信设备,880490,X410302,网络工程施工,881349,1392
sz002930,0,002930,T0902,仓储物流,880464,X610404,仓储物流,881456,1393
sz002931,0,002931,T070402,机械基件,880439,X320203,机械基础件,881297,1394
sz002932,0,002932,T0403,医疗保健,880398,X270204,诊断试剂,881238,1395
sz002933,0,002933,T0701,航空,880430,X3102,航空装备,881288,1396
sz002935,0,002935,T0701,航空,880430,X3105,军工电子,881291,1397
sz002936,0,002936,T1001,银行,880471,X500201,城商行,881390,1398
sz002937,0,002937,T1204,元器件,880492,X400201,消费电子组件,881327,1399
sz002938,0,002938,T1204,元器件,880492,X400401,PCB,881334,1400
sz002939,0,002939,T1002,证券,880472,X5101,证券,881394,1401
sz002940,0,002940,T040501,化学制药,880401,X270101,化学制剂,881232,1402
sz002941,0,002941,T110101,建筑工程,880477,X520201,基建工程,881408,1403
sz002942,0,002942,T020402,农药化肥,880337,X120701,农药,881056,1404
sz002943,0,002943,T070401,机床制造,880438,X320202,机床制造,881296,1405
sz002945,0,002945,T1002,证券,880472,X5101,证券,881394,1406
sz002946,0,002946,T030401,乳制品,880373,X210302,乳制品,881138,1407
sz002947,0,002947,T1204,元器件,880492,X400201,消费电子组件,881327,1408
sz002948,0,002948,T1001,银行,880471,X500201,城商行,881390,1409
sz002949,0,002949,T110101,建筑工程,880477,X5204,工程咨询服务,881415,1410
sz002950,0,002950,T0403,医疗保健,880398,X270303,医疗耗材,881244,1411
sz002951,0,002951,T0602,广告包装,880421,X230204,纸包装,881175,1412
sz002952,0,002952,T1204,元器件,880492,X400301,面板,881330,1413
sz002953,0,002953,T0706,电气设备,880446,X300305,线缆部件及其他,881273,1414
sz002955,0,002955,T1201,IT设备,880489,X400202,品牌消费电子,881328,1415
sz002956,0,002956,T030403,食品,880375,X210605,其他食品,881149,1416
sz002957,0,002957,T070506,专用机械,880445,X320502,工业控制设备,881315,1417
sz002958,0,002958,T1001,银行,880471,X500202,农商行,881391,1418
sz002959,0,002959,T0401,家用电器,880387,X240301,厨房小家电,881191,1419
sz002960,0,002960,T070506,专用机械,880445,X320305,楼宇设备,881308,1420
sz002961,0,002961,T1004,多元金融,880474,X510304,期货,881400,1421
sz002962,0,002962,T1204,元器件,880492,X400302,光学元件,881331,1422
sz002963,0,002963,T110102,装修装饰,880478,X5205,装修装饰,881416,1423
sz002965,0,002965,T040202,汽车配件,880392,X260304,其他汽车零部件,881222,1424
sz002966,0,002966,T1001,银行,880471,X500201,城商行,881390,1425
sz002967,0,002967,T0708,电器仪表,880448,X600602,检测服务,881438,1426
sz002968,0,002968,T110204,房产服务,880486,X530201,物业管理,881423,1427
sz002969,0,002969,T0602,广告包装,880421,X230202,金属包装,881173,1428
sz002970,0,002970,T1201,IT设备,880489,X420102,其他IT设备,881354,1429
sz002971,0,002971,T020401,化工原料,880336,X120499,其他化学制品,881043,1430
sz002972,0,002972,T0703,运输设备,880432,X3201,轨交设备,881293,1431
sz002973,0,002973,T0805,环境保护,880456,X630203,固废治理,881474,1432
sz002975,0,002975,T070506,专用机械,880445,X320502,工业控制设备,881315,1433
sz002976,0,002976,T040202,汽车配件,880392,X260304,其他汽车零部件,881222,1434
sz002977,0,002977,T1202,通信设备,880490,X3105,军工电子,881291,1435
sz002978,0,002978,T020205,小金属,880329,X140403,钛,881085,1436
sz002979,0,002979,T070506,专用机械,880445,X320502,工业控制设备,881315,1437
sz002980,0,002980,T0708,电器仪表,880448,X300301,电工仪器,881269,1438
sz002981,0,002981,T1204,元器件,880492,X400201,消费电子组件,881327,1439
sz002982,0,002982,T030206,农业综合,880366,X200202,肉鸡养殖,881113,1440
sz002983,0,002983,T1204,元器件,880492,X400303,LED,881332,1441
sz002984,0,002984,T040202,汽车配件,880392,X260303,轮胎轮毂,881221,1442
sz002985,0,002985,T0701,航空,880430,X3102,航空装备,881288,1443
sz002986,0,002986,T020401,化工原料,880336,X120306,有机化工原料,881032,1444
sz002987,0,002987,T1205,软件服务,880493,X420202,行业应用软件,881357,1445
sz002988,0,002988,T020202,铝,880326,X140102,铝,881073,1446
sz002989,0,002989,T110102,装修装饰,880478,X5205,装修装饰,881416,1447
sz002990,0,002990,T1205,软件服务,880493,X420202,行业应用软件,881357,1448
sz002991,0,002991,T030403,食品,880375,X210501,零食,881141,1449
sz002992,0,002992,T1204,元器件,880492,X400303,LED,881332,1450
sz002993,0,002993,T1204,元器件,880492,X400201,消费电子组件,881327,1451
sz002995,0,002995,T1206,互联网,880494,X430201,互联网广告,881371,1452
sz002996,0,002996,T020202,铝,880326,X140102,铝,881073,1453
sz002997,0,002997,T040202,汽车配件,880392,X260304,其他汽车零部件,881222,1454
sz002998,0,002998,T0203,化纤,880330,X120201,涤纶,881020,1455
sz002999,0,002999,T050107,批发业,880413,X120705,复合肥,881060,1456
sz003000,0,003000,T030403,食品,880375,X210501,零食,881141,1457
sz003001,0,003001,T110101,建筑工程,880477,X520304,其他专业工程,881414,1458
sz003002,0,003002,T020401,化工原料,880336,X120403,民爆制品,881037,1459
sz003003,0,003003,T0602,广告包装,880421,X230205,其他包装,881176,1460
sz003004,0,003004,T1201,IT设备,880489,X420101,安防设备,881353,1461
sz003005,0,003005,T1205,软件服务,880493,X420202,行业应用软件,881357,1462
sz003006,0,003006,T0207,造纸,880350,X230102,生活用纸,881169,1463
sz003007,0,003007,T1205,软件服务,880493,X420303,云软件服务,881362,1464
sz003008,0,003008,T0706,电气设备,880446,X600602,检测服务,881438,1465
sz003009,0,003009,T0701,航空,880430,X3103,航天装备,881289,1466
sz003010,0,003010,T1206,互联网,880494,X250603,电商服务,881210,1467
sz003011,0,003011,T0404,家居用品,880399,X230301,家具,881178,1468
sz003012,0,003012,T020601,陶瓷,880345,X150301,陶瓷,881098,1469
sz003013,0,003013,T110101,建筑工程,880477,X5204,工程咨询服务,881415,1470
sz003015,0,003015,T1204,元器件,880492,X400302,光学元件,881331,1471
sz003016,0,003016,T030302,服饰,880369,X220204,非运动服装,881161,1472
sz003017,0,003017,T020401,化工原料,880336,X120305,无机盐,881031,1473
sz003018,0,003018,T020404,塑料,880338,X230203,塑料包装,881174,1474
sz003019,0,003019,T1204,元器件,880492,X400301,面板,881330,1475
sz003020,0,003020,T040501,化学制药,880401,X270101,化学制剂,881232,1476
sz003021,0,003021,T1204,元器件,880492,X3001,电机制造,881261,1477
sz003022,0,003022,T020401,化工原料,880336,X300405,光伏辅材,881280,1478
sz003023,0,003023,T0401,家用电器,880387,X240303,个护小家电,881193,1479
sz003025,0,003025,T070401,机床制造,880438,X320202,机床制造,881296,1480
sz003026,0,003026,T1203,半导体,880491,X400101,半导体材料,881320,1481
sz003027,0,003027,T0805,环境保护,880456,X630201,大气治理,881472,1482
sz003028,0,003028,T1204,元器件,880492,X4005,其他电子,881336,1483
sz003029,0,003029,T1205,软件服务,880493,X420201,基础软件,881356,1484
sz003030,0,003030,T030403,食品,880375,X200603,其他农产品加工,881126,1485
sz003031,0,003031,T1204,元器件,880492,X4005,其他电子,881336,1486
sz003032,0,003032,T0603,文教休闲,880422,X6002,教育培训,881428,1487
sz003033,0,003033,T040202,汽车配件,880392,X260304,其他汽车零部件,881222,1488
sz003035,0,003035,T010203,新型电力,880308,X620107,电能综合服务,881466,1489
sz003036,0,003036,T070504,纺织机械,880443,X320303,纺织服装设备,881306,1490
sz003037,0,003037,T020602,水泥,880346,X150102,水泥制品,881093,1491
sz003038,0,003038,T020202,铝,880326,X140102,铝,881073,1492
sz003039,0,003039,T0803,水务,880454,X6203,水务,881468,1493
sz003040,0,003040,T1202,通信设备,880490,X410104,通信终端及配件,881342,1494
sz003041,0,003041,T030301,纺织,880368,X220201,家纺,881158,1495
sz003042,0,003042,T020402,农药化肥,880337,X120701,农药,881056,1496
sz003043,0,003043,T1203,半导体,880491,X400102,半导体设备,881321,1497
sz003816,0,003816,T010203,新型电力,880308,X620106,核力发电,881465,1498
sz200011,0,200011,,,,,,,1499
sz200012,0,200012,,,,,,,1500
sz200016,0,200016,,,,,,,1501
sz200017,0,200017,,,,,,,1502
sz200019,0,200019,,,,,,,1503
sz200020,0,200020,,,,,,,1504
sz200025,0,200025,,,,,,,1505
sz200026,0,200026,,,,,,,1506
sz200028,0,200028,,,,,,,1507
sz200029,0,200029,,,,,,,1508
sz200030,0,200030,,,,,,,1509
sz200037,0,200037,,,,,,,1510
sz200045,0,200045,,,,,,,1511
sz200055,0,200055,,,,,,,1512
sz200056,0,200056,,,,,,,1513
sz200058,0,200058,,,,,,,1514
sz200429,0,200429,,,,,,,1515
sz200468,0,200468,,,,,,,1516
sz200488,0,200488,,,,,,,1517
sz200505,0,200505,,,,,,,1518
sz200512,0,200512,,,,,,,1519
sz200521,0,200521,,,,,,,1520
sz200530,0,200530,,,,,,,1521
sz200539,0,200539,,,,,,,1522
sz200541,0,200541,,,,,,,1523
sz200550,0,200550,,,,,,,1524
sz200553,0,200553,,,,,,,1525
sz200570,0,200570,,,,,,,1526
sz200581,0,200581,,,,,,,1527
sz200596,0,200596,,,,,,,1528
sz200625,0,200625,,,,,,,1529
sz200706,0,200706,,,,,,,1530
sz200725,0,200725,,,,,,,1531
sz200726,0,200726,,,,,,,1532
sz200761,0,200761,,,,,,,1533
sz200869,0,200869,,,,,,,1534
sz200992,0,200992,,,,,,,1535
sz201872,0,201872,,,,,,,1536
sz300001,0,300001,T0706,电气设备,880446,X300303,输变电设备,881271,1537
sz300002,0,300002,T1206,互联网,880494,X4301,游戏,881369,1538
sz300003,0,300003,T0403,医疗保健,880398,X270303,医疗耗材,881244,1539
sz300004,0,300004,T0706,电气设备,880446,X320299,其他通用设备,881302,1540
sz300005,0,300005,T030302,服饰,880369,X220203,运动服装,881160,1541
sz300006,0,300006,T040501,化学制药,880401,X270101,化学制剂,881232,1542
sz300007,0,300007,T0708,电器仪表,880448,X320201,仪器仪表,881295,1543
sz300008,0,300008,T0702,船舶,880431,X3104,航海装备,881290,1544
sz300009,0,300009,T040502,生物制药,880402,X270205,基因药物,881239,1545
sz300010,0,300010,T1205,软件服务,880493,X6002,教育培训,881428,1546
sz300011,0,300011,T0703,运输设备,880432,X3201,轨交设备,881293,1547
sz300012,0,300012,T0708,电器仪表,880448,X600602,检测服务,881438,1548
sz300013,0,300013,T0902,仓储物流,880464,X610401,供应链服务,881453,1549
sz300014,0,300014,T0706,电气设备,880446,X300201,锂电池,881263,1550
sz300015,0,300015,T0403,医疗保健,880398,X270403,医院,881250,1551
sz300016,0,300016,T040501,化学制药,880401,X270101,化学制剂,881232,1552
sz300017,0,300017,T1205,软件服务,880493,X420301,云基础设施服务,881360,1553
sz300018,0,300018,T0706,电气设备,880446,X300302,电网自动化,881270,1554
sz300019,0,300019,T020401,化工原料,880336,X120407,有机硅,881041,1555
sz300020,0,300020,T1205,软件服务,880493,X420202,行业应用软件,881357,1556
sz300021,0,300021,T110101,建筑工程,880477,X520304,其他专业工程,881414,1557
sz300022,0,300022,T070505,农用机械,880444,X2504,专业连锁,881205,1558
sz300024,0,300024,T070506,专用机械,880445,X320501,机器人,881314,1559
sz300025,0,300025,T1202,通信设备,880490,X410303,网络优化运维,881350,1560
sz300026,0,300026,T040503,中成药,880403,X2706,中药,881256,1561
sz300027,0,300027,T060102,影视音像,880420,X430301,影视制作,881374,1562
sz300029,0,300029,T110101,建筑工程,880477,X520304,其他专业工程,881414,1563
sz300030,0,300030,T0403,医疗保健,880398,X270302,医疗设备,881243,1564
sz300031,0,300031,T1206,互联网,880494,X4301,游戏,881369,1565
sz300032,0,300032,T1204,元器件,880492,X400201,消费电子组件,881327,1566
sz300033,0,300033,T1205,软件服务,880493,X420202,行业应用软件,881357,1567
sz300034,0,300034,T0701,航空,880430,X3102,航空装备,881288,1568
sz300035,0,300035,T0706,电气设备,880446,X300202,电池化学品,881264,1569
sz300036,0,300036,T1205,软件服务,880493,X420202,行业应用软件,881357,1570
sz300037,0,300037,T020401,化工原料,880336,X300202,电池化学品,881264,1571
sz300039,0,300039,T040503,中成药,880403,X2706,中药,881256,1572
sz300040,0,300040,T010203,新型电力,880308,X620107,电能综合服务,881466,1573
sz300041,0,300041,T020401,化工原料,880336,X120408,胶黏剂及胶带,881042,1574
sz300042,0,300042,T1201,IT设备,880489,X420102,其他IT设备,881354,1575
sz300043,0,300043,T1206,互联网,880494,X4301,游戏,881369,1576
sz300044,0,300044,T1205,软件服务,880493,X420202,行业应用软件,881357,1577
sz300045,0,300045,T1201,IT设备,880489,X3105,军工电子,881291,1578
sz300046,0,300046,T1203,半导体,880491,X400104,功率半导体,881323,1579
sz300047,0,300047,T1205,软件服务,880493,X420202,行业应用软件,881357,1580
sz300048,0,300048,T0706,电气设备,880446,X300303,输变电设备,881271,1581
sz300049,0,300049,T0403,医疗保健,880398,X270302,医疗设备,881243,1582
sz300050,0,300050,T1202,通信设备,880490,X410303,网络优化运维,881350,1583
sz300051,0,300051,T1301,综合类,880497,X9901,综合类,881478,1584
sz300052,0,300052,T1206,互联网,880494,X4301,游戏,881369,1585
sz300053,0,300053,T1203,半导体,880491,X400103,集成电路设计,881322,1586
sz300054,0,300054,T020401,化工原料,880336,X400101,半导体材料,881320,1587
sz300055,0,300055,T010302,石油加工,880312,X110303,其他石化,881014,1588
sz300056,0,300056,T0805,环境保护,880456,X630201,大气治理,881472,1589
sz300057,0,300057,T020202,铝,880326,X140102,铝,881073,1590
sz300058,0,300058,T0602,广告包装,880421,X430201,互联网广告,881371,1591
sz300059,0,300059,T1002,证券,880472,X5101,证券,881394,1592
sz300061,0,300061,T1206,互联网,880494,X430202,其他广告营销,881372,1593
sz300062,0,300062,T0706,电气设备,880446,X300303,输变电设备,881271,1594
sz300063,0,300063,T1206,互联网,880494,X430201,互联网广告,881371,1595
sz300065,0,300065,T0702,船舶,880431,X3104,航海装备,881290,1596
sz300066,0,300066,T0708,电器仪表,880448,X320201,仪器仪表,881295,1597
sz300067,0,300067,T020406,染料涂料,880340,X120404,纺织化学品,881038,1598
sz300068,0,300068,T0706,电气设备,880446,X300205,其他电池,881267,1599
sz300069,0,300069,T0706,电气设备,880446,X300305,线缆部件及其他,881273,1600
sz300070,0,300070,T0805,环境保护,880456,X630202,水治理,881473,1601
sz300071,0,300071,T0602,广告包装,880421,X430201,互联网广告,881371,1602
sz300072,0,300072,T020401,化工原料,880336,X120499,其他化学制品,881043,1603
sz300073,0,300073,T0706,电气设备,880446,X300202,电池化学品,881264,1604
sz300074,0,300074,T1205,软件服务,880493,X420202,行业应用软件,881357,1605
sz300075,0,300075,T1205,软件服务,880493,X420202,行业应用软件,881357,1606
sz300076,0,300076,T1201,IT设备,880489,X400301,面板,881330,1607
sz300077,0,300077,T1203,半导体,880491,X400103,集成电路设计,881322,1608
sz300078,0,300078,T1205,软件服务,880493,X420202,行业应用软件,881357,1609
sz300079,0,300079,T1201,IT设备,880489,X420202,行业应用软件,881357,1610
sz300080,0,300080,T0706,电气设备,880446,X300403,光伏电池组件,881278,1611
sz300081,0,300081,T0603,文教休闲,880422,X410202,电信增值服务,881346,1612
sz300082,0,300082,T020401,化工原料,880336,X120306,有机化工原料,881032,1613
sz300083,0,300083,T070401,机床制造,880438,X320202,机床制造,881296,1614
sz300084,0,300084,T070506,专用机械,880445,X320301,能源及重型设备,881304,1615
sz300085,0,300085,T1205,软件服务,880493,X420202,行业应用软件,881357,1616
sz300086,0,300086,T040501,化学制药,880401,X270101,化学制剂,881232,1617
sz300087,0,300087,T030201,种植业,880361,X200103,种子,881109,1618
sz300088,0,300088,T1204,元器件,880492,X400302,光学元件,881331,1619
sz300091,0,300091,T070402,机械基件,880439,X320299,其他通用设备,881302,1620
sz300092,0,300092,T070506,专用机械,880445,X320301,能源及重型设备,881304,1621
sz300093,0,300093,T0706,电气设备,880446,X300405,光伏辅材,881280,1622
sz300094,0,300094,T030202,渔业,880362,X200401,水产养殖,881117,1623
sz300095,0,300095,T070506,专用机械,880445,X320301,能源及重型设备,881304,1624
sz300096,0,300096,T1205,软件服务,880493,X420202,行业应用软件,881357,1625
sz300097,0,300097,T070506,专用机械,880445,X320399,其他专用设备,881309,1626
sz300098,0,300098,T1205,软件服务,880493,X420202,行业应用软件,881357,1627
sz300099,0,300099,T0708,电器仪表,880448,X320301,能源及重型设备,881304,1628
sz300100,0,300100,T040202,汽车配件,880392,X260301,车身附件及饰件,881219,1629
sz300101,0,300101,T1202,通信设备,880490,X3105,军工电子,881291,1630
sz300102,0,300102,T1203,半导体,880491,X400303,LED,881332,1631
sz300103,0,300103,T070506,专用机械,880445,X320399,其他专用设备,881309,1632
sz300105,0,300105,T0805,环境保护,880456,X6301,环保设备,881470,1633
sz300106,0,300106,T030401,乳制品,880373,X210302,乳制品,881138,1634
sz300107,0,300107,T020401,化工原料,880336,X120404,纺织化学品,881038,1635
sz300109,0,300109,T020401,化工原料,880336,X120499,其他化学制品,881043,1636
sz300110,0,300110,T040501,化学制药,880401,X270101,化学制剂,881232,1637
sz300111,0,300111,T040501,化学制药,880401,X270101,化学制剂,881232,1638
sz300112,0,300112,T0708,电器仪表,880448,X320201,仪器仪表,881295,1639
sz300113,0,300113,T1206,互联网,880494,X4301,游戏,881369,1640
sz300115,0,300115,T1204,元器件,880492,X400201,消费电子组件,881327,1641
sz300118,0,300118,T0706,电气设备,880446,X300403,光伏电池组件,881278,1642
sz300119,0,300119,T030206,农业综合,880366,X2007,动物保健,881127,1643
sz300120,0,300120,T1204,元器件,880492,X400301,面板,881330,1644
sz300121,0,300121,T020401,化工原料,880336,X120601,橡胶助剂,881052,1645
sz300122,0,300122,T040502,生物制药,880402,X270202,疫苗,881236,1646
sz300123,0,300123,T1203,半导体,880491,X3105,军工电子,881291,1647
sz300124,0,300124,T0708,电器仪表,880448,X320502,工业控制设备,881315,1648
sz300125,0,300125,T0706,电气设备,880446,X300403,光伏电池组件,881278,1649
sz300126,0,300126,T070502,轻工机械,880442,X320299,其他通用设备,881302,1650
sz300127,0,300127,T0208,矿物制品,880351,X140501,磁性材料,881088,1651
sz300128,0,300128,T1204,元器件,880492,X400302,光学元件,881331,1652
sz300129,0,300129,T0706,电气设备,880446,X300502,风电零部件,881284,1653
sz300130,0,300130,T1201,IT设备,880489,X420102,其他IT设备,881354,1654
sz300131,0,300131,T1204,元器件,880492,X4005,其他电子,881336,1655
sz300132,0,300132,T020401,化工原料,880336,X120102,化妆品,881018,1656
sz300133,0,300133,T060102,影视音像,880420,X430301,影视制作,881374,1657
sz300134,0,300134,T1202,通信设备,880490,X410102,网络接配及塔设,881340,1658
sz300135,0,300135,T010302,石油加工,880312,X110303,其他石化,881014,1659
sz300136,0,300136,T1204,元器件,880492,X400201,消费电子组件,881327,1660
sz300137,0,300137,T0805,环境保护,880456,X6303,环境监测,881476,1661
sz300138,0,300138,T030403,食品,880375,X200603,其他农产品加工,881126,1662
sz300139,0,300139,T020204,黄金,880328,X140201,黄金,881076,1663
sz300140,0,300140,T0805,环境保护,880456,X630203,固废治理,881474,1664
sz300141,0,300141,T0706,电气设备,880446,X300304,配电设备,881272,1665
sz300142,0,300142,T040502,生物制药,880402,X270202,疫苗,881236,1666
sz300143,0,300143,T0403,医疗保健,880398,X270403,医院,881250,1667
sz300144,0,300144,T060502,旅游景点,880426,X600501,旅游景区,881433,1668
sz300145,0,300145,T070402,机械基件,880439,X320203,机械基础件,881297,1669
sz300146,0,300146,T030403,食品,880375,X210604,保健品,881148,1670
sz300147,0,300147,T040503,中成药,880403,X2706,中药,881256,1671
sz300148,0,300148,T060101,出版业,880419,X430601,教育出版,881381,1672
sz300149,0,300149,T040502,生物制药,880402,X270402,医疗研发外包,881249,1673
sz300150,0,300150,T1205,软件服务,880493,X420202,行业应用软件,881357,1674
sz300151,0,300151,T070506,专用机械,880445,X320399,其他专用设备,881309,1675
sz300152,0,300152,T0805,环境保护,880456,X6301,环保设备,881470,1676
sz300153,0,300153,T0706,电气设备,880446,X3006,其他发电设备,881285,1677
sz300154,0,300154,T070402,机械基件,880439,X320299,其他通用设备,881302,1678
sz300155,0,300155,T1201,IT设备,880489,X420101,安防设备,881353,1679
sz300157,0,300157,T070506,专用机械,880445,X320299,其他通用设备,881302,1680
sz300158,0,300158,T040501,化学制药,880401,X270101,化学制剂,881232,1681
sz300159,0,300159,T070505,农用机械,880444,X320304,农用机械,881307,1682
sz300160,0,300160,T0401,家用电器,880387,X2406,家电零部件,881198,1683
sz300161,0,300161,T070401,机床制造,880438,X320202,机床制造,881296,1684
sz300162,0,300162,T1204,元器件,880492,X400303,LED,881332,1685
sz300163,0,300163,T0404,家居用品,880399,X230302,其他家居,881179,1686
sz300164,0,300164,T010301,石油开采,880311,X110202,油气工程,881010,1687
sz300165,0,300165,T0708,电器仪表,880448,X320201,仪器仪表,881295,1688
sz300166,0,300166,T1205,软件服务,880493,X420202,行业应用软件,881357,1689
sz300167,0,300167,T1205,软件服务,880493,X420202,行业应用软件,881357,1690
sz300168,0,300168,T1205,软件服务,880493,X420202,行业应用软件,881357,1691
sz300169,0,300169,T020404,塑料,880338,X120506,其他塑料制品,881050,1692
sz300170,0,300170,T1205,软件服务,880493,X420302,云平台服务,881361,1693
sz300171,0,300171,T0403,医疗保健,880398,X270305,制药装备,881246,1694
sz300172,0,300172,T0805,环境保护,880456,X630202,水治理,881473,1695
sz300173,0,300173,T070502,轻工机械,880442,X300203,锂电设备,881265,1696
sz300174,0,300174,T020401,化工原料,880336,X120499,其他化学制品,881043,1697
sz300175,0,300175,T030403,食品,880375,X200602,果蔬加工,881125,1698
sz300176,0,300176,T040202,汽车配件,880392,X260302,底盘与发动机系统,881220,1699
sz300177,0,300177,T1202,通信设备,880490,X3105,军工电子,881291,1700
sz300179,0,300179,T0208,矿物制品,880351,X320207,磨具磨料,881301,1701
sz300180,0,300180,T0203,化纤,880330,X120504,合成革,881048,1702
sz300181,0,300181,T040503,中成药,880403,X2706,中药,881256,1703
sz300182,0,300182,T060102,影视音像,880420,X430301,影视制作,881374,1704
sz300183,0,300183,T1202,通信设备,880490,X410105,其他通信设备,881343,1705
sz300184,0,300184,T1204,元器件,880492,X4005,其他电子,881336,1706
sz300185,0,300185,T0707,工程机械,880447,X300502,风电零部件,881284,1707
sz300187,0,300187,T0805,环境保护,880456,X630204,生态修复,881475,1708
sz300188,0,300188,T1205,软件服务,880493,X420201,基础软件,881356,1709
sz300189,0,300189,T030201,种植业,880361,X200103,种子,881109,1710
sz300190,0,300190,T0805,环境保护,880456,X630203,固废治理,881474,1711
sz300191,0,300191,T010301,石油开采,880311,X110201,油田服务,881009,1712
sz300192,0,300192,T0603,文教休闲,880422,X6002,教育培训,881428,1713
sz300193,0,300193,T070506,专用机械,880445,X320299,其他通用设备,881302,1714
sz300194,0,300194,T040501,化学制药,880401,X270101,化学制剂,881232,1715
sz300195,0,300195,T070502,轻工机械,880442,X320302,印刷包装机械,881305,1716
sz300196,0,300196,T020603,玻璃,880347,X150202,玻纤制造,881096,1717
sz300197,0,300197,T0805,环境保护,880456,X630204,生态修复,881475,1718
sz300198,0,300198,T020404,塑料,880338,X150302,管材,881099,1719
sz300199,0,300199,T040501,化学制药,880401,X270101,化学制剂,881232,1720
sz300200,0,300200,T020401,化工原料,880336,X120408,胶黏剂及胶带,881042,1721
sz300201,0,300201,T0707,工程机械,880447,X320401,工程机械整机,881311,1722
sz300203,0,300203,T0708,电器仪表,880448,X320201,仪器仪表,881295,1723
sz300204,0,300204,T040502,生物制药,880402,X270206,其他生物制药,881240,1724
sz300205,0,300205,T1202,通信设备,880490,X410104,通信终端及配件,881342,1725
sz300206,0,300206,T0403,医疗保健,880398,X270302,医疗设备,881243,1726
sz300207,0,300207,T0706,电气设备,880446,X300201,锂电池,881263,1727
sz300209,0,300209,T1206,互联网,880494,X250602,跨境电商,881209,1728
sz300210,0,300210,T070506,专用机械,880445,X320399,其他专用设备,881309,1729
sz300211,0,300211,T1202,通信设备,880490,X410105,其他通信设备,881343,1730
sz300212,0,300212,T1205,软件服务,880493,X420202,行业应用软件,881357,1731
sz300213,0,300213,T1202,通信设备,880490,X410105,其他通信设备,881343,1732
sz300214,0,300214,T020401,化工原料,880336,X120505,塑料助剂,881049,1733
sz300215,0,300215,T0706,电气设备,880446,X600602,检测服务,881438,1734
sz300217,0,300217,T0401,家用电器,880387,X2406,家电零部件,881198,1735
sz300218,0,300218,T020404,塑料,880338,X120504,合成革,881048,1736
sz300219,0,300219,T1204,元器件,880492,X400303,LED,881332,1737
sz300220,0,300220,T070506,专用机械,880445,X320503,激光设备,881316,1738
sz300221,0,300221,T020404,塑料,880338,X120503,改性塑料,881047,1739
sz300222,0,300222,T0706,电气设备,880446,X300302,电网自动化,881270,1740
sz300223,0,300223,T1203,半导体,880491,X400103,集成电路设计,881322,1741
sz300224,0,300224,T0208,矿物制品,880351,X140501,磁性材料,881088,1742
sz300225,0,300225,T020406,染料涂料,880340,X120402,涂料油墨,881036,1743
sz300226,0,300226,T1206,互联网,880494,X420402,产联网平台服务,881366,1744
sz300227,0,300227,T070506,专用机械,880445,X320503,激光设备,881316,1745
sz300228,0,300228,T070501,化工机械,880441,X320399,其他专用设备,881309,1746
sz300229,0,300229,T1205,软件服务,880493,X420202,行业应用软件,881357,1747
sz300230,0,300230,T020404,塑料,880338,X120506,其他塑料制品,881050,1748
sz300231,0,300231,T1205,软件服务,880493,X420202,行业应用软件,881357,1749
sz300232,0,300232,T1204,元器件,880492,X400303,LED,881332,1750
sz300233,0,300233,T040501,化学制药,880401,X270101,化学制剂,881232,1751
sz300234,0,300234,T020601,陶瓷,880345,X150301,陶瓷,881098,1752
sz300235,0,300235,T1205,软件服务,880493,X420202,行业应用软件,881357,1753
sz300236,0,300236,T1203,半导体,880491,X400101,半导体材料,881320,1754
sz300237,0,300237,T040202,汽车配件,880392,X260304,其他汽车零部件,881222,1755
sz300238,0,300238,T0403,医疗保健,880398,X270303,医疗耗材,881244,1756
sz300239,0,300239,T040502,生物制药,880402,X270206,其他生物制药,881240,1757
sz300240,0,300240,T0902,仓储物流,880464,X610401,供应链服务,881453,1758
sz300241,0,300241,T1203,半导体,880491,X400303,LED,881332,1759
sz300242,0,300242,T1206,互联网,880494,X430201,互联网广告,881371,1760
sz300243,0,300243,T020401,化工原料,880336,X120505,塑料助剂,881049,1761
sz300244,0,300244,T0403,医疗保健,880398,X270401,诊断服务,881248,1762
sz300245,0,300245,T1205,软件服务,880493,X420202,行业应用软件,881357,1763
sz300246,0,300246,T0403,医疗保健,880398,X270302,医疗设备,881243,1764
sz300247,0,300247,T0403,医疗保健,880398,X240303,个护小家电,881193,1765
sz300248,0,300248,T1205,软件服务,880493,X420202,行业应用软件,881357,1766
sz300249,0,300249,T1201,IT设备,880489,X420102,其他IT设备,881354,1767
sz300250,0,300250,T1205,软件服务,880493,X420202,行业应用软件,881357,1768
sz300251,0,300251,T060102,影视音像,880420,X430301,影视制作,881374,1769
sz300252,0,300252,T1202,通信设备,880490,X3105,军工电子,881291,1770
sz300253,0,300253,T1205,软件服务,880493,X420202,行业应用软件,881357,1771
sz300254,0,300254,T040501,化学制药,880401,X270101,化学制剂,881232,1772
sz300255,0,300255,T040502,生物制药,880402,X270206,其他生物制药,881240,1773
sz300256,0,300256,T1204,元器件,880492,X400201,消费电子组件,881327,1774
sz300257,0,300257,T070402,机械基件,880439,X320299,其他通用设备,881302,1775
sz300258,0,300258,T040202,汽车配件,880392,X260302,底盘与发动机系统,881220,1776
sz300259,0,300259,T0708,电器仪表,880448,X320201,仪器仪表,881295,1777
sz300260,0,300260,T070402,机械基件,880439,X320204,金属制品,881298,1778
sz300261,0,300261,T020402,农药化肥,880337,X120701,农药,881056,1779
sz300263,0,300263,T070506,专用机械,880445,X320299,其他通用设备,881302,1780
sz300264,0,300264,T1205,软件服务,880493,X420202,行业应用软件,881357,1781
sz300265,0,300265,T0706,电气设备,880446,X300305,线缆部件及其他,881273,1782
sz300266,0,300266,T0805,环境保护,880456,X630202,水治理,881473,1783
sz300267,0,300267,T040501,化学制药,880401,X270102,原料药,881233,1784
sz300268,0,300268,T030206,农业综合,880366,X200603,其他农产品加工,881126,1785
sz300269,0,300269,T1204,元器件,880492,X400303,LED,881332,1786
sz300270,0,300270,T1201,IT设备,880489,X420101,安防设备,881353,1787
sz300271,0,300271,T1205,软件服务,880493,X420202,行业应用软件,881357,1788
sz300272,0,300272,T0401,家用电器,880387,X240301,厨房小家电,881191,1789
sz300274,0,300274,T0706,电气设备,880446,X300404,光伏逆变器,881279,1790
sz300275,0,300275,T0707,工程机械,880447,X320301,能源及重型设备,881304,1791
sz300276,0,300276,T070506,专用机械,880445,X320399,其他专用设备,881309,1792
sz300277,0,300277,T070402,机械基件,880439,X320299,其他通用设备,881302,1793
sz300278,0,300278,T070506,专用机械,880445,X320502,工业控制设备,881315,1794
sz300279,0,300279,T1204,元器件,880492,X400201,消费电子组件,881327,1795
sz300281,0,300281,T070506,专用机械,880445,X320399,其他专用设备,881309,1796
sz300283,0,300283,T0706,电气设备,880446,X300304,配电设备,881272,1797
sz300284,0,300284,T110101,建筑工程,880477,X5204,工程咨询服务,881415,1798
sz300285,0,300285,T020601,陶瓷,880345,X120499,其他化学制品,881043,1799
sz300286,0,300286,T0708,电器仪表,880448,X300301,电工仪器,881269,1800
sz300287,0,300287,T1205,软件服务,880493,X420202,行业应用软件,881357,1801
sz300288,0,300288,T1205,软件服务,880493,X420202,行业应用软件,881357,1802
sz300289,0,300289,T0403,医疗保健,880398,X270204,诊断试剂,881238,1803
sz300290,0,300290,T1205,软件服务,880493,X420202,行业应用软件,881357,1804
sz300291,0,300291,T060102,影视音像,880420,X430301,影视制作,881374,1805
sz300292,0,300292,T1206,互联网,880494,X410202,电信增值服务,881346,1806
sz300293,0,300293,T070506,专用机械,880445,X320399,其他专用设备,881309,1807
sz300294,0,300294,T040502,生物制药,880402,X270201,血液制品,881235,1808
sz300295,0,300295,T1206,互联网,880494,X430402,文字图片媒体,881378,1809
sz300296,0,300296,T1204,元器件,880492,X400303,LED,881332,1810
sz300298,0,300298,T0403,医疗保健,880398,X270301,家用器械,881242,1811
sz300299,0,300299,T1206,互联网,880494,X4301,游戏,881369,1812
sz300300,0,300300,T1205,软件服务,880493,X420202,行业应用软件,881357,1813
sz300301,0,300301,T1203,半导体,880491,X400303,LED,881332,1814
sz300302,0,300302,T1201,IT设备,880489,X420102,其他IT设备,881354,1815
sz300303,0,300303,T1203,半导体,880491,X400303,LED,881332,1816
sz300304,0,300304,T040202,汽车配件,880392,X260305,汽车电子电气系统,881223,1817
sz300305,0,300305,T020404,塑料,880338,X120502,塑料薄膜,881046,1818
sz300306,0,300306,T0708,电器仪表,880448,X320201,仪器仪表,881295,1819
sz300307,0,300307,T070504,纺织机械,880443,X320303,纺织服装设备,881306,1820
sz300308,0,300308,T1202,通信设备,880490,X410102,网络接配及塔设,881340,1821
sz300310,0,300310,T1202,通信设备,880490,X410303,网络优化运维,881350,1822
sz300311,0,300311,T1205,软件服务,880493,X420201,基础软件,881356,1823
sz300313,0,300313,T030206,农业综合,880366,X200203,其他养殖,881114,1824
sz300314,0,300314,T0403,医疗保健,880398,X270302,医疗设备,881243,1825
sz300315,0,300315,T1206,互联网,880494,X4301,游戏,881369,1826
sz300316,0,300316,T070506,专用机械,880445,X300406,光伏加工设备,881281,1827
sz300317,0,300317,T0706,电气设备,880446,X620105,光伏发电,881464,1828
sz300318,0,300318,T0403,医疗保健,880398,X270204,诊断试剂,881238,1829
sz300319,0,300319,T1204,元器件,880492,X400402,被动元件,881335,1830
sz300320,0,300320,T020405,橡胶,880339,X120603,橡胶制品,881054,1831
sz300321,0,300321,T020404,塑料,880338,X120504,合成革,881048,1832
sz300322,0,300322,T1204,元器件,880492,X400201,消费电子组件,881327,1833
sz300323,0,300323,T1203,半导体,880491,X400303,LED,881332,1834
sz300324,0,300324,T1205,软件服务,880493,X420202,行业应用软件,881357,1835
sz300326,0,300326,T0403,医疗保健,880398,X270303,医疗耗材,881244,1836
sz300327,0,300327,T1203,半导体,880491,X400103,集成电路设计,881322,1837
sz300328,0,300328,T020205,小金属,880329,X140404,其他金属,881086,1838
sz300329,0,300329,T0603,文教休闲,880422,X230402,娱乐用品,881182,1839
sz300331,0,300331,T1204,元器件,880492,X400302,光学元件,881331,1840
sz300332,0,300332,T0804,供气供热,880455,X6202,燃气,881467,1841
sz300333,0,300333,T1201,IT设备,880489,X420102,其他IT设备,881354,1842
sz300334,0,300334,T070506,专用机械,880445,X6301,环保设备,881470,1843
sz300335,0,300335,T0804,供气供热,880455,X620103,热力服务,881462,1844
sz300337,0,300337,T020202,铝,880326,X140102,铝,881073,1845
sz300338,0,300338,T0603,文教休闲,880422,X6002,教育培训,881428,1846
sz300339,0,300339,T1205,软件服务,880493,X420202,行业应用软件,881357,1847
sz300340,0,300340,T0706,电气设备,880446,X300202,电池化学品,881264,1848
sz300341,0,300341,T0706,电气设备,880446,X300303,输变电设备,881271,1849
sz300342,0,300342,T0401,家用电器,880387,X2406,家电零部件,881198,1850
sz300343,0,300343,T020401,化工原料,880336,X120405,氟化工,881039,1851
sz300345,0,300345,T0706,电气设备,880446,X300401,光伏硅料,881276,1852
sz300346,0,300346,T1203,半导体,880491,X400101,半导体材料,881320,1853
sz300347,0,300347,T0403,医疗保健,880398,X270402,医疗研发外包,881249,1854
sz300348,0,300348,T1205,软件服务,880493,X420202,行业应用软件,881357,1855
sz300349,0,300349,T0708,电器仪表,880448,X320201,仪器仪表,881295,1856
sz300350,0,300350,T0902,仓储物流,880464,X610401,供应链服务,881453,1857
sz300351,0,300351,T0703,运输设备,880432,X3201,轨交设备,881293,1858
sz300352,0,300352,T1205,软件服务,880493,X420201,基础软件,881356,1859
sz300353,0,300353,T1202,通信设备,880490,X410105,其他通信设备,881343,1860
sz300354,0,300354,T0708,电器仪表,880448,X320201,仪器仪表,881295,1861
sz300355,0,300355,T0805,环境保护,880456,X630204,生态修复,881475,1862
sz300357,0,300357,T040502,生物制药,880402,X270206,其他生物制药,881240,1863
sz300358,0,300358,T0403,医疗保健,880398,X270305,制药装备,881246,1864
sz300359,0,300359,T0603,文教休闲,880422,X6002,教育培训,881428,1865
sz300360,0,300360,T0708,电器仪表,880448,X300301,电工仪器,881269,1866
sz300363,0,300363,T040501,化学制药,880401,X270402,医疗研发外包,881249,1867
sz300364,0,300364,T060101,出版业,880419,X430603,其他出版,881383,1868
sz300365,0,300365,T1205,软件服务,880493,X420202,行业应用软件,881357,1869
sz300366,0,300366,T1205,软件服务,880493,X420202,行业应用软件,881357,1870
sz300368,0,300368,T1201,IT设备,880489,X420102,其他IT设备,881354,1871
sz300369,0,300369,T1205,软件服务,880493,X420201,基础软件,881356,1872
sz300370,0,300370,T0708,电器仪表,880448,X320201,仪器仪表,881295,1873
sz300371,0,300371,T0708,电器仪表,880448,X320201,仪器仪表,881295,1874
sz300373,0,300373,T1203,半导体,880491,X400104,功率半导体,881323,1875
sz300374,0,300374,T020604,其他建材,880348,X150306,其他建材,881103,1876
sz300375,0,300375,T040202,汽车配件,880392,X260302,底盘与发动机系统,881220,1877
sz300376,0,300376,T0706,电气设备,880446,X3006,其他发电设备,881285,1878
sz300377,0,300377,T1205,软件服务,880493,X420202,行业应用软件,881357,1879
sz300378,0,300378,T1205,软件服务,880493,X420201,基础软件,881356,1880
sz300380,0,300380,T1205,软件服务,880493,X420202,行业应用软件,881357,1881
sz300381,0,300381,T040501,化学制药,880401,X270102,原料药,881233,1882
sz300382,0,300382,T070506,专用机械,880445,X320302,印刷包装机械,881305,1883
sz300383,0,300383,T1205,软件服务,880493,X420301,云基础设施服务,881360,1884
sz300384,0,300384,T110101,建筑工程,880477,X520301,化学工程,881411,1885
sz300385,0,300385,T0805,环境保护,880456,X630201,大气治理,881472,1886
sz300386,0,300386,T1201,IT设备,880489,X420102,其他IT设备,881354,1887
sz300387,0,300387,T020402,农药化肥,880337,X120705,复合肥,881060,1888
sz300388,0,300388,T0805,环境保护,880456,X630202,水治理,881473,1889
sz300389,0,300389,T1204,元器件,880492,X400303,LED,881332,1890
sz300390,0,300390,T0706,电气设备,880446,X140301,锂,881079,1891
sz300393,0,300393,T020404,塑料,880338,X300403,光伏电池组件,881278,1892
sz300394,0,300394,T1202,通信设备,880490,X410102,网络接配及塔设,881340,1893
sz300395,0,300395,T020603,玻璃,880347,X150201,玻璃制造,881095,1894
sz300396,0,300396,T0403,医疗保健,880398,X270304,体外诊断,881245,1895
sz300397,0,300397,T1202,通信设备,880490,X3105,军工电子,881291,1896
sz300398,0,300398,T020401,化工原料,880336,X400101,半导体材料,881320,1897
sz300399,0,300399,T1206,互联网,880494,X420202,行业应用软件,881357,1898
sz300400,0,300400,T070506,专用机械,880445,X320399,其他专用设备,881309,1899
sz300401,0,300401,T040501,化学制药,880401,X270102,原料药,881233,1900
sz300402,0,300402,T070506,专用机械,880445,X320204,金属制品,881298,1901
sz300403,0,300403,T0401,家用电器,880387,X2406,家电零部件,881198,1902
sz300404,0,300404,T0403,医疗保健,880398,X270402,医疗研发外包,881249,1903
sz300405,0,300405,T020401,化工原料,880336,X120499,其他化学制品,881043,1904
sz300406,0,300406,T0403,医疗保健,880398,X270204,诊断试剂,881238,1905
sz300407,0,300407,T0706,电气设备,880446,X300302,电网自动化,881270,1906
sz300408,0,300408,T1204,元器件,880492,X400402,被动元件,881335,1907
sz300409,0,300409,T0706,电气设备,880446,X300202,电池化学品,881264,1908
sz300410,0,300410,T070506,专用机械,880445,X300203,锂电设备,881265,1909
sz300411,0,300411,T070506,专用机械,880445,X320299,其他通用设备,881302,1910
sz300412,0,300412,T0403,医疗保健,880398,X270305,制药装备,881246,1911
sz300413,0,300413,T060102,影视音像,880420,X430401,视频音频媒体,881377,1912
sz300414,0,300414,T1202,通信设备,880490,X410105,其他通信设备,881343,1913
sz300415,0,300415,T070506,专用机械,880445,X320399,其他专用设备,881309,1914
sz300416,0,300416,T0708,电器仪表,880448,X600602,检测服务,881438,1915
sz300417,0,300417,T0708,电器仪表,880448,X320201,仪器仪表,881295,1916
sz300418,0,300418,T1206,互联网,880494,X4301,游戏,881369,1917
sz300419,0,300419,T1205,软件服务,880493,X420202,行业应用软件,881357,1918
sz300420,0,300420,T070402,机械基件,880439,X320399,其他专用设备,881309,1919
sz300421,0,300421,T070402,机械基件,880439,X320203,机械基础件,881297,1920
sz300422,0,300422,T0805,环境保护,880456,X630202,水治理,881473,1921
sz300423,0,300423,T0706,电气设备,880446,X300303,输变电设备,881271,1922
sz300424,0,300424,T0701,航空,880430,X3102,航空装备,881288,1923
sz300425,0,300425,T0805,环境保护,880456,X630202,水治理,881473,1924
sz300426,0,300426,T060102,影视音像,880420,X430301,影视制作,881374,1925
sz300427,0,300427,T0706,电气设备,880446,X300302,电网自动化,881270,1926
sz300428,0,300428,T040202,汽车配件,880392,X260303,轮胎轮毂,881221,1927
sz300429,0,300429,T020401,化工原料,880336,X400101,半导体材料,881320,1928
sz300430,0,300430,T0708,电器仪表,880448,X320502,工业控制设备,881315,1929
sz300432,0,300432,T040202,汽车配件,880392,X260302,底盘与发动机系统,881220,1930
sz300433,0,300433,T1204,元器件,880492,X400201,消费电子组件,881327,1931
sz300434,0,300434,T040501,化学制药,880401,X270101,化学制剂,881232,1932
sz300435,0,300435,T0804,供气供热,880455,X6202,燃气,881467,1933
sz300436,0,300436,T040501,化学制药,880401,X270101,化学制剂,881232,1934
sz300437,0,300437,T020401,化工原料,880336,X630202,水治理,881473,1935
sz300438,0,300438,T0706,电气设备,880446,X300201,锂电池,881263,1936
sz300439,0,300439,T0403,医疗保健,880398,X270204,诊断试剂,881238,1937
sz300440,0,300440,T1205,软件服务,880493,X420202,行业应用软件,881357,1938
sz300441,0,300441,T070401,机床制造,880438,X320206,制冷空调设备,881300,1939
sz300442,0,300442,T1205,软件服务,880493,X420301,云基础设施服务,881360,1940
sz300443,0,300443,T0706,电气设备,880446,X300502,风电零部件,881284,1941
sz300444,0,300444,T0706,电气设备,880446,X300303,输变电设备,881271,1942
sz300445,0,300445,T0708,电器仪表,880448,X320201,仪器仪表,881295,1943
sz300446,0,300446,T040202,汽车配件,880392,X260301,车身附件及饰件,881219,1944
sz300447,0,300447,T0706,电气设备,880446,X3105,军工电子,881291,1945
sz300448,0,300448,T1205,软件服务,880493,X420202,行业应用软件,881357,1946
sz300449,0,300449,T1201,IT设备,880489,X420101,安防设备,881353,1947
sz300450,0,300450,T070506,专用机械,880445,X300203,锂电设备,881265,1948
sz300451,0,300451,T1205,软件服务,880493,X420202,行业应用软件,881357,1949
sz300452,0,300452,T040501,化学制药,880401,X270102,原料药,881233,1950
sz300453,0,300453,T0403,医疗保健,880398,X270303,医疗耗材,881244,1951
sz300454,0,300454,T1205,软件服务,880493,X420201,基础软件,881356,1952
sz300455,0,300455,T1201,IT设备,880489,X420102,其他IT设备,881354,1953
sz300456,0,300456,T1203,半导体,880491,X400105,半导体制造,881324,1954
sz300457,0,300457,T070506,专用机械,880445,X300203,锂电设备,881265,1955
sz300458,0,300458,T1203,半导体,880491,X400103,集成电路设计,881322,1956
sz300459,0,300459,T1206,互联网,880494,X4301,游戏,881369,1957
sz300460,0,300460,T1204,元器件,880492,X400402,被动元件,881335,1958
sz300461,0,300461,T070506,专用机械,880445,X320502,工业控制设备,881315,1959
sz300462,0,300462,T1201,IT设备,880489,X420102,其他IT设备,881354,1960
sz300463,0,300463,T0403,医疗保健,880398,X270204,诊断试剂,881238,1961
sz300464,0,300464,T070402,机械基件,880439,X250602,跨境电商,881209,1962
sz300465,0,300465,T1205,软件服务,880493,X420202,行业应用软件,881357,1963
sz300466,0,300466,T0708,电器仪表,880448,X320201,仪器仪表,881295,1964
sz300467,0,300467,T1206,互联网,880494,X4301,游戏,881369,1965
sz300468,0,300468,T1205,软件服务,880493,X420202,行业应用软件,881357,1966
sz300469,0,300469,T1205,软件服务,880493,X420202,行业应用软件,881357,1967
sz300470,0,300470,T070402,机械基件,880439,X320203,机械基础件,881297,1968
sz300471,0,300471,T070506,专用机械,880445,X320399,其他专用设备,881309,1969
sz300472,0,300472,T070506,专用机械,880445,X320399,其他专用设备,881309,1970
sz300473,0,300473,T040202,汽车配件,880392,X260302,底盘与发动机系统,881220,1971
sz300474,0,300474,T1204,元器件,880492,X3105,军工电子,881291,1972
sz300475,0,300475,T1204,元器件,880492,X4005,其他电子,881336,1973
sz300476,0,300476,T1204,元器件,880492,X400401,PCB,881334,1974
sz300477,0,300477,T0706,电气设备,880446,X300304,配电设备,881272,1975
sz300478,0,300478,T020404,塑料,880338,X120503,改性塑料,881047,1976
sz300479,0,300479,T1205,软件服务,880493,X420102,其他IT设备,881354,1977
sz300480,0,300480,T070506,专用机械,880445,X320301,能源及重型设备,881304,1978
sz300481,0,300481,T020401,化工原料,880336,X120306,有机化工原料,881032,1979
sz300482,0,300482,T0403,医疗保健,880398,X270304,体外诊断,881245,1980
sz300483,0,300483,T010301,石油开采,880311,X1101,油气开采,881007,1981
sz300484,0,300484,T0706,电气设备,880446,X320502,工业控制设备,881315,1982
sz300485,0,300485,T040502,生物制药,880402,X270203,抗体,881237,1983
sz300486,0,300486,T070506,专用机械,880445,X320399,其他专用设备,881309,1984
sz300487,0,300487,T020401,化工原料,880336,X120501,合成树脂,881045,1985
sz300488,0,300488,T070402,机械基件,880439,X320204,金属制品,881298,1986
sz300489,0,300489,T070506,专用机械,880445,X320503,激光设备,881316,1987
sz300490,0,300490,T070506,专用机械,880445,X300203,锂电设备,881265,1988
sz300491,0,300491,T0706,电气设备,880446,X3006,其他发电设备,881285,1989
sz300492,0,300492,T0603,文教休闲,880422,X6002,教育培训,881428,1990
sz300493,0,300493,T1204,元器件,880492,X4005,其他电子,881336,1991
sz300494,0,300494,T1206,互联网,880494,X4301,游戏,881369,1992
sz300496,0,300496,T1205,软件服务,880493,X420202,行业应用软件,881357,1993
sz300497,0,300497,T040501,化学制药,880401,X270102,原料药,881233,1994
sz300498,0,300498,T030206,农业综合,880366,X200201,生猪养殖,881112,1995
sz300499,0,300499,T070506,专用机械,880445,X320399,其他专用设备,881309,1996
sz300500,0,300500,T110101,建筑工程,880477,X5204,工程咨询服务,881415,1997
sz300501,0,300501,T0602,广告包装,880421,X230205,其他包装,881176,1998
sz300502,0,300502,T1202,通信设备,880490,X410102,网络接配及塔设,881340,1999
sz300503,0,300503,T070402,机械基件,880439,X320203,机械基础件,881297,2000
sz300504,0,300504,T1202,通信设备,880490,X410104,通信终端及配件,881342,2001
sz300505,0,300505,T020402,农药化肥,880337,X120703,磷肥及磷化工,881058,2002
sz300506,0,300506,T110101,建筑工程,880477,X5205,装修装饰,881416,2003
sz300507,0,300507,T040202,汽车配件,880392,X260302,底盘与发动机系统,881220,2004
sz300508,0,300508,T1205,软件服务,880493,X420202,行业应用软件,881357,2005
sz300509,0,300509,T070506,专用机械,880445,X320302,印刷包装机械,881305,2006
sz300510,0,300510,T0706,电气设备,880446,X300302,电网自动化,881270,2007
sz300511,0,300511,T030201,种植业,880361,X200102,食用菌,881108,2008
sz300512,0,300512,T070506,专用机械,880445,X320302,印刷包装机械,881305,2009
sz300513,0,300513,T1205,软件服务,880493,X420202,行业应用软件,881357,2010
sz300514,0,300514,T0708,电器仪表,880448,X300301,电工仪器,881269,2011
sz300515,0,300515,T0708,电器仪表,880448,X320201,仪器仪表,881295,2012
sz300516,0,300516,T0708,电器仪表,880448,X3105,军工电子,881291,2013
sz300517,0,300517,T110101,建筑工程,880477,X520302,钢结构,881412,2014
sz300518,0,300518,T1206,互联网,880494,X250603,电商服务,881210,2015
sz300519,0,300519,T040503,中成药,880403,X2706,中药,881256,2016
sz300520,0,300520,T1205,软件服务,880493,X420202,行业应用软件,881357,2017
sz300521,0,300521,T070506,专用机械,880445,X320302,印刷包装机械,881305,2018
sz300522,0,300522,T020406,染料涂料,880340,X120402,涂料油墨,881036,2019
sz300523,0,300523,T1205,软件服务,880493,X420202,行业应用软件,881357,2020
sz300525,0,300525,T1205,软件服务,880493,X420202,行业应用软件,881357,2021
sz300527,0,300527,T070506,专用机械,880445,X3101,地面兵装,881287,2022
sz300528,0,300528,T060102,影视音像,880420,X430302,发行院线,881375,2023
sz300529,0,300529,T0403,医疗保健,880398,X270303,医疗耗材,881244,2024
sz300530,0,300530,T0706,电气设备,880446,X300201,锂电池,881263,2025
sz300531,0,300531,T1201,IT设备,880489,X420102,其他IT设备,881354,2026
sz300532,0,300532,T1205,软件服务,880493,X420202,行业应用软件,881357,2027
sz300533,0,300533,T1206,互联网,880494,X4301,游戏,881369,2028
sz300534,0,300534,T040503,中成药,880403,X2706,中药,881256,2029
sz300535,0,300535,T020401,化工原料,880336,X120499,其他化学制品,881043,2030
sz300536,0,300536,T110101,建筑工程,880477,X520202,园林工程,881409,2031
sz300537,0,300537,T020406,染料涂料,880340,X400101,半导体材料,881320,2032
sz300538,0,300538,T020404,塑料,880338,X120503,改性塑料,881047,2033
sz300539,0,300539,T020404,塑料,880338,X120506,其他塑料制品,881050,2034
sz300540,0,300540,T070506,专用机械,880445,X320399,其他专用设备,881309,2035
sz300541,0,300541,T1205,软件服务,880493,X420202,行业应用软件,881357,2036
sz300542,0,300542,T1205,软件服务,880493,X420202,行业应用软件,881357,2037
sz300543,0,300543,T1204,元器件,880492,X4005,其他电子,881336,2038
sz300545,0,300545,T070506,专用机械,880445,X320399,其他专用设备,881309,2039
sz300546,0,300546,T1201,IT设备,880489,X420102,其他IT设备,881354,2040
sz300547,0,300547,T040202,汽车配件,880392,X260302,底盘与发动机系统,881220,2041
sz300548,0,300548,T1202,通信设备,880490,X410102,网络接配及塔设,881340,2042
sz300549,0,300549,T070506,专用机械,880445,X320399,其他专用设备,881309,2043
sz300550,0,300550,T1205,软件服务,880493,X420202,行业应用软件,881357,2044
sz300551,0,300551,T1205,软件服务,880493,X420202,行业应用软件,881357,2045
sz300552,0,300552,T1201,IT设备,880489,X420102,其他IT设备,881354,2046
sz300553,0,300553,T0708,电器仪表,880448,X320201,仪器仪表,881295,2047
sz300554,0,300554,T0208,矿物制品,880351,X320207,磨具磨料,881301,2048
sz300555,0,300555,T1202,通信设备,880490,X410105,其他通信设备,881343,2049
sz300556,0,300556,T1205,软件服务,880493,X420202,行业应用软件,881357,2050
sz300557,0,300557,T0708,电器仪表,880448,X320201,仪器仪表,881295,2051
sz300558,0,300558,T040501,化学制药,880401,X270101,化学制剂,881232,2052
sz300559,0,300559,T1205,软件服务,880493,X420202,行业应用软件,881357,2053
sz300560,0,300560,T1202,通信设备,880490,X410303,网络优化运维,881350,2054
sz300561,0,300561,T1205,软件服务,880493,X420202,行业应用软件,881357,2055
sz300562,0,300562,T0403,医疗保健,880398,X270301,家用器械,881242,2056
sz300563,0,300563,T1202,通信设备,880490,X410101,光纤光缆,881339,2057
sz300564,0,300564,T110101,建筑工程,880477,X5204,工程咨询服务,881415,2058
sz300565,0,300565,T1202,通信设备,880490,X410102,网络接配及塔设,881340,2059
sz300566,0,300566,T1204,元器件,880492,X400302,光学元件,881331,2060
sz300567,0,300567,T0708,电器仪表,880448,X320201,仪器仪表,881295,2061
sz300568,0,300568,T020401,化工原料,880336,X300202,电池化学品,881264,2062
sz300569,0,300569,T0706,电气设备,880446,X300502,风电零部件,881284,2063
sz300570,0,300570,T1202,通信设备,880490,X410102,网络接配及塔设,881340,2064
sz300571,0,300571,T1206,互联网,880494,X430402,文字图片媒体,881378,2065
sz300572,0,300572,T0708,电器仪表,880448,X600602,检测服务,881438,2066
sz300573,0,300573,T040501,化学制药,880401,X270101,化学制剂,881232,2067
sz300575,0,300575,T020402,农药化肥,880337,X120701,农药,881056,2068
sz300576,0,300576,T020406,染料涂料,880340,X400101,半导体材料,881320,2069
sz300577,0,300577,T030301,纺织,880368,X220104,其他纺织,881155,2070
sz300578,0,300578,T1202,通信设备,880490,X410202,电信增值服务,881346,2071
sz300579,0,300579,T1205,软件服务,880493,X420201,基础软件,881356,2072
sz300580,0,300580,T040202,汽车配件,880392,X260302,底盘与发动机系统,881220,2073
sz300581,0,300581,T0701,航空,880430,X3102,航空装备,881288,2074
sz300582,0,300582,T1204,元器件,880492,X400303,LED,881332,2075
sz300583,0,300583,T040501,化学制药,880401,X270102,原料药,881233,2076
sz300584,0,300584,T040501,化学制药,880401,X270101,化学制剂,881232,2077
sz300585,0,300585,T040202,汽车配件,880392,X260302,底盘与发动机系统,881220,2078
sz300586,0,300586,T020401,化工原料,880336,X120505,塑料助剂,881049,2079
sz300587,0,300587,T020405,橡胶,880339,X120603,橡胶制品,881054,2080
sz300588,0,300588,T1201,IT设备,880489,X420101,安防设备,881353,2081
sz300589,0,300589,T0702,船舶,880431,X3104,航海装备,881290,2082
sz300590,0,300590,T1202,通信设备,880490,X410104,通信终端及配件,881342,2083
sz300591,0,300591,T030302,服饰,880369,X220202,鞋帽及其他,881159,2084
sz300592,0,300592,T1206,互联网,880494,X250602,跨境电商,881209,2085
sz300593,0,300593,T0706,电气设备,880446,X3006,其他发电设备,881285,2086
sz300594,0,300594,T0703,运输设备,880432,X3201,轨交设备,881293,2087
sz300595,0,300595,T0403,医疗保健,880398,X270303,医疗耗材,881244,2088
sz300596,0,300596,T020401,化工原料,880336,X120505,塑料助剂,881049,2089
sz300597,0,300597,T1202,通信设备,880490,X410301,网络规划设计,881348,2090
sz300598,0,300598,T1205,软件服务,880493,X420202,行业应用软件,881357,2091
sz300599,0,300599,T020404,塑料,880338,X150302,管材,881099,2092
sz300600,0,300600,T0702,船舶,880431,X3104,航海装备,881290,2093
sz300601,0,300601,T040502,生物制药,880402,X270202,疫苗,881236,2094
sz300602,0,300602,T1204,元器件,880492,X400201,消费电子组件,881327,2095
sz300603,0,300603,T1202,通信设备,880490,X420301,云基础设施服务,881360,2096
sz300604,0,300604,T1203,半导体,880491,X400102,半导体设备,881321,2097
sz300605,0,300605,T1205,软件服务,880493,X420202,行业应用软件,881357,2098
sz300606,0,300606,T070402,机械基件,880439,X320207,磨具磨料,881301,2099
sz300607,0,300607,T070506,专用机械,880445,X320501,机器人,881314,2100
sz300608,0,300608,T1205,软件服务,880493,X420202,行业应用软件,881357,2101
sz300609,0,300609,T1205,软件服务,880493,X420202,行业应用软件,881357,2102
sz300610,0,300610,T020401,化工原料,880336,X120499,其他化学制品,881043,2103
sz300611,0,300611,T040202,汽车配件,880392,X260304,其他汽车零部件,881222,2104
sz300612,0,300612,T0602,广告包装,880421,X430201,互联网广告,881371,2105
sz300613,0,300613,T1203,半导体,880491,X400103,集成电路设计,881322,2106
sz300614,0,300614,T0805,环境保护,880456,X630203,固废治理,881474,2107
sz300615,0,300615,T1202,通信设备,880490,X410102,网络接配及塔设,881340,2108
sz300616,0,300616,T0404,家居用品,880399,X230301,家具,881178,2109
sz300617,0,300617,T0706,电气设备,880446,X300305,线缆部件及其他,881273,2110
sz300618,0,300618,T020205,小金属,880329,X140303,钴,881081,2111
sz300619,0,300619,T070506,专用机械,880445,X300203,锂电设备,881265,2112
sz300620,0,300620,T1202,通信设备,880490,X410102,网络接配及塔设,881340,2113
sz300621,0,300621,T110102,装修装饰,880478,X5205,装修装饰,881416,2114
sz300622,0,300622,T050105,其他商业,880411,X2504,专业连锁,881205,2115
sz300623,0,300623,T1203,半导体,880491,X400104,功率半导体,881323,2116
sz300624,0,300624,T1205,软件服务,880493,X420201,基础软件,881356,2117
sz300625,0,300625,T0401,家用电器,880387,X400303,LED,881332,2118
sz300626,0,300626,T0706,电气设备,880446,X3001,电机制造,881261,2119
sz300627,0,300627,T1202,通信设备,880490,X410105,其他通信设备,881343,2120
sz300628,0,300628,T1202,通信设备,880490,X410104,通信终端及配件,881342,2121
sz300629,0,300629,T1204,元器件,880492,X3105,军工电子,881291,2122
sz300631,0,300631,T0805,环境保护,880456,X6301,环保设备,881470,2123
sz300632,0,300632,T1203,半导体,880491,X400303,LED,881332,2124
sz300633,0,300633,T0403,医疗保健,880398,X270302,医疗设备,881243,2125
sz300634,0,300634,T1205,软件服务,880493,X420202,行业应用软件,881357,2126
sz300635,0,300635,T110101,建筑工程,880477,X5204,工程咨询服务,881415,2127
sz300636,0,300636,T040501,化学制药,880401,X270102,原料药,881233,2128
sz300637,0,300637,T020401,化工原料,880336,X120499,其他化学制品,881043,2129
sz300638,0,300638,T1202,通信设备,880490,X410104,通信终端及配件,881342,2130
sz300639,0,300639,T0403,医疗保健,880398,X270204,诊断试剂,881238,2131
sz300640,0,300640,T0404,家居用品,880399,X230302,其他家居,881179,2132
sz300641,0,300641,T020401,化工原料,880336,X120306,有机化工原料,881032,2133
sz300642,0,300642,T0403,医疗保健,880398,X270204,诊断试剂,881238,2134
sz300643,0,300643,T040202,汽车配件,880392,X260304,其他汽车零部件,881222,2135
sz300644,0,300644,T020404,塑料,880338,X120503,改性塑料,881047,2136
sz300645,0,300645,T1205,软件服务,880493,X420202,行业应用软件,881357,2137
sz300647,0,300647,T020401,化工原料,880336,X300202,电池化学品,881264,2138
sz300648,0,300648,T0706,电气设备,880446,X300203,锂电设备,881265,2139
sz300649,0,300649,T110101,建筑工程,880477,X520202,园林工程,881409,2140
sz300650,0,300650,T1204,元器件,880492,X4005,其他电子,881336,2141
sz300651,0,300651,T0603,文教休闲,880422,X6001,体育,881427,2142
sz300652,0,300652,T040202,汽车配件,880392,X260303,轮胎轮毂,881221,2143
sz300653,0,300653,T0403,医疗保健,880398,X270303,医疗耗材,881244,2144
sz300654,0,300654,T060101,出版业,880419,X430601,教育出版,881381,2145
sz300655,0,300655,T1203,半导体,880491,X400101,半导体材料,881320,2146
sz300656,0,300656,T1201,IT设备,880489,X4005,其他电子,881336,2147
sz300657,0,300657,T1204,元器件,880492,X400401,PCB,881334,2148
sz300658,0,300658,T030301,纺织,880368,X220104,其他纺织,881155,2149
sz300659,0,300659,T1201,IT设备,880489,X420102,其他IT设备,881354,2150
sz300660,0,300660,T0706,电气设备,880446,X3001,电机制造,881261,2151
sz300661,0,300661,T1203,半导体,880491,X400103,集成电路设计,881322,2152
sz300662,0,300662,T0603,文教休闲,880422,X600601,人力资源服务,881437,2153
sz300663,0,300663,T1205,软件服务,880493,X420202,行业应用软件,881357,2154
sz300664,0,300664,T0805,环境保护,880456,X630202,水治理,881473,2155
sz300665,0,300665,T020406,染料涂料,880340,X120402,涂料油墨,881036,2156
sz300666,0,300666,T1203,半导体,880491,X400101,半导体材料,881320,2157
sz300667,0,300667,T0708,电器仪表,880448,X320201,仪器仪表,881295,2158
sz300668,0,300668,T110102,装修装饰,880478,X5204,工程咨询服务,881415,2159
sz300669,0,300669,T0703,运输设备,880432,X320305,楼宇设备,881308,2160
sz300670,0,300670,T0706,电气设备,880446,X300304,配电设备,881272,2161
sz300671,0,300671,T1203,半导体,880491,X400103,集成电路设计,881322,2162
sz300672,0,300672,T1203,半导体,880491,X400103,集成电路设计,881322,2163
sz300673,0,300673,T030204,饲料,880364,X200503,宠物食品,881122,2164
sz300674,0,300674,T1205,软件服务,880493,X420202,行业应用软件,881357,2165
sz300675,0,300675,T110101,建筑工程,880477,X5204,工程咨询服务,881415,2166
sz300676,0,300676,T0403,医疗保健,880398,X270401,诊断服务,881248,2167
sz300677,0,300677,T0403,医疗保健,880398,X270303,医疗耗材,881244,2168
sz300678,0,300678,T1205,软件服务,880493,X420202,行业应用软件,881357,2169
sz300679,0,300679,T1204,元器件,880492,X400201,消费电子组件,881327,2170
sz300680,0,300680,T040202,汽车配件,880392,X260302,底盘与发动机系统,881220,2171
sz300681,0,300681,T040202,汽车配件,880392,X260305,汽车电子电气系统,881223,2172
sz300682,0,300682,T1205,软件服务,880493,X420202,行业应用软件,881357,2173
sz300683,0,300683,T040502,生物制药,880402,X270206,其他生物制药,881240,2174
sz300684,0,300684,T1204,元器件,880492,X4005,其他电子,881336,2175
sz300685,0,300685,T0403,医疗保健,880398,X270204,诊断试剂,881238,2176
sz300686,0,300686,T1204,元器件,880492,X400201,消费电子组件,881327,2177
sz300687,0,300687,T1205,软件服务,880493,X420304,其他云服务,881363,2178
sz300688,0,300688,T0603,文教休闲,880422,X6002,教育培训,881428,2179
sz300689,0,300689,T1202,通信设备,880490,X410104,通信终端及配件,881342,2180
sz300690,0,300690,T0706,电气设备,880446,X300502,风电零部件,881284,2181
sz300691,0,300691,T1204,元器件,880492,X400302,光学元件,881331,2182
sz300692,0,300692,T0805,环境保护,880456,X630202,水治理,881473,2183
sz300693,0,300693,T0706,电气设备,880446,X3006,其他发电设备,881285,2184
sz300694,0,300694,T040202,汽车配件,880392,X260302,底盘与发动机系统,881220,2185
sz300695,0,300695,T040202,汽车配件,880392,X260303,轮胎轮毂,881221,2186
sz300696,0,300696,T0701,航空,880430,X3102,航空装备,881288,2187
sz300697,0,300697,T020201,铜,880325,X140101,铜,881072,2188
sz300698,0,300698,T1202,通信设备,880490,X410102,网络接配及塔设,881340,2189
sz300699,0,300699,T0203,化纤,880330,X120205,碳纤维,881024,2190
sz300700,0,300700,T0208,矿物制品,880351,X320207,磨具磨料,881301,2191
sz300701,0,300701,T1204,元器件,880492,X400302,光学元件,881331,2192
sz300702,0,300702,T040501,化学制药,880401,X270102,原料药,881233,2193
sz300703,0,300703,T0603,文教休闲,880422,X230401,文化用品,881181,2194
sz300705,0,300705,T040501,化学制药,880401,X270101,化学制剂,881232,2195
sz300706,0,300706,T1204,元器件,880492,X400101,半导体材料,881320,2196
sz300707,0,300707,T040202,汽车配件,880392,X260304,其他汽车零部件,881222,2197
sz300708,0,300708,T1203,半导体,880491,X400303,LED,881332,2198
sz300709,0,300709,T1204,元器件,880492,X400201,消费电子组件,881327,2199
sz300710,0,300710,T1202,通信设备,880490,X410102,网络接配及塔设,881340,2200
sz300711,0,300711,T1202,通信设备,880490,X410105,其他通信设备,881343,2201
sz300712,0,300712,T110101,建筑工程,880477,X520304,其他专业工程,881414,2202
sz300713,0,300713,T0706,电气设备,880446,X3006,其他发电设备,881285,2203
sz300715,0,300715,T020604,其他建材,880348,X150304,防水材料,881101,2204
sz300716,0,300716,T020404,塑料,880338,X120503,改性塑料,881047,2205
sz300717,0,300717,T020404,塑料,880338,X120506,其他塑料制品,881050,2206
sz300718,0,300718,T070402,机械基件,880439,X320203,机械基础件,881297,2207
sz300719,0,300719,T0701,航空,880430,X3102,航空装备,881288,2208
sz300720,0,300720,T0708,电器仪表,880448,X320201,仪器仪表,881295,2209
sz300721,0,300721,T020401,化工原料,880336,X120306,有机化工原料,881032,2210
sz300722,0,300722,T0701,航空,880430,X3103,航天装备,881289,2211
sz300723,0,300723,T040501,化学制药,880401,X270101,化学制剂,881232,2212
sz300724,0,300724,T070506,专用机械,880445,X300406,光伏加工设备,881281,2213
sz300725,0,300725,T040501,化学制药,880401,X270402,医疗研发外包,881249,2214
sz300726,0,300726,T1204,元器件,880492,X3105,军工电子,881291,2215
sz300727,0,300727,T020401,化工原料,880336,X120407,有机硅,881041,2216
sz300728,0,300728,T0208,矿物制品,880351,X150202,玻纤制造,881096,2217
sz300729,0,300729,T0404,家居用品,880399,X230301,家具,881178,2218
sz300730,0,300730,T1205,软件服务,880493,X420202,行业应用软件,881357,2219
sz300731,0,300731,T020405,橡胶,880339,X120603,橡胶制品,881054,2220
sz300732,0,300732,T110101,建筑工程,880477,X5204,工程咨询服务,881415,2221
sz300733,0,300733,T040202,汽车配件,880392,X260302,底盘与发动机系统,881220,2222
sz300735,0,300735,T1204,元器件,880492,X400201,消费电子组件,881327,2223
sz300736,0,300736,T1202,通信设备,880490,X600604,其他专业服务,881440,2224
sz300737,0,300737,T020604,其他建材,880348,X150304,防水材料,881101,2225
sz300738,0,300738,T1205,软件服务,880493,X420301,云基础设施服务,881360,2226
sz300739,0,300739,T1204,元器件,880492,X400401,PCB,881334,2227
sz300740,0,300740,T0301,日用化工,880355,X120102,化妆品,881018,2228
sz300741,0,300741,T030403,食品,880375,X120406,食品助剂,881040,2229
sz300743,0,300743,T1201,IT设备,880489,X420102,其他IT设备,881354,2230
sz300745,0,300745,T040202,汽车配件,880392,X260304,其他汽车零部件,881222,2231
sz300746,0,300746,T110101,建筑工程,880477,X5204,工程咨询服务,881415,2232
sz300747,0,300747,T070506,专用机械,880445,X320503,激光设备,881316,2233
sz300748,0,300748,T0208,矿物制品,880351,X140501,磁性材料,881088,2234
sz300749,0,300749,T0404,家居用品,880399,X230301,家具,881178,2235
sz300750,0,300750,T0706,电气设备,880446,X300201,锂电池,881263,2236
sz300751,0,300751,T070506,专用机械,880445,X300406,光伏加工设备,881281,2237
sz300752,0,300752,T1204,元器件,880492,X400303,LED,881332,2238
sz300753,0,300753,T0403,医疗保健,880398,X270302,医疗设备,881243,2239
sz300755,0,300755,T050105,其他商业,880411,X2504,专业连锁,881205,2240
sz300756,0,300756,T070506,专用机械,880445,X320399,其他专用设备,881309,2241
sz300757,0,300757,T070506,专用机械,880445,X320502,工业控制设备,881315,2242
sz300758,0,300758,T020406,染料涂料,880340,X120402,涂料油墨,881036,2243
sz300759,0,300759,T040501,化学制药,880401,X270402,医疗研发外包,881249,2244
sz300760,0,300760,T0403,医疗保健,880398,X270302,医疗设备,881243,2245
sz300761,0,300761,T030206,农业综合,880366,X200202,肉鸡养殖,881113,2246
sz300762,0,300762,T1202,通信设备,880490,X3105,军工电子,881291,2247
sz300763,0,300763,T0706,电气设备,880446,X300404,光伏逆变器,881279,2248
sz300765,0,300765,T030403,食品,880375,X210604,保健品,881148,2249
sz300766,0,300766,T1206,互联网,880494,X420202,行业应用软件,881357,2250
sz300767,0,300767,T020405,橡胶,880339,X120603,橡胶制品,881054,2251
sz300768,0,300768,T1205,软件服务,880493,X420201,基础软件,881356,2252
sz300769,0,300769,T020401,化工原料,880336,X300202,电池化学品,881264,2253
sz300770,0,300770,T060102,影视音像,880420,X4307,广播电视,881384,2254
sz300771,0,300771,T1201,IT设备,880489,X420102,其他IT设备,881354,2255
sz300772,0,300772,T0706,电气设备,880446,X300501,风电整机,881283,2256
sz300773,0,300773,T1205,软件服务,880493,X510399,其他金融服务,881404,2257
sz300774,0,300774,T0805,环境保护,880456,X630202,水治理,881473,2258
sz300775,0,300775,T0701,航空,880430,X3102,航空装备,881288,2259
sz300776,0,300776,T070506,专用机械,880445,X300406,光伏加工设备,881281,2260
sz300777,0,300777,T0203,化纤,880330,X120205,碳纤维,881024,2261
sz300778,0,300778,T110101,建筑工程,880477,X5204,工程咨询服务,881415,2262
sz300779,0,300779,T0805,环境保护,880456,X630203,固废治理,881474,2263
sz300780,0,300780,T070402,机械基件,880439,X320203,机械基础件,881297,2264
sz300781,0,300781,T0602,广告包装,880421,X430202,其他广告营销,881372,2265
sz300782,0,300782,T1203,半导体,880491,X400103,集成电路设计,881322,2266
sz300783,0,300783,T030403,食品,880375,X210501,零食,881141,2267
sz300784,0,300784,T020404,塑料,880338,X120506,其他塑料制品,881050,2268
sz300785,0,300785,T1206,互联网,880494,X250603,电商服务,881210,2269
sz300786,0,300786,T0805,环境保护,880456,X6301,环保设备,881470,2270
sz300787,0,300787,T1204,元器件,880492,X400201,消费电子组件,881327,2271
sz300788,0,300788,T060101,出版业,880419,X430602,大众出版,881382,2272
sz300789,0,300789,T0703,运输设备,880432,X3201,轨交设备,881293,2273
sz300790,0,300790,T1204,元器件,880492,X400302,光学元件,881331,2274
sz300791,0,300791,T0403,医疗保健,880398,X210604,保健品,881148,2275
sz300792,0,300792,T1206,互联网,880494,X250603,电商服务,881210,2276
sz300793,0,300793,T1201,IT设备,880489,X400201,消费电子组件,881327,2277
sz300795,0,300795,T0603,文教休闲,880422,X600603,会展服务,881439,2278
sz300796,0,300796,T020402,农药化肥,880337,X120701,农药,881056,2279
sz300797,0,300797,T0708,电器仪表,880448,X600602,检测服务,881438,2280
sz300798,0,300798,T020406,染料涂料,880340,X120404,纺织化学品,881038,2281
sz300800,0,300800,T0805,环境保护,880456,X6303,环境监测,881476,2282
sz300801,0,300801,T020401,化工原料,880336,X120499,其他化学制品,881043,2283
sz300802,0,300802,T070506,专用机械,880445,X320502,工业控制设备,881315,2284
sz300803,0,300803,T1205,软件服务,880493,X420202,行业应用软件,881357,2285
sz300804,0,300804,T020402,农药化肥,880337,X120701,农药,881056,2286
sz300805,0,300805,T0602,广告包装,880421,X430202,其他广告营销,881372,2287
sz300806,0,300806,T020404,塑料,880338,X120502,塑料薄膜,881046,2288
sz300807,0,300807,T1205,软件服务,880493,X420202,行业应用软件,881357,2289
sz300808,0,300808,T0401,家用电器,880387,X400303,LED,881332,2290
sz300809,0,300809,T070401,机床制造,880438,X320202,机床制造,881296,2291
sz300810,0,300810,T0702,船舶,880431,X3104,航海装备,881290,2292
sz300811,0,300811,T0208,矿物制品,880351,X140501,磁性材料,881088,2293
sz300812,0,300812,T070506,专用机械,880445,X320399,其他专用设备,881309,2294
sz300813,0,300813,T0403,医疗保健,880398,X270305,制药装备,881246,2295
sz300814,0,300814,T1204,元器件,880492,X400401,PCB,881334,2296
sz300815,0,300815,T0805,环境保护,880456,X630203,固废治理,881474,2297
sz300816,0,300816,T040202,汽车配件,880392,X260304,其他汽车零部件,881222,2298
sz300817,0,300817,T070402,机械基件,880439,X320203,机械基础件,881297,2299
sz300818,0,300818,T070506,专用机械,880445,X320207,磨具磨料,881301,2300
sz300819,0,300819,T030301,纺织,880368,X220104,其他纺织,881155,2301
sz300820,0,300820,T0706,电气设备,880446,X3006,其他发电设备,881285,2302
sz300821,0,300821,T020401,化工原料,880336,X120407,有机硅,881041,2303
sz300822,0,300822,T1204,元器件,880492,X4005,其他电子,881336,2304
sz300823,0,300823,T070506,专用机械,880445,X320399,其他专用设备,881309,2305
sz300824,0,300824,T0401,家用电器,880387,X240301,厨房小家电,881191,2306
sz300825,0,300825,T040203,汽车服务,880393,X260402,汽车综合服务,881226,2307
sz300826,0,300826,T110101,建筑工程,880477,X5204,工程咨询服务,881415,2308
sz300827,0,300827,T0706,电气设备,880446,X300404,光伏逆变器,881279,2309
sz300828,0,300828,T070402,机械基件,880439,X320204,金属制品,881298,2310
sz300829,0,300829,T030403,食品,880375,X120406,食品助剂,881040,2311
sz300830,0,300830,T1205,软件服务,880493,X420202,行业应用软件,881357,2312
sz300831,0,300831,T1203,半导体,880491,X400104,功率半导体,881323,2313
sz300832,0,300832,T0403,医疗保健,880398,X270204,诊断试剂,881238,2314
sz300833,0,300833,T070506,专用机械,880445,X320399,其他专用设备,881309,2315
sz300834,0,300834,T020401,化工原料,880336,X120501,合成树脂,881045,2316
sz300835,0,300835,T0208,矿物制品,880351,X140501,磁性材料,881088,2317
sz300836,0,300836,T070506,专用机械,880445,X320399,其他专用设备,881309,2318
sz300837,0,300837,T070506,专用机械,880445,X320301,能源及重型设备,881304,2319
sz300838,0,300838,T070402,机械基件,880439,X320203,机械基础件,881297,2320
sz300839,0,300839,T010302,石油加工,880312,X110303,其他石化,881014,2321
sz300840,0,300840,T030302,服饰,880369,X220204,非运动服装,881161,2322
sz300841,0,300841,T040502,生物制药,880402,X270202,疫苗,881236,2323
sz300842,0,300842,T0706,电气设备,880446,X300405,光伏辅材,881280,2324
sz300843,0,300843,T1204,元器件,880492,X400201,消费电子组件,881327,2325
sz300844,0,300844,T110101,建筑工程,880477,X5204,工程咨询服务,881415,2326
sz300845,0,300845,T1205,软件服务,880493,X420202,行业应用软件,881357,2327
sz300846,0,300846,T1205,软件服务,880493,X420301,云基础设施服务,881360,2328
sz300847,0,300847,T020401,化工原料,880336,X120499,其他化学制品,881043,2329
sz300848,0,300848,T020401,化工原料,880336,X120401,聚氨酯,881035,2330
sz300849,0,300849,T020404,塑料,880338,X230203,塑料包装,881174,2331
sz300850,0,300850,T070402,机械基件,880439,X300502,风电零部件,881284,2332
sz300851,0,300851,T0703,运输设备,880432,X3201,轨交设备,881293,2333
sz300852,0,300852,T1204,元器件,880492,X400401,PCB,881334,2334
sz300853,0,300853,T070506,专用机械,880445,X300302,电网自动化,881270,2335
sz300854,0,300854,T0805,环境保护,880456,X630203,固废治理,881474,2336
sz300855,0,300855,T020205,小金属,880329,X140502,其他金属新材料,881089,2337
sz300856,0,300856,T0301,日用化工,880355,X120102,化妆品,881018,2338
sz300857,0,300857,T1201,IT设备,880489,X400201,消费电子组件,881327,2339
sz300858,0,300858,T030403,食品,880375,X120406,食品助剂,881040,2340
sz300859,0,300859,T060501,旅游服务,880425,X600502,旅游服务,881434,2341
sz300860,0,300860,T0603,文教休闲,880422,X600603,会展服务,881439,2342
sz300861,0,300861,T0208,矿物制品,880351,X320207,磨具磨料,881301,2343
sz300862,0,300862,T0708,电器仪表,880448,X320201,仪器仪表,881295,2344
sz300863,0,300863,T040202,汽车配件,880392,X260305,汽车电子电气系统,881223,2345
sz300864,0,300864,T0805,环境保护,880456,X6303,环境监测,881476,2346
sz300865,0,300865,T070506,专用机械,880445,X320301,能源及重型设备,881304,2347
sz300866,0,300866,T1204,元器件,880492,X400202,品牌消费电子,881328,2348
sz300867,0,300867,T0805,环境保护,880456,X630203,固废治理,881474,2349
sz300868,0,300868,T1204,元器件,880492,X400201,消费电子组件,881327,2350
sz300869,0,300869,T0403,医疗保健,880398,X270302,医疗设备,881243,2351
sz300870,0,300870,T0706,电气设备,880446,X3006,其他发电设备,881285,2352
sz300871,0,300871,T030206,农业综合,880366,X2007,动物保健,881127,2353
sz300872,0,300872,T1205,软件服务,880493,X420304,其他云服务,881363,2354
sz300873,0,300873,T0902,仓储物流,880464,X610401,供应链服务,881453,2355
sz300875,0,300875,T070506,专用机械,880445,X3101,地面兵装,881287,2356
sz300876,0,300876,T0203,化纤,880330,X120299,其他化学纤维,881025,2357
sz300877,0,300877,T030301,纺织,880368,X220104,其他纺织,881155,2358
sz300878,0,300878,T040503,中成药,880403,X2706,中药,881256,2359
sz300879,0,300879,T070505,农用机械,880444,X320304,农用机械,881307,2360
sz300880,0,300880,T0708,电器仪表,880448,X300301,电工仪器,881269,2361
sz300881,0,300881,T020103,钢加工,880321,X1303,特钢,881069,2362
sz300882,0,300882,T0708,电器仪表,880448,X300301,电工仪器,881269,2363
sz300883,0,300883,T0207,造纸,880350,X230204,纸包装,881175,2364
sz300884,0,300884,T1201,IT设备,880489,X420101,安防设备,881353,2365
sz300885,0,300885,T070402,机械基件,880439,X320203,机械基础件,881297,2366
sz300886,0,300886,T020401,化工原料,880336,X120499,其他化学制品,881043,2367
sz300887,0,300887,T0708,电器仪表,880448,X600602,检测服务,881438,2368
sz300888,0,300888,T0403,医疗保健,880398,X270303,医疗耗材,881244,2369
sz300889,0,300889,T0706,电气设备,880446,X400303,LED,881332,2370
sz300890,0,300890,T0706,电气设备,880446,X300202,电池化学品,881264,2371
sz300891,0,300891,T020401,化工原料,880336,X120302,钛白粉,881028,2372
sz300892,0,300892,T030401,乳制品,880373,X210302,乳制品,881138,2373
sz300893,0,300893,T040202,汽车配件,880392,X260304,其他汽车零部件,881222,2374
sz300894,0,300894,T0401,家用电器,880387,X240401,厨房电器,881195,2375
sz300895,0,300895,T1205,软件服务,880493,X420301,云基础设施服务,881360,2376
sz300896,0,300896,T0403,医疗保健,880398,X270701,医美耗材,881258,2377
sz300897,0,300897,T0708,电器仪表,880448,X320201,仪器仪表,881295,2378
sz300898,0,300898,T030401,乳制品,880373,X210302,乳制品,881138,2379
sz300899,0,300899,T0805,环境保护,880456,X630202,水治理,881473,2380
sz300900,0,300900,T0701,航空,880430,X3102,航空装备,881288,2381
sz300901,0,300901,T030302,服饰,880369,X220202,鞋帽及其他,881159,2382
sz300902,0,300902,T070506,专用机械,880445,X320399,其他专用设备,881309,2383
sz300903,0,300903,T1204,元器件,880492,X400401,PCB,881334,2384
sz300904,0,300904,T0706,电气设备,880446,X300502,风电零部件,881284,2385
sz300905,0,300905,T020406,染料涂料,880340,X120404,纺织化学品,881038,2386
sz300906,0,300906,T0703,运输设备,880432,X3201,轨交设备,881293,2387
sz300907,0,300907,T0706,电气设备,880446,X3001,电机制造,881261,2388
sz300908,0,300908,T030403,食品,880375,X2104,调味品,881139,2389
sz300909,0,300909,T1204,元器件,880492,X400302,光学元件,881331,2390
sz300910,0,300910,T020401,化工原料,880336,X120499,其他化学制品,881043,2391
sz300911,0,300911,T0401,家用电器,880387,X240401,厨房电器,881195,2392
sz300912,0,300912,T040202,汽车配件,880392,X260304,其他汽车零部件,881222,2393
sz300913,0,300913,T1202,通信设备,880490,X410101,光纤光缆,881339,2394
sz300915,0,300915,T030401,乳制品,880373,X210302,乳制品,881138,2395
sz300916,0,300916,T1204,元器件,880492,X4005,其他电子,881336,2396
sz300917,0,300917,T110204,房产服务,880486,X530201,物业管理,881423,2397
sz300918,0,300918,T030301,纺织,880368,X220104,其他纺织,881155,2398
sz300919,0,300919,T0706,电气设备,880446,X300202,电池化学品,881264,2399
sz300920,0,300920,T020404,塑料,880338,X120506,其他塑料制品,881050,2400
sz300921,0,300921,T1206,互联网,880494,X410202,电信增值服务,881346,2401
sz300922,0,300922,T070506,专用机械,880445,X3101,地面兵装,881287,2402
sz300923,0,300923,T0703,运输设备,880432,X3201,轨交设备,881293,2403
sz300925,0,300925,T1205,软件服务,880493,X420303,云软件服务,881362,2404
sz300926,0,300926,T040202,汽车配件,880392,X260304,其他汽车零部件,881222,2405
sz300927,0,300927,T020401,化工原料,880336,X120306,有机化工原料,881032,2406
sz300928,0,300928,T040202,汽车配件,880392,X260305,汽车电子电气系统,881223,2407
sz300929,0,300929,T0805,环境保护,880456,X630202,水治理,881473,2408
sz300930,0,300930,T020205,小金属,880329,X140502,其他金属新材料,881089,2409
sz300931,0,300931,T0703,运输设备,880432,X320305,楼宇设备,881308,2410
sz300932,0,300932,T0706,电气设备,880446,X300304,配电设备,881272,2411
sz300933,0,300933,T0706,电气设备,880446,X300305,线缆部件及其他,881273,2412
sz300935,0,300935,T1205,软件服务,880493,X420202,行业应用软件,881357,2413
sz300936,0,300936,T1204,元器件,880492,X400401,PCB,881334,2414
sz300937,0,300937,T050104,医药商业,880410,X270501,医药流通,881253,2415
sz300938,0,300938,T0708,电器仪表,880448,X600602,检测服务,881438,2416
sz300939,0,300939,T1204,元器件,880492,X400301,面板,881330,2417
sz300940,0,300940,T1204,元器件,880492,X400303,LED,881332,2418
sz300941,0,300941,T1201,IT设备,880489,X420102,其他IT设备,881354,2419
sz300942,0,300942,T0403,医疗保健,880398,X270204,诊断试剂,881238,2420
sz300943,0,300943,T070402,机械基件,880439,X320203,机械基础件,881297,2421
sz300945,0,300945,T030302,服饰,880369,X220301,钟表珠宝,881163,2422
sz300946,0,300946,T070402,机械基件,880439,X320204,金属制品,881298,2423
sz300947,0,300947,T110204,房产服务,880486,X2503,商业物业经营,881204,2424
sz300948,0,300948,T0805,环境保护,880456,X630204,生态修复,881475,2425
sz300949,0,300949,T110101,建筑工程,880477,X520202,园林工程,881409,2426
sz300950,0,300950,T070506,专用机械,880445,X320399,其他专用设备,881309,2427
sz300951,0,300951,T1204,元器件,880492,X400201,消费电子组件,881327,2428
sz300952,0,300952,T030301,纺织,880368,X220202,鞋帽及其他,881159,2429
sz300953,0,300953,T0706,电气设备,880446,X300201,锂电池,881263,2430
sz300955,0,300955,T0301,日用化工,880355,X120102,化妆品,881018,2431
sz300956,0,300956,T1204,元器件,880492,X400201,消费电子组件,881327,2432
sz300957,0,300957,T0301,日用化工,880355,X120102,化妆品,881018,2433
sz300958,0,300958,T0805,环境保护,880456,X630204,生态修复,881475,2434
sz300959,0,300959,T0801,电信运营,880452,X410202,电信增值服务,881346,2435
sz300960,0,300960,T0703,运输设备,880432,X3201,轨交设备,881293,2436
sz300961,0,300961,T0805,环境保护,880456,X630202,水治理,881473,2437
sz300962,0,300962,T0403,医疗保健,880398,X270305,制药装备,881246,2438
sz300963,0,300963,T020205,小金属,880329,X140502,其他金属新材料,881089,2439
sz300964,0,300964,T1204,元器件,880492,X400401,PCB,881334,2440
sz300965,0,300965,T0701,航空,880430,X3102,航空装备,881288,2441
sz300966,0,300966,T040501,化学制药,880401,X270102,原料药,881233,2442
sz300967,0,300967,T030206,农业综合,880366,X200202,肉鸡养殖,881113,2443
sz300968,0,300968,T1204,元器件,880492,X400201,消费电子组件,881327,2444
sz300969,0,300969,T040202,汽车配件,880392,X260305,汽车电子电气系统,881223,2445
sz300970,0,300970,T030201,种植业,880361,X200102,食用菌,881108,2446
sz300971,0,300971,T070402,机械基件,880439,X320203,机械基础件,881297,2447
sz300972,0,300972,T030403,食品,880375,X210501,零食,881141,2448
sz300973,0,300973,T030403,食品,880375,X210502,烘焙食品,881142,2449
sz300975,0,300975,T1204,元器件,880492,X4005,其他电子,881336,2450
sz300976,0,300976,T1204,元器件,880492,X400201,消费电子组件,881327,2451
sz300977,0,300977,T110101,建筑工程,880477,X5204,工程咨询服务,881415,2452
sz300978,0,300978,T040202,汽车配件,880392,X260304,其他汽车零部件,881222,2453
sz300979,0,300979,T030302,服饰,880369,X220105,纺织鞋类制造,,2454
sz300980,0,300980,T020404,塑料,880338,X120506,其他塑料制品,881050,2455
sz300981,0,300981,T0403,医疗保健,880398,X270303,医疗耗材,881244,2456
sz300982,0,300982,T110101,建筑工程,880477,X520201,基建工程,881408,2457
sz300983,0,300983,T110101,建筑工程,880477,X5204,工程咨询服务,881415,2458
sz300984,0,300984,T070402,机械基件,880439,X320203,机械基础件,881297,2459
sz300985,0,300985,T040202,汽车配件,880392,X260304,其他汽车零部件,881222,2460
sz300986,0,300986,T110101,建筑工程,880477,X520304,其他专业工程,881414,2461
sz300987,0,300987,T1206,互联网,880494,X430402,文字图片媒体,881378,2462
sz300988,0,300988,T070402,机械基件,880439,X320204,金属制品,881298,2463
sz300989,0,300989,T110101,建筑工程,880477,X5204,工程咨询服务,881415,2464
sz300990,0,300990,T070506,专用机械,880445,X320206,制冷空调设备,881300,2465
sz300991,0,300991,T1204,元器件,880492,X400201,消费电子组件,881327,2466
sz300992,0,300992,T070402,机械基件,880439,X320203,机械基础件,881297,2467
sz300993,0,300993,T0404,家居用品,880399,X230302,其他家居,881179,2468
sz300994,0,300994,T0603,文教休闲,880422,X260502,其他交通设备,881229,2469
sz300995,0,300995,T020404,塑料,880338,X120503,改性塑料,881047,2470
sz300996,0,300996,T1205,软件服务,880493,X420202,行业应用软件,881357,2471
sz300997,0,300997,T030402,软饮料,880374,X210301,软饮料,881137,2472
sz300998,0,300998,T070506,专用机械,880445,X320399,其他专用设备,881309,2473
sz300999,0,300999,T030403,食品,880375,X200601,粮油加工,881124,2474
sz301000,0,301000,T040202,汽车配件,880392,X260304,其他汽车零部件,881222,2475
sz301001,0,301001,T1206,互联网,880494,X250603,电商服务,881210,2476
sz301002,0,301002,T0706,电气设备,880446,X300303,输变电设备,881271,2477
sz301003,0,301003,T020404,塑料,880338,X120503,改性塑料,881047,2478
sz301004,0,301004,T0404,家居用品,880399,X230302,其他家居,881179,2479
sz301005,0,301005,T040202,汽车配件,880392,X260304,其他汽车零部件,881222,2480
sz301006,0,301006,T0708,电器仪表,880448,X320201,仪器仪表,881295,2481
sz301007,0,301007,T040202,汽车配件,880392,X260302,底盘与发动机系统,881220,2482
sz301008,0,301008,T0401,家用电器,880387,X2406,家电零部件,881198,2483
sz301009,0,301009,T0207,造纸,880350,X230102,生活用纸,881169,2484
sz301010,0,301010,T020604,其他建材,880348,X150306,其他建材,881103,2485
sz301011,0,301011,T0603,文教休闲,880422,X230402,娱乐用品,881182,2486
sz301012,0,301012,T0706,电气设备,880446,X300303,输变电设备,881271,2487
sz301013,0,301013,T070506,专用机械,880445,X320399,其他专用设备,881309,2488
sz301015,0,301015,T050104,医药商业,880410,X270501,医药流通,881253,2489
sz301016,0,301016,T0703,运输设备,880432,X3201,轨交设备,881293,2490
sz301017,0,301017,T050104,医药商业,880410,X270502,线下药店,881254,2491
sz301018,0,301018,T070506,专用机械,880445,X320206,制冷空调设备,881300,2492
sz301019,0,301019,T020404,塑料,880338,X120505,塑料助剂,881049,2493
sz301020,0,301020,T040202,汽车配件,880392,X260302,底盘与发动机系统,881220,2494
sz301021,0,301021,T070506,专用机械,880445,X320503,激光设备,881316,2495
sz301022,0,301022,T070506,专用机械,880445,X320399,其他专用设备,881309,2496
sz301023,0,301023,T0706,电气设备,880446,X3001,电机制造,881261,2497
sz301024,0,301024,T110101,建筑工程,880477,X5204,工程咨询服务,881415,2498
sz301025,0,301025,T060101,出版业,880419,X430602,大众出版,881382,2499
sz301026,0,301026,T020205,小金属,880329,X140404,其他金属,881086,2500
sz301027,0,301027,T110101,建筑工程,880477,X5204,工程咨询服务,881415,2501
sz301028,0,301028,T070506,专用机械,880445,X320299,其他通用设备,881302,2502
sz301029,0,301029,T070506,专用机械,880445,X320399,其他专用设备,881309,2503
sz301030,0,301030,T0805,环境保护,880456,X6301,环保设备,881470,2504
sz301031,0,301031,T0706,电气设备,880446,X300304,配电设备,881272,2505
sz301032,0,301032,T0707,工程机械,880447,X320205,内燃机,881299,2506
sz301033,0,301033,T0403,医疗保健,880398,X270303,医疗耗材,881244,2507
sz301035,0,301035,T020402,农药化肥,880337,X120701,农药,881056,2508
sz301036,0,301036,T020406,染料涂料,880340,X120402,涂料油墨,881036,2509
sz301037,0,301037,T020406,染料涂料,880340,X120402,涂料油墨,881036,2510
sz301038,0,301038,T110101,建筑工程,880477,X5204,工程咨询服务,881415,2511
sz301039,0,301039,T040201,汽车整车,880391,X260201,商用载货车,881216,2512
sz301040,0,301040,T070402,机械基件,880439,X300502,风电零部件,881284,2513
sz301041,0,301041,T1204,元器件,880492,X400401,PCB,881334,2514
sz301042,0,301042,T1201,IT设备,880489,X420101,安防设备,881353,2515
sz301043,0,301043,T070402,机械基件,880439,X320299,其他通用设备,881302,2516
sz301045,0,301045,T1204,元器件,880492,X400302,光学元件,881331,2517
sz301046,0,301046,T110101,建筑工程,880477,X520304,其他专业工程,881414,2518
sz301047,0,301047,T040502,生物制药,880402,X270206,其他生物制药,881240,2519
sz301048,0,301048,T0703,运输设备,880432,X3201,轨交设备,881293,2520
sz301049,0,301049,T0805,环境保护,880456,X630203,固废治理,881474,2521
sz301050,0,301050,T0701,航空,880430,X3105,军工电子,881291,2522
sz301051,0,301051,T1204,元器件,880492,X400201,消费电子组件,881327,2523
sz301052,0,301052,T060101,出版业,880419,X430602,大众出版,881382,2524
sz301053,0,301053,T070506,专用机械,880445,X320303,纺织服装设备,881306,2525
sz301055,0,301055,T0404,家居用品,880399,X230302,其他家居,881179,2526
sz301056,0,301056,T0703,运输设备,880432,X320305,楼宇设备,881308,2527
sz301057,0,301057,T0203,化纤,880330,X120201,涤纶,881020,2528
sz301058,0,301058,T110101,建筑工程,880477,X5204,工程咨询服务,881415,2529
sz301059,0,301059,T020401,化工原料,880336,X120399,其他化学原料,881033,2530
sz301060,0,301060,T0403,医疗保健,880398,X270401,诊断服务,881248,2531
sz301061,0,301061,T0404,家居用品,880399,X230301,家具,881178,2532
sz301062,0,301062,T0602,广告包装,880421,X230204,纸包装,881175,2533
sz301063,0,301063,T0706,电气设备,880446,X300502,风电零部件,881284,2534
sz301065,0,301065,T040501,化学制药,880401,X270102,原料药,881233,2535
sz301066,0,301066,T030301,纺织,880368,X220104,其他纺织,881155,2536
sz301067,0,301067,T1204,元器件,880492,X400201,消费电子组件,881327,2537
sz301068,0,301068,T0805,环境保护,880456,X630203,固废治理,881474,2538
sz301069,0,301069,T020401,化工原料,880336,X120399,其他化学原料,881033,2539
sz301070,0,301070,T070402,机械基件,880439,X320299,其他通用设备,881302,2540
sz301071,0,301071,T0208,矿物制品,880351,X1208,非金属材料,881104,2541
sz301072,0,301072,T040202,汽车配件,880392,X260302,底盘与发动机系统,881220,2542
sz301073,0,301073,T0604,酒店餐饮,880423,X600301,酒店,881430,2543
sz301075,0,301075,T040501,化学制药,880401,X270101,化学制剂,881232,2544
sz301076,0,301076,T020401,化工原料,880336,X120499,其他化学制品,881043,2545
sz301077,0,301077,T020401,化工原料,880336,X120499,其他化学制品,881043,2546
sz301078,0,301078,T050105,其他商业,880411,X2504,专业连锁,881205,2547
sz301079,0,301079,T070402,机械基件,880439,X320402,工程机械零件,881312,2548
sz301080,0,301080,T040502,生物制药,880402,X270206,其他生物制药,881240,2549
sz301081,0,301081,T0805,环境保护,880456,X6301,环保设备,881470,2550
sz301082,0,301082,T0706,电气设备,880446,X300305,线缆部件及其他,881273,2551
sz301083,0,301083,T070506,专用机械,880445,X320399,其他专用设备,881309,2552
sz301085,0,301085,T1205,软件服务,880493,X420304,其他云服务,881363,2553
sz301086,0,301086,T1204,元器件,880492,X400201,消费电子组件,881327,2554
sz301087,0,301087,T0403,医疗保健,880398,X270301,家用器械,881242,2555
sz301088,0,301088,T030302,服饰,880369,X220204,非运动服装,881161,2556
sz301089,0,301089,T040501,化学制药,880401,X270102,原料药,881233,2557
sz301090,0,301090,T020401,化工原料,880336,X120501,合成树脂,881045,2558
sz301091,0,301091,T110101,建筑工程,880477,X5204,工程咨询服务,881415,2559
sz301092,0,301092,T020401,化工原料,880336,X120501,合成树脂,881045,2560
sz301093,0,301093,T0403,医疗保健,880398,X270303,医疗耗材,881244,2561
sz301095,0,301095,T1203,半导体,880491,X400103,集成电路设计,881322,2562
sz301096,0,301096,T0403,医疗保健,880398,X270402,医疗研发外包,881249,2563
sz301097,0,301097,T0403,医疗保健,880398,X270303,医疗耗材,881244,2564
sz301098,0,301098,T110101,建筑工程,880477,X520202,园林工程,881409,2565
sz301099,0,301099,T1204,元器件,880492,X4005,其他电子,881336,2566
sz301100,0,301100,T020401,化工原料,880336,X120505,塑料助剂,881049,2567
sz301101,0,301101,T0603,文教休闲,880422,X230401,文化用品,881181,2568
sz301102,0,301102,T0602,广告包装,880421,X430202,其他广告营销,881372,2569
sz301103,0,301103,T0403,医疗保健,880398,X270403,医院,881250,2570
sz301105,0,301105,T070506,专用机械,880445,X320302,印刷包装机械,881305,2571
sz301106,0,301106,T1204,元器件,880492,X400301,面板,881330,2572
sz301107,0,301107,T070402,机械基件,880439,X320299,其他通用设备,881302,2573
sz301108,0,301108,T0301,日用化工,880355,X120101,洗护用品,881017,2574
sz301109,0,301109,T0805,环境保护,880456,X630203,固废治理,881474,2575
sz301110,0,301110,T1206,互联网,880494,X250603,电商服务,881210,2576
sz301111,0,301111,T040503,中成药,880403,X2706,中药,881256,2577
sz301112,0,301112,T070506,专用机械,880445,X320399,其他专用设备,881309,2578
sz301113,0,301113,T0404,家居用品,880399,X230302,其他家居,881179,2579
sz301115,0,301115,T110101,建筑工程,880477,X600602,检测服务,881438,2580
sz301116,0,301116,T030403,食品,880375,X210601,肉制品,881145,2581
sz301117,0,301117,T1205,软件服务,880493,X420202,行业应用软件,881357,2582
sz301118,0,301118,T020401,化工原料,880336,X120303,氯碱,881029,2583
sz301119,0,301119,T040202,汽车配件,880392,X260302,底盘与发动机系统,881220,2584
sz301120,0,301120,T0706,电气设备,880446,X300303,输变电设备,881271,2585
sz301121,0,301121,T0706,电气设备,880446,X300201,锂电池,881263,2586
sz301122,0,301122,T0403,医疗保健,880398,X270303,医疗耗材,881244,2587
sz301123,0,301123,T1204,元器件,880492,X400201,消费电子组件,881327,2588
sz301125,0,301125,T070402,机械基件,880439,X320203,机械基础件,881297,2589
sz301126,0,301126,T050104,医药商业,880410,X270501,医药流通,881253,2590
sz301127,0,301127,T0805,环境保护,880456,X630202,水治理,881473,2591
sz301128,0,301128,T070506,专用机械,880445,X320399,其他专用设备,881309,2592
sz301129,0,301129,T0708,电器仪表,880448,X320201,仪器仪表,881295,2593
sz301130,0,301130,T040501,化学制药,880401,X270101,化学制剂,881232,2594
sz301131,0,301131,T020404,塑料,880338,X120503,改性塑料,881047,2595
sz301132,0,301132,T1204,元器件,880492,X400401,PCB,881334,2596
sz301133,0,301133,T040202,汽车配件,880392,X260301,车身附件及饰件,881219,2597
sz301135,0,301135,T1204,元器件,880492,X4005,其他电子,881336,2598
sz301136,0,301136,T110101,建筑工程,880477,X5204,工程咨询服务,881415,2599
sz301137,0,301137,T070402,机械基件,880439,X320204,金属制品,881298,2600
sz301138,0,301138,T070506,专用机械,880445,X320302,印刷包装机械,881305,2601
sz301139,0,301139,T1202,通信设备,880490,X410303,网络优化运维,881350,2602
sz301141,0,301141,T0208,矿物制品,880351,X140501,磁性材料,881088,2603
sz301148,0,301148,T0805,环境保护,880456,X630202,水治理,881473,2604
sz301149,0,301149,T020401,化工原料,880336,X120499,其他化学制品,881043,2605
sz301150,0,301150,T0706,电气设备,880446,X300201,锂电池,881263,2606
sz301151,0,301151,T070402,机械基件,880439,X320203,机械基础件,881297,2607
sz301152,0,301152,T020205,小金属,880329,X300202,电池化学品,881264,2608
sz301153,0,301153,T1205,软件服务,880493,X420202,行业应用软件,881357,2609
sz301155,0,301155,T0706,电气设备,880446,X300502,风电零部件,881284,2610
sz301156,0,301156,T030204,饲料,880364,X120406,食品助剂,881040,2611
sz301157,0,301157,T0706,电气设备,880446,X3006,其他发电设备,881285,2612
sz301158,0,301158,T070506,专用机械,880445,X320301,能源及重型设备,881304,2613
sz301159,0,301159,T1205,软件服务,880493,X420202,行业应用软件,881357,2614
sz301160,0,301160,T070402,机械基件,880439,X320204,金属制品,881298,2615
sz301161,0,301161,T0707,工程机械,880447,X320402,工程机械零件,881312,2616
sz301162,0,301162,T1205,软件服务,880493,X420202,行业应用软件,881357,2617
sz301163,0,301163,T0706,电气设备,880446,X320502,工业控制设备,881315,2618
sz301165,0,301165,T1202,通信设备,880490,X410102,网络接配及塔设,881340,2619
sz301166,0,301166,T050104,医药商业,880410,X270501,医药流通,881253,2620
sz301167,0,301167,T110101,建筑工程,880477,X5204,工程咨询服务,881415,2621
sz301168,0,301168,T0706,电气设备,880446,X300405,光伏辅材,881280,2622
sz301169,0,301169,T0603,文教休闲,880422,X600604,其他专业服务,881440,2623
sz301170,0,301170,T040202,汽车配件,880392,X260302,底盘与发动机系统,881220,2624
sz301171,0,301171,T1206,互联网,880494,X430201,互联网广告,881371,2625
sz301172,0,301172,T1205,软件服务,880493,X420202,行业应用软件,881357,2626
sz301173,0,301173,T040202,汽车配件,880392,X260301,车身附件及饰件,881219,2627
sz301175,0,301175,T0805,环境保护,880456,X630203,固废治理,881474,2628
sz301176,0,301176,T1204,元器件,880492,X400401,PCB,881334,2629
sz301177,0,301177,T030302,服饰,880369,X220301,钟表珠宝,881163,2630
sz301178,0,301178,T1205,软件服务,880493,X420202,行业应用软件,881357,2631
sz301179,0,301179,T1205,软件服务,880493,X300302,电网自动化,881270,2632
sz301180,0,301180,T1204,元器件,880492,X400201,消费电子组件,881327,2633
sz301181,0,301181,T040202,汽车配件,880392,X260304,其他汽车零部件,881222,2634
sz301182,0,301182,T1204,元器件,880492,X400201,消费电子组件,881327,2635
sz301183,0,301183,T1204,元器件,880492,X400302,光学元件,881331,2636
sz301185,0,301185,T1205,软件服务,880493,X420202,行业应用软件,881357,2637
sz301186,0,301186,T070506,专用机械,880445,X320399,其他专用设备,881309,2638
sz301187,0,301187,T0401,家用电器,880387,X240302,清洁小家电,881192,2639
sz301188,0,301188,T020603,玻璃,880347,X150201,玻璃制造,881095,2640
sz301189,0,301189,T1201,IT设备,880489,X400202,品牌消费电子,881328,2641
sz301190,0,301190,T020406,染料涂料,880340,X120404,纺织化学品,881038,2642
sz301191,0,301191,T1202,通信设备,880490,X410102,网络接配及塔设,881340,2643
sz301192,0,301192,T040202,汽车配件,880392,X260302,底盘与发动机系统,881220,2644
sz301193,0,301193,T0404,家居用品,880399,X230302,其他家居,881179,2645
sz301195,0,301195,T1205,软件服务,880493,X420202,行业应用软件,881357,2646
sz301196,0,301196,T070506,专用机械,880445,X320399,其他专用设备,881309,2647
sz301197,0,301197,T1205,软件服务,880493,X420202,行业应用软件,881357,2648
sz301198,0,301198,T020404,塑料,880338,X230203,塑料包装,881174,2649
sz301199,0,301199,T070506,专用机械,880445,X320501,机器人,881314,2650
sz301200,0,301200,T070506,专用机械,880445,X320399,其他专用设备,881309,2651
sz301201,0,301201,T040502,生物制药,880402,X270402,医疗研发外包,881249,2652
sz301202,0,301202,T070402,机械基件,880439,X320204,金属制品,881298,2653
sz301203,0,301203,T0805,环境保护,880456,X630202,水治理,881473,2654
sz301205,0,301205,T1202,通信设备,880490,X410102,网络接配及塔设,881340,2655
sz301206,0,301206,T030403,食品,880375,X210602,制糖业,881146,2656
sz301207,0,301207,T040502,生物制药,880402,X270202,疫苗,881236,2657
sz301208,0,301208,T1205,软件服务,880493,X420202,行业应用软件,881357,2658
sz301209,0,301209,T020406,染料涂料,880340,X120402,涂料油墨,881036,2659
sz301210,0,301210,T0706,电气设备,880446,X300201,锂电池,881263,2660
sz301211,0,301211,T040501,化学制药,880401,X270102,原料药,881233,2661
sz301212,0,301212,T020401,化工原料,880336,X120499,其他化学制品,881043,2662
sz301213,0,301213,T1205,软件服务,880493,X3105,军工电子,881291,2663
sz301215,0,301215,T040203,汽车服务,880393,X260402,汽车综合服务,881226,2664
sz301216,0,301216,T020401,化工原料,880336,X120501,合成树脂,881045,2665
sz301217,0,301217,T1204,元器件,880492,X140101,铜,881072,2666
sz301218,0,301218,T1205,软件服务,880493,X420202,行业应用软件,881357,2667
sz301219,0,301219,T020205,小金属,880329,X140303,钴,881081,2668
sz301220,0,301220,T020401,化工原料,880336,X120499,其他化学制品,881043,2669
sz301221,0,301221,T1205,软件服务,880493,X260305,汽车电子电气系统,881223,2670
sz301222,0,301222,T0706,电气设备,880446,X300205,其他电池,881267,2671
sz301223,0,301223,T0602,广告包装,880421,X230204,纸包装,881175,2672
sz301225,0,301225,T040202,汽车配件,880392,X260304,其他汽车零部件,881222,2673
sz301226,0,301226,T0706,电气设备,880446,X3001,电机制造,881261,2674
sz301227,0,301227,T0404,家居用品,880399,X230301,家具,881178,2675
sz301228,0,301228,T0708,电器仪表,880448,X600602,检测服务,881438,2676
sz301229,0,301229,T040202,汽车配件,880392,X260304,其他汽车零部件,881222,2677
sz301230,0,301230,T040502,生物制药,880402,X270402,医疗研发外包,881249,2678
sz301231,0,301231,T060101,出版业,880419,X430602,大众出版,881382,2679
sz301232,0,301232,T070402,机械基件,880439,X300502,风电零部件,881284,2680
sz301233,0,301233,T040202,汽车配件,880392,X260301,车身附件及饰件,881219,2681
sz301234,0,301234,T0403,医疗保健,880398,X270303,医疗耗材,881244,2682
sz301235,0,301235,T0403,医疗保健,880398,X270404,其他医疗服务,881251,2683
sz301236,0,301236,T1205,软件服务,880493,X420202,行业应用软件,881357,2684
sz301237,0,301237,T020404,塑料,880338,X120502,塑料薄膜,881046,2685
sz301238,0,301238,T020401,化工原料,880336,X300202,电池化学品,881264,2686
sz301239,0,301239,T0403,医疗保健,880398,X270403,医院,881250,2687
sz301246,0,301246,T040501,化学制药,880401,X270102,原料药,881233,2688
sz301248,0,301248,T1205,软件服务,880493,X420202,行业应用软件,881357,2689
sz301251,0,301251,T1204,元器件,880492,X400401,PCB,881334,2690
sz301252,0,301252,T070402,机械基件,880439,X320206,制冷空调设备,881300,2691
sz301255,0,301255,T070402,机械基件,880439,X320203,机械基础件,881297,2692
sz301256,0,301256,T020401,化工原料,880336,X120399,其他化学原料,881033,2693
sz301257,0,301257,T0403,医疗保健,880398,X270402,医疗研发外包,881249,2694
sz301258,0,301258,T040501,化学制药,880401,X270102,原料药,881233,2695
sz301259,0,301259,T0805,环境保护,880456,X630202,水治理,881473,2696
sz301260,0,301260,T070506,专用机械,880445,X320304,农用机械,881307,2697
sz301261,0,301261,T070402,机械基件,880439,X320203,机械基础件,881297,2698
sz301262,0,301262,T060102,影视音像,880420,X4307,广播电视,881384,2699
sz301263,0,301263,T050104,医药商业,880410,X270501,医药流通,881253,2700
sz301265,0,301265,T0805,环境保护,880456,X630203,固废治理,881474,2701
sz301266,0,301266,T0706,电气设备,880446,X300405,光伏辅材,881280,2702
sz301267,0,301267,T0403,医疗保健,880398,X270403,医院,881250,2703
sz301268,0,301268,T070402,机械基件,880439,X320204,金属制品,881298,2704
sz301269,0,301269,T1203,半导体,880491,X400103,集成电路设计,881322,2705
sz301270,0,301270,T1205,软件服务,880493,X420202,行业应用软件,881357,2706
sz301272,0,301272,T070506,专用机械,880445,X320206,制冷空调设备,881300,2707
sz301273,0,301273,T070402,机械基件,880439,X320299,其他通用设备,881302,2708
sz301275,0,301275,T1204,元器件,880492,X4005,其他电子,881336,2709
sz301276,0,301276,T030302,服饰,880369,X220204,非运动服装,881161,2710
sz301277,0,301277,T040501,化学制药,880401,X270102,原料药,881233,2711
sz301278,0,301278,T0706,电气设备,880446,X300405,光伏辅材,881280,2712
sz301279,0,301279,T0707,工程机械,880447,X320402,工程机械零件,881312,2713
sz301280,0,301280,T1204,元器件,880492,X400201,消费电子组件,881327,2714
sz301281,0,301281,T040501,化学制药,880401,X270102,原料药,881233,2715
sz301282,0,301282,T1204,元器件,880492,X400401,PCB,881334,2716
sz301283,0,301283,T0301,日用化工,880355,X120408,胶黏剂及胶带,881042,2717
sz301285,0,301285,T1204,元器件,880492,X400201,消费电子组件,881327,2718
sz301286,0,301286,T020401,化工原料,880336,X120499,其他化学制品,881043,2719
sz301287,0,301287,T0603,文教休闲,880422,X230402,娱乐用品,881182,2720
sz301288,0,301288,T0805,环境保护,880456,X6301,环保设备,881470,2721
sz301289,0,301289,T0708,电器仪表,880448,X600602,检测服务,881438,2722
sz301290,0,301290,T0403,医疗保健,880398,X270303,医疗耗材,881244,2723
sz301291,0,301291,T0706,电气设备,880446,X300303,输变电设备,881271,2724
sz301292,0,301292,T020401,化工原料,880336,X300202,电池化学品,881264,2725
sz301293,0,301293,T0403,医疗保健,880398,X270403,医院,881250,2726
sz301295,0,301295,T0706,电气设备,880446,X300303,输变电设备,881271,2727
sz301296,0,301296,T0602,广告包装,880421,X230204,纸包装,881175,2728
sz301297,0,301297,T1203,半导体,880491,X400102,半导体设备,881321,2729
sz301298,0,301298,T040202,汽车配件,880392,X260302,底盘与发动机系统,881220,2730
sz301299,0,301299,T1206,互联网,880494,X420401,产联网信息服务,881365,2731
sz301300,0,301300,T020401,化工原料,880336,X120399,其他化学原料,881033,2732
sz301301,0,301301,T040501,化学制药,880401,X270102,原料药,881233,2733
sz301302,0,301302,T1205,软件服务,880493,X3105,军工电子,881291,2734
sz301303,0,301303,T0708,电器仪表,880448,X320201,仪器仪表,881295,2735
sz301305,0,301305,T0805,环境保护,880456,X630203,固废治理,881474,2736
sz301306,0,301306,T0701,航空,880430,X600602,检测服务,881438,2737
sz301307,0,301307,T1202,通信设备,880490,X410105,其他通信设备,881343,2738
sz301308,0,301308,T1203,半导体,880491,X400103,集成电路设计,881322,2739
sz301309,0,301309,T070402,机械基件,880439,X320204,金属制品,881298,2740
sz301310,0,301310,T040202,汽车配件,880392,X260304,其他汽车零部件,881222,2741
sz301311,0,301311,T070402,机械基件,880439,X320399,其他专用设备,881309,2742
sz301312,0,301312,T070506,专用机械,880445,X320599,其他自动化设备,881317,2743
sz301313,0,301313,T0603,文教休闲,880422,X600604,其他专业服务,881440,2744
sz301314,0,301314,T1204,元器件,880492,X4005,其他电子,881336,2745
sz301315,0,301315,T1205,软件服务,880493,X420202,行业应用软件,881357,2746
sz301316,0,301316,T1205,软件服务,880493,X420202,行业应用软件,881357,2747
sz301317,0,301317,T070402,机械基件,880439,X320299,其他通用设备,881302,2748
sz301318,0,301318,T1201,IT设备,880489,X420101,安防设备,881353,2749
sz301319,0,301319,T1204,元器件,880492,X4005,其他电子,881336,2750
sz301320,0,301320,T0706,电气设备,880446,X320502,工业控制设备,881315,2751
sz301321,0,301321,T1204,元器件,880492,X400301,面板,881330,2752
sz301322,0,301322,T040204,摩托车,880394,X260502,其他交通设备,881229,2753
sz301323,0,301323,T020405,橡胶,880339,X120603,橡胶制品,881054,2754
sz301325,0,301325,T070506,专用机械,880445,X320399,其他专用设备,881309,2755
sz301326,0,301326,T1204,元器件,880492,X400201,消费电子组件,881327,2756
sz301327,0,301327,T0706,电气设备,880446,X300201,锂电池,881263,2757
sz301328,0,301328,T1204,元器件,880492,X4005,其他电子,881336,2758
sz301329,0,301329,T1204,元器件,880492,X400201,消费电子组件,881327,2759
sz301330,0,301330,T1201,IT设备,880489,X420101,安防设备,881353,2760
sz301331,0,301331,T040503,中成药,880403,X2706,中药,881256,2761
sz301332,0,301332,T0401,家用电器,880387,X240302,清洁小家电,881192,2762
sz301333,0,301333,T0403,医疗保健,880398,X270402,医疗研发外包,881249,2763
sz301335,0,301335,T0603,文教休闲,880422,X230402,娱乐用品,881182,2764
sz301336,0,301336,T0404,家居用品,880399,X230301,家具,881178,2765
sz301337,0,301337,T1205,软件服务,880493,X420202,行业应用软件,881357,2766
sz301338,0,301338,T070506,专用机械,880445,X320399,其他专用设备,881309,2767
sz301339,0,301339,T1201,IT设备,880489,X420102,其他IT设备,881354,2768
sz301345,0,301345,T040204,摩托车,880394,X260502,其他交通设备,881229,2769
sz301348,0,301348,T1203,半导体,880491,X400106,半导体封测,881325,2770
sz301349,0,301349,T020401,化工原料,880336,X300202,电池化学品,881264,2771
sz301353,0,301353,T070506,专用机械,880445,X320299,其他通用设备,881302,2772
sz301355,0,301355,T0602,广告包装,880421,X230204,纸包装,881175,2773
sz301356,0,301356,T0404,家居用品,880399,X230301,家具,881178,2774
sz301357,0,301357,T070506,专用机械,880445,X3101,地面兵装,881287,2775
sz301358,0,301358,T0706,电气设备,880446,X300202,电池化学品,881264,2776
sz301359,0,301359,T1204,元器件,880492,X4005,其他电子,881336,2777
sz301360,0,301360,T070506,专用机械,880445,X320399,其他专用设备,881309,2778
sz301361,0,301361,T0706,电气设备,880446,X300304,配电设备,881272,2779
sz301362,0,301362,T0706,电气设备,880446,X400303,LED,881332,2780
sz301363,0,301363,T0403,医疗保健,880398,X270302,医疗设备,881243,2781
sz301365,0,301365,T110101,建筑工程,880477,X5204,工程咨询服务,881415,2782
sz301366,0,301366,T1204,元器件,880492,X400401,PCB,881334,2783
sz301367,0,301367,T0403,医疗保健,880398,X270302,医疗设备,881243,2784
sz301368,0,301368,T070402,机械基件,880439,X320203,机械基础件,881297,2785
sz301369,0,301369,T1203,半导体,880491,X400102,半导体设备,881321,2786
sz301370,0,301370,T050104,医药商业,880410,X270501,医药流通,881253,2787
sz301371,0,301371,T0301,日用化工,880355,X120102,化妆品,881018,2788
sz301372,0,301372,T0805,环境保护,880456,X630202,水治理,881473,2789
sz301373,0,301373,T020401,化工原料,880336,X120399,其他化学原料,881033,2790
sz301376,0,301376,T0404,家居用品,880399,X230301,家具,881178,2791
sz301377,0,301377,T070402,机械基件,880439,X320204,金属制品,881298,2792
sz301378,0,301378,T1205,软件服务,880493,X420202,行业应用软件,881357,2793
sz301379,0,301379,T1204,元器件,880492,X400301,面板,881330,2794
sz301380,0,301380,T1205,软件服务,880493,X410202,电信增值服务,881346,2795
sz301381,0,301381,T1206,互联网,880494,X250602,跨境电商,881209,2796
sz301382,0,301382,T1206,互联网,880494,X430201,互联网广告,881371,2797
sz301383,0,301383,T1204,元器件,880492,X400201,消费电子组件,881327,2798
sz301386,0,301386,T0706,电气设备,880446,X300304,配电设备,881272,2799
sz301387,0,301387,T1204,元器件,880492,X400201,消费电子组件,881327,2800
sz301388,0,301388,T0706,电气设备,880446,X300304,配电设备,881272,2801
sz301389,0,301389,T1204,元器件,880492,X400201,消费电子组件,881327,2802
sz301390,0,301390,T110101,建筑工程,880477,X520304,其他专业工程,881414,2803
sz301391,0,301391,T1201,IT设备,880489,X420102,其他IT设备,881354,2804
sz301392,0,301392,T070506,专用机械,880445,X320399,其他专用设备,881309,2805
sz301393,0,301393,T020401,化工原料,880336,X120306,有机化工原料,881032,2806
sz301395,0,301395,T020401,化工原料,880336,X120501,合成树脂,881045,2807
sz301396,0,301396,T1205,软件服务,880493,X420202,行业应用软件,881357,2808
sz301397,0,301397,T040202,汽车配件,880392,X260302,底盘与发动机系统,881220,2809
sz301398,0,301398,T040202,汽车配件,880392,X260301,车身附件及饰件,881219,2810
sz301399,0,301399,T070402,机械基件,880439,X320206,制冷空调设备,881300,2811
sz301408,0,301408,T050104,医药商业,880410,X270501,医药流通,881253,2812
sz301413,0,301413,T0708,电器仪表,880448,X320201,仪器仪表,881295,2813
sz301418,0,301418,T0706,电气设备,880446,X320502,工业控制设备,881315,2814
sz301419,0,301419,T1202,通信设备,880490,X410105,其他通信设备,881343,2815
sz301421,0,301421,T1204,元器件,880492,X400302,光学元件,881331,2816
sz301428,0,301428,T1206,互联网,880494,X410202,电信增值服务,881346,2817
sz301429,0,301429,T020604,其他建材,880348,X150306,其他建材,881103,2818
sz301439,0,301439,T0706,电气设备,880446,X300305,线缆部件及其他,881273,2819
sz301446,0,301446,T070402,机械基件,880439,X320402,工程机械零件,881312,2820
sz301448,0,301448,T070402,机械基件,880439,X320299,其他通用设备,881302,2821
sz301449,0,301449,T0708,电器仪表,880448,X600602,检测服务,881438,2822
sz301456,0,301456,T0706,电气设备,880446,X300502,风电零部件,881284,2823
sz301458,0,301458,T1204,元器件,880492,X400402,被动元件,881335,2824
sz301459,0,301459,T040202,汽车配件,880392,X260302,底盘与发动机系统,881220,2825
sz301468,0,301468,T070506,专用机械,880445,X320399,其他专用设备,881309,2826
sz301469,0,301469,T0207,造纸,880350,X230103,特种纸,881170,2827
sz301479,0,301479,T1204,元器件,880492,X400302,光学元件,881331,2828
sz301486,0,301486,T1204,元器件,880492,X400201,消费电子组件,881327,2829
sz301487,0,301487,T020401,化工原料,880336,X300202,电池化学品,881264,2830
sz301488,0,301488,T040202,汽车配件,880392,X260305,汽车电子电气系统,881223,2831
sz301489,0,301489,T1204,元器件,880492,X400201,消费电子组件,881327,2832
sz301491,0,301491,T1201,IT设备,880489,X400201,消费电子组件,881327,2833
sz301498,0,301498,T030204,饲料,880364,X200503,宠物食品,881122,2834
sz301499,0,301499,T040202,汽车配件,880392,X260305,汽车电子电气系统,881223,2835
sz301500,0,301500,T0805,环境保护,880456,X630203,固废治理,881474,2836
sz301501,0,301501,T0207,造纸,880350,X230302,其他家居,881179,2837
sz301502,0,301502,T0706,电气设备,880446,X3001,电机制造,881261,2838
sz301503,0,301503,T1201,IT设备,880489,X420102,其他IT设备,881354,2839
sz301505,0,301505,T110101,建筑工程,880477,X5204,工程咨询服务,881415,2840
sz301507,0,301507,T040501,化学制药,880401,X270101,化学制剂,881232,2841
sz301508,0,301508,T0708,电器仪表,880448,X600602,检测服务,881438,2842
sz301509,0,301509,T040501,化学制药,880401,X270402,医疗研发外包,881249,2843
sz301510,0,301510,T0708,电器仪表,880448,X320502,工业控制设备,881315,2844
sz301511,0,301511,T0706,电气设备,880446,X300201,锂电池,881263,2845
sz301512,0,301512,T070506,专用机械,880445,X320599,其他自动化设备,881317,2846
sz301513,0,301513,T070506,专用机械,880445,X320399,其他专用设备,881309,2847
sz301515,0,301515,T0403,医疗保健,880398,X270302,医疗设备,881243,2848
sz301516,0,301516,T0706,电气设备,880446,X3006,其他发电设备,881285,2849
sz301517,0,301517,T1204,元器件,880492,X3105,军工电子,881291,2850
sz301518,0,301518,T020401,化工原料,880336,X120499,其他化学制品,881043,2851
sz301519,0,301519,T070506,专用机械,880445,X6301,环保设备,881470,2852
sz301520,0,301520,T040502,生物制药,880402,X270402,医疗研发外包,881249,2853
sz301522,0,301522,T020205,小金属,880329,X140502,其他金属新材料,881089,2854
sz301525,0,301525,T0401,家用电器,880387,X2406,家电零部件,881198,2855
sz301526,0,301526,T020603,玻璃,880347,X150202,玻纤制造,881096,2856
sz301528,0,301528,T0708,电器仪表,880448,X320201,仪器仪表,881295,2857
sz301529,0,301529,T040202,汽车配件,880392,X260301,车身附件及饰件,881219,2858
sz301531,0,301531,T0208,矿物制品,880351,X140501,磁性材料,881088,2859
sz301533,0,301533,T070505,农用机械,880444,X320304,农用机械,881307,2860
sz301535,0,301535,T040202,汽车配件,880392,X260304,其他汽车零部件,881222,2861
sz301536,0,301536,T1203,半导体,880491,X400103,集成电路设计,881322,2862
sz301538,0,301538,T020404,塑料,880338,X120503,改性塑料,881047,2863
sz301539,0,301539,T040202,汽车配件,880392,X260303,轮胎轮毂,881221,2864
sz301548,0,301548,T070402,机械基件,880439,X320203,机械基础件,881297,2865
sz301550,0,301550,T040202,汽车配件,880392,X260303,轮胎轮毂,881221,2866
sz301551,0,301551,T060102,影视音像,880420,X4307,广播电视,881384,2867
sz301552,0,301552,T040202,汽车配件,880392,X260301,车身附件及饰件,881219,2868
sz301555,0,301555,T020401,化工原料,880336,X120501,合成树脂,881045,2869
sz301556,0,301556,T1205,软件服务,880493,X420202,行业应用软件,881357,2870
sz301557,0,301557,T0706,电气设备,880446,X300502,风电零部件,881284,2871
sz301558,0,301558,T1206,互联网,880494,X250602,跨境电商,881209,2872
sz301559,0,301559,T070506,专用机械,880445,X320204,金属制品,881298,2873
sz301560,0,301560,T040202,汽车配件,880392,X260302,底盘与发动机系统,881220,2874
sz301563,0,301563,T1204,元器件,880492,X4005,其他电子,881336,2875
sz301565,0,301565,T020404,塑料,880338,X120502,塑料薄膜,881046,2876
sz301566,0,301566,T1204,元器件,880492,X400402,被动元件,881335,2877
sz301567,0,301567,T1204,元器件,880492,X400201,消费电子组件,881327,2878
sz301568,0,301568,T070506,专用机械,880445,X320399,其他专用设备,881309,2879
sz301571,0,301571,T1204,元器件,880492,X4005,其他电子,881336,2880
sz301575,0,301575,T0404,家居用品,880399,X230302,其他家居,881179,2881
sz301577,0,301577,T1204,元器件,880492,X4005,其他电子,881336,2882
sz301578,0,301578,T1201,IT设备,880489,X4005,其他电子,881336,2883
sz301580,0,301580,T0403,医疗保健,880398,X270303,医疗耗材,881244,2884
sz301581,0,301581,T1203,半导体,880491,X400101,半导体材料,881320,2885
sz301584,0,301584,T050104,医药商业,880410,X270501,医药流通,881253,2886
sz301585,0,301585,T020406,染料涂料,880340,X120404,纺织化学品,881038,2887
sz301586,0,301586,T0701,航空,880430,X3102,航空装备,881288,2888
sz301587,0,301587,T0706,电气设备,880446,X300201,锂电池,881263,2889
sz301588,0,301588,T0404,家居用品,880399,X230301,家具,881178,2890
sz301589,0,301589,T1201,IT设备,880489,X420102,其他IT设备,881354,2891
sz301590,0,301590,T0706,电气设备,880446,X3006,其他发电设备,881285,2892
sz301591,0,301591,T020404,塑料,880338,X120506,其他塑料制品,881050,2893
sz301592,0,301592,T1205,软件服务,880493,X3105,军工电子,881291,2894
sz301595,0,301595,T020405,橡胶,880339,X120603,橡胶制品,881054,2895
sz301596,0,301596,T070402,机械基件,880439,X320203,机械基础件,881297,2896
sz301598,0,301598,T070506,专用机械,880445,X320399,其他专用设备,881309,2897
sz301599,0,301599,T070506,专用机械,880445,X320599,其他自动化设备,881317,2898
sz301600,0,301600,T1202,通信设备,880490,X410104,通信终端及配件,881342,2899
sz301601,0,301601,T070506,专用机械,880445,X320399,其他专用设备,881309,2900
sz301602,0,301602,T0403,医疗保健,880398,X270302,医疗设备,881243,2901
sz301603,0,301603,T070401,机床制造,880438,X320202,机床制造,881296,2902
sz301606,0,301606,T1204,元器件,880492,X400202,品牌消费电子,881328,2903
sz301607,0,301607,T040202,汽车配件,880392,X260305,汽车电子电气系统,881223,2904
sz301608,0,301608,T1202,通信设备,880490,X410104,通信终端及配件,881342,2905
sz301609,0,301609,T0706,电气设备,880446,X300302,电网自动化,881270,2906
sz301611,0,301611,T1203,半导体,880491,X400101,半导体材料,881320,2907
sz301613,0,301613,T040202,汽车配件,880392,X260304,其他汽车零部件,881222,2908
sz301616,0,301616,T070402,机械基件,880439,X320203,机械基础件,881297,2909
sz301617,0,301617,T020401,化工原料,880336,X120499,其他化学制品,881043,2910
sz301618,0,301618,T020406,染料涂料,880340,X120404,纺织化学品,881038,2911
sz301622,0,301622,T0208,矿物制品,880351,X140501,磁性材料,881088,2912
sz301626,0,301626,T1204,元器件,880492,X400201,消费电子组件,881327,2913
sz301628,0,301628,T1204,元器件,880492,X400401,PCB,881334,2914
sz301629,0,301629,T1203,半导体,880491,X400102,半导体设备,881321,2915
sz301630,0,301630,T020401,化工原料,880336,X4005,其他电子,881336,2916
sz301631,0,301631,T1204,元器件,880492,X400201,消费电子组件,881327,2917
sz301632,0,301632,T110101,建筑工程,880477,X600602,检测服务,881438,2918
sz301633,0,301633,T070506,专用机械,880445,X320502,工业控制设备,881315,2919
sz301636,0,301636,T0706,电气设备,880446,X300405,光伏辅材,881280,2920
sz301638,0,301638,T1205,软件服务,880493,X420202,行业应用软件,881357,2921
sz301656,0,301656,T040202,汽车配件,880392,X260305,汽车电子电气系统,881223,2922
sz301658,0,301658,T0706,电气设备,880446,X300404,光伏逆变器,881279,2923
sz301662,0,301662,T070506,专用机械,880445,X320399,其他专用设备,881309,2924
sz301665,0,301665,T020402,农药化肥,880337,X120701,农药,881056,2925
sz301666,0,301666,T1201,IT设备,880489,X420102,其他IT设备,881354,2926
sz301667,0,301667,T040202,汽车配件,880392,X260302,底盘与发动机系统,881220,2927
sz301668,0,301668,T0706,电气设备,880446,X300304,配电设备,881272,2928
sz301678,0,301678,T1203,半导体,880491,X400101,半导体材料,881320,2929
sz301680,0,301680,T040202,汽车配件,880392,X260302,底盘与发动机系统,881220,2930
sz301682,0,301682,T1204,元器件,880492,X3105,军工电子,881291,2931
sz301683,0,301683,T020406,染料涂料,880340,X120402,涂料油墨,881036,2932
sz301687,0,301687,T020401,化工原料,880336,X120502,塑料薄膜,881046,2933
sz301696,0,301696,T0706,电气设备,880446,X3102,航空装备,881288,2934
sz302132,0,302132,T0701,航空,880430,X3105,军工电子,881291,2935
sh600000,1,600000,T1001,银行,880471,X500102,股份制银行,881388,2936
sh600004,1,600004,T090302,机场,880467,X610202,机场,881448,2937
sh600006,1,600006,T040201,汽车整车,880391,X260201,商用载货车,881216,2938
sh600007,1,600007,T110203,园区开发,880485,X530102,商业地产,881420,2939
sh600008,1,600008,T0803,水务,880454,X6203,水务,881468,2940
sh600009,1,600009,T090302,机场,880467,X610202,机场,881448,2941
sh600010,1,600010,T020101,普钢,880319,X130202,板材,881067,2942
sh600011,1,600011,T010202,火力发电,880307,X620102,火力发电,881461,2943
sh600012,1,600012,T090301,路桥,880466,X610102,高速公路,881444,2944
sh600015,1,600015,T1001,银行,880471,X500102,股份制银行,881388,2945
sh600016,1,600016,T1001,银行,880471,X500102,股份制银行,881388,2946
sh600017,1,600017,T090303,港口,880468,X610301,港口,881450,2947
sh600018,1,600018,T090303,港口,880468,X610301,港口,881450,2948
sh600019,1,600019,T020101,普钢,880319,X130202,板材,881067,2949
sh600020,1,600020,T090301,路桥,880466,X610102,高速公路,881444,2950
sh600021,1,600021,T010202,火力发电,880307,X620102,火力发电,881461,2951
sh600022,1,600022,T020101,普钢,880319,X130202,板材,881067,2952
sh600023,1,600023,T010202,火力发电,880307,X620102,火力发电,881461,2953
sh600025,1,600025,T010201,水力发电,880306,X620101,水力发电,881460,2954
sh600026,1,600026,T090102,水运,880461,X610302,航运,881451,2955
sh600027,1,600027,T010202,火力发电,880307,X620102,火力发电,881461,2956
sh600028,1,600028,T010302,石油加工,880312,X110301,炼油化工,881012,2957
sh600029,1,600029,T090103,空运,880462,X610201,航空运输,881447,2958
sh600030,1,600030,T1002,证券,880472,X5101,证券,881394,2959
sh600031,1,600031,T0707,工程机械,880447,X320401,工程机械整机,881311,2960
sh600032,1,600032,T010203,新型电力,880308,X620105,光伏发电,881464,2961
sh600033,1,600033,T090301,路桥,880466,X610102,高速公路,881444,2962
sh600035,1,600035,T090301,路桥,880466,X610102,高速公路,881444,2963
sh600036,1,600036,T1001,银行,880471,X500102,股份制银行,881388,2964
sh600037,1,600037,T060102,影视音像,880420,X4307,广播电视,881384,2965
sh600038,1,600038,T0701,航空,880430,X3102,航空装备,881288,2966
sh600039,1,600039,T110101,建筑工程,880477,X520201,基建工程,881408,2967
sh600048,1,600048,T110201,全国地产,880483,X530101,住宅开发,881419,2968
sh600050,1,600050,T0801,电信运营,880452,X410201,电信运营服务,881345,2969
sh600051,1,600051,T1301,综合类,880497,X9901,综合类,881478,2970
sh600052,1,600052,T0804,供气供热,880455,X620103,热力服务,881462,2971
sh600053,1,600053,T1004,多元金融,880474,X510303,投资管理,881399,2972
sh600054,1,600054,T060502,旅游景点,880426,X600501,旅游景区,881433,2973
sh600055,1,600055,T0403,医疗保健,880398,X270302,医疗设备,881243,2974
sh600056,1,600056,T050104,医药商业,880410,X270501,医药流通,881253,2975
sh600057,1,600057,T0902,仓储物流,880464,X610401,供应链服务,881453,2976
sh600058,1,600058,T0502,商贸代理,880414,X2505,贸易,881206,2977
sh600059,1,600059,T030503,红黄酒,880383,X210203,黄酒,881133,2978
sh600060,1,600060,T0401,家用电器,880387,X240201,电视,881188,2979
sh600061,1,600061,T1002,证券,880472,X5101,证券,881394,2980
sh600062,1,600062,T040501,化学制药,880401,X270101,化学制剂,881232,2981
sh600063,1,600063,T0203,化纤,880330,X120306,有机化工原料,881032,2982
sh600064,1,600064,T110203,园区开发,880485,X530103,产业地产,881421,2983
sh600066,1,600066,T040201,汽车整车,880391,X260202,商用载客车,881217,2984
sh600067,1,600067,T0706,电气设备,880446,X300305,线缆部件及其他,881273,2985
sh600071,1,600071,T1204,元器件,880492,X400302,光学元件,881331,2986
sh600072,1,600072,T0706,电气设备,880446,X300502,风电零部件,881284,2987
sh600073,1,600073,T030403,食品,880375,X210601,肉制品,881145,2988
sh600075,1,600075,T020401,化工原料,880336,X120303,氯碱,881029,2989
sh600076,1,600076,T0602,广告包装,880421,X230205,其他包装,881176,2990
sh600078,1,600078,T020401,化工原料,880336,X120703,磷肥及磷化工,881058,2991
sh600079,1,600079,T040501,化学制药,880401,X270101,化学制剂,881232,2992
sh600080,1,600080,T040503,中成药,880403,X2706,中药,881256,2993
sh600081,1,600081,T040202,汽车配件,880392,X260304,其他汽车零部件,881222,2994
sh600082,1,600082,T110203,园区开发,880485,X530103,产业地产,881421,2995
sh600084,1,600084,T030503,红黄酒,880383,X210202,葡萄酒,881132,2996
sh600085,1,600085,T040503,中成药,880403,X2706,中药,881256,2997
sh600088,1,600088,T060102,影视音像,880420,X430301,影视制作,881374,2998
sh600089,1,600089,T0706,电气设备,880446,X300303,输变电设备,881271,2999
sh600094,1,600094,T110202,区域地产,880484,X530101,住宅开发,881419,3000
sh600095,1,600095,T1002,证券,880472,X5101,证券,881394,3001
sh600096,1,600096,T020402,农药化肥,880337,X120703,磷肥及磷化工,881058,3002
sh600097,1,600097,T030202,渔业,880362,X200402,水产捕捞,881118,3003
sh600098,1,600098,T010202,火力发电,880307,X620102,火力发电,881461,3004
sh600099,1,600099,T040201,汽车整车,880391,X260502,其他交通设备,881229,3005
sh600100,1,600100,T1201,IT设备,880489,X420102,其他IT设备,881354,3006
sh600101,1,600101,T010201,水力发电,880306,X620107,电能综合服务,881466,3007
sh600103,1,600103,T0207,造纸,880350,X230103,特种纸,881170,3008
sh600104,1,600104,T040201,汽车整车,880391,X260102,综合乘用车,881214,3009
sh600105,1,600105,T1202,通信设备,880490,X410101,光纤光缆,881339,3010
sh600106,1,600106,T090301,路桥,880466,X610102,高速公路,881444,3011
sh600107,1,600107,T030302,服饰,880369,X220204,非运动服装,881161,3012
sh600108,1,600108,T030201,种植业,880361,X200104,其他种植业,881110,3013
sh600109,1,600109,T1002,证券,880472,X5101,证券,881394,3014
sh600110,1,600110,T0706,电气设备,880446,X300201,锂电池,881263,3015
sh600111,1,600111,T020205,小金属,880329,X140401,稀土,881083,3016
sh600113,1,600113,T110202,区域地产,880484,X2503,商业物业经营,881204,3017
sh600114,1,600114,T070402,机械基件,880439,X320204,金属制品,881298,3018
sh600115,1,600115,T090103,空运,880462,X610201,航空运输,881447,3019
sh600116,1,600116,T010201,水力发电,880306,X620107,电能综合服务,881466,3020
sh600117,1,600117,T020102,特种钢,880320,X1303,特钢,881069,3021
sh600118,1,600118,T0701,航空,880430,X3103,航天装备,881289,3022
sh600119,1,600119,T0902,仓储物流,880464,X610403,跨境物流,881455,3023
sh600120,1,600120,T1004,多元金融,880474,X510306,金融控股,881402,3024
sh600121,1,600121,T010101,煤炭开采,880302,X100101,动力煤,881003,3025
sh600123,1,600123,T010101,煤炭开采,880302,X100102,炼焦煤,881004,3026
sh600125,1,600125,T090101,铁路,880460,X610101,铁路运输,881443,3027
sh600126,1,600126,T020101,普钢,880319,X130202,板材,881067,3028
sh600127,1,600127,T030206,农业综合,880366,X200601,粮油加工,881124,3029
sh600128,1,600128,T0502,商贸代理,880414,X2505,贸易,881206,3030
sh600129,1,600129,T040503,中成药,880403,X2706,中药,881256,3031
sh600130,1,600130,T1204,元器件,880492,X400201,消费电子组件,881327,3032
sh600131,1,600131,T1202,通信设备,880490,X420301,云基础设施服务,881360,3033
sh600132,1,600132,T030502,啤酒,880382,X210201,啤酒,881131,3034
sh600133,1,600133,T0805,环境保护,880456,X630201,大气治理,881472,3035
sh600135,1,600135,T020404,塑料,880338,X120506,其他塑料制品,881050,3036
sh600136,1,600136,T110204,房产服务,880486,X530201,物业管理,881423,3037
sh600137,1,600137,T030302,服饰,880369,X220202,鞋帽及其他,881159,3038
sh600138,1,600138,T060502,旅游景点,880426,X600503,休闲综合,881435,3039
sh600141,1,600141,T020402,农药化肥,880337,X120703,磷肥及磷化工,881058,3040
sh600143,1,600143,T020404,塑料,880338,X120503,改性塑料,881047,3041
sh600148,1,600148,T040202,汽车配件,880392,X260302,底盘与发动机系统,881220,3042
sh600149,1,600149,T1301,综合类,880497,X620103,热力服务,881462,3043
sh600150,1,600150,T0702,船舶,880431,X3104,航海装备,881290,3044
sh600151,1,600151,T040202,汽车配件,880392,X300403,光伏电池组件,881278,3045
sh600152,1,600152,T0706,电气设备,880446,X300201,锂电池,881263,3046
sh600153,1,600153,T0902,仓储物流,880464,X610401,供应链服务,881453,3047
sh600155,1,600155,T1002,证券,880472,X5101,证券,881394,3048
sh600156,1,600156,T030301,纺织,880368,X220104,其他纺织,881155,3049
sh600157,1,600157,T010202,火力发电,880307,X620102,火力发电,881461,3050
sh600158,1,600158,T0603,文教休闲,880422,X6001,体育,881427,3051
sh600159,1,600159,T110202,区域地产,880484,X530101,住宅开发,881419,3052
sh600160,1,600160,T020401,化工原料,880336,X120405,氟化工,881039,3053
sh600161,1,600161,T040502,生物制药,880402,X270201,血液制品,881235,3054
sh600162,1,600162,T110201,全国地产,880483,X530101,住宅开发,881419,3055
sh600163,1,600163,T010203,新型电力,880308,X620104,风力发电,881463,3056
sh600165,1,600165,T020401,化工原料,880336,X120499,其他化学制品,881043,3057
sh600166,1,600166,T040201,汽车整车,880391,X260201,商用载货车,881216,3058
sh600167,1,600167,T0804,供气供热,880455,X620103,热力服务,881462,3059
sh600168,1,600168,T0803,水务,880454,X6203,水务,881468,3060
sh600169,1,600169,T0707,工程机械,880447,X320301,能源及重型设备,881304,3061
sh600170,1,600170,T110101,建筑工程,880477,X5201,房屋建设,881406,3062
sh600171,1,600171,T1203,半导体,880491,X400103,集成电路设计,881322,3063
sh600172,1,600172,T0208,矿物制品,880351,X320207,磨具磨料,881301,3064
sh600173,1,600173,T110201,全国地产,880483,X530101,住宅开发,881419,3065
sh600176,1,600176,T020603,玻璃,880347,X150202,玻纤制造,881096,3066
sh600177,1,600177,T030302,服饰,880369,X220204,非运动服装,881161,3067
sh600178,1,600178,T040202,汽车配件,880392,X260302,底盘与发动机系统,881220,3068
sh600179,1,600179,T090102,水运,880461,X610302,航运,881451,3069
sh600180,1,600180,T0902,仓储物流,880464,X610401,供应链服务,881453,3070
sh600182,1,600182,T040202,汽车配件,880392,X260303,轮胎轮毂,881221,3071
sh600183,1,600183,T1204,元器件,880492,X400401,PCB,881334,3072
sh600184,1,600184,T070506,专用机械,880445,X3101,地面兵装,881287,3073
sh600185,1,600185,T060501,旅游服务,880425,X600502,旅游服务,881434,3074
sh600186,1,600186,T030403,食品,880375,X2104,调味品,881139,3075
sh600187,1,600187,T0803,水务,880454,X6203,水务,881468,3076
sh600188,1,600188,T010101,煤炭开采,880302,X100101,动力煤,881003,3077
sh600189,1,600189,T030402,软饮料,880374,X210301,软饮料,881137,3078
sh600191,1,600191,T030403,食品,880375,X210602,制糖业,881146,3079
sh600192,1,600192,T0706,电气设备,880446,X300303,输变电设备,881271,3080
sh600193,1,600193,T110102,装修装饰,880478,X5205,装修装饰,881416,3081
sh600195,1,600195,T030206,农业综合,880366,X2007,动物保健,881127,3082
sh600196,1,600196,T040501,化学制药,880401,X270101,化学制剂,881232,3083
sh600197,1,600197,T030501,白酒,880381,X210205,白酒,881135,3084
sh600198,1,600198,T1202,通信设备,880490,X410103,系统设备,881341,3085
sh600199,1,600199,T030501,白酒,880381,X210205,白酒,881135,3086
sh600201,1,600201,T030206,农业综合,880366,X2007,动物保健,881127,3087
sh600202,1,600202,T070506,专用机械,880445,X320206,制冷空调设备,881300,3088
sh600203,1,600203,T1204,元器件,880492,X400201,消费电子组件,881327,3089
sh600206,1,600206,T1203,半导体,880491,X400101,半导体材料,881320,3090
sh600207,1,600207,T0706,电气设备,880446,X300405,光伏辅材,881280,3091
sh600208,1,600208,T110201,全国地产,880483,X530101,住宅开发,881419,3092
sh600210,1,600210,T0602,广告包装,880421,X230203,塑料包装,881174,3093
sh600211,1,600211,T040502,生物制药,880402,X270206,其他生物制药,881240,3094
sh600212,1,600212,T0706,电气设备,880446,X300303,输变电设备,881271,3095
sh600215,1,600215,T070506,专用机械,880445,X320501,机器人,881314,3096
sh600216,1,600216,T040501,化学制药,880401,X270102,原料药,881233,3097
sh600217,1,600217,T0805,环境保护,880456,X630203,固废治理,881474,3098
sh600218,1,600218,T040202,汽车配件,880392,X320205,内燃机,881299,3099
sh600219,1,600219,T020202,铝,880326,X140102,铝,881073,3100
sh600221,1,600221,T090103,空运,880462,X610201,航空运输,881447,3101
sh600222,1,600222,T040503,中成药,880403,X2706,中药,881256,3102
sh600223,1,600223,T0301,日用化工,880355,X120102,化妆品,881018,3103
sh600226,1,600226,T0804,供气供热,880455,X620103,热力服务,881462,3104
sh600227,1,600227,T020402,农药化肥,880337,X120702,氮肥,881057,3105
sh600228,1,600228,T1206,互联网,880494,X250603,电商服务,881210,3106
sh600229,1,600229,T060101,出版业,880419,X430602,大众出版,881382,3107
sh600230,1,600230,T020401,化工原料,880336,X120401,聚氨酯,881035,3108
sh600231,1,600231,T020101,普钢,880319,X130201,长材,881066,3109
sh600232,1,600232,T070504,纺织机械,880443,X320303,纺织服装设备,881306,3110
sh600233,1,600233,T0902,仓储物流,880464,X610402,快递,881454,3111
sh600234,1,600234,T110102,装修装饰,880478,X5205,装修装饰,881416,3112
sh600235,1,600235,T0207,造纸,880350,X230103,特种纸,881170,3113
sh600236,1,600236,T010201,水力发电,880306,X620101,水力发电,881460,3114
sh600237,1,600237,T1204,元器件,880492,X400402,被动元件,881335,3115
sh600238,1,600238,T030503,红黄酒,880383,X210204,其他酒类,881134,3116
sh600239,1,600239,T110202,区域地产,880484,X530102,商业地产,881420,3117
sh600241,1,600241,T0706,电气设备,880446,X300201,锂电池,881263,3118
sh600243,1,600243,T0703,运输设备,880432,X320305,楼宇设备,881308,3119
sh600246,1,600246,T110202,区域地产,880484,X530101,住宅开发,881419,3120
sh600248,1,600248,T110101,建筑工程,880477,X5201,房屋建设,881406,3121
sh600249,1,600249,T0301,日用化工,880355,X120101,洗护用品,881017,3122
sh600250,1,600250,T0502,商贸代理,880414,X2505,贸易,881206,3123
sh600251,1,600251,T030206,农业综合,880366,X200602,果蔬加工,881125,3124
sh600252,1,600252,T040503,中成药,880403,X2706,中药,881256,3125
sh600255,1,600255,T020205,小金属,880329,X140502,其他金属新材料,881089,3126
sh600256,1,600256,T010301,石油开采,880311,X110302,石油贸易,881013,3127
sh600257,1,600257,T030202,渔业,880362,X200401,水产养殖,881117,3128
sh600258,1,600258,T0604,酒店餐饮,880423,X600301,酒店,881430,3129
sh600259,1,600259,T020205,小金属,880329,X140401,稀土,881083,3130
sh600261,1,600261,T0401,家用电器,880387,X400303,LED,881332,3131
sh600262,1,600262,T070506,专用机械,880445,X320301,能源及重型设备,881304,3132
sh600265,1,600265,T030203,林业,880363,X2003,林业,881115,3133
sh600266,1,600266,T110202,区域地产,880484,X530101,住宅开发,881419,3134
sh600267,1,600267,T040501,化学制药,880401,X270101,化学制剂,881232,3135
sh600268,1,600268,T0706,电气设备,880446,X300302,电网自动化,881270,3136
sh600269,1,600269,T090301,路桥,880466,X610102,高速公路,881444,3137
sh600271,1,600271,T1205,软件服务,880493,X420202,行业应用软件,881357,3138
sh600272,1,600272,T050104,医药商业,880410,X270501,医药流通,881253,3139
sh600273,1,600273,T020401,化工原料,880336,X120306,有机化工原料,881032,3140
sh600276,1,600276,T040501,化学制药,880401,X270101,化学制剂,881232,3141
sh600278,1,600278,T0502,商贸代理,880414,X2505,贸易,881206,3142
sh600279,1,600279,T090303,港口,880468,X610301,港口,881450,3143
sh600280,1,600280,T050101,百货,880407,X250102,百货,881202,3144
sh600281,1,600281,T020205,小金属,880329,X140404,其他金属,881086,3145
sh600282,1,600282,T020101,普钢,880319,X130202,板材,881067,3146
sh600283,1,600283,T0803,水务,880454,X6203,水务,881468,3147
sh600284,1,600284,T110101,建筑工程,880477,X520201,基建工程,881408,3148
sh600285,1,600285,T040503,中成药,880403,X2706,中药,881256,3149
sh600287,1,600287,T0502,商贸代理,880414,X2505,贸易,881206,3150
sh600288,1,600288,T1204,元器件,880492,X4005,其他电子,881336,3151
sh600289,1,600289,T1205,软件服务,880493,X420202,行业应用软件,881357,3152
sh600292,1,600292,T010201,水力发电,880306,X620101,水力发电,881460,3153
sh600293,1,600293,T020603,玻璃,880347,X150201,玻璃制造,881095,3154
sh600295,1,600295,T020102,特种钢,880320,X130102,冶钢辅料,881064,3155
sh600298,1,600298,T030403,食品,880375,X2104,调味品,881139,3156
sh600299,1,600299,T030204,饲料,880364,X120406,食品助剂,881040,3157
sh600300,1,600300,T030402,软饮料,880374,X210301,软饮料,881137,3158
sh600301,1,600301,T020205,小金属,880329,X140404,其他金属,881086,3159
sh600302,1,600302,T070504,纺织机械,880443,X320303,纺织服装设备,881306,3160
sh600303,1,600303,T040201,汽车整车,880391,X260202,商用载客车,881217,3161
sh600305,1,600305,T030403,食品,880375,X2104,调味品,881139,3162
sh600307,1,600307,T020101,普钢,880319,X130202,板材,881067,3163
sh600308,1,600308,T0207,造纸,880350,X230101,大宗用纸,881168,3164
sh600309,1,600309,T020401,化工原料,880336,X120401,聚氨酯,881035,3165
sh600310,1,600310,T010201,水力发电,880306,X620101,水力发电,881460,3166
sh600312,1,600312,T0706,电气设备,880446,X300303,输变电设备,881271,3167
sh600313,1,600313,T030201,种植业,880361,X200103,种子,881109,3168
sh600315,1,600315,T0301,日用化工,880355,X120101,洗护用品,881017,3169
sh600316,1,600316,T0701,航空,880430,X3102,航空装备,881288,3170
sh600318,1,600318,T1004,多元金融,880474,X510301,非货币银行,881397,3171
sh600319,1,600319,T020401,化工原料,880336,X120303,氯碱,881029,3172
sh600320,1,600320,T070506,专用机械,880445,X320301,能源及重型设备,881304,3173
sh600322,1,600322,T110202,区域地产,880484,X530101,住宅开发,881419,3174
sh600323,1,600323,T0805,环境保护,880456,X630203,固废治理,881474,3175
sh600325,1,600325,T110202,区域地产,880484,X530101,住宅开发,881419,3176
sh600326,1,600326,T020602,水泥,880346,X150101,水泥制造,881092,3177
sh600327,1,600327,T0403,医疗保健,880398,X270403,医院,881250,3178
sh600328,1,600328,T020401,化工原料,880336,X120305,无机盐,881031,3179
sh600329,1,600329,T040503,中成药,880403,X2706,中药,881256,3180
sh600330,1,600330,T070506,专用机械,880445,X320399,其他专用设备,881309,3181
sh600331,1,600331,T020402,农药化肥,880337,X120703,磷肥及磷化工,881058,3182
sh600332,1,600332,T040503,中成药,880403,X2706,中药,881256,3183
sh600333,1,600333,T0804,供气供热,880455,X6202,燃气,881467,3184
sh600335,1,600335,T040203,汽车服务,880393,X260401,汽车经销商,881225,3185
sh600336,1,600336,T0401,家用电器,880387,X240102,冰洗,881186,3186
sh600337,1,600337,T0404,家居用品,880399,X230301,家具,881178,3187
sh600338,1,600338,T020203,铅锌,880327,X140103,铅锌,881074,3188
sh600339,1,600339,T010301,石油开采,880311,X110202,油气工程,881010,3189
sh600340,1,600340,T110203,园区开发,880485,X530103,产业地产,881421,3190
sh600343,1,600343,T070402,机械基件,880439,X320299,其他通用设备,881302,3191
sh600345,1,600345,T1202,通信设备,880490,X410105,其他通信设备,881343,3192
sh600346,1,600346,T010302,石油加工,880312,X110301,炼油化工,881012,3193
sh600348,1,600348,T010101,煤炭开采,880302,X100102,炼焦煤,881004,3194
sh600350,1,600350,T090301,路桥,880466,X610102,高速公路,881444,3195
sh600351,1,600351,T040503,中成药,880403,X2706,中药,881256,3196
sh600352,1,600352,T020406,染料涂料,880340,X120404,纺织化学品,881038,3197
sh600353,1,600353,T1204,元器件,880492,X4005,其他电子,881336,3198
sh600354,1,600354,T030201,种植业,880361,X200103,种子,881109,3199
sh600356,1,600356,T0207,造纸,880350,X230103,特种纸,881170,3200
sh600358,1,600358,T0602,广告包装,880421,X430201,互联网广告,881371,3201
sh600359,1,600359,T030201,种植业,880361,X200104,其他种植业,881110,3202
sh600360,1,600360,T1203,半导体,880491,X400104,功率半导体,881323,3203
sh600361,1,600361,T020202,铝,880326,X140102,铝,881073,3204
sh600362,1,600362,T020201,铜,880325,X140101,铜,881072,3205
sh600363,1,600363,T1204,元器件,880492,X4005,其他电子,881336,3206
sh600365,1,600365,T1206,互联网,880494,X250601,综合电商,881208,3207
sh600366,1,600366,T0208,矿物制品,880351,X140501,磁性材料,881088,3208
sh600367,1,600367,T020401,化工原料,880336,X120305,无机盐,881031,3209
sh600368,1,600368,T090301,路桥,880466,X610102,高速公路,881444,3210
sh600369,1,600369,T1002,证券,880472,X5101,证券,881394,3211
sh600370,1,600370,T020401,化工原料,880336,X120501,合成树脂,881045,3212
sh600371,1,600371,T030201,种植业,880361,X200103,种子,881109,3213
sh600372,1,600372,T0701,航空,880430,X3102,航空装备,881288,3214
sh600373,1,600373,T060101,出版业,880419,X430602,大众出版,881382,3215
sh600375,1,600375,T040201,汽车整车,880391,X260201,商用载货车,881216,3216
sh600376,1,600376,T110202,区域地产,880484,X530101,住宅开发,881419,3217
sh600377,1,600377,T090301,路桥,880466,X610102,高速公路,881444,3218
sh600378,1,600378,T020401,化工原料,880336,X120405,氟化工,881039,3219
sh600379,1,600379,T0706,电气设备,880446,X300303,输变电设备,881271,3220
sh600380,1,600380,T040501,化学制药,880401,X270101,化学制剂,881232,3221
sh600381,1,600381,T0403,医疗保健,880398,X210604,保健品,881148,3222
sh600382,1,600382,T020101,普钢,880319,X130101,铁矿石,881063,3223
sh600383,1,600383,T110201,全国地产,880483,X530101,住宅开发,881419,3224
sh600386,1,600386,T040203,汽车服务,880393,X260402,汽车综合服务,881226,3225
sh600388,1,600388,T0805,环境保护,880456,X6301,环保设备,881470,3226
sh600389,1,600389,T020402,农药化肥,880337,X120701,农药,881056,3227
sh600390,1,600390,T1004,多元金融,880474,X510306,金融控股,881402,3228
sh600391,1,600391,T0701,航空,880430,X3102,航空装备,881288,3229
sh600392,1,600392,T020205,小金属,880329,X140401,稀土,881083,3230
sh600395,1,600395,T010101,煤炭开采,880302,X100102,炼焦煤,881004,3231
sh600396,1,600396,T010202,火力发电,880307,X620102,火力发电,881461,3232
sh600397,1,600397,T070506,专用机械,880445,X320301,能源及重型设备,881304,3233
sh600398,1,600398,T030302,服饰,880369,X220204,非运动服装,881161,3234
sh600399,1,600399,T020102,特种钢,880320,X1303,特钢,881069,3235
sh600400,1,600400,T030302,服饰,880369,X220204,非运动服装,881161,3236
sh600403,1,600403,T010101,煤炭开采,880302,X100101,动力煤,881003,3237
sh600405,1,600405,T0706,电气设备,880446,X3006,其他发电设备,881285,3238
sh600406,1,600406,T0706,电气设备,880446,X300302,电网自动化,881270,3239
sh600408,1,600408,T010102,焦炭加工,880303,X1002,焦炭加工,881005,3240
sh600409,1,600409,T0203,化纤,880330,X120203,粘胶纤维,881022,3241
sh600410,1,600410,T1205,软件服务,880493,X420304,其他云服务,881363,3242
sh600415,1,600415,T050106,商品城,880412,X2503,商业物业经营,881204,3243
sh600416,1,600416,T0706,电气设备,880446,X3001,电机制造,881261,3244
sh600418,1,600418,T040201,汽车整车,880391,X260201,商用载货车,881216,3245
sh600419,1,600419,T030401,乳制品,880373,X210302,乳制品,881138,3246
sh600420,1,600420,T040501,化学制药,880401,X270101,化学制剂,881232,3247
sh600421,1,600421,T070506,专用机械,880445,X320204,金属制品,881298,3248
sh600422,1,600422,T040503,中成药,880403,X2706,中药,881256,3249
sh600423,1,600423,T020402,农药化肥,880337,X120306,有机化工原料,881032,3250
sh600425,1,600425,T020602,水泥,880346,X150101,水泥制造,881092,3251
sh600426,1,600426,T020402,农药化肥,880337,X120301,煤化工,881027,3252
sh600428,1,600428,T090102,水运,880461,X610302,航运,881451,3253
sh600429,1,600429,T030401,乳制品,880373,X210302,乳制品,881138,3254
sh600433,1,600433,T0207,造纸,880350,X230103,特种纸,881170,3255
sh600435,1,600435,T070506,专用机械,880445,X3101,地面兵装,881287,3256
sh600436,1,600436,T040503,中成药,880403,X2706,中药,881256,3257
sh600438,1,600438,T0706,电气设备,880446,X300401,光伏硅料,881276,3258
sh600439,1,600439,T030302,服饰,880369,X220303,其他饰品,881165,3259
sh600444,1,600444,T070506,专用机械,880445,X320399,其他专用设备,881309,3260
sh600446,1,600446,T1205,软件服务,880493,X420202,行业应用软件,881357,3261
sh600448,1,600448,T030301,纺织,880368,X220102,印染,881153,3262
sh600449,1,600449,T020602,水泥,880346,X150101,水泥制造,881092,3263
sh600452,1,600452,T010201,水力发电,880306,X620107,电能综合服务,881466,3264
sh600455,1,600455,T0603,文教休闲,880422,X6002,教育培训,881428,3265
sh600456,1,600456,T020205,小金属,880329,X140403,钛,881085,3266
sh600458,1,600458,T020404,塑料,880338,X300502,风电零部件,881284,3267
sh600459,1,600459,T020205,小金属,880329,X140404,其他金属,881086,3268
sh600460,1,600460,T1203,半导体,880491,X400104,功率半导体,881323,3269
sh600461,1,600461,T0803,水务,880454,X6203,水务,881468,3270
sh600463,1,600463,T110203,园区开发,880485,X530103,产业地产,881421,3271
sh600467,1,600467,T030202,渔业,880362,X200401,水产养殖,881117,3272
sh600468,1,600468,T0706,电气设备,880446,X300304,配电设备,881272,3273
sh600469,1,600469,T040202,汽车配件,880392,X260303,轮胎轮毂,881221,3274
sh600470,1,600470,T020402,农药化肥,880337,X120703,磷肥及磷化工,881058,3275
sh600475,1,600475,T0706,电气设备,880446,X620107,电能综合服务,881466,3276
sh600476,1,600476,T1205,软件服务,880493,X420202,行业应用软件,881357,3277
sh600477,1,600477,T020103,钢加工,880321,X520302,钢结构,881412,3278
sh600478,1,600478,T0706,电气设备,880446,X300201,锂电池,881263,3279
sh600479,1,600479,T040503,中成药,880403,X2706,中药,881256,3280
sh600480,1,600480,T040202,汽车配件,880392,X260304,其他汽车零部件,881222,3281
sh600481,1,600481,T0706,电气设备,880446,X300402,光伏硅片,881277,3282
sh600482,1,600482,T0702,船舶,880431,X3104,航海装备,881290,3283
sh600483,1,600483,T010203,新型电力,880308,X620107,电能综合服务,881466,3284
sh600486,1,600486,T020402,农药化肥,880337,X120701,农药,881056,3285
sh600487,1,600487,T1202,通信设备,880490,X410101,光纤光缆,881339,3286
sh600488,1,600488,T040501,化学制药,880401,X270102,原料药,881233,3287
sh600489,1,600489,T020204,黄金,880328,X140201,黄金,881076,3288
sh600490,1,600490,T020201,铜,880325,X140101,铜,881072,3289
sh600491,1,600491,T110101,建筑工程,880477,X5201,房屋建设,881406,3290
sh600493,1,600493,T030301,纺织,880368,X220101,棉纺制品,881152,3291
sh600495,1,600495,T0703,运输设备,880432,X3201,轨交设备,881293,3292
sh600496,1,600496,T020103,钢加工,880321,X520302,钢结构,881412,3293
sh600497,1,600497,T020203,铅锌,880327,X140103,铅锌,881074,3294
sh600498,1,600498,T1202,通信设备,880490,X410103,系统设备,881341,3295
sh600499,1,600499,T070506,专用机械,880445,X320399,其他专用设备,881309,3296
sh600500,1,600500,T020404,塑料,880338,X120499,其他化学制品,881043,3297
sh600501,1,600501,T070506,专用机械,880445,X320399,其他专用设备,881309,3298
sh600502,1,600502,T110101,建筑工程,880477,X520201,基建工程,881408,3299
sh600503,1,600503,T110202,区域地产,880484,X530101,住宅开发,881419,3300
sh600505,1,600505,T010201,水力发电,880306,X620101,水力发电,881460,3301
sh600506,1,600506,T010302,石油加工,880312,X110303,其他石化,881014,3302
sh600507,1,600507,T020102,特种钢,880320,X1303,特钢,881069,3303
sh600508,1,600508,T010101,煤炭开采,880302,X100102,炼焦煤,881004,3304
sh600509,1,600509,T010202,火力发电,880307,X620102,火力发电,881461,3305
sh600510,1,600510,T110201,全国地产,880483,X530101,住宅开发,881419,3306
sh600511,1,600511,T050104,医药商业,880410,X270501,医药流通,881253,3307
sh600512,1,600512,T110101,建筑工程,880477,X520201,基建工程,881408,3308
sh600513,1,600513,T040501,化学制药,880401,X270101,化学制剂,881232,3309
sh600515,1,600515,T090302,机场,880467,X610202,机场,881448,3310
sh600516,1,600516,T0208,矿物制品,880351,X130102,冶钢辅料,881064,3311
sh600517,1,600517,T1004,多元金融,880474,X510302,信托,881398,3312
sh600518,1,600518,T040503,中成药,880403,X2706,中药,881256,3313
sh600519,1,600519,T030501,白酒,880381,X210205,白酒,881135,3314
sh600520,1,600520,T1203,半导体,880491,X400102,半导体设备,881321,3315
sh600521,1,600521,T040501,化学制药,880401,X270101,化学制剂,881232,3316
sh600522,1,600522,T1202,通信设备,880490,X410101,光纤光缆,881339,3317
sh600523,1,600523,T040202,汽车配件,880392,X260304,其他汽车零部件,881222,3318
sh600525,1,600525,T0706,电气设备,880446,X300303,输变电设备,881271,3319
sh600526,1,600526,T0805,环境保护,880456,X6301,环保设备,881470,3320
sh600527,1,600527,T0203,化纤,880330,X120299,其他化学纤维,881025,3321
sh600528,1,600528,T0703,运输设备,880432,X3201,轨交设备,881293,3322
sh600529,1,600529,T0403,医疗保健,880398,X270303,医疗耗材,881244,3323
sh600530,1,600530,T0403,医疗保健,880398,X210604,保健品,881148,3324
sh600531,1,600531,T020203,铅锌,880327,X140103,铅锌,881074,3325
sh600533,1,600533,T110202,区域地产,880484,X530101,住宅开发,881419,3326
sh600535,1,600535,T040503,中成药,880403,X2706,中药,881256,3327
sh600536,1,600536,T1205,软件服务,880493,X420202,行业应用软件,881357,3328
sh600537,1,600537,T0706,电气设备,880446,X300403,光伏电池组件,881278,3329
sh600538,1,600538,T050104,医药商业,880410,X270501,医药流通,881253,3330
sh600539,1,600539,T1206,互联网,880494,X250603,电商服务,881210,3331
sh600540,1,600540,T030201,种植业,880361,X200104,其他种植业,881110,3332
sh600543,1,600543,T030503,红黄酒,880383,X210202,葡萄酒,881132,3333
sh600545,1,600545,T070504,纺织机械,880443,X320303,纺织服装设备,881306,3334
sh600546,1,600546,T010101,煤炭开采,880302,X100101,动力煤,881003,3335
sh600547,1,600547,T020204,黄金,880328,X140201,黄金,881076,3336
sh600548,1,600548,T090301,路桥,880466,X610102,高速公路,881444,3337
sh600549,1,600549,T020205,小金属,880329,X140402,钨钼,881084,3338
sh600550,1,600550,T0706,电气设备,880446,X300303,输变电设备,881271,3339
sh600551,1,600551,T060101,出版业,880419,X430602,大众出版,881382,3340
sh600552,1,600552,T1204,元器件,880492,X400301,面板,881330,3341
sh600556,1,600556,T1206,互联网,880494,X430201,互联网广告,881371,3342
sh600557,1,600557,T040503,中成药,880403,X2706,中药,881256,3343
sh600558,1,600558,T020103,钢加工,880321,X320204,金属制品,881298,3344
sh600559,1,600559,T030501,白酒,880381,X210205,白酒,881135,3345
sh600560,1,600560,T0706,电气设备,880446,X320502,工业控制设备,881315,3346
sh600561,1,600561,T0802,公共交通,880453,X610103,公共交通,881445,3347
sh600562,1,600562,T1202,通信设备,880490,X3105,军工电子,881291,3348
sh600563,1,600563,T1204,元器件,880492,X400402,被动元件,881335,3349
sh600566,1,600566,T040503,中成药,880403,X2706,中药,881256,3350
sh600567,1,600567,T0207,造纸,880350,X230101,大宗用纸,881168,3351
sh600568,1,600568,T0403,医疗保健,880398,X270403,医院,881250,3352
sh600569,1,600569,T020101,普钢,880319,X130202,板材,881067,3353
sh600570,1,600570,T1205,软件服务,880493,X420202,行业应用软件,881357,3354
sh600571,1,600571,T1205,软件服务,880493,X420202,行业应用软件,881357,3355
sh600572,1,600572,T040503,中成药,880403,X2706,中药,881256,3356
sh600573,1,600573,T030502,啤酒,880382,X210201,啤酒,881131,3357
sh600575,1,600575,T010202,火力发电,880307,X620102,火力发电,881461,3358
sh600576,1,600576,T060502,旅游景点,880426,X600501,旅游景区,881433,3359
sh600577,1,600577,T0706,电气设备,880446,X300305,线缆部件及其他,881273,3360
sh600578,1,600578,T010202,火力发电,880307,X620102,火力发电,881461,3361
sh600579,1,600579,T070501,化工机械,880441,X320399,其他专用设备,881309,3362
sh600580,1,600580,T0706,电气设备,880446,X3001,电机制造,881261,3363
sh600581,1,600581,T020101,普钢,880319,X130202,板材,881067,3364
sh600582,1,600582,T070506,专用机械,880445,X320301,能源及重型设备,881304,3365
sh600583,1,600583,T010301,石油开采,880311,X110202,油气工程,881010,3366
sh600584,1,600584,T1203,半导体,880491,X400106,半导体封测,881325,3367
sh600585,1,600585,T020602,水泥,880346,X150101,水泥制造,881092,3368
sh600586,1,600586,T020603,玻璃,880347,X150201,玻璃制造,881095,3369
sh600587,1,600587,T0403,医疗保健,880398,X270302,医疗设备,881243,3370
sh600588,1,600588,T1205,软件服务,880493,X420303,云软件服务,881362,3371
sh600589,1,600589,T1205,软件服务,880493,X420301,云基础设施服务,881360,3372
sh600590,1,600590,T1202,通信设备,880490,X3105,军工电子,881291,3373
sh600592,1,600592,T070402,机械基件,880439,X320203,机械基础件,881297,3374
sh600593,1,600593,T060502,旅游景点,880426,X600501,旅游景区,881433,3375
sh600594,1,600594,T040503,中成药,880403,X2706,中药,881256,3376
sh600595,1,600595,T020202,铝,880326,X140102,铝,881073,3377
sh600596,1,600596,T020401,化工原料,880336,X120407,有机硅,881041,3378
sh600597,1,600597,T030401,乳制品,880373,X210302,乳制品,881138,3379
sh600598,1,600598,T030201,种植业,880361,X200101,粮食种植,881107,3380
sh600599,1,600599,T020401,化工原料,880336,X120403,民爆制品,881037,3381
sh600600,1,600600,T030502,啤酒,880382,X210201,啤酒,881131,3382
sh600601,1,600601,T1204,元器件,880492,X400401,PCB,881334,3383
sh600602,1,600602,T1205,软件服务,880493,X420301,云基础设施服务,881360,3384
sh600603,1,600603,T110202,区域地产,880484,X530101,住宅开发,881419,3385
sh600604,1,600604,T110203,园区开发,880485,X530103,产业地产,881421,3386
sh600605,1,600605,T110204,房产服务,880486,X2503,商业物业经营,881204,3387
sh600606,1,600606,T110201,全国地产,880483,X530101,住宅开发,881419,3388
sh600608,1,600608,T0502,商贸代理,880414,X2505,贸易,881206,3389
sh600609,1,600609,T040202,汽车配件,880392,X260301,车身附件及饰件,881219,3390
sh600610,1,600610,T020401,化工原料,880336,X120306,有机化工原料,881032,3391
sh600611,1,600611,T0802,公共交通,880453,X610103,公共交通,881445,3392
sh600612,1,600612,T030302,服饰,880369,X220301,钟表珠宝,881163,3393
sh600613,1,600613,T040503,中成药,880403,X2706,中药,881256,3394
sh600615,1,600615,T020202,铝,880326,X140102,铝,881073,3395
sh600616,1,600616,T030503,红黄酒,880383,X210203,黄酒,881133,3396
sh600617,1,600617,T0804,供气供热,880455,X6202,燃气,881467,3397
sh600618,1,600618,T020401,化工原料,880336,X120303,氯碱,881029,3398
sh600619,1,600619,T0401,家用电器,880387,X2406,家电零部件,881198,3399
sh600620,1,600620,T1301,综合类,880497,X9901,综合类,881478,3400
sh600621,1,600621,T1002,证券,880472,X5101,证券,881394,3401
sh600622,1,600622,T110202,区域地产,880484,X530101,住宅开发,881419,3402
sh600623,1,600623,T020401,化工原料,880336,X120301,煤化工,881027,3403
sh600624,1,600624,T040501,化学制药,880401,X270101,化学制剂,881232,3404
sh600626,1,600626,T040202,汽车配件,880392,X260301,车身附件及饰件,881219,3405
sh600628,1,600628,T050101,百货,880407,X250102,百货,881202,3406
sh600629,1,600629,T110101,建筑工程,880477,X5204,工程咨询服务,881415,3407
sh600630,1,600630,T030302,服饰,880369,X220204,非运动服装,881161,3408
sh600633,1,600633,T1206,互联网,880494,X4301,游戏,881369,3409
sh600635,1,600635,T0804,供气供热,880455,X6202,燃气,881467,3410
sh600636,1,600636,T0603,文教休闲,880422,X6002,教育培训,881428,3411
sh600637,1,600637,T060102,影视音像,880420,X4307,广播电视,881384,3412
sh600638,1,600638,T110202,区域地产,880484,X530101,住宅开发,881419,3413
sh600639,1,600639,T110203,园区开发,880485,X530103,产业地产,881421,3414
sh600640,1,600640,T060102,影视音像,880420,X430401,视频音频媒体,881377,3415
sh600641,1,600641,T1203,半导体,880491,X400101,半导体材料,881320,3416
sh600642,1,600642,T010202,火力发电,880307,X620102,火力发电,881461,3417
sh600643,1,600643,T1004,多元金融,880474,X510306,金融控股,881402,3418
sh600644,1,600644,T010201,水力发电,880306,X620101,水力发电,881460,3419
sh600645,1,600645,T0403,医疗保健,880398,X270204,诊断试剂,881238,3420
sh600648,1,600648,T110203,园区开发,880485,X530103,产业地产,881421,3421
sh600649,1,600649,T110202,区域地产,880484,X530101,住宅开发,881419,3422
sh600650,1,600650,T0802,公共交通,880453,X610103,公共交通,881445,3423
sh600651,1,600651,T0708,电器仪表,880448,X400303,LED,881332,3424
sh600653,1,600653,T040203,汽车服务,880393,X260401,汽车经销商,881225,3425
sh600654,1,600654,T0902,仓储物流,880464,X600604,其他专业服务,881440,3426
sh600655,1,600655,T050101,百货,880407,X2503,商业物业经营,881204,3427
sh600657,1,600657,T110201,全国地产,880483,X530101,住宅开发,881419,3428
sh600658,1,600658,T110203,园区开发,880485,X530103,产业地产,881421,3429
sh600660,1,600660,T040202,汽车配件,880392,X260301,车身附件及饰件,881219,3430
sh600661,1,600661,T0603,文教休闲,880422,X6002,教育培训,881428,3431
sh600662,1,600662,T0603,文教休闲,880422,X600601,人力资源服务,881437,3432
sh600663,1,600663,T110203,园区开发,880485,X530102,商业地产,881420,3433
sh600664,1,600664,T040501,化学制药,880401,X270101,化学制剂,881232,3434
sh600665,1,600665,T110201,全国地产,880483,X530101,住宅开发,881419,3435
sh600666,1,600666,T1204,元器件,880492,X400101,半导体材料,881320,3436
sh600667,1,600667,T1203,半导体,880491,X400106,半导体封测,881325,3437
sh600668,1,600668,T020602,水泥,880346,X150101,水泥制造,881092,3438
sh600671,1,600671,T040503,中成药,880403,X2706,中药,881256,3439
sh600673,1,600673,T1301,综合类,880497,X9901,综合类,881478,3440
sh600674,1,600674,T010201,水力发电,880306,X620101,水力发电,881460,3441
sh600675,1,600675,T110202,区域地产,880484,X530101,住宅开发,881419,3442
sh600676,1,600676,T040202,汽车配件,880392,X9901,综合类,881478,3443
sh600678,1,600678,T020602,水泥,880346,X150101,水泥制造,881092,3444
sh600679,1,600679,T0603,文教休闲,880422,X260502,其他交通设备,881229,3445
sh600681,1,600681,T0804,供气供热,880455,X6202,燃气,881467,3446
sh600682,1,600682,T040502,生物制药,880402,X270206,其他生物制药,881240,3447
sh600683,1,600683,T110202,区域地产,880484,X530101,住宅开发,881419,3448
sh600684,1,600684,T110202,区域地产,880484,X530101,住宅开发,881419,3449
sh600685,1,600685,T0702,船舶,880431,X3104,航海装备,881290,3450
sh600686,1,600686,T040201,汽车整车,880391,X260202,商用载客车,881217,3451
sh600688,1,600688,T010302,石油加工,880312,X110301,炼油化工,881012,3452
sh600689,1,600689,T1301,综合类,880497,X9901,综合类,881478,3453
sh600690,1,600690,T0401,家用电器,880387,X240102,冰洗,881186,3454
sh600691,1,600691,T020402,农药化肥,880337,X120301,煤化工,881027,3455
sh600692,1,600692,T110202,区域地产,880484,X530101,住宅开发,881419,3456
sh600693,1,600693,T050101,百货,880407,X250102,百货,881202,3457
sh600694,1,600694,T050101,百货,880407,X250103,多业态零售,881203,3458
sh600696,1,600696,T030501,白酒,880381,X210205,白酒,881135,3459
sh600697,1,600697,T050101,百货,880407,X250103,多业态零售,881203,3460
sh600698,1,600698,T040202,汽车配件,880392,X260302,底盘与发动机系统,881220,3461
sh600699,1,600699,T040202,汽车配件,880392,X260305,汽车电子电气系统,881223,3462
sh600702,1,600702,T030501,白酒,880381,X210205,白酒,881135,3463
sh600703,1,600703,T1203,半导体,880491,X400303,LED,881332,3464
sh600704,1,600704,T0902,仓储物流,880464,X610401,供应链服务,881453,3465
sh600706,1,600706,T060502,旅游景点,880426,X600501,旅游景区,881433,3466
sh600707,1,600707,T1204,元器件,880492,X400301,面板,881330,3467
sh600708,1,600708,T110201,全国地产,880483,X530101,住宅开发,881419,3468
sh600710,1,600710,T0502,商贸代理,880414,X2505,贸易,881206,3469
sh600711,1,600711,T020205,小金属,880329,X140303,钴,881081,3470
sh600712,1,600712,T050101,百货,880407,X250102,百货,881202,3471
sh600713,1,600713,T050104,医药商业,880410,X270501,医药流通,881253,3472
sh600714,1,600714,T020401,化工原料,880336,X120305,无机盐,881031,3473
sh600715,1,600715,T060102,影视音像,880420,X430302,发行院线,881375,3474
sh600716,1,600716,T110202,区域地产,880484,X530101,住宅开发,881419,3475
sh600717,1,600717,T090303,港口,880468,X610301,港口,881450,3476
sh600718,1,600718,T1205,软件服务,880493,X420202,行业应用软件,881357,3477
sh600719,1,600719,T0804,供气供热,880455,X620103,热力服务,881462,3478
sh600720,1,600720,T110101,建筑工程,880477,X5204,工程咨询服务,881415,3479
sh600721,1,600721,T040502,生物制药,880402,X270402,医疗研发外包,881249,3480
sh600722,1,600722,T020401,化工原料,880336,X120301,煤化工,881027,3481
sh600724,1,600724,T1301,综合类,880497,X9901,综合类,881478,3482
sh600725,1,600725,T0502,商贸代理,880414,X2505,贸易,881206,3483
sh600726,1,600726,T010202,火力发电,880307,X620102,火力发电,881461,3484
sh600727,1,600727,T020401,化工原料,880336,X120302,钛白粉,881028,3485
sh600728,1,600728,T1205,软件服务,880493,X420202,行业应用软件,881357,3486
sh600729,1,600729,T050101,百货,880407,X250103,多业态零售,881203,3487
sh600730,1,600730,T0603,文教休闲,880422,X6002,教育培训,881428,3488
sh600731,1,600731,T020402,农药化肥,880337,X120701,农药,881056,3489
sh600732,1,600732,T0706,电气设备,880446,X300403,光伏电池组件,881278,3490
sh600733,1,600733,T040201,汽车整车,880391,X260101,电动乘用车,881213,3491
sh600734,1,600734,T1205,软件服务,880493,X420301,云基础设施服务,881360,3492
sh600735,1,600735,T030302,服饰,880369,X220303,其他饰品,881165,3493
sh600736,1,600736,T110203,园区开发,880485,X530102,商业地产,881420,3494
sh600737,1,600737,T030403,食品,880375,X210602,制糖业,881146,3495
sh600738,1,600738,T050101,百货,880407,X2503,商业物业经营,881204,3496
sh600739,1,600739,T040502,生物制药,880402,X270202,疫苗,881236,3497
sh600740,1,600740,T010102,焦炭加工,880303,X1002,焦炭加工,881005,3498
sh600741,1,600741,T040202,汽车配件,880392,X260301,车身附件及饰件,881219,3499
sh600742,1,600742,T040202,汽车配件,880392,X260301,车身附件及饰件,881219,3500
sh600743,1,600743,T110202,区域地产,880484,X530101,住宅开发,881419,3501
sh600744,1,600744,T010202,火力发电,880307,X620102,火力发电,881461,3502
sh600745,1,600745,T1203,半导体,880491,X400104,功率半导体,881323,3503
sh600746,1,600746,T020401,化工原料,880336,X120505,塑料助剂,881049,3504
sh600748,1,600748,T110201,全国地产,880483,X530101,住宅开发,881419,3505
sh600749,1,600749,T060502,旅游景点,880426,X600501,旅游景区,881433,3506
sh600750,1,600750,T040503,中成药,880403,X2706,中药,881256,3507
sh600751,1,600751,T090102,水运,880461,X610302,航运,881451,3508
sh600753,1,600753,T0502,商贸代理,880414,X2505,贸易,881206,3509
sh600754,1,600754,T0604,酒店餐饮,880423,X600301,酒店,881430,3510
sh600755,1,600755,T0902,仓储物流,880464,X610401,供应链服务,881453,3511
sh600756,1,600756,T1205,软件服务,880493,X420202,行业应用软件,881357,3512
sh600757,1,600757,T060101,出版业,880419,X430601,教育出版,881381,3513
sh600758,1,600758,T010101,煤炭开采,880302,X100102,炼焦煤,881004,3514
sh600759,1,600759,T010301,石油开采,880311,X1101,油气开采,881007,3515
sh600760,1,600760,T0701,航空,880430,X3102,航空装备,881288,3516
sh600761,1,600761,T0707,工程机械,880447,X320401,工程机械整机,881311,3517
sh600763,1,600763,T0403,医疗保健,880398,X270403,医院,881250,3518
sh600764,1,600764,T0702,船舶,880431,X3104,航海装备,881290,3519
sh600765,1,600765,T0701,航空,880430,X3102,航空装备,881288,3520
sh600768,1,600768,T020202,铝,880326,X140102,铝,881073,3521
sh600769,1,600769,T0803,水务,880454,X6203,水务,881468,3522
sh600770,1,600770,T1301,综合类,880497,X9901,综合类,881478,3523
sh600771,1,600771,T040503,中成药,880403,X2706,中药,881256,3524
sh600773,1,600773,T110202,区域地产,880484,X530101,住宅开发,881419,3525
sh600774,1,600774,T040501,化学制药,880401,X270101,化学制剂,881232,3526
sh600775,1,600775,T1202,通信设备,880490,X410104,通信终端及配件,881342,3527
sh600776,1,600776,T1202,通信设备,880490,X410105,其他通信设备,881343,3528
sh600777,1,600777,T010301,石油开采,880311,X1101,油气开采,881007,3529
sh600778,1,600778,T050101,百货,880407,X250103,多业态零售,881203,3530
sh600779,1,600779,T030501,白酒,880381,X210205,白酒,881135,3531
sh600780,1,600780,T010202,火力发电,880307,X620102,火力发电,881461,3532
sh600782,1,600782,T020101,普钢,880319,X130202,板材,881067,3533
sh600783,1,600783,T070506,专用机械,880445,X320207,磨具磨料,881301,3534
sh600784,1,600784,T1301,综合类,880497,X9901,综合类,881478,3535
sh600785,1,600785,T050101,百货,880407,X250103,多业态零售,881203,3536
sh600787,1,600787,T0902,仓储物流,880464,X610404,仓储物流,881456,3537
sh600789,1,600789,T040501,化学制药,880401,X270101,化学制剂,881232,3538
sh600790,1,600790,T050106,商品城,880412,X2503,商业物业经营,881204,3539
sh600791,1,600791,T110201,全国地产,880483,X530101,住宅开发,881419,3540
sh600792,1,600792,T010102,焦炭加工,880303,X1002,焦炭加工,881005,3541
sh600793,1,600793,T0207,造纸,880350,X230103,特种纸,881170,3542
sh600794,1,600794,T0902,仓储物流,880464,X610404,仓储物流,881456,3543
sh600795,1,600795,T010202,火力发电,880307,X620102,火力发电,881461,3544
sh600796,1,600796,T0805,环境保护,880456,X630202,水治理,881473,3545
sh600797,1,600797,T1205,软件服务,880493,X420202,行业应用软件,881357,3546
sh600798,1,600798,T090102,水运,880461,X610302,航运,881451,3547
sh600800,1,600800,T020401,化工原料,880336,X120306,有机化工原料,881032,3548
sh600801,1,600801,T020602,水泥,880346,X150101,水泥制造,881092,3549
sh600802,1,600802,T020602,水泥,880346,X150101,水泥制造,881092,3550
sh600803,1,600803,T0804,供气供热,880455,X6202,燃气,881467,3551
sh600805,1,600805,T1301,综合类,880497,X9901,综合类,881478,3552
sh600807,1,600807,T0403,医疗保健,880398,X270204,诊断试剂,881238,3553
sh600808,1,600808,T020101,普钢,880319,X130202,板材,881067,3554
sh600809,1,600809,T030501,白酒,880381,X210205,白酒,881135,3555
sh600810,1,600810,T0203,化纤,880330,X120204,锦纶,881023,3556
sh600812,1,600812,T040501,化学制药,880401,X270101,化学制剂,881232,3557
sh600814,1,600814,T050101,百货,880407,X250102,百货,881202,3558
sh600815,1,600815,T0707,工程机械,880447,X320401,工程机械整机,881311,3559
sh600816,1,600816,T1004,多元金融,880474,X510302,信托,881398,3560
sh600817,1,600817,T070506,专用机械,880445,X6301,环保设备,881470,3561
sh600818,1,600818,T0603,文教休闲,880422,X260502,其他交通设备,881229,3562
sh600819,1,600819,T020603,玻璃,880347,X150201,玻璃制造,881095,3563
sh600820,1,600820,T110101,建筑工程,880477,X520201,基建工程,881408,3564
sh600821,1,600821,T010203,新型电力,880308,X620105,光伏发电,881464,3565
sh600822,1,600822,T040203,汽车服务,880393,X260401,汽车经销商,881225,3566
sh600824,1,600824,T050101,百货,880407,X250103,多业态零售,881203,3567
sh600825,1,600825,T060101,出版业,880419,X430602,大众出版,881382,3568
sh600826,1,600826,T0603,文教休闲,880422,X600603,会展服务,881439,3569
sh600827,1,600827,T050102,超市连锁,880408,X250103,多业态零售,881203,3570
sh600828,1,600828,T050101,百货,880407,X250102,百货,881202,3571
sh600829,1,600829,T050104,医药商业,880410,X270501,医药流通,881253,3572
sh600830,1,600830,T1004,多元金融,880474,X510305,租赁,881401,3573
sh600831,1,600831,T060102,影视音像,880420,X4307,广播电视,881384,3574
sh600833,1,600833,T050104,医药商业,880410,X270502,线下药店,881254,3575
sh600834,1,600834,T0802,公共交通,880453,X610103,公共交通,881445,3576
sh600835,1,600835,T0703,运输设备,880432,X320305,楼宇设备,881308,3577
sh600838,1,600838,T050101,百货,880407,X250103,多业态零售,881203,3578
sh600839,1,600839,T0401,家用电器,880387,X240201,电视,881188,3579
sh600841,1,600841,T040202,汽车配件,880392,X260302,底盘与发动机系统,881220,3580
sh600843,1,600843,T070504,纺织机械,880443,X320303,纺织服装设备,881306,3581
sh600844,1,600844,T020401,化工原料,880336,X120301,煤化工,881027,3582
sh600845,1,600845,T1205,软件服务,880493,X420202,行业应用软件,881357,3583
sh600846,1,600846,T110101,建筑工程,880477,X5204,工程咨询服务,881415,3584
sh600847,1,600847,T0706,电气设备,880446,X300205,其他电池,881267,3585
sh600848,1,600848,T110203,园区开发,880485,X530103,产业地产,881421,3586
sh600850,1,600850,T1205,软件服务,880493,X420304,其他云服务,881363,3587
sh600851,1,600851,T040501,化学制药,880401,X270101,化学制剂,881232,3588
sh600853,1,600853,T110101,建筑工程,880477,X520201,基建工程,881408,3589
sh600854,1,600854,T0401,家用电器,880387,X240101,空调,881185,3590
sh600855,1,600855,T070506,专用机械,880445,X3105,军工电子,881291,3591
sh600857,1,600857,T050101,百货,880407,X250102,百货,881202,3592
sh600858,1,600858,T050101,百货,880407,X250103,多业态零售,881203,3593
sh600859,1,600859,T050101,百货,880407,X250102,百货,881202,3594
sh600860,1,600860,T070506,专用机械,880445,X320204,金属制品,881298,3595
sh600861,1,600861,T0603,文教休闲,880422,X600601,人力资源服务,881437,3596
sh600862,1,600862,T0701,航空,880430,X3102,航空装备,881288,3597
sh600863,1,600863,T010202,火力发电,880307,X620102,火力发电,881461,3598
sh600864,1,600864,T1002,证券,880472,X5101,证券,881394,3599
sh600865,1,600865,T050101,百货,880407,X250102,百货,881202,3600
sh600866,1,600866,T030204,饲料,880364,X200501,畜禽饲料,881120,3601
sh600867,1,600867,T040502,生物制药,880402,X270205,基因药物,881239,3602
sh600868,1,600868,T010201,水力发电,880306,X620101,水力发电,881460,3603
sh600869,1,600869,T0706,电气设备,880446,X300305,线缆部件及其他,881273,3604
sh600871,1,600871,T010301,石油开采,880311,X110201,油田服务,881009,3605
sh600872,1,600872,T030403,食品,880375,X2104,调味品,881139,3606
sh600873,1,600873,T030403,食品,880375,X2104,调味品,881139,3607
sh600874,1,600874,T0805,环境保护,880456,X630202,水治理,881473,3608
sh600875,1,600875,T0706,电气设备,880446,X3006,其他发电设备,881285,3609
sh600876,1,600876,T020603,玻璃,880347,X150201,玻璃制造,881095,3610
sh600877,1,600877,T1203,半导体,880491,X400103,集成电路设计,881322,3611
sh600879,1,600879,T0701,航空,880430,X3103,航天装备,881289,3612
sh600880,1,600880,T0602,广告包装,880421,X6002,教育培训,881428,3613
sh600881,1,600881,T1301,综合类,880497,X9901,综合类,881478,3614
sh600882,1,600882,T030401,乳制品,880373,X210302,乳制品,881138,3615
sh600883,1,600883,T030201,种植业,880361,X200102,食用菌,881108,3616
sh600884,1,600884,T0706,电气设备,880446,X300202,电池化学品,881264,3617
sh600885,1,600885,T0706,电气设备,880446,X300303,输变电设备,881271,3618
sh600886,1,600886,T010201,水力发电,880306,X620101,水力发电,881460,3619
sh600887,1,600887,T030401,乳制品,880373,X210302,乳制品,881138,3620
sh600888,1,600888,T020202,铝,880326,X140102,铝,881073,3621
sh600889,1,600889,T070402,机械基件,880439,X320203,机械基础件,881297,3622
sh600892,1,600892,T1206,互联网,880494,X4301,游戏,881369,3623
sh600893,1,600893,T0701,航空,880430,X3102,航空装备,881288,3624
sh600894,1,600894,T0703,运输设备,880432,X320305,楼宇设备,881308,3625
sh600895,1,600895,T110203,园区开发,880485,X530103,产业地产,881421,3626
sh600897,1,600897,T090302,机场,880467,X610202,机场,881448,3627
sh600900,1,600900,T010201,水力发电,880306,X620101,水力发电,881460,3628
sh600901,1,600901,T1004,多元金融,880474,X510301,非货币银行,881397,3629
sh600903,1,600903,T0804,供气供热,880455,X6202,燃气,881467,3630
sh600905,1,600905,T010203,新型电力,880308,X620104,风力发电,881463,3631
sh600906,1,600906,T1002,证券,880472,X5101,证券,881394,3632
sh600908,1,600908,T1001,银行,880471,X500202,农商行,881391,3633
sh600909,1,600909,T1002,证券,880472,X5101,证券,881394,3634
sh600916,1,600916,T030302,服饰,880369,X220301,钟表珠宝,881163,3635
sh600917,1,600917,T0804,供气供热,880455,X6202,燃气,881467,3636
sh600918,1,600918,T1002,证券,880472,X5101,证券,881394,3637
sh600919,1,600919,T1001,银行,880471,X500201,城商行,881390,3638
sh600925,1,600925,T010101,煤炭开采,880302,X100101,动力煤,881003,3639
sh600926,1,600926,T1001,银行,880471,X500201,城商行,881390,3640
sh600927,1,600927,T1004,多元金融,880474,X510304,期货,881400,3641
sh600928,1,600928,T1001,银行,880471,X500201,城商行,881390,3642
sh600929,1,600929,T030403,食品,880375,X120305,无机盐,881031,3643
sh600930,1,600930,T010203,新型电力,880308,X620104,风力发电,881463,3644
sh600933,1,600933,T040202,汽车配件,880392,X260302,底盘与发动机系统,881220,3645
sh600935,1,600935,T020401,化工原料,880336,X120303,氯碱,881029,3646
sh600936,1,600936,T1205,软件服务,880493,X420202,行业应用软件,881357,3647
sh600938,1,600938,T010301,石油开采,880311,X1101,油气开采,881007,3648
sh600939,1,600939,T110101,建筑工程,880477,X5201,房屋建设,881406,3649
sh600941,1,600941,T0801,电信运营,880452,X410201,电信运营服务,881345,3650
sh600955,1,600955,T020401,化工原料,880336,X120306,有机化工原料,881032,3651
sh600956,1,600956,T0804,供气供热,880455,X6202,燃气,881467,3652
sh600958,1,600958,T1002,证券,880472,X5101,证券,881394,3653
sh600959,1,600959,T060102,影视音像,880420,X4307,广播电视,881384,3654
sh600960,1,600960,T040202,汽车配件,880392,X260302,底盘与发动机系统,881220,3655
sh600961,1,600961,T020203,铅锌,880327,X140103,铅锌,881074,3656
sh600962,1,600962,T030402,软饮料,880374,X210301,软饮料,881137,3657
sh600963,1,600963,T0207,造纸,880350,X230101,大宗用纸,881168,3658
sh600965,1,600965,T030206,农业综合,880366,X200203,其他养殖,881114,3659
sh600966,1,600966,T0207,造纸,880350,X230101,大宗用纸,881168,3660
sh600967,1,600967,T0703,运输设备,880432,X3101,地面兵装,881287,3661
sh600968,1,600968,T010301,石油开采,880311,X110201,油田服务,881009,3662
sh600969,1,600969,T010201,水力发电,880306,X620107,电能综合服务,881466,3663
sh600970,1,600970,T110101,建筑工程,880477,X520303,国际工程,881413,3664
sh600971,1,600971,T010101,煤炭开采,880302,X100101,动力煤,881003,3665
sh600973,1,600973,T0706,电气设备,880446,X300305,线缆部件及其他,881273,3666
sh600975,1,600975,T030206,农业综合,880366,X200201,生猪养殖,881112,3667
sh600976,1,600976,T040503,中成药,880403,X2706,中药,881256,3668
sh600977,1,600977,T060102,影视音像,880420,X430302,发行院线,881375,3669
sh600979,1,600979,T010201,水力发电,880306,X620101,水力发电,881460,3670
sh600980,1,600980,T070506,专用机械,880445,X320301,能源及重型设备,881304,3671
sh600981,1,600981,T0502,商贸代理,880414,X2505,贸易,881206,3672
sh600982,1,600982,T0804,供气供热,880455,X620103,热力服务,881462,3673
sh600983,1,600983,T0401,家用电器,880387,X240102,冰洗,881186,3674
sh600984,1,600984,T0707,工程机械,880447,X320401,工程机械整机,881311,3675
sh600985,1,600985,T010101,煤炭开采,880302,X100102,炼焦煤,881004,3676
sh600986,1,600986,T1206,互联网,880494,X430201,互联网广告,881371,3677
sh600987,1,600987,T030301,纺织,880368,X220102,印染,881153,3678
sh600988,1,600988,T020204,黄金,880328,X140201,黄金,881076,3679
sh600989,1,600989,T020401,化工原料,880336,X120301,煤化工,881027,3680
sh600990,1,600990,T1202,通信设备,880490,X3105,军工电子,881291,3681
sh600992,1,600992,T020103,钢加工,880321,X320204,金属制品,881298,3682
sh600993,1,600993,T040503,中成药,880403,X2706,中药,881256,3683
sh600995,1,600995,T010201,水力发电,880306,X620101,水力发电,881460,3684
sh600996,1,600996,T060102,影视音像,880420,X4307,广播电视,881384,3685
sh600997,1,600997,T010102,焦炭加工,880303,X1002,焦炭加工,881005,3686
sh600998,1,600998,T050104,医药商业,880410,X270501,医药流通,881253,3687
sh600999,1,600999,T1002,证券,880472,X5101,证券,881394,3688
sh601000,1,601000,T090303,港口,880468,X610301,港口,881450,3689
sh601001,1,601001,T010101,煤炭开采,880302,X100101,动力煤,881003,3690
sh601002,1,601002,T070402,机械基件,880439,X320203,机械基础件,881297,3691
sh601003,1,601003,T020101,普钢,880319,X130202,板材,881067,3692
sh601005,1,601005,T020101,普钢,880319,X130202,板材,881067,3693
sh601006,1,601006,T090101,铁路,880460,X610101,铁路运输,881443,3694
sh601007,1,601007,T0604,酒店餐饮,880423,X600301,酒店,881430,3695
sh601008,1,601008,T090303,港口,880468,X610301,港口,881450,3696
sh601009,1,601009,T1001,银行,880471,X500201,城商行,881390,3697
sh601010,1,601010,T050101,百货,880407,X250102,百货,881202,3698
sh601011,1,601011,T010102,焦炭加工,880303,X1002,焦炭加工,881005,3699
sh601012,1,601012,T0706,电气设备,880446,X300403,光伏电池组件,881278,3700
sh601015,1,601015,T010102,焦炭加工,880303,X1002,焦炭加工,881005,3701
sh601016,1,601016,T010203,新型电力,880308,X620104,风力发电,881463,3702
sh601018,1,601018,T090303,港口,880468,X610301,港口,881450,3703
sh601019,1,601019,T060101,出版业,880419,X430601,教育出版,881381,3704
sh601020,1,601020,T020203,铅锌,880327,X140103,铅锌,881074,3705
sh601021,1,601021,T090103,空运,880462,X610201,航空运输,881447,3706
sh601022,1,601022,T090102,水运,880461,X610302,航运,881451,3707
sh601026,1,601026,T0706,电气设备,880446,X300502,风电零部件,881284,3708
sh601033,1,601033,T0805,环境保护,880456,X630203,固废治理,881474,3709
sh601038,1,601038,T070505,农用机械,880444,X320304,农用机械,881307,3710
sh601058,1,601058,T040202,汽车配件,880392,X260303,轮胎轮毂,881221,3711
sh601059,1,601059,T1002,证券,880472,X5101,证券,881394,3712
sh601061,1,601061,T0502,商贸代理,880414,X2505,贸易,881206,3713
sh601065,1,601065,T020401,化工原料,880336,X120305,无机盐,881031,3714
sh601066,1,601066,T1002,证券,880472,X5101,证券,881394,3715
sh601068,1,601068,T110101,建筑工程,880477,X520304,其他专业工程,881414,3716
sh601069,1,601069,T020204,黄金,880328,X140201,黄金,881076,3717
sh601077,1,601077,T1001,银行,880471,X500202,农商行,881391,3718
sh601083,1,601083,T090102,水运,880461,X610302,航运,881451,3719
sh601086,1,601086,T050101,百货,880407,X250102,百货,881202,3720
sh601088,1,601088,T010101,煤炭开采,880302,X100101,动力煤,881003,3721
sh601089,1,601089,T040501,化学制药,880401,X270101,化学制剂,881232,3722
sh601096,1,601096,T020103,钢加工,880321,X520302,钢结构,881412,3723
sh601098,1,601098,T060101,出版业,880419,X430601,教育出版,881381,3724
sh601099,1,601099,T1002,证券,880472,X5101,证券,881394,3725
sh601100,1,601100,T0707,工程机械,880447,X320402,工程机械零件,881312,3726
sh601101,1,601101,T010101,煤炭开采,880302,X100101,动力煤,881003,3727
sh601106,1,601106,T0707,工程机械,880447,X320301,能源及重型设备,881304,3728
sh601107,1,601107,T090301,路桥,880466,X610102,高速公路,881444,3729
sh601108,1,601108,T1002,证券,880472,X5101,证券,881394,3730
sh601111,1,601111,T090103,空运,880462,X610201,航空运输,881447,3731
sh601112,1,601112,T020603,玻璃,880347,X150202,玻纤制造,881096,3732
sh601113,1,601113,T0203,化纤,880330,X120204,锦纶,881023,3733
sh601116,1,601116,T050102,超市连锁,880408,X250101,超市及便利店,881201,3734
sh601117,1,601117,T110101,建筑工程,880477,X520301,化学工程,881411,3735
sh601118,1,601118,T020405,橡胶,880339,X200104,其他种植业,881110,3736
sh601121,1,601121,T020101,普钢,880319,X130101,铁矿石,881063,3737
sh601126,1,601126,T0706,电气设备,880446,X300302,电网自动化,881270,3738
sh601127,1,601127,T040201,汽车整车,880391,X260102,综合乘用车,881214,3739
sh601128,1,601128,T1001,银行,880471,X500202,农商行,881391,3740
sh601133,1,601133,T110101,建筑工程,880477,X520304,其他专业工程,881414,3741
sh601136,1,601136,T1002,证券,880472,X5101,证券,881394,3742
sh601137,1,601137,T020205,小金属,880329,X140502,其他金属新材料,881089,3743
sh601138,1,601138,T1202,通信设备,880490,X400201,消费电子组件,881327,3744
sh601139,1,601139,T0804,供气供热,880455,X6202,燃气,881467,3745
sh601155,1,601155,T110202,区域地产,880484,X530101,住宅开发,881419,3746
sh601156,1,601156,T0902,仓储物流,880464,X610403,跨境物流,881455,3747
sh601158,1,601158,T0803,水务,880454,X6203,水务,881468,3748
sh601162,1,601162,T1002,证券,880472,X5101,证券,881394,3749
sh601163,1,601163,T040202,汽车配件,880392,X260303,轮胎轮毂,881221,3750
sh601166,1,601166,T1001,银行,880471,X500102,股份制银行,881388,3751
sh601168,1,601168,T020201,铜,880325,X140101,铜,881072,3752
sh601169,1,601169,T1001,银行,880471,X500201,城商行,881390,3753
sh601177,1,601177,T070402,机械基件,880439,X320203,机械基础件,881297,3754
sh601179,1,601179,T0706,电气设备,880446,X300303,输变电设备,881271,3755
sh601186,1,601186,T110101,建筑工程,880477,X520201,基建工程,881408,3756
sh601187,1,601187,T1001,银行,880471,X500201,城商行,881390,3757
sh601188,1,601188,T090301,路桥,880466,X610102,高速公路,881444,3758
sh601198,1,601198,T1002,证券,880472,X5101,证券,881394,3759
sh601199,1,601199,T0803,水务,880454,X6203,水务,881468,3760
sh601200,1,601200,T0805,环境保护,880456,X630203,固废治理,881474,3761
sh601206,1,601206,T040502,生物制药,880402,X270202,疫苗,881236,3762
sh601208,1,601208,T020401,化工原料,880336,X120502,塑料薄膜,881046,3763
sh601211,1,601211,T1002,证券,880472,X5101,证券,881394,3764
sh601212,1,601212,T020201,铜,880325,X140101,铜,881072,3765
sh601216,1,601216,T020401,化工原料,880336,X120303,氯碱,881029,3766
sh601218,1,601218,T0706,电气设备,880446,X300502,风电零部件,881284,3767
sh601222,1,601222,T010203,新型电力,880308,X620105,光伏发电,881464,3768
sh601225,1,601225,T010101,煤炭开采,880302,X100101,动力煤,881003,3769
sh601226,1,601226,T110101,建筑工程,880477,X520304,其他专业工程,881414,3770
sh601228,1,601228,T090303,港口,880468,X610301,港口,881450,3771
sh601229,1,601229,T1001,银行,880471,X500201,城商行,881390,3772
sh601231,1,601231,T1204,元器件,880492,X400201,消费电子组件,881327,3773
sh601233,1,601233,T0203,化纤,880330,X120201,涤纶,881020,3774
sh601236,1,601236,T1002,证券,880472,X5101,证券,881394,3775
sh601238,1,601238,T040201,汽车整车,880391,X260102,综合乘用车,881214,3776
sh601279,1,601279,T040202,汽车配件,880392,X260301,车身附件及饰件,881219,3777
sh601288,1,601288,T1001,银行,880471,X500101,国有大型银行,881387,3778
sh601298,1,601298,T090303,港口,880468,X610301,港口,881450,3779
sh601311,1,601311,T0706,电气设备,880446,X300205,其他电池,881267,3780
sh601318,1,601318,T1003,保险,880473,X5102,保险,881395,3781
sh601319,1,601319,T1003,保险,880473,X5102,保险,881395,3782
sh601326,1,601326,T090303,港口,880468,X610301,港口,881450,3783
sh601328,1,601328,T1001,银行,880471,X500101,国有大型银行,881387,3784
sh601330,1,601330,T0805,环境保护,880456,X630203,固废治理,881474,3785
sh601333,1,601333,T090101,铁路,880460,X610101,铁路运输,881443,3786
sh601336,1,601336,T1003,保险,880473,X5102,保险,881395,3787
sh601339,1,601339,T030301,纺织,880368,X220101,棉纺制品,881152,3788
sh601360,1,601360,T1206,互联网,880494,X420201,基础软件,881356,3789
sh601366,1,601366,T050101,百货,880407,X250103,多业态零售,881203,3790
sh601368,1,601368,T0803,水务,880454,X6203,水务,881468,3791
sh601369,1,601369,T070402,机械基件,880439,X320299,其他通用设备,881302,3792
sh601375,1,601375,T1002,证券,880472,X5101,证券,881394,3793
sh601377,1,601377,T1002,证券,880472,X5101,证券,881394,3794
sh601388,1,601388,T020202,铝,880326,X140102,铝,881073,3795
sh601390,1,601390,T110101,建筑工程,880477,X520201,基建工程,881408,3796
sh601398,1,601398,T1001,银行,880471,X500101,国有大型银行,881387,3797
sh601399,1,601399,T0707,工程机械,880447,X320301,能源及重型设备,881304,3798
sh601456,1,601456,T1002,证券,880472,X5101,证券,881394,3799
sh601500,1,601500,T040202,汽车配件,880392,X260303,轮胎轮毂,881221,3800
sh601512,1,601512,T110203,园区开发,880485,X530103,产业地产,881421,3801
sh601515,1,601515,T0602,广告包装,880421,X230204,纸包装,881175,3802
sh601518,1,601518,T090301,路桥,880466,X610102,高速公路,881444,3803
sh601519,1,601519,T1205,软件服务,880493,X420202,行业应用软件,881357,3804
sh601528,1,601528,T1001,银行,880471,X500202,农商行,881391,3805
sh601555,1,601555,T1002,证券,880472,X5101,证券,881394,3806
sh601566,1,601566,T030302,服饰,880369,X220204,非运动服装,881161,3807
sh601567,1,601567,T0706,电气设备,880446,X300304,配电设备,881272,3808
sh601568,1,601568,T020401,化工原料,880336,X120303,氯碱,881029,3809
sh601577,1,601577,T1001,银行,880471,X500201,城商行,881390,3810
sh601579,1,601579,T030503,红黄酒,880383,X210203,黄酒,881133,3811
sh601588,1,601588,T110202,区域地产,880484,X530101,住宅开发,881419,3812
sh601595,1,601595,T060102,影视音像,880420,X430302,发行院线,881375,3813
sh601598,1,601598,T0902,仓储物流,880464,X610403,跨境物流,881455,3814
sh601599,1,601599,T030301,纺织,880368,X220104,其他纺织,881155,3815
sh601600,1,601600,T020202,铝,880326,X140102,铝,881073,3816
sh601601,1,601601,T1003,保险,880473,X5102,保险,881395,3817
sh601606,1,601606,T070506,专用机械,880445,X3101,地面兵装,881287,3818
sh601607,1,601607,T050104,医药商业,880410,X270501,医药流通,881253,3819
sh601608,1,601608,T070506,专用机械,880445,X320301,能源及重型设备,881304,3820
sh601609,1,601609,T020201,铜,880325,X140101,铜,881072,3821
sh601611,1,601611,T110101,建筑工程,880477,X520201,基建工程,881408,3822
sh601615,1,601615,T0706,电气设备,880446,X300501,风电整机,881283,3823
sh601616,1,601616,T0706,电气设备,880446,X300304,配电设备,881272,3824
sh601618,1,601618,T110101,建筑工程,880477,X520304,其他专业工程,881414,3825
sh601619,1,601619,T010203,新型电力,880308,X620104,风力发电,881463,3826
sh601628,1,601628,T1003,保险,880473,X5102,保险,881395,3827
sh601633,1,601633,T040201,汽车整车,880391,X260102,综合乘用车,881214,3828
sh601636,1,601636,T020603,玻璃,880347,X150201,玻璃制造,881095,3829
sh601658,1,601658,T1001,银行,880471,X500101,国有大型银行,881387,3830
sh601665,1,601665,T1001,银行,880471,X500201,城商行,881390,3831
sh601666,1,601666,T010101,煤炭开采,880302,X100102,炼焦煤,881004,3832
sh601668,1,601668,T110101,建筑工程,880477,X5201,房屋建设,881406,3833
sh601669,1,601669,T110101,建筑工程,880477,X520201,基建工程,881408,3834
sh601677,1,601677,T020202,铝,880326,X140102,铝,881073,3835
sh601678,1,601678,T020401,化工原料,880336,X120303,氯碱,881029,3836
sh601686,1,601686,T020103,钢加工,880321,X130203,其他钢材,881068,3837
sh601688,1,601688,T1002,证券,880472,X5101,证券,881394,3838
sh601689,1,601689,T040202,汽车配件,880392,X260301,车身附件及饰件,881219,3839
sh601696,1,601696,T1002,证券,880472,X5101,证券,881394,3840
sh601698,1,601698,T0801,电信运营,880452,X3103,航天装备,881289,3841
sh601699,1,601699,T010101,煤炭开采,880302,X100102,炼焦煤,881004,3842
sh601700,1,601700,T0706,电气设备,880446,X300305,线缆部件及其他,881273,3843
sh601702,1,601702,T020202,铝,880326,X140102,铝,881073,3844
sh601717,1,601717,T070506,专用机械,880445,X320301,能源及重型设备,881304,3845
sh601718,1,601718,T030302,服饰,880369,X220204,非运动服装,881161,3846
sh601727,1,601727,T0706,电气设备,880446,X3006,其他发电设备,881285,3847
sh601728,1,601728,T0801,电信运营,880452,X410201,电信运营服务,881345,3848
sh601766,1,601766,T0703,运输设备,880432,X3201,轨交设备,881293,3849
sh601777,1,601777,T040204,摩托车,880394,X260501,摩托车,881228,3850
sh601778,1,601778,T010203,新型电力,880308,X620105,光伏发电,881464,3851
sh601788,1,601788,T1002,证券,880472,X5101,证券,881394,3852
sh601789,1,601789,T110101,建筑工程,880477,X5201,房屋建设,881406,3853
sh601798,1,601798,T070501,化工机械,880441,X320301,能源及重型设备,881304,3854
sh601799,1,601799,T040202,汽车配件,880392,X260301,车身附件及饰件,881219,3855
sh601800,1,601800,T110101,建筑工程,880477,X520201,基建工程,881408,3856
sh601801,1,601801,T060101,出版业,880419,X430602,大众出版,881382,3857
sh601808,1,601808,T010301,石油开采,880311,X110201,油田服务,881009,3858
sh601811,1,601811,T060101,出版业,880419,X430601,教育出版,881381,3859
sh601816,1,601816,T090101,铁路,880460,X610101,铁路运输,881443,3860
sh601818,1,601818,T1001,银行,880471,X500102,股份制银行,881388,3861
sh601825,1,601825,T1001,银行,880471,X500202,农商行,881391,3862
sh601827,1,601827,T0805,环境保护,880456,X630203,固废治理,881474,3863
sh601828,1,601828,T050105,其他商业,880411,X2503,商业物业经营,881204,3864
sh601838,1,601838,T1001,银行,880471,X500201,城商行,881390,3865
sh601857,1,601857,T010301,石油开采,880311,X1101,油气开采,881007,3866
sh601858,1,601858,T060101,出版业,880419,X430603,其他出版,881383,3867
sh601860,1,601860,T1001,银行,880471,X500202,农商行,881391,3868
sh601865,1,601865,T020603,玻璃,880347,X300405,光伏辅材,881280,3869
sh601866,1,601866,T090102,水运,880461,X610302,航运,881451,3870
sh601868,1,601868,T110101,建筑工程,880477,X520201,基建工程,881408,3871
sh601869,1,601869,T1202,通信设备,880490,X410101,光纤光缆,881339,3872
sh601872,1,601872,T090102,水运,880461,X610302,航运,881451,3873
sh601877,1,601877,T0706,电气设备,880446,X300304,配电设备,881272,3874
sh601878,1,601878,T1002,证券,880472,X5101,证券,881394,3875
sh601880,1,601880,T090303,港口,880468,X610301,港口,881450,3876
sh601881,1,601881,T1002,证券,880472,X5101,证券,881394,3877
sh601882,1,601882,T070401,机床制造,880438,X320202,机床制造,881296,3878
sh601886,1,601886,T110102,装修装饰,880478,X5205,装修装饰,881416,3879
sh601888,1,601888,T060501,旅游服务,880425,X600502,旅游服务,881434,3880
sh601890,1,601890,T0702,船舶,880431,X3104,航海装备,881290,3881
sh601898,1,601898,T010101,煤炭开采,880302,X100101,动力煤,881003,3882
sh601899,1,601899,T020201,铜,880325,X140101,铜,881072,3883
sh601900,1,601900,T060101,出版业,880419,X430601,教育出版,881381,3884
sh601901,1,601901,T1002,证券,880472,X5101,证券,881394,3885
sh601908,1,601908,T0706,电气设备,880446,X300402,光伏硅片,881277,3886
sh601916,1,601916,T1001,银行,880471,X500102,股份制银行,881388,3887
sh601918,1,601918,T010101,煤炭开采,880302,X100101,动力煤,881003,3888
sh601919,1,601919,T090102,水运,880461,X610302,航运,881451,3889
sh601921,1,601921,T060101,出版业,880419,X430602,大众出版,881382,3890
sh601928,1,601928,T060101,出版业,880419,X430601,教育出版,881381,3891
sh601929,1,601929,T060102,影视音像,880420,X4307,广播电视,881384,3892
sh601933,1,601933,T050102,超市连锁,880408,X250101,超市及便利店,881201,3893
sh601939,1,601939,T1001,银行,880471,X500101,国有大型银行,881387,3894
sh601949,1,601949,T060101,出版业,880419,X430602,大众出版,881382,3895
sh601952,1,601952,T030201,种植业,880361,X200101,粮食种植,881107,3896
sh601956,1,601956,T0401,家用电器,880387,X2406,家电零部件,881198,3897
sh601958,1,601958,T020205,小金属,880329,X140402,钨钼,881084,3898
sh601963,1,601963,T1001,银行,880471,X500201,城商行,881390,3899
sh601965,1,601965,T040203,汽车服务,880393,X260402,汽车综合服务,881226,3900
sh601966,1,601966,T040202,汽车配件,880392,X260303,轮胎轮毂,881221,3901
sh601968,1,601968,T0602,广告包装,880421,X230202,金属包装,881173,3902
sh601969,1,601969,T020101,普钢,880319,X130101,铁矿石,881063,3903
sh601975,1,601975,T090102,水运,880461,X610302,航运,881451,3904
sh601985,1,601985,T010203,新型电力,880308,X620106,核力发电,881465,3905
sh601988,1,601988,T1001,银行,880471,X500101,国有大型银行,881387,3906
sh601990,1,601990,T1002,证券,880472,X5101,证券,881394,3907
sh601991,1,601991,T010202,火力发电,880307,X620102,火力发电,881461,3908
sh601992,1,601992,T020602,水泥,880346,X150101,水泥制造,881092,3909
sh601995,1,601995,T1002,证券,880472,X5101,证券,881394,3910
sh601996,1,601996,T0404,家居用品,880399,X230302,其他家居,881179,3911
sh601997,1,601997,T1001,银行,880471,X500201,城商行,881390,3912
sh601998,1,601998,T1001,银行,880471,X500102,股份制银行,881388,3913
sh601999,1,601999,T060101,出版业,880419,X430602,大众出版,881382,3914
sh603000,1,603000,T1206,互联网,880494,X430402,文字图片媒体,881378,3915
sh603001,1,603001,T030302,服饰,880369,X220202,鞋帽及其他,881159,3916
sh603002,1,603002,T020401,化工原料,880336,X120501,合成树脂,881045,3917
sh603004,1,603004,T020401,化工原料,880336,X120499,其他化学制品,881043,3918
sh603005,1,603005,T1203,半导体,880491,X400106,半导体封测,881325,3919
sh603006,1,603006,T040202,汽车配件,880392,X260301,车身附件及饰件,881219,3920
sh603007,1,603007,T110101,建筑工程,880477,X520202,园林工程,881409,3921
sh603008,1,603008,T0404,家居用品,880399,X230301,家具,881178,3922
sh603009,1,603009,T040202,汽车配件,880392,X260302,底盘与发动机系统,881220,3923
sh603010,1,603010,T020401,化工原料,880336,X120505,塑料助剂,881049,3924
sh603011,1,603011,T070506,专用机械,880445,X320399,其他专用设备,881309,3925
sh603012,1,603012,T070506,专用机械,880445,X320301,能源及重型设备,881304,3926
sh603013,1,603013,T040202,汽车配件,880392,X260302,底盘与发动机系统,881220,3927
sh603014,1,603014,T0403,医疗保健,880398,X270302,医疗设备,881243,3928
sh603015,1,603015,T0706,电气设备,880446,X320502,工业控制设备,881315,3929
sh603016,1,603016,T0706,电气设备,880446,X300304,配电设备,881272,3930
sh603017,1,603017,T110101,建筑工程,880477,X5204,工程咨询服务,881415,3931
sh603018,1,603018,T110101,建筑工程,880477,X5204,工程咨询服务,881415,3932
sh603019,1,603019,T1201,IT设备,880489,X420102,其他IT设备,881354,3933
sh603020,1,603020,T030403,食品,880375,X2104,调味品,881139,3934
sh603021,1,603021,T0404,家居用品,880399,X230302,其他家居,881179,3935
sh603022,1,603022,T0602,广告包装,880421,X230205,其他包装,881176,3936
sh603023,1,603023,T040202,汽车配件,880392,X260305,汽车电子电气系统,881223,3937
sh603025,1,603025,T070504,纺织机械,880443,X320502,工业控制设备,881315,3938
sh603026,1,603026,T020401,化工原料,880336,X300202,电池化学品,881264,3939
sh603027,1,603027,T030403,食品,880375,X2104,调味品,881139,3940
sh603028,1,603028,T020103,钢加工,880321,X320204,金属制品,881298,3941
sh603029,1,603029,T070505,农用机械,880444,X320304,农用机械,881307,3942
sh603030,1,603030,T110102,装修装饰,880478,X5205,装修装饰,881416,3943
sh603031,1,603031,T0706,电气设备,880446,X300205,其他电池,881267,3944
sh603032,1,603032,T070506,专用机械,880445,X320399,其他专用设备,881309,3945
sh603033,1,603033,T020405,橡胶,880339,X120603,橡胶制品,881054,3946
sh603035,1,603035,T040202,汽车配件,880392,X260301,车身附件及饰件,881219,3947
sh603036,1,603036,T070506,专用机械,880445,X320301,能源及重型设备,881304,3948
sh603037,1,603037,T040202,汽车配件,880392,X260302,底盘与发动机系统,881220,3949
sh603038,1,603038,T0404,家居用品,880399,X230301,家具,881178,3950
sh603039,1,603039,T1205,软件服务,880493,X420201,基础软件,881356,3951
sh603040,1,603040,T040202,汽车配件,880392,X260302,底盘与发动机系统,881220,3952
sh603041,1,603041,T020401,化工原料,880336,X120401,聚氨酯,881035,3953
sh603042,1,603042,T1202,通信设备,880490,X410101,光纤光缆,881339,3954
sh603043,1,603043,T030403,食品,880375,X210502,烘焙食品,881142,3955
sh603045,1,603045,T020205,小金属,880329,X140502,其他金属新材料,881089,3956
sh603048,1,603048,T040202,汽车配件,880392,X260302,底盘与发动机系统,881220,3957
sh603049,1,603049,T040202,汽车配件,880392,X260303,轮胎轮毂,881221,3958
sh603050,1,603050,T0706,电气设备,880446,X300302,电网自动化,881270,3959
sh603051,1,603051,T020404,塑料,880338,X120408,胶黏剂及胶带,881042,3960
sh603052,1,603052,T1204,元器件,880492,X400201,消费电子组件,881327,3961
sh603053,1,603053,T0804,供气供热,880455,X6202,燃气,881467,3962
sh603055,1,603055,T030301,纺织,880368,X220104,其他纺织,881155,3963
sh603057,1,603057,T030403,食品,880375,X210503,熟食,881143,3964
sh603058,1,603058,T0602,广告包装,880421,X230204,纸包装,881175,3965
sh603059,1,603059,T0301,日用化工,880355,X120101,洗护用品,881017,3966
sh603060,1,603060,T110101,建筑工程,880477,X600602,检测服务,881438,3967
sh603061,1,603061,T1203,半导体,880491,X400102,半导体设备,881321,3968
sh603062,1,603062,T020406,染料涂料,880340,X120402,涂料油墨,881036,3969
sh603063,1,603063,T0706,电气设备,880446,X300502,风电零部件,881284,3970
sh603065,1,603065,T020401,化工原料,880336,X120505,塑料助剂,881049,3971
sh603066,1,603066,T0902,仓储物流,880464,X610404,仓储物流,881456,3972
sh603067,1,603067,T020401,化工原料,880336,X120305,无机盐,881031,3973
sh603068,1,603068,T1203,半导体,880491,X400103,集成电路设计,881322,3974
sh603069,1,603069,T0802,公共交通,880453,X610103,公共交通,881445,3975
sh603070,1,603070,T0706,电气设备,880446,X300304,配电设备,881272,3976
sh603071,1,603071,T050107,批发业,880413,X2505,贸易,881206,3977
sh603072,1,603072,T0208,矿物制品,880351,X140501,磁性材料,881088,3978
sh603073,1,603073,T030301,纺织,880368,X220104,其他纺织,881155,3979
sh603075,1,603075,T0401,家用电器,880387,X2406,家电零部件,881198,3980
sh603076,1,603076,T070506,专用机械,880445,X320399,其他专用设备,881309,3981
sh603077,1,603077,T020401,化工原料,880336,X120304,纯碱,881030,3982
sh603078,1,603078,T1203,半导体,880491,X400101,半导体材料,881320,3983
sh603079,1,603079,T030403,食品,880375,X120406,食品助剂,881040,3984
sh603080,1,603080,T0804,供气供热,880455,X6202,燃气,881467,3985
sh603081,1,603081,T070506,专用机械,880445,X320399,其他专用设备,881309,3986
sh603082,1,603082,T0703,运输设备,880432,X320599,其他自动化设备,881317,3987
sh603083,1,603083,T1202,通信设备,880490,X410104,通信终端及配件,881342,3988
sh603085,1,603085,T040202,汽车配件,880392,X260301,车身附件及饰件,881219,3989
sh603086,1,603086,T020402,农药化肥,880337,X120701,农药,881056,3990
sh603087,1,603087,T040502,生物制药,880402,X270205,基因药物,881239,3991
sh603088,1,603088,T070401,机床制造,880438,X320202,机床制造,881296,3992
sh603089,1,603089,T040202,汽车配件,880392,X260302,底盘与发动机系统,881220,3993
sh603090,1,603090,T070506,专用机械,880445,X320299,其他通用设备,881302,3994
sh603091,1,603091,T0404,家居用品,880399,X230302,其他家居,881179,3995
sh603092,1,603092,T070402,机械基件,880439,X320299,其他通用设备,881302,3996
sh603093,1,603093,T1004,多元金融,880474,X510304,期货,881400,3997
sh603095,1,603095,T070504,纺织机械,880443,X320303,纺织服装设备,881306,3998
sh603096,1,603096,T060101,出版业,880419,X430602,大众出版,881382,3999
sh603097,1,603097,T0706,电气设备,880446,X300303,输变电设备,881271,4000
sh603098,1,603098,T110102,装修装饰,880478,X520302,钢结构,881412,4001
sh603099,1,603099,T060502,旅游景点,880426,X600501,旅游景区,881433,4002
sh603100,1,603100,T0708,电器仪表,880448,X320201,仪器仪表,881295,4003
sh603101,1,603101,T050101,百货,880407,X250102,百货,881202,4004
sh603102,1,603102,T0403,医疗保健,880398,X210604,保健品,881148,4005
sh603103,1,603103,T060102,影视音像,880420,X430302,发行院线,881375,4006
sh603105,1,603105,T0706,电气设备,880446,X620105,光伏发电,881464,4007
sh603106,1,603106,T1201,IT设备,880489,X420102,其他IT设备,881354,4008
sh603107,1,603107,T040202,汽车配件,880392,X260302,底盘与发动机系统,881220,4009
sh603108,1,603108,T050104,医药商业,880410,X270501,医药流通,881253,4010
sh603109,1,603109,T0706,电气设备,880446,X3001,电机制造,881261,4011
sh603110,1,603110,T020406,染料涂料,880340,X120402,涂料油墨,881036,4012
sh603111,1,603111,T0703,运输设备,880432,X3201,轨交设备,881293,4013
sh603112,1,603112,T070402,机械基件,880439,X320204,金属制品,881298,4014
sh603113,1,603113,T020401,化工原料,880336,X120399,其他化学原料,881033,4015
sh603115,1,603115,T020202,铝,880326,X140102,铝,881073,4016
sh603116,1,603116,T030302,服饰,880369,X220202,鞋帽及其他,881159,4017
sh603117,1,603117,T0902,仓储物流,880464,X610403,跨境物流,881455,4018
sh603118,1,603118,T1202,通信设备,880490,X410104,通信终端及配件,881342,4019
sh603119,1,603119,T040202,汽车配件,880392,X260304,其他汽车零部件,881222,4020
sh603120,1,603120,T020401,化工原料,880336,X120499,其他化学制品,881043,4021
sh603121,1,603121,T040202,汽车配件,880392,X260302,底盘与发动机系统,881220,4022
sh603122,1,603122,T050104,医药商业,880410,X270501,医药流通,881253,4023
sh603123,1,603123,T1004,多元金融,880474,X510399,其他金融服务,881404,4024
sh603124,1,603124,T020201,铜,880325,X140502,其他金属新材料,881089,4025
sh603125,1,603125,T020401,化工原料,880336,X120306,有机化工原料,881032,4026
sh603126,1,603126,T0805,环境保护,880456,X630203,固废治理,881474,4027
sh603127,1,603127,T0403,医疗保健,880398,X270402,医疗研发外包,881249,4028
sh603128,1,603128,T0902,仓储物流,880464,X610403,跨境物流,881455,4029
sh603129,1,603129,T040204,摩托车,880394,X260501,摩托车,881228,4030
sh603130,1,603130,T030301,纺织,880368,X220104,其他纺织,881155,4031
sh603131,1,603131,T070506,专用机械,880445,X320299,其他通用设备,881302,4032
sh603132,1,603132,T020203,铅锌,880327,X140103,铅锌,881074,4033
sh603135,1,603135,T070506,专用机械,880445,X320399,其他专用设备,881309,4034
sh603136,1,603136,T060502,旅游景点,880426,X600501,旅游景区,881433,4035
sh603137,1,603137,T110102,装修装饰,880478,X5205,装修装饰,881416,4036
sh603138,1,603138,T1205,软件服务,880493,X420201,基础软件,881356,4037
sh603139,1,603139,T040503,中成药,880403,X2706,中药,881256,4038
sh603150,1,603150,T020404,塑料,880338,X120506,其他塑料制品,881050,4039
sh603151,1,603151,T030204,饲料,880364,X200501,畜禽饲料,881120,4040
sh603153,1,603153,T110101,建筑工程,880477,X5204,工程咨询服务,881415,4041
sh603155,1,603155,T020401,化工原料,880336,X120407,有机硅,881041,4042
sh603156,1,603156,T030402,软饮料,880374,X210301,软饮料,881137,4043
sh603158,1,603158,T040202,汽车配件,880392,X260302,底盘与发动机系统,881220,4044
sh603159,1,603159,T070506,专用机械,880445,X320399,其他专用设备,881309,4045
sh603160,1,603160,T1203,半导体,880491,X400103,集成电路设计,881322,4046
sh603161,1,603161,T040202,汽车配件,880392,X260302,底盘与发动机系统,881220,4047
sh603162,1,603162,T090102,水运,880461,X610302,航运,881451,4048
sh603163,1,603163,T110101,建筑工程,880477,X520304,其他专业工程,881414,4049
sh603165,1,603165,T0207,造纸,880350,X230101,大宗用纸,881168,4050
sh603166,1,603166,T040202,汽车配件,880392,X260302,底盘与发动机系统,881220,4051
sh603167,1,603167,T090102,水运,880461,X610302,航运,881451,4052
sh603168,1,603168,T040501,化学制药,880401,X270101,化学制剂,881232,4053
sh603169,1,603169,T070506,专用机械,880445,X320301,能源及重型设备,881304,4054
sh603170,1,603170,T030403,食品,880375,X2104,调味品,881139,4055
sh603171,1,603171,T1205,软件服务,880493,X420202,行业应用软件,881357,4056
sh603172,1,603172,T020406,染料涂料,880340,X120404,纺织化学品,881038,4057
sh603173,1,603173,T070402,机械基件,880439,X320399,其他专用设备,881309,4058
sh603175,1,603175,T1204,元器件,880492,X400401,PCB,881334,4059
sh603176,1,603176,T110101,建筑工程,880477,X520201,基建工程,881408,4060
sh603177,1,603177,T0805,环境保护,880456,X630201,大气治理,881472,4061
sh603178,1,603178,T040202,汽车配件,880392,X260302,底盘与发动机系统,881220,4062
sh603179,1,603179,T040202,汽车配件,880392,X260305,汽车电子电气系统,881223,4063
sh603180,1,603180,T0404,家居用品,880399,X230301,家具,881178,4064
sh603181,1,603181,T020401,化工原料,880336,X120499,其他化学制品,881043,4065
sh603182,1,603182,T030403,食品,880375,X200603,其他农产品加工,881126,4066
sh603183,1,603183,T110101,建筑工程,880477,X600602,检测服务,881438,4067
sh603185,1,603185,T0706,电气设备,880446,X300402,光伏硅片,881277,4068
sh603186,1,603186,T1204,元器件,880492,X400401,PCB,881334,4069
sh603187,1,603187,T070402,机械基件,880439,X320206,制冷空调设备,881300,4070
sh603188,1,603188,T020406,染料涂料,880340,X120404,纺织化学品,881038,4071
sh603189,1,603189,T1205,软件服务,880493,X420202,行业应用软件,881357,4072
sh603190,1,603190,T040202,汽车配件,880392,X260304,其他汽车零部件,881222,4073
sh603191,1,603191,T0706,电气设备,880446,X300303,输变电设备,881271,4074
sh603192,1,603192,T020401,化工原料,880336,X120401,聚氨酯,881035,4075
sh603193,1,603193,T0301,日用化工,880355,X120101,洗护用品,881017,4076
sh603194,1,603194,T0707,工程机械,880447,X320401,工程机械整机,881311,4077
sh603195,1,603195,T0401,家用电器,880387,X230302,其他家居,881179,4078
sh603196,1,603196,T030302,服饰,880369,X220204,非运动服装,881161,4079
sh603197,1,603197,T040202,汽车配件,880392,X260305,汽车电子电气系统,881223,4080
sh603198,1,603198,T030501,白酒,880381,X210205,白酒,881135,4081
sh603199,1,603199,T060502,旅游景点,880426,X600501,旅游景区,881433,4082
sh603200,1,603200,T0805,环境保护,880456,X630202,水治理,881473,4083
sh603201,1,603201,T040202,汽车配件,880392,X260304,其他汽车零部件,881222,4084
sh603202,1,603202,T040202,汽车配件,880392,X260305,汽车电子电气系统,881223,4085
sh603203,1,603203,T070506,专用机械,880445,X320399,其他专用设备,881309,4086
sh603205,1,603205,T0403,医疗保健,880398,X270303,医疗耗材,881244,4087
sh603206,1,603206,T1202,通信设备,880490,X410302,网络工程施工,881349,4088
sh603207,1,603207,T040501,化学制药,880401,X270101,化学制剂,881232,4089
sh603208,1,603208,T0404,家居用品,880399,X230301,家具,881178,4090
sh603209,1,603209,T090102,水运,880461,X610302,航运,881451,4091
sh603210,1,603210,T040202,汽车配件,880392,X260304,其他汽车零部件,881222,4092
sh603211,1,603211,T040202,汽车配件,880392,X260304,其他汽车零部件,881222,4093
sh603212,1,603212,T020404,塑料,880338,X300405,光伏辅材,881280,4094
sh603213,1,603213,T020401,化工原料,880336,X120303,氯碱,881029,4095
sh603214,1,603214,T050101,百货,880407,X2504,专业连锁,881205,4096
sh603215,1,603215,T0401,家用电器,880387,X240301,厨房小家电,881191,4097
sh603216,1,603216,T0404,家居用品,880399,X230301,家具,881178,4098
sh603217,1,603217,T020401,化工原料,880336,X120306,有机化工原料,881032,4099
sh603218,1,603218,T0706,电气设备,880446,X300502,风电零部件,881284,4100
sh603219,1,603219,T0401,家用电器,880387,X240302,清洁小家电,881192,4101
sh603220,1,603220,T1202,通信设备,880490,X410302,网络工程施工,881349,4102
sh603221,1,603221,T0404,家居用品,880399,X230301,家具,881178,4103
sh603222,1,603222,T0403,医疗保健,880398,X270303,医疗耗材,881244,4104
sh603223,1,603223,T090104,公路,880463,X610405,公路货运,881457,4105
sh603225,1,603225,T0203,化纤,880330,X120201,涤纶,881020,4106
sh603226,1,603226,T0404,家居用品,880399,X230301,家具,881178,4107
sh603227,1,603227,T020401,化工原料,880336,X120403,民爆制品,881037,4108
sh603228,1,603228,T1204,元器件,880492,X400401,PCB,881334,4109
sh603229,1,603229,T040501,化学制药,880401,X270102,原料药,881233,4110
sh603230,1,603230,T060101,出版业,880419,X430602,大众出版,881382,4111
sh603231,1,603231,T030403,食品,880375,X200601,粮油加工,881124,4112
sh603232,1,603232,T1205,软件服务,880493,X420201,基础软件,881356,4113
sh603233,1,603233,T050104,医药商业,880410,X270502,线下药店,881254,4114
sh603235,1,603235,T040501,化学制药,880401,X270102,原料药,881233,4115
sh603236,1,603236,T1202,通信设备,880490,X410104,通信终端及配件,881342,4116
sh603237,1,603237,T030403,食品,880375,X210605,其他食品,881149,4117
sh603238,1,603238,T030301,纺织,880368,X220104,其他纺织,881155,4118
sh603239,1,603239,T040202,汽车配件,880392,X260301,车身附件及饰件,881219,4119
sh603248,1,603248,T070402,机械基件,880439,X300502,风电零部件,881284,4120
sh603255,1,603255,T020401,化工原料,880336,X120505,塑料助剂,881049,4121
sh603256,1,603256,T020603,玻璃,880347,X150202,玻纤制造,881096,4122
sh603257,1,603257,T110101,建筑工程,880477,X5204,工程咨询服务,881415,4123
sh603258,1,603258,T1206,互联网,880494,X4301,游戏,881369,4124
sh603259,1,603259,T040501,化学制药,880401,X270402,医疗研发外包,881249,4125
sh603260,1,603260,T020401,化工原料,880336,X120407,有机硅,881041,4126
sh603261,1,603261,T0701,航空,880430,X3102,航空装备,881288,4127
sh603262,1,603262,T030403,食品,880375,X210604,保健品,881148,4128
sh603266,1,603266,T040202,汽车配件,880392,X260304,其他汽车零部件,881222,4129
sh603267,1,603267,T1204,元器件,880492,X3105,军工电子,881291,4130
sh603268,1,603268,T0702,船舶,880431,X3104,航海装备,881290,4131
sh603269,1,603269,T070402,机械基件,880439,X320299,其他通用设备,881302,4132
sh603270,1,603270,T070402,机械基件,880439,X320204,金属制品,881298,4133
sh603271,1,603271,T020202,铝,880326,X140102,铝,881073,4134
sh603272,1,603272,T0404,家居用品,880399,X230302,其他家居,881179,4135
sh603273,1,603273,T070506,专用机械,880445,X320399,其他专用设备,881309,4136
sh603275,1,603275,T0708,电器仪表,880448,X320502,工业控制设备,881315,4137
sh603276,1,603276,T020401,化工原料,880336,X120306,有机化工原料,881032,4138
sh603277,1,603277,T070506,专用机械,880445,X320206,制冷空调设备,881300,4139
sh603278,1,603278,T020103,钢加工,880321,X320204,金属制品,881298,4140
sh603279,1,603279,T0805,环境保护,880456,X6301,环保设备,881470,4141
sh603280,1,603280,T0707,工程机械,880447,X320401,工程机械整机,881311,4142
sh603281,1,603281,T020401,化工原料,880336,X120407,有机硅,881041,4143
sh603282,1,603282,T070506,专用机械,880445,X320399,其他专用设备,881309,4144
sh603283,1,603283,T070506,专用机械,880445,X320502,工业控制设备,881315,4145
sh603284,1,603284,T0207,造纸,880350,X230101,大宗用纸,881168,4146
sh603285,1,603285,T020401,化工原料,880336,X120499,其他化学制品,881043,4147
sh603286,1,603286,T040202,汽车配件,880392,X260301,车身附件及饰件,881219,4148
sh603288,1,603288,T030403,食品,880375,X2104,调味品,881139,4149
sh603289,1,603289,T070506,专用机械,880445,X320399,其他专用设备,881309,4150
sh603290,1,603290,T1203,半导体,880491,X400104,功率半导体,881323,4151
sh603291,1,603291,T0803,水务,880454,X6203,水务,881468,4152
sh603293,1,603293,T040202,汽车配件,880392,X260305,汽车电子电气系统,881223,4153
sh603296,1,603296,T1204,元器件,880492,X400201,消费电子组件,881327,4154
sh603297,1,603297,T1204,元器件,880492,X400302,光学元件,881331,4155
sh603298,1,603298,T0707,工程机械,880447,X320401,工程机械整机,881311,4156
sh603299,1,603299,T030403,食品,880375,X120305,无机盐,881031,4157
sh603300,1,603300,T1004,多元金融,880474,X510305,租赁,881401,4158
sh603301,1,603301,T0403,医疗保健,880398,X270303,医疗耗材,881244,4159
sh603302,1,603302,T0805,环境保护,880456,X630204,生态修复,881475,4160
sh603303,1,603303,T0401,家用电器,880387,X400303,LED,881332,4161
sh603305,1,603305,T040202,汽车配件,880392,X260302,底盘与发动机系统,881220,4162
sh603306,1,603306,T040202,汽车配件,880392,X260301,车身附件及饰件,881219,4163
sh603307,1,603307,T0603,文教休闲,880422,X230402,娱乐用品,881182,4164
sh603308,1,603308,T070402,机械基件,880439,X320203,机械基础件,881297,4165
sh603309,1,603309,T0403,医疗保健,880398,X270303,医疗耗材,881244,4166
sh603310,1,603310,T020401,化工原料,880336,X120405,氟化工,881039,4167
sh603311,1,603311,T0401,家用电器,880387,X2406,家电零部件,881198,4168
sh603312,1,603312,T0706,电气设备,880446,X300303,输变电设备,881271,4169
sh603313,1,603313,T0404,家居用品,880399,X230301,家具,881178,4170
sh603315,1,603315,T0805,环境保护,880456,X630201,大气治理,881472,4171
sh603316,1,603316,T110101,建筑工程,880477,X520202,园林工程,881409,4172
sh603317,1,603317,T030403,食品,880375,X2104,调味品,881139,4173
sh603318,1,603318,T0804,供气供热,880455,X6202,燃气,881467,4174
sh603319,1,603319,T040202,汽车配件,880392,X260302,底盘与发动机系统,881220,4175
sh603320,1,603320,T0706,电气设备,880446,X3001,电机制造,881261,4176
sh603321,1,603321,T0703,运输设备,880432,X320305,楼宇设备,881308,4177
sh603322,1,603322,T1202,通信设备,880490,X410303,网络优化运维,881350,4178
sh603323,1,603323,T1001,银行,880471,X500202,农商行,881391,4179
sh603324,1,603324,T0805,环境保护,880456,X6301,环保设备,881470,4180
sh603325,1,603325,T070501,化工机械,880441,X320301,能源及重型设备,881304,4181
sh603326,1,603326,T0404,家居用品,880399,X230301,家具,881178,4182
sh603327,1,603327,T1204,元器件,880492,X400201,消费电子组件,881327,4183
sh603328,1,603328,T1204,元器件,880492,X400401,PCB,881334,4184
sh603329,1,603329,T0902,仓储物流,880464,X610401,供应链服务,881453,4185
sh603330,1,603330,T020404,塑料,880338,X120408,胶黏剂及胶带,881042,4186
sh603331,1,603331,T070506,专用机械,880445,X320206,制冷空调设备,881300,4187
sh603332,1,603332,T0203,化纤,880330,X120201,涤纶,881020,4188
sh603333,1,603333,T0706,电气设备,880446,X300305,线缆部件及其他,881273,4189
sh603334,1,603334,T020401,化工原料,880336,X120499,其他化学制品,881043,4190
sh603335,1,603335,T040202,汽车配件,880392,X260303,轮胎轮毂,881221,4191
sh603336,1,603336,T030206,农业综合,880366,X200602,果蔬加工,881125,4192
sh603337,1,603337,T070504,纺织机械,880443,X320303,纺织服装设备,881306,4193
sh603338,1,603338,T0707,工程机械,880447,X320401,工程机械整机,881311,4194
sh603339,1,603339,T070506,专用机械,880445,X320206,制冷空调设备,881300,4195
sh603341,1,603341,T1202,通信设备,880490,X410104,通信终端及配件,881342,4196
sh603344,1,603344,T0706,电气设备,880446,X3001,电机制造,881261,4197
sh603345,1,603345,T030403,食品,880375,X210603,预加工食品,881147,4198
sh603348,1,603348,T040202,汽车配件,880392,X260304,其他汽车零部件,881222,4199
sh603350,1,603350,T0706,电气设备,880446,X3001,电机制造,881261,4200
sh603351,1,603351,T040501,化学制药,880401,X270102,原料药,881233,4201
sh603352,1,603352,T040202,汽车配件,880392,X260304,其他汽车零部件,881222,4202
sh603353,1,603353,T010303,石油贸易,880313,X110302,石油贸易,881013,4203
sh603355,1,603355,T0401,家用电器,880387,X240302,清洁小家电,881192,4204
sh603356,1,603356,T0703,运输设备,880432,X320305,楼宇设备,881308,4205
sh603357,1,603357,T110101,建筑工程,880477,X5204,工程咨询服务,881415,4206
sh603358,1,603358,T040202,汽车配件,880392,X260301,车身附件及饰件,881219,4207
sh603359,1,603359,T110101,建筑工程,880477,X520202,园林工程,881409,4208
sh603360,1,603360,T020402,农药化肥,880337,X120701,农药,881056,4209
sh603361,1,603361,T070506,专用机械,880445,X320206,制冷空调设备,881300,4210
sh603363,1,603363,T030204,饲料,880364,X200501,畜禽饲料,881120,4211
sh603365,1,603365,T030301,纺织,880368,X220201,家纺,881158,4212
sh603366,1,603366,T0401,家用电器,880387,X240402,卫浴电器,881196,4213
sh603367,1,603367,T040501,化学制药,880401,X270101,化学制剂,881232,4214
sh603368,1,603368,T050104,医药商业,880410,X270501,医药流通,881253,4215
sh603369,1,603369,T030501,白酒,880381,X210205,白酒,881135,4216
sh603370,1,603370,T0706,电气设备,880446,X3001,电机制造,881261,4217
sh603373,1,603373,T0902,仓储物流,880464,X600604,其他专业服务,881440,4218
sh603375,1,603375,T1203,半导体,880491,X400103,集成电路设计,881322,4219
sh603376,1,603376,T040202,汽车配件,880392,X260305,汽车电子电气系统,881223,4220
sh603377,1,603377,T040203,汽车服务,880393,X6002,教育培训,881428,4221
sh603378,1,603378,T020406,染料涂料,880340,X150305,涂料,881102,4222
sh603379,1,603379,T020401,化工原料,880336,X120405,氟化工,881039,4223
sh603380,1,603380,T1204,元器件,880492,X400201,消费电子组件,881327,4224
sh603381,1,603381,T0706,电气设备,880446,X300405,光伏辅材,881280,4225
sh603382,1,603382,T0203,化纤,880330,X120204,锦纶,881023,4226
sh603383,1,603383,T1205,软件服务,880493,X420202,行业应用软件,881357,4227
sh603385,1,603385,T0404,家居用品,880399,X230302,其他家居,881179,4228
sh603386,1,603386,T1204,元器件,880492,X400401,PCB,881334,4229
sh603387,1,603387,T0403,医疗保健,880398,X270204,诊断试剂,881238,4230
sh603389,1,603389,T0404,家居用品,880399,X230301,家具,881178,4231
sh603390,1,603390,T040202,汽车配件,880392,X260305,汽车电子电气系统,881223,4232
sh603391,1,603391,T070506,专用机械,880445,X320301,能源及重型设备,881304,4233
sh603392,1,603392,T040502,生物制药,880402,X270202,疫苗,881236,4234
sh603393,1,603393,T0804,供气供热,880455,X6202,燃气,881467,4235
sh603395,1,603395,T020402,农药化肥,880337,X120705,复合肥,881060,4236
sh603396,1,603396,T070506,专用机械,880445,X300406,光伏加工设备,881281,4237
sh603398,1,603398,T0706,电气设备,880446,X300402,光伏硅片,881277,4238
sh603399,1,603399,T020205,小金属,880329,X140402,钨钼,881084,4239
sh603400,1,603400,T070402,机械基件,880439,X320299,其他通用设备,881302,4240
sh603402,1,603402,T060502,旅游景点,880426,X600501,旅游景区,881433,4241
sh603406,1,603406,T0203,化纤,880330,X120201,涤纶,881020,4242
sh603407,1,603407,T020401,化工原料,880336,X120305,无机盐,881031,4243
sh603408,1,603408,T0404,家居用品,880399,X230302,其他家居,881179,4244
sh603409,1,603409,T040202,汽车配件,880392,X260304,其他汽车零部件,881222,4245
sh603416,1,603416,T0708,电器仪表,880448,X320502,工业控制设备,881315,4246
sh603418,1,603418,T040202,汽车配件,880392,X260301,车身附件及饰件,881219,4247
sh603421,1,603421,T1202,通信设备,880490,X410105,其他通信设备,881343,4248
sh603429,1,603429,T0602,广告包装,880421,X230204,纸包装,881175,4249
sh603435,1,603435,T1204,元器件,880492,X4005,其他电子,881336,4250
sh603439,1,603439,T040503,中成药,880403,X2706,中药,881256,4251
sh603444,1,603444,T1206,互联网,880494,X4301,游戏,881369,4252
sh603456,1,603456,T0403,医疗保健,880398,X270402,医疗研发外包,881249,4253
sh603458,1,603458,T110101,建筑工程,880477,X5204,工程咨询服务,881415,4254
sh603459,1,603459,T1204,元器件,880492,X400401,PCB,881334,4255
sh603466,1,603466,T0603,文教休闲,880422,X430403,,,4256
sh603477,1,603477,T030206,农业综合,880366,X200201,生猪养殖,881112,4257
sh603486,1,603486,T0401,家用电器,880387,X240302,清洁小家电,881192,4258
sh603488,1,603488,T0703,运输设备,880432,X320305,楼宇设备,881308,4259
sh603489,1,603489,T0706,电气设备,880446,X3001,电机制造,881261,4260
sh603496,1,603496,T1201,IT设备,880489,X420102,其他IT设备,881354,4261
sh603499,1,603499,T0602,广告包装,880421,X230204,纸包装,881175,4262
sh603500,1,603500,T0703,运输设备,880432,X3201,轨交设备,881293,4263
sh603501,1,603501,T1203,半导体,880491,X400103,集成电路设计,881322,4264
sh603505,1,603505,T020401,化工原料,880336,X120405,氟化工,881039,4265
sh603506,1,603506,T110204,房产服务,880486,X530201,物业管理,881423,4266
sh603507,1,603507,T0706,电气设备,880446,X300502,风电零部件,881284,4267
sh603508,1,603508,T1201,IT设备,880489,X420101,安防设备,881353,4268
sh603511,1,603511,T030302,服饰,880369,X220202,鞋帽及其他,881159,4269
sh603515,1,603515,T0401,家用电器,880387,X400303,LED,881332,4270
sh603516,1,603516,T1201,IT设备,880489,X420102,其他IT设备,881354,4271
sh603517,1,603517,T030403,食品,880375,X210503,熟食,881143,4272
sh603518,1,603518,T030302,服饰,880369,X220204,非运动服装,881161,4273
sh603519,1,603519,T0401,家用电器,880387,X2406,家电零部件,881198,4274
sh603520,1,603520,T040501,化学制药,880401,X270102,原料药,881233,4275
sh603527,1,603527,T020201,铜,880325,X140101,铜,881072,4276
sh603528,1,603528,T1205,软件服务,880493,X420202,行业应用软件,881357,4277
sh603529,1,603529,T040204,摩托车,880394,X260502,其他交通设备,881229,4278
sh603530,1,603530,T0706,电气设备,880446,X300305,线缆部件及其他,881273,4279
sh603533,1,603533,T1206,互联网,880494,X430402,文字图片媒体,881378,4280
sh603535,1,603535,T0902,仓储物流,880464,X610403,跨境物流,881455,4281
sh603536,1,603536,T030403,食品,880375,X210603,预加工食品,881147,4282
sh603538,1,603538,T040501,化学制药,880401,X270102,原料药,881233,4283
sh603551,1,603551,T0404,家居用品,880399,X240402,卫浴电器,881196,4284
sh603556,1,603556,T0708,电器仪表,880448,X300301,电工仪器,881269,4285
sh603557,1,603557,T030302,服饰,880369,X220202,鞋帽及其他,881159,4286
sh603558,1,603558,T030301,纺织,880368,X220101,棉纺制品,881152,4287
sh603559,1,603559,T1202,通信设备,880490,X410302,网络工程施工,881349,4288
sh603565,1,603565,T090102,水运,880461,X610302,航运,881451,4289
sh603566,1,603566,T030206,农业综合,880366,X2007,动物保健,881127,4290
sh603567,1,603567,T040503,中成药,880403,X2706,中药,881256,4291
sh603568,1,603568,T0805,环境保护,880456,X630203,固废治理,881474,4292
sh603569,1,603569,T090104,公路,880463,X610405,公路货运,881457,4293
sh603577,1,603577,T0706,电气设备,880446,X300305,线缆部件及其他,881273,4294
sh603578,1,603578,T0401,家用电器,880387,X2406,家电零部件,881198,4295
sh603579,1,603579,T0401,家用电器,880387,X240303,个护小家电,881193,4296
sh603580,1,603580,T020404,塑料,880338,X120506,其他塑料制品,881050,4297
sh603583,1,603583,T0706,电气设备,880446,X320502,工业控制设备,881315,4298
sh603585,1,603585,T020402,农药化肥,880337,X120701,农药,881056,4299
sh603586,1,603586,T040202,汽车配件,880392,X260302,底盘与发动机系统,881220,4300
sh603587,1,603587,T030302,服饰,880369,X220204,非运动服装,881161,4301
sh603588,1,603588,T0805,环境保护,880456,X630203,固废治理,881474,4302
sh603589,1,603589,T030501,白酒,880381,X210205,白酒,881135,4303
sh603590,1,603590,T040502,生物制药,880402,X270206,其他生物制药,881240,4304
sh603595,1,603595,T1204,元器件,880492,X400201,消费电子组件,881327,4305
sh603596,1,603596,T040202,汽车配件,880392,X260302,底盘与发动机系统,881220,4306
sh603598,1,603598,T1206,互联网,880494,X430201,互联网广告,881371,4307
sh603599,1,603599,T020402,农药化肥,880337,X120701,农药,881056,4308
sh603600,1,603600,T0404,家居用品,880399,X230301,家具,881178,4309
sh603601,1,603601,T020603,玻璃,880347,X150202,玻纤制造,881096,4310
sh603602,1,603602,T1202,通信设备,880490,X410302,网络工程施工,881349,4311
sh603605,1,603605,T0301,日用化工,880355,X120102,化妆品,881018,4312
sh603606,1,603606,T0706,电气设备,880446,X300305,线缆部件及其他,881273,4313
sh603607,1,603607,T0207,造纸,880350,X230205,其他包装,881176,4314
sh603608,1,603608,T030302,服饰,880369,X220202,鞋帽及其他,881159,4315
sh603609,1,603609,T030204,饲料,880364,X200501,畜禽饲料,881120,4316
sh603610,1,603610,T0404,家居用品,880399,X230301,家具,881178,4317
sh603611,1,603611,T070506,专用机械,880445,X320399,其他专用设备,881309,4318
sh603612,1,603612,T0208,矿物制品,880351,X1208,非金属材料,881104,4319
sh603613,1,603613,T1206,互联网,880494,X420402,产联网平台服务,881366,4320
sh603615,1,603615,T0404,家居用品,880399,X230302,其他家居,881179,4321
sh603616,1,603616,T020602,水泥,880346,X150102,水泥制品,881093,4322
sh603617,1,603617,T070402,机械基件,880439,X320203,机械基础件,881297,4323
sh603618,1,603618,T0706,电气设备,880446,X300305,线缆部件及其他,881273,4324
sh603619,1,603619,T010301,石油开采,880311,X110201,油田服务,881009,4325
sh603626,1,603626,T1204,元器件,880492,X400201,消费电子组件,881327,4326
sh603628,1,603628,T0706,电气设备,880446,X300405,光伏辅材,881280,4327
sh603629,1,603629,T1204,元器件,880492,X400201,消费电子组件,881327,4328
sh603630,1,603630,T0301,日用化工,880355,X120101,洗护用品,881017,4329
sh603633,1,603633,T040202,汽车配件,880392,X260305,汽车电子电气系统,881223,4330
sh603636,1,603636,T1205,软件服务,880493,X420202,行业应用软件,881357,4331
sh603637,1,603637,T110101,建筑工程,880477,X520301,化学工程,881411,4332
sh603638,1,603638,T070506,专用机械,880445,X320402,工程机械零件,881312,4333
sh603639,1,603639,T020402,农药化肥,880337,X120701,农药,881056,4334
sh603648,1,603648,T0902,仓储物流,880464,X610401,供应链服务,881453,4335
sh603650,1,603650,T020401,化工原料,880336,X120601,橡胶助剂,881052,4336
sh603655,1,603655,T040202,汽车配件,880392,X260304,其他汽车零部件,881222,4337
sh603656,1,603656,T070506,专用机械,880445,X320399,其他专用设备,881309,4338
sh603657,1,603657,T0401,家用电器,880387,X2406,家电零部件,881198,4339
sh603658,1,603658,T0403,医疗保健,880398,X270204,诊断试剂,881238,4340
sh603659,1,603659,T020401,化工原料,880336,X300202,电池化学品,881264,4341
sh603660,1,603660,T1201,IT设备,880489,X420102,其他IT设备,881354,4342
sh603661,1,603661,T0404,家居用品,880399,X230301,家具,881178,4343
sh603662,1,603662,T0708,电器仪表,880448,X320201,仪器仪表,881295,4344
sh603663,1,603663,T020205,小金属,880329,X140404,其他金属,881086,4345
sh603665,1,603665,T030302,服饰,880369,X220202,鞋帽及其他,881159,4346
sh603666,1,603666,T070506,专用机械,880445,X320501,机器人,881314,4347
sh603667,1,603667,T070402,机械基件,880439,X320203,机械基础件,881297,4348
sh603668,1,603668,T030204,饲料,880364,X200502,水产饲料,881121,4349
sh603669,1,603669,T040501,化学制药,880401,X270101,化学制剂,881232,4350
sh603676,1,603676,T040501,化学制药,880401,X270101,化学制剂,881232,4351
sh603677,1,603677,T0401,家用电器,880387,X2406,家电零部件,881198,4352
sh603678,1,603678,T1204,元器件,880492,X3105,军工电子,881291,4353
sh603679,1,603679,T0706,电气设备,880446,X400303,LED,881332,4354
sh603680,1,603680,T0703,运输设备,880432,X3201,轨交设备,881293,4355
sh603681,1,603681,T020401,化工原料,880336,X120408,胶黏剂及胶带,881042,4356
sh603682,1,603682,T110204,房产服务,880486,X2503,商业物业经营,881204,4357
sh603683,1,603683,T020401,化工原料,880336,X120408,胶黏剂及胶带,881042,4358
sh603685,1,603685,T0706,电气设备,880446,X400303,LED,881332,4359
sh603686,1,603686,T0805,环境保护,880456,X6301,环保设备,881470,4360
sh603687,1,603687,T0602,广告包装,880421,X230204,纸包装,881175,4361
sh603688,1,603688,T0208,矿物制品,880351,X1208,非金属材料,881104,4362
sh603689,1,603689,T0804,供气供热,880455,X6202,燃气,881467,4363
sh603690,1,603690,T1203,半导体,880491,X400102,半导体设备,881321,4364
sh603693,1,603693,T010203,新型电力,880308,X620104,风力发电,881463,4365
sh603696,1,603696,T030403,食品,880375,X2104,调味品,881139,4366
sh603697,1,603697,T030403,食品,880375,X210501,零食,881141,4367
sh603698,1,603698,T070506,专用机械,880445,X320301,能源及重型设备,881304,4368
sh603699,1,603699,T070402,机械基件,880439,X320203,机械基础件,881297,4369
sh603700,1,603700,T0708,电器仪表,880448,X320201,仪器仪表,881295,4370
sh603701,1,603701,T040202,汽车配件,880392,X260302,底盘与发动机系统,881220,4371
sh603703,1,603703,T1204,元器件,880492,X400301,面板,881330,4372
sh603706,1,603706,T0804,供气供热,880455,X6202,燃气,881467,4373
sh603707,1,603707,T040502,生物制药,880402,X270206,其他生物制药,881240,4374
sh603708,1,603708,T050102,超市连锁,880408,X250101,超市及便利店,881201,4375
sh603709,1,603709,T0404,家居用品,880399,X230301,家具,881178,4376
sh603711,1,603711,T030402,软饮料,880374,X210301,软饮料,881137,4377
sh603712,1,603712,T1202,通信设备,880490,X3105,军工电子,881291,4378
sh603713,1,603713,T0902,仓储物流,880464,X610404,仓储物流,881456,4379
sh603716,1,603716,T050104,医药商业,880410,X270501,医药流通,881253,4380
sh603717,1,603717,T030206,农业综合,880366,X200201,生猪养殖,881112,4381
sh603718,1,603718,T030206,农业综合,880366,X2007,动物保健,881127,4382
sh603719,1,603719,T030403,食品,880375,X210501,零食,881141,4383
sh603721,1,603721,T060102,影视音像,880420,X430301,影视制作,881374,4384
sh603722,1,603722,T020401,化工原料,880336,X120306,有机化工原料,881032,4385
sh603725,1,603725,T020404,塑料,880338,X120503,改性塑料,881047,4386
sh603726,1,603726,T0401,家用电器,880387,X2406,家电零部件,881198,4387
sh603727,1,603727,T010301,石油开采,880311,X110202,油气工程,881010,4388
sh603728,1,603728,T0706,电气设备,880446,X3001,电机制造,881261,4389
sh603729,1,603729,T0602,广告包装,880421,X430202,其他广告营销,881372,4390
sh603730,1,603730,T040202,汽车配件,880392,X260301,车身附件及饰件,881219,4391
sh603733,1,603733,T0207,造纸,880350,X230103,特种纸,881170,4392
sh603737,1,603737,T020406,染料涂料,880340,X150305,涂料,881102,4393
sh603738,1,603738,T1204,元器件,880492,X400402,被动元件,881335,4394
sh603739,1,603739,T030206,农业综合,880366,X2007,动物保健,881127,4395
sh603755,1,603755,T030403,食品,880375,X2104,调味品,881139,4396
sh603757,1,603757,T070402,机械基件,880439,X320203,机械基础件,881297,4397
sh603758,1,603758,T040202,汽车配件,880392,X260302,底盘与发动机系统,881220,4398
sh603759,1,603759,T0803,水务,880454,X6203,水务,881468,4399
sh603766,1,603766,T040204,摩托车,880394,X260501,摩托车,881228,4400
sh603767,1,603767,T040202,汽车配件,880392,X260302,底盘与发动机系统,881220,4401
sh603768,1,603768,T040202,汽车配件,880392,X260301,车身附件及饰件,881219,4402
sh603773,1,603773,T1204,元器件,880492,X400302,光学元件,881331,4403
sh603776,1,603776,T0802,公共交通,880453,X260502,其他交通设备,881229,4404
sh603777,1,603777,T030403,食品,880375,X210501,零食,881141,4405
sh603778,1,603778,T0706,电气设备,880446,X300403,光伏电池组件,881278,4406
sh603779,1,603779,T030503,红黄酒,880383,X210202,葡萄酒,881132,4407
sh603786,1,603786,T040202,汽车配件,880392,X260305,汽车电子电气系统,881223,4408
sh603787,1,603787,T040204,摩托车,880394,X260501,摩托车,881228,4409
sh603788,1,603788,T040202,汽车配件,880392,X260302,底盘与发动机系统,881220,4410
sh603789,1,603789,T070505,农用机械,880444,X320304,农用机械,881307,4411
sh603790,1,603790,T020406,染料涂料,880340,X120404,纺织化学品,881038,4412
sh603797,1,603797,T0805,环境保护,880456,X630202,水治理,881473,4413
sh603798,1,603798,T010302,石油加工,880312,X110303,其他石化,881014,4414
sh603799,1,603799,T020205,小金属,880329,X140303,钴,881081,4415
sh603800,1,603800,T070506,专用机械,880445,X320301,能源及重型设备,881304,4416
sh603801,1,603801,T0404,家居用品,880399,X230301,家具,881178,4417
sh603803,1,603803,T1202,通信设备,880490,X410104,通信终端及配件,881342,4418
sh603806,1,603806,T020404,塑料,880338,X300405,光伏辅材,881280,4419
sh603808,1,603808,T030302,服饰,880369,X220204,非运动服装,881161,4420
sh603809,1,603809,T040202,汽车配件,880392,X260302,底盘与发动机系统,881220,4421
sh603810,1,603810,T020402,农药化肥,880337,X120701,农药,881056,4422
sh603811,1,603811,T040501,化学制药,880401,X270101,化学制剂,881232,4423
sh603813,1,603813,T090104,公路,880463,X610405,公路货运,881457,4424
sh603815,1,603815,T110101,建筑工程,880477,X520201,基建工程,881408,4425
sh603816,1,603816,T0404,家居用品,880399,X230301,家具,881178,4426
sh603817,1,603817,T0805,环境保护,880456,X630202,水治理,881473,4427
sh603818,1,603818,T0404,家居用品,880399,X230301,家具,881178,4428
sh603819,1,603819,T0706,电气设备,880446,X3001,电机制造,881261,4429
sh603822,1,603822,T020401,化工原料,880336,X120505,塑料助剂,881049,4430
sh603823,1,603823,T020406,染料涂料,880340,X120402,涂料油墨,881036,4431
sh603825,1,603825,T1206,互联网,880494,X430201,互联网广告,881371,4432
sh603826,1,603826,T020406,染料涂料,880340,X1208,非金属材料,881104,4433
sh603828,1,603828,T110102,装修装饰,880478,X5205,装修装饰,881416,4434
sh603829,1,603829,T0706,电气设备,880446,X300304,配电设备,881272,4435
sh603833,1,603833,T0404,家居用品,880399,X230301,家具,881178,4436
sh603836,1,603836,T0902,仓储物流,880464,X610403,跨境物流,881455,4437
sh603838,1,603838,T0404,家居用品,880399,X230302,其他家居,881179,4438
sh603839,1,603839,T030302,服饰,880369,X220204,非运动服装,881161,4439
sh603843,1,603843,T110101,建筑工程,880477,X520201,基建工程,881408,4440
sh603848,1,603848,T0404,家居用品,880399,X230302,其他家居,881179,4441
sh603855,1,603855,T070506,专用机械,880445,X320399,其他专用设备,881309,4442
sh603856,1,603856,T020404,塑料,880338,X150302,管材,881099,4443
sh603858,1,603858,T040503,中成药,880403,X2706,中药,881256,4444
sh603859,1,603859,T1205,软件服务,880493,X420202,行业应用软件,881357,4445
sh603860,1,603860,T110101,建筑工程,880477,X5204,工程咨询服务,881415,4446
sh603861,1,603861,T0706,电气设备,880446,X300304,配电设备,881272,4447
sh603863,1,603863,T0207,造纸,880350,X230101,大宗用纸,881168,4448
sh603866,1,603866,T030403,食品,880375,X210502,烘焙食品,881142,4449
sh603867,1,603867,T020401,化工原料,880336,X120306,有机化工原料,881032,4450
sh603868,1,603868,T0401,家用电器,880387,X240303,个护小家电,881193,4451
sh603869,1,603869,T1205,软件服务,880493,X420202,行业应用软件,881357,4452
sh603871,1,603871,T0902,仓储物流,880464,X610403,跨境物流,881455,4453
sh603876,1,603876,T020202,铝,880326,X140102,铝,881073,4454
sh603877,1,603877,T030302,服饰,880369,X220204,非运动服装,881161,4455
sh603878,1,603878,T020103,钢加工,880321,X130203,其他钢材,881068,4456
sh603879,1,603879,T020401,化工原料,880336,X120501,合成树脂,881045,4457
sh603880,1,603880,T0403,医疗保健,880398,X270303,医疗耗材,881244,4458
sh603881,1,603881,T1205,软件服务,880493,X420301,云基础设施服务,881360,4459
sh603882,1,603882,T0403,医疗保健,880398,X270401,诊断服务,881248,4460
sh603883,1,603883,T050104,医药商业,880410,X270502,线下药店,881254,4461
sh603885,1,603885,T090103,空运,880462,X610201,航空运输,881447,4462
sh603886,1,603886,T030403,食品,880375,X210502,烘焙食品,881142,4463
sh603887,1,603887,T1205,软件服务,880493,X420301,云基础设施服务,881360,4464
sh603888,1,603888,T1206,互联网,880494,X430402,文字图片媒体,881378,4465
sh603889,1,603889,T030301,纺织,880368,X220104,其他纺织,881155,4466
sh603890,1,603890,T1204,元器件,880492,X400201,消费电子组件,881327,4467
sh603893,1,603893,T1203,半导体,880491,X400103,集成电路设计,881322,4468
sh603895,1,603895,T070506,专用机械,880445,X320399,其他专用设备,881309,4469
sh603896,1,603896,T040503,中成药,880403,X2706,中药,881256,4470
sh603897,1,603897,T0706,电气设备,880446,X300305,线缆部件及其他,881273,4471
sh603898,1,603898,T0404,家居用品,880399,X230301,家具,881178,4472
sh603899,1,603899,T0603,文教休闲,880422,X230401,文化用品,881181,4473
sh603900,1,603900,T030302,服饰,880369,X220301,钟表珠宝,881163,4474
sh603901,1,603901,T070506,专用机械,880445,X320302,印刷包装机械,881305,4475
sh603903,1,603903,T0805,环境保护,880456,X630202,水治理,881473,4476
sh603906,1,603906,T0706,电气设备,880446,X300202,电池化学品,881264,4477
sh603908,1,603908,T030301,纺织,880368,X220202,鞋帽及其他,881159,4478
sh603909,1,603909,T110101,建筑工程,880477,X5204,工程咨询服务,881415,4479
sh603912,1,603912,T070506,专用机械,880445,X320399,其他专用设备,881309,4480
sh603915,1,603915,T070402,机械基件,880439,X320203,机械基础件,881297,4481
sh603916,1,603916,T020401,化工原料,880336,X120499,其他化学制品,881043,4482
sh603917,1,603917,T040202,汽车配件,880392,X260304,其他汽车零部件,881222,4483
sh603918,1,603918,T1205,软件服务,880493,X420202,行业应用软件,881357,4484
sh603919,1,603919,T030501,白酒,880381,X210205,白酒,881135,4485
sh603920,1,603920,T1204,元器件,880492,X400401,PCB,881334,4486
sh603922,1,603922,T040202,汽车配件,880392,X260301,车身附件及饰件,881219,4487
sh603926,1,603926,T040202,汽车配件,880392,X260302,底盘与发动机系统,881220,4488
sh603927,1,603927,T1205,软件服务,880493,X420202,行业应用软件,881357,4489
sh603928,1,603928,T020401,化工原料,880336,X120501,合成树脂,881045,4490
sh603929,1,603929,T110102,装修装饰,880478,X520304,其他专业工程,881414,4491
sh603931,1,603931,T020401,化工原料,880336,X400101,半导体材料,881320,4492
sh603933,1,603933,T1204,元器件,880492,X4005,其他电子,881336,4493
sh603936,1,603936,T1204,元器件,880492,X400401,PCB,881334,4494
sh603937,1,603937,T020202,铝,880326,X140102,铝,881073,4495
sh603938,1,603938,T020401,化工原料,880336,X120399,其他化学原料,881033,4496
sh603939,1,603939,T050104,医药商业,880410,X270502,线下药店,881254,4497
sh603948,1,603948,T020401,化工原料,880336,X120306,有机化工原料,881032,4498
sh603949,1,603949,T040202,汽车配件,880392,X260302,底盘与发动机系统,881220,4499
sh603950,1,603950,T040202,汽车配件,880392,X260302,底盘与发动机系统,881220,4500
sh603955,1,603955,T110101,建筑工程,880477,X520202,园林工程,881409,4501
sh603956,1,603956,T070506,专用机械,880445,X320399,其他专用设备,881309,4502
sh603958,1,603958,T030302,服饰,880369,X220202,鞋帽及其他,881159,4503
sh603959,1,603959,T110101,建筑工程,880477,X520301,化学工程,881411,4504
sh603960,1,603960,T040202,汽车配件,880392,X260305,汽车电子电气系统,881223,4505
sh603966,1,603966,T070506,专用机械,880445,X320301,能源及重型设备,881304,4506
sh603967,1,603967,T0902,仓储物流,880464,X610403,跨境物流,881455,4507
sh603968,1,603968,T020401,化工原料,880336,X120406,食品助剂,881040,4508
sh603969,1,603969,T020604,其他建材,880348,X320204,金属制品,881298,4509
sh603970,1,603970,T020402,农药化肥,880337,X120701,农药,881056,4510
sh603976,1,603976,T0403,医疗保健,880398,X270303,医疗耗材,881244,4511
sh603977,1,603977,T020401,化工原料,880336,X120403,民爆制品,881037,4512
sh603978,1,603978,T020205,小金属,880329,X140502,其他金属新材料,881089,4513
sh603979,1,603979,T020201,铜,880325,X140101,铜,881072,4514
sh603980,1,603980,T020406,染料涂料,880340,X120404,纺织化学品,881038,4515
sh603982,1,603982,T040202,汽车配件,880392,X260302,底盘与发动机系统,881220,4516
sh603983,1,603983,T0301,日用化工,880355,X120102,化妆品,881018,4517
sh603985,1,603985,T0706,电气设备,880446,X300502,风电零部件,881284,4518
sh603986,1,603986,T1203,半导体,880491,X400103,集成电路设计,881322,4519
sh603987,1,603987,T0403,医疗保健,880398,X270303,医疗耗材,881244,4520
sh603988,1,603988,T0706,电气设备,880446,X3001,电机制造,881261,4521
sh603989,1,603989,T1204,元器件,880492,X400402,被动元件,881335,4522
sh603990,1,603990,T1205,软件服务,880493,X420202,行业应用软件,881357,4523
sh603991,1,603991,T1203,半导体,880491,X400101,半导体材料,881320,4524
sh603992,1,603992,T0404,家居用品,880399,X230302,其他家居,881179,4525
sh603993,1,603993,T020205,小金属,880329,X140402,钨钼,881084,4526
sh603995,1,603995,T020102,特种钢,880320,X1303,特钢,881069,4527
sh603997,1,603997,T040202,汽车配件,880392,X260301,车身附件及饰件,881219,4528
sh603998,1,603998,T040503,中成药,880403,X2706,中药,881256,4529
sh603999,1,603999,T060101,出版业,880419,X430602,大众出版,881382,4530
sh605001,1,605001,T0703,运输设备,880432,X3201,轨交设备,881293,4531
sh605003,1,605003,T030301,纺织,880368,X220201,家纺,881158,4532
sh605005,1,605005,T040202,汽车配件,880392,X260305,汽车电子电气系统,881223,4533
sh605006,1,605006,T020603,玻璃,880347,X150202,玻纤制造,881096,4534
sh605007,1,605007,T0207,造纸,880350,X230103,特种纸,881170,4535
sh605008,1,605008,T020405,橡胶,880339,X120603,橡胶制品,881054,4536
sh605009,1,605009,T0207,造纸,880350,X230102,生活用纸,881169,4537
sh605011,1,605011,T0804,供气供热,880455,X620103,热力服务,881462,4538
sh605016,1,605016,T030403,食品,880375,X120406,食品助剂,881040,4539
sh605018,1,605018,T040202,汽车配件,880392,X260304,其他汽车零部件,881222,4540
sh605020,1,605020,T020401,化工原料,880336,X120405,氟化工,881039,4541
sh605028,1,605028,T0804,供气供热,880455,X620103,热力服务,881462,4542
sh605033,1,605033,T020402,农药化肥,880337,X120701,农药,881056,4543
sh605050,1,605050,T0902,仓储物流,880464,X610401,供应链服务,881453,4544
sh605055,1,605055,T030301,纺织,880368,X220102,印染,881153,4545
sh605056,1,605056,T0708,电器仪表,880448,X320201,仪器仪表,881295,4546
sh605058,1,605058,T1204,元器件,880492,X400401,PCB,881334,4547
sh605060,1,605060,T070402,机械基件,880439,X320203,机械基础件,881297,4548
sh605066,1,605066,T0706,电气设备,880446,X300304,配电设备,881272,4549
sh605068,1,605068,T040202,汽车配件,880392,X260301,车身附件及饰件,881219,4550
sh605069,1,605069,T0805,环境保护,880456,X630204,生态修复,881475,4551
sh605077,1,605077,T030403,食品,880375,X210602,制糖业,881146,4552
sh605080,1,605080,T0603,文教休闲,880422,X230402,娱乐用品,881182,4553
sh605081,1,605081,T0805,环境保护,880456,X630204,生态修复,881475,4554
sh605086,1,605086,T0208,矿物制品,880351,X1208,非金属材料,881104,4555
sh605088,1,605088,T040202,汽车配件,880392,X260302,底盘与发动机系统,881220,4556
sh605089,1,605089,T030403,食品,880375,X210603,预加工食品,881147,4557
sh605090,1,605090,T0804,供气供热,880455,X6202,燃气,881467,4558
sh605098,1,605098,T0603,文教休闲,880422,X6002,教育培训,881428,4559
sh605099,1,605099,T0603,文教休闲,880422,X230302,其他家居,881179,4560
sh605100,1,605100,T070402,机械基件,880439,X320203,机械基础件,881297,4561
sh605108,1,605108,T0604,酒店餐饮,880423,X600302,餐饮,881431,4562
sh605111,1,605111,T1203,半导体,880491,X400104,功率半导体,881323,4563
sh605116,1,605116,T040501,化学制药,880401,X270102,原料药,881233,4564
sh605117,1,605117,T0706,电气设备,880446,X300404,光伏逆变器,881279,4565
sh605118,1,605118,T1204,元器件,880492,X400302,光学元件,881331,4566
sh605122,1,605122,T020602,水泥,880346,X150102,水泥制品,881093,4567
sh605123,1,605123,T0701,航空,880430,X3102,航空装备,881288,4568
sh605128,1,605128,T040202,汽车配件,880392,X260301,车身附件及饰件,881219,4569
sh605133,1,605133,T040202,汽车配件,880392,X260302,底盘与发动机系统,881220,4570
sh605136,1,605136,T050105,其他商业,880411,X250603,电商服务,881210,4571
sh605138,1,605138,T030302,服饰,880369,X220204,非运动服装,881161,4572
sh605151,1,605151,T040202,汽车配件,880392,X260301,车身附件及饰件,881219,4573
sh605155,1,605155,T0404,家居用品,880399,X230302,其他家居,881179,4574
sh605158,1,605158,T020103,钢加工,880321,X130202,板材,881067,4575
sh605162,1,605162,T0804,供气供热,880455,X620103,热力服务,881462,4576
sh605166,1,605166,T0203,化纤,880330,X120204,锦纶,881023,4577
sh605167,1,605167,T110101,建筑工程,880477,X520301,化学工程,881411,4578
sh605168,1,605168,T1206,互联网,880494,X430201,互联网广告,881371,4579
sh605169,1,605169,T0804,供气供热,880455,X6202,燃气,881467,4580
sh605177,1,605177,T040501,化学制药,880401,X270102,原料药,881233,4581
sh605178,1,605178,T110102,装修装饰,880478,X5205,装修装饰,881416,4582
sh605179,1,605179,T030401,乳制品,880373,X210302,乳制品,881138,4583
sh605180,1,605180,T030301,纺织,880368,X220104,其他纺织,881155,4584
sh605183,1,605183,T020401,化工原料,880336,X120602,炭黑,881053,4585
sh605186,1,605186,T070506,专用机械,880445,X320599,其他自动化设备,881317,4586
sh605188,1,605188,T050102,超市连锁,880408,X250101,超市及便利店,881201,4587
sh605189,1,605189,T030301,纺织,880368,X220102,印染,881153,4588
sh605196,1,605196,T0706,电气设备,880446,X300305,线缆部件及其他,881273,4589
sh605198,1,605198,T030402,软饮料,880374,X210301,软饮料,881137,4590
sh605199,1,605199,T040503,中成药,880403,X2706,中药,881256,4591
sh605208,1,605208,T020202,铝,880326,X140102,铝,881073,4592
sh605218,1,605218,T1204,元器件,880492,X400303,LED,881332,4593
sh605222,1,605222,T0706,电气设备,880446,X300305,线缆部件及其他,881273,4594
sh605228,1,605228,T040202,汽车配件,880392,X260301,车身附件及饰件,881219,4595
sh605255,1,605255,T040202,汽车配件,880392,X260302,底盘与发动机系统,881220,4596
sh605258,1,605258,T1204,元器件,880492,X400401,PCB,881334,4597
sh605259,1,605259,T070505,农用机械,880444,X320299,其他通用设备,881302,4598
sh605266,1,605266,T050104,医药商业,880410,X270502,线下药店,881254,4599
sh605268,1,605268,T0404,家居用品,880399,X230302,其他家居,881179,4600
sh605277,1,605277,T1204,元器件,880492,X400201,消费电子组件,881327,4601
sh605286,1,605286,T0703,运输设备,880432,X320305,楼宇设备,881308,4602
sh605287,1,605287,T110102,装修装饰,880478,X5205,装修装饰,881416,4603
sh605288,1,605288,T0706,电气设备,880446,X320502,工业控制设备,881315,4604
sh605289,1,605289,T110101,建筑工程,880477,X520304,其他专业工程,881414,4605
sh605296,1,605296,T030206,农业综合,880366,X200201,生猪养殖,881112,4606
sh605298,1,605298,T0703,运输设备,880432,X3201,轨交设备,881293,4607
sh605299,1,605299,T0603,文教休闲,880422,X230402,娱乐用品,881182,4608
sh605300,1,605300,T030401,乳制品,880373,X210302,乳制品,881138,4609
sh605303,1,605303,T110101,建筑工程,880477,X520202,园林工程,881409,4610
sh605305,1,605305,T0707,工程机械,880447,X320401,工程机械整机,881311,4611
sh605318,1,605318,T020604,其他建材,880348,X150306,其他建材,881103,4612
sh605319,1,605319,T040202,汽车配件,880392,X260304,其他汽车零部件,881222,4613
sh605333,1,605333,T040202,汽车配件,880392,X260305,汽车电子电气系统,881223,4614
sh605336,1,605336,T0401,家用电器,880387,X240401,厨房电器,881195,4615
sh605337,1,605337,T030401,乳制品,880373,X210302,乳制品,881138,4616
sh605338,1,605338,T030403,食品,880375,X210603,预加工食品,881147,4617
sh605339,1,605339,T030403,食品,880375,X210502,烘焙食品,881142,4618
sh605358,1,605358,T1203,半导体,880491,X400101,半导体材料,881320,4619
sh605365,1,605365,T0401,家用电器,880387,X400303,LED,881332,4620
sh605366,1,605366,T020401,化工原料,880336,X120407,有机硅,881041,4621
sh605368,1,605368,T0804,供气供热,880455,X6202,燃气,881467,4622
sh605369,1,605369,T0403,医疗保健,880398,X270303,医疗耗材,881244,4623
sh605376,1,605376,T020205,小金属,880329,X140302,镍,,4624
sh605377,1,605377,T0207,造纸,880350,X230103,特种纸,881170,4625
sh605378,1,605378,T0706,电气设备,880446,X300205,其他电池,881267,4626
sh605388,1,605388,T030401,乳制品,880373,X210302,乳制品,881138,4627
sh605389,1,605389,T070402,机械基件,880439,X320402,工程机械零件,881312,4628
sh605398,1,605398,T1205,软件服务,880493,X420304,其他云服务,881363,4629
sh605399,1,605399,T020401,化工原料,880336,X120407,有机硅,881041,4630
sh605488,1,605488,T020404,塑料,880338,X120506,其他塑料制品,881050,4631
sh605499,1,605499,T030402,软饮料,880374,X210301,软饮料,881137,4632
sh605500,1,605500,T0207,造纸,880350,X230101,大宗用纸,881168,4633
sh605507,1,605507,T040501,化学制药,880401,X270102,原料药,881233,4634
sh605555,1,605555,T0401,家用电器,880387,X240302,清洁小家电,881192,4635
sh605566,1,605566,T020406,染料涂料,880340,X120404,纺织化学品,881038,4636
sh605567,1,605567,T030403,食品,880375,X210601,肉制品,881145,4637
sh605577,1,605577,T060101,出版业,880419,X430601,教育出版,881381,4638
sh605580,1,605580,T0804,供气供热,880455,X620103,热力服务,881462,4639
sh605588,1,605588,T1204,元器件,880492,X400302,光学元件,881331,4640
sh605589,1,605589,T020401,化工原料,880336,X120501,合成树脂,881045,4641
sh605598,1,605598,T110101,建筑工程,880477,X520304,其他专业工程,881414,4642
sh605599,1,605599,T030302,服饰,880369,X220301,钟表珠宝,881163,4643
sh688001,1,688001,T070506,专用机械,880445,X320399,其他专用设备,881309,4644
sh688002,1,688002,T1202,通信设备,880490,X3105,军工电子,881291,4645
sh688003,1,688003,T070506,专用机械,880445,X320399,其他专用设备,881309,4646
sh688004,1,688004,T1205,软件服务,880493,X420202,行业应用软件,881357,4647
sh688005,1,688005,T0706,电气设备,880446,X300202,电池化学品,881264,4648
sh688006,1,688006,T0706,电气设备,880446,X300203,锂电设备,881265,4649
sh688007,1,688007,T1204,元器件,880492,X400202,品牌消费电子,881328,4650
sh688008,1,688008,T1203,半导体,880491,X400103,集成电路设计,881322,4651
sh688009,1,688009,T0703,运输设备,880432,X3201,轨交设备,881293,4652
sh688010,1,688010,T1204,元器件,880492,X400302,光学元件,881331,4653
sh688011,1,688011,T1204,元器件,880492,X3105,军工电子,881291,4654
sh688012,1,688012,T1203,半导体,880491,X400102,半导体设备,881321,4655
sh688013,1,688013,T0403,医疗保健,880398,X270303,医疗耗材,881244,4656
sh688015,1,688015,T0703,运输设备,880432,X3201,轨交设备,881293,4657
sh688016,1,688016,T0403,医疗保健,880398,X270303,医疗耗材,881244,4658
sh688017,1,688017,T070402,机械基件,880439,X320501,机器人,881314,4659
sh688018,1,688018,T1203,半导体,880491,X400103,集成电路设计,881322,4660
sh688019,1,688019,T1203,半导体,880491,X400101,半导体材料,881320,4661
sh688020,1,688020,T1204,元器件,880492,X400401,PCB,881334,4662
sh688021,1,688021,T040202,汽车配件,880392,X260304,其他汽车零部件,881222,4663
sh688022,1,688022,T070506,专用机械,880445,X320399,其他专用设备,881309,4664
sh688023,1,688023,T1205,软件服务,880493,X420201,基础软件,881356,4665
sh688025,1,688025,T070506,专用机械,880445,X320503,激光设备,881316,4666
sh688026,1,688026,T0403,医疗保健,880398,X270303,医疗耗材,881244,4667
sh688027,1,688027,T1202,通信设备,880490,X410104,通信终端及配件,881342,4668
sh688028,1,688028,T070402,机械基件,880439,X320203,机械基础件,881297,4669
sh688029,1,688029,T0403,医疗保健,880398,X270303,医疗耗材,881244,4670
sh688030,1,688030,T1205,软件服务,880493,X420201,基础软件,881356,4671
sh688031,1,688031,T1205,软件服务,880493,X420202,行业应用软件,881357,4672
sh688032,1,688032,T0706,电气设备,880446,X300404,光伏逆变器,881279,4673
sh688033,1,688033,T0706,电气设备,880446,X300406,光伏加工设备,881281,4674
sh688035,1,688035,T1203,半导体,880491,X400101,半导体材料,881320,4675
sh688036,1,688036,T1202,通信设备,880490,X400202,品牌消费电子,881328,4676
sh688037,1,688037,T1203,半导体,880491,X400102,半导体设备,881321,4677
sh688038,1,688038,T1205,软件服务,880493,X420201,基础软件,881356,4678
sh688039,1,688039,T1205,软件服务,880493,X420202,行业应用软件,881357,4679
sh688041,1,688041,T1203,半导体,880491,X400103,集成电路设计,881322,4680
sh688045,1,688045,T1203,半导体,880491,X400103,集成电路设计,881322,4681
sh688046,1,688046,T040502,生物制药,880402,X270402,医疗研发外包,881249,4682
sh688047,1,688047,T1203,半导体,880491,X400103,集成电路设计,881322,4683
sh688048,1,688048,T1203,半导体,880491,X400105,半导体制造,881324,4684
sh688049,1,688049,T1203,半导体,880491,X400103,集成电路设计,881322,4685
sh688050,1,688050,T0403,医疗保健,880398,X270303,医疗耗材,881244,4686
sh688051,1,688051,T1205,软件服务,880493,X420202,行业应用软件,881357,4687
sh688052,1,688052,T1203,半导体,880491,X400103,集成电路设计,881322,4688
sh688053,1,688053,T1204,元器件,880492,X600602,检测服务,881438,4689
sh688055,1,688055,T1204,元器件,880492,X400301,面板,881330,4690
sh688056,1,688056,T0708,电器仪表,880448,X320201,仪器仪表,881295,4691
sh688057,1,688057,T0805,环境保护,880456,X630202,水治理,881473,4692
sh688058,1,688058,T1205,软件服务,880493,X420201,基础软件,881356,4693
sh688059,1,688059,T070402,机械基件,880439,X320204,金属制品,881298,4694
sh688060,1,688060,T1201,IT设备,880489,X420102,其他IT设备,881354,4695
sh688061,1,688061,T1203,半导体,880491,X400103,集成电路设计,881322,4696
sh688062,1,688062,T040502,生物制药,880402,X270206,其他生物制药,881240,4697
sh688063,1,688063,T0706,电气设备,880446,X300201,锂电池,881263,4698
sh688065,1,688065,T020401,化工原料,880336,X120306,有机化工原料,881032,4699
sh688066,1,688066,T1205,软件服务,880493,X420202,行业应用软件,881357,4700
sh688067,1,688067,T0403,医疗保健,880398,X270304,体外诊断,881245,4701
sh688068,1,688068,T0403,医疗保健,880398,X270204,诊断试剂,881238,4702
sh688069,1,688069,T0805,环境保护,880456,X630204,生态修复,881475,4703
sh688070,1,688070,T0701,航空,880430,X3102,航空装备,881288,4704
sh688071,1,688071,T070506,专用机械,880445,X320399,其他专用设备,881309,4705
sh688072,1,688072,T1203,半导体,880491,X400102,半导体设备,881321,4706
sh688073,1,688073,T040501,化学制药,880401,X270402,医疗研发外包,881249,4707
sh688075,1,688075,T0403,医疗保健,880398,X270204,诊断试剂,881238,4708
sh688076,1,688076,T040502,生物制药,880402,X270402,医疗研发外包,881249,4709
sh688077,1,688077,T0208,矿物制品,880351,X140501,磁性材料,881088,4710
sh688078,1,688078,T1205,软件服务,880493,X420202,行业应用软件,881357,4711
sh688079,1,688079,T1204,元器件,880492,X400302,光学元件,881331,4712
sh688080,1,688080,T1202,通信设备,880490,X410105,其他通信设备,881343,4713
sh688081,1,688081,T1205,软件服务,880493,X3105,军工电子,881291,4714
sh688082,1,688082,T1203,半导体,880491,X400102,半导体设备,881321,4715
sh688083,1,688083,T1205,软件服务,880493,X420202,行业应用软件,881357,4716
sh688084,1,688084,T070506,专用机械,880445,X3101,地面兵装,881287,4717
sh688085,1,688085,T0403,医疗保健,880398,X270303,医疗耗材,881244,4718
sh688087,1,688087,T0805,环境保护,880456,X630203,固废治理,881474,4719
sh688088,1,688088,T1205,软件服务,880493,X420203,新兴软件,881358,4720
sh688089,1,688089,T030403,食品,880375,X120406,食品助剂,881040,4721
sh688090,1,688090,T070506,专用机械,880445,X320501,机器人,881314,4722
sh688091,1,688091,T040501,化学制药,880401,X270101,化学制剂,881232,4723
sh688092,1,688092,T070506,专用机械,880445,X320399,其他专用设备,881309,4724
sh688093,1,688093,T020401,化工原料,880336,X4005,其他电子,881336,4725
sh688095,1,688095,T1205,软件服务,880493,X420201,基础软件,881356,4726
sh688096,1,688096,T0805,环境保护,880456,X630202,水治理,881473,4727
sh688097,1,688097,T070506,专用机械,880445,X320502,工业控制设备,881315,4728
sh688098,1,688098,T030206,农业综合,880366,X2007,动物保健,881127,4729
sh688099,1,688099,T1203,半导体,880491,X400103,集成电路设计,881322,4730
sh688100,1,688100,T1202,通信设备,880490,X410104,通信终端及配件,881342,4731
sh688101,1,688101,T0805,环境保护,880456,X630202,水治理,881473,4732
sh688102,1,688102,T020201,铜,880325,X140101,铜,881072,4733
sh688103,1,688103,T1204,元器件,880492,X4005,其他电子,881336,4734
sh688105,1,688105,T040502,生物制药,880402,X270206,其他生物制药,881240,4735
sh688106,1,688106,T020401,化工原料,880336,X400101,半导体材料,881320,4736
sh688107,1,688107,T1203,半导体,880491,X400103,集成电路设计,881322,4737
sh688108,1,688108,T0403,医疗保健,880398,X270303,医疗耗材,881244,4738
sh688109,1,688109,T1205,软件服务,880493,X420202,行业应用软件,881357,4739
sh688110,1,688110,T1203,半导体,880491,X400103,集成电路设计,881322,4740
sh688111,1,688111,T1205,软件服务,880493,X420303,云软件服务,881362,4741
sh688112,1,688112,T0708,电器仪表,880448,X320201,仪器仪表,881295,4742
sh688113,1,688113,T070506,专用机械,880445,X320399,其他专用设备,881309,4743
sh688114,1,688114,T0403,医疗保健,880398,X270302,医疗设备,881243,4744
sh688115,1,688115,T0708,电器仪表,880448,X320201,仪器仪表,881295,4745
sh688116,1,688116,T020401,化工原料,880336,X300202,电池化学品,881264,4746
sh688117,1,688117,T040502,生物制药,880402,X270206,其他生物制药,881240,4747
sh688118,1,688118,T1205,软件服务,880493,X420302,云平台服务,881361,4748
sh688119,1,688119,T020604,其他建材,880348,X150303,耐火材料,881100,4749
sh688120,1,688120,T1203,半导体,880491,X400102,半导体设备,881321,4750
sh688121,1,688121,T070506,专用机械,880445,X320301,能源及重型设备,881304,4751
sh688122,1,688122,T020205,小金属,880329,X140403,钛,881085,4752
sh688123,1,688123,T1203,半导体,880491,X400103,集成电路设计,881322,4753
sh688125,1,688125,T070506,专用机械,880445,X320399,其他专用设备,881309,4754
sh688126,1,688126,T1203,半导体,880491,X400101,半导体材料,881320,4755
sh688127,1,688127,T1204,元器件,880492,X400302,光学元件,881331,4756
sh688128,1,688128,T070506,专用机械,880445,X320399,其他专用设备,881309,4757
sh688129,1,688129,T020406,染料涂料,880340,X120402,涂料油墨,881036,4758
sh688130,1,688130,T1203,半导体,880491,X400103,集成电路设计,881322,4759
sh688131,1,688131,T040501,化学制药,880401,X270402,医疗研发外包,881249,4760
sh688132,1,688132,T1202,通信设备,880490,X3105,军工电子,881291,4761
sh688133,1,688133,T020401,化工原料,880336,X120499,其他化学制品,881043,4762
sh688135,1,688135,T1203,半导体,880491,X400106,半导体封测,881325,4763
sh688136,1,688136,T040502,生物制药,880402,X270205,基因药物,881239,4764
sh688137,1,688137,T040502,生物制药,880402,X270206,其他生物制药,881240,4765
sh688138,1,688138,T1203,半导体,880491,X400101,半导体材料,881320,4766
sh688139,1,688139,T0403,医疗保健,880398,X270302,医疗设备,881243,4767
sh688141,1,688141,T1203,半导体,880491,X400103,集成电路设计,881322,4768
sh688143,1,688143,T1202,通信设备,880490,X410101,光纤光缆,881339,4769
sh688146,1,688146,T1203,半导体,880491,X400101,半导体材料,881320,4770
sh688147,1,688147,T070506,专用机械,880445,X300406,光伏加工设备,881281,4771
sh688148,1,688148,T0706,电气设备,880446,X300202,电池化学品,881264,4772
sh688150,1,688150,T1204,元器件,880492,X400302,光学元件,881331,4773
sh688151,1,688151,T0403,医疗保健,880398,X270303,医疗耗材,881244,4774
sh688152,1,688152,T1205,软件服务,880493,X420201,基础软件,881356,4775
sh688153,1,688153,T1203,半导体,880491,X400103,集成电路设计,881322,4776
sh688155,1,688155,T0706,电气设备,880446,X300203,锂电设备,881265,4777
sh688156,1,688156,T030204,饲料,880364,X200501,畜禽饲料,881120,4778
sh688157,1,688157,T020406,染料涂料,880340,X120402,涂料油墨,881036,4779
sh688158,1,688158,T1205,软件服务,880493,X420301,云基础设施服务,881360,4780
sh688159,1,688159,T1202,通信设备,880490,X410104,通信终端及配件,881342,4781
sh688160,1,688160,T0708,电器仪表,880448,X320502,工业控制设备,881315,4782
sh688161,1,688161,T0403,医疗保健,880398,X270303,医疗耗材,881244,4783
sh688162,1,688162,T070506,专用机械,880445,X320399,其他专用设备,881309,4784
sh688163,1,688163,T040502,生物制药,880402,X270206,其他生物制药,881240,4785
sh688165,1,688165,T070506,专用机械,880445,X320501,机器人,881314,4786
sh688166,1,688166,T040501,化学制药,880401,X270102,原料药,881233,4787
sh688167,1,688167,T1204,元器件,880492,X400302,光学元件,881331,4788
sh688168,1,688168,T1205,软件服务,880493,X420201,基础软件,881356,4789
sh688169,1,688169,T0401,家用电器,880387,X240302,清洁小家电,881192,4790
sh688170,1,688170,T070506,专用机械,880445,X320503,激光设备,881316,4791
sh688171,1,688171,T1205,软件服务,880493,X420202,行业应用软件,881357,4792
sh688172,1,688172,T1203,半导体,880491,X400104,功率半导体,881323,4793
sh688173,1,688173,T1203,半导体,880491,X400103,集成电路设计,881322,4794
sh688175,1,688175,T1202,通信设备,880490,X410105,其他通信设备,881343,4795
sh688176,1,688176,T040501,化学制药,880401,X270206,其他生物制药,881240,4796
sh688177,1,688177,T040502,生物制药,880402,X270206,其他生物制药,881240,4797
sh688178,1,688178,T0805,环境保护,880456,X630202,水治理,881473,4798
sh688179,1,688179,T040501,化学制药,880401,X120499,其他化学制品,881043,4799
sh688180,1,688180,T040502,生物制药,880402,X270203,抗体,881237,4800
sh688181,1,688181,T1204,元器件,880492,X400302,光学元件,881331,4801
sh688182,1,688182,T1202,通信设备,880490,X410102,网络接配及塔设,881340,4802
sh688183,1,688183,T1204,元器件,880492,X400401,PCB,881334,4803
sh688184,1,688184,T0706,电气设备,880446,X300202,电池化学品,881264,4804
sh688185,1,688185,T040502,生物制药,880402,X270202,疫苗,881236,4805
sh688186,1,688186,T020102,特种钢,880320,X300502,风电零部件,881284,4806
sh688187,1,688187,T0703,运输设备,880432,X3201,轨交设备,881293,4807
sh688188,1,688188,T070506,专用机械,880445,X320502,工业控制设备,881315,4808
sh688189,1,688189,T040501,化学制药,880401,X270101,化学制剂,881232,4809
sh688190,1,688190,T0208,矿物制品,880351,X140501,磁性材料,881088,4810
sh688191,1,688191,T1205,软件服务,880493,X300302,电网自动化,881270,4811
sh688192,1,688192,T040502,生物制药,880402,X270206,其他生物制药,881240,4812
sh688193,1,688193,T0403,医疗保健,880398,X270204,诊断试剂,881238,4813
sh688195,1,688195,T1204,元器件,880492,X400302,光学元件,881331,4814
sh688196,1,688196,T0805,环境保护,880456,X630203,固废治理,881474,4815
sh688197,1,688197,T040501,化学制药,880401,X270101,化学制剂,881232,4816
sh688198,1,688198,T0403,医疗保健,880398,X270303,医疗耗材,881244,4817
sh688199,1,688199,T020401,化工原料,880336,X120505,塑料助剂,881049,4818
sh688200,1,688200,T1203,半导体,880491,X400102,半导体设备,881321,4819
sh688201,1,688201,T1205,软件服务,880493,X420201,基础软件,881356,4820
sh688202,1,688202,T0403,医疗保健,880398,X270402,医疗研发外包,881249,4821
sh688203,1,688203,T020404,塑料,880338,X120503,改性塑料,881047,4822
sh688205,1,688205,T1202,通信设备,880490,X410102,网络接配及塔设,881340,4823
sh688206,1,688206,T1203,半导体,880491,X400103,集成电路设计,881322,4824
sh688207,1,688207,T1205,软件服务,880493,X420203,新兴软件,881358,4825
sh688208,1,688208,T1201,IT设备,880489,X420102,其他IT设备,881354,4826
sh688209,1,688209,T1203,半导体,880491,X400103,集成电路设计,881322,4827
sh688210,1,688210,T1204,元器件,880492,X400201,消费电子组件,881327,4828
sh688211,1,688211,T070506,专用机械,880445,X320399,其他专用设备,881309,4829
sh688212,1,688212,T0403,医疗保健,880398,X270302,医疗设备,881243,4830
sh688213,1,688213,T1203,半导体,880491,X400103,集成电路设计,881322,4831
sh688215,1,688215,T070506,专用机械,880445,X320399,其他专用设备,881309,4832
sh688216,1,688216,T1203,半导体,880491,X400106,半导体封测,881325,4833
sh688217,1,688217,T0403,医疗保健,880398,X270204,诊断试剂,881238,4834
sh688218,1,688218,T070506,专用机械,880445,X320501,机器人,881314,4835
sh688219,1,688219,T020404,塑料,880338,X120503,改性塑料,881047,4836
sh688220,1,688220,T1203,半导体,880491,X400103,集成电路设计,881322,4837
sh688221,1,688221,T040502,生物制药,880402,X270206,其他生物制药,881240,4838
sh688222,1,688222,T040501,化学制药,880401,X270402,医疗研发外包,881249,4839
sh688223,1,688223,T0706,电气设备,880446,X300403,光伏电池组件,881278,4840
sh688225,1,688225,T1205,软件服务,880493,X420202,行业应用软件,881357,4841
sh688226,1,688226,T0706,电气设备,880446,X300305,线缆部件及其他,881273,4842
sh688227,1,688227,T1205,软件服务,880493,X420302,云平台服务,881361,4843
sh688228,1,688228,T1205,软件服务,880493,X420202,行业应用软件,881357,4844
sh688229,1,688229,T1205,软件服务,880493,X420202,行业应用软件,881357,4845
sh688230,1,688230,T1203,半导体,880491,X400104,功率半导体,881323,4846
sh688231,1,688231,T0701,航空,880430,X3103,航天装备,881289,4847
sh688232,1,688232,T1205,软件服务,880493,X420202,行业应用软件,881357,4848
sh688233,1,688233,T1203,半导体,880491,X400101,半导体材料,881320,4849
sh688234,1,688234,T1203,半导体,880491,X400101,半导体材料,881320,4850
sh688235,1,688235,T040502,生物制药,880402,X270206,其他生物制药,881240,4851
sh688236,1,688236,T0403,医疗保健,880398,X270303,医疗耗材,881244,4852
sh688237,1,688237,T0701,航空,880430,X3102,航空装备,881288,4853
sh688238,1,688238,T0403,医疗保健,880398,X270402,医疗研发外包,881249,4854
sh688239,1,688239,T0701,航空,880430,X3102,航空装备,881288,4855
sh688244,1,688244,T1205,软件服务,880493,X420202,行业应用软件,881357,4856
sh688246,1,688246,T1205,软件服务,880493,X420202,行业应用软件,881357,4857
sh688247,1,688247,T040501,化学制药,880401,X270101,化学制剂,881232,4858
sh688248,1,688248,T0706,电气设备,880446,X300302,电网自动化,881270,4859
sh688249,1,688249,T1203,半导体,880491,X400105,半导体制造,881324,4860
sh688251,1,688251,T070506,专用机械,880445,X320299,其他通用设备,881302,4861
sh688252,1,688252,T1203,半导体,880491,X400103,集成电路设计,881322,4862
sh688253,1,688253,T0403,医疗保健,880398,X270304,体外诊断,881245,4863
sh688255,1,688255,T070402,机械基件,880439,X320501,机器人,881314,4864
sh688256,1,688256,T1203,半导体,880491,X400103,集成电路设计,881322,4865
sh688257,1,688257,T070402,机械基件,880439,X320204,金属制品,881298,4866
sh688258,1,688258,T1205,软件服务,880493,X420403,产联网综合服务,881367,4867
sh688259,1,688259,T1203,半导体,880491,X400103,集成电路设计,881322,4868
sh688260,1,688260,T1204,元器件,880492,X400201,消费电子组件,881327,4869
sh688261,1,688261,T1203,半导体,880491,X400104,功率半导体,881323,4870
sh688262,1,688262,T1203,半导体,880491,X400103,集成电路设计,881322,4871
sh688265,1,688265,T0403,医疗保健,880398,X270402,医疗研发外包,881249,4872
sh688266,1,688266,T040502,生物制药,880402,X270206,其他生物制药,881240,4873
sh688267,1,688267,T020401,化工原料,880336,X120499,其他化学制品,881043,4874
sh688268,1,688268,T020401,化工原料,880336,X400101,半导体材料,881320,4875
sh688269,1,688269,T020401,化工原料,880336,X120499,其他化学制品,881043,4876
sh688270,1,688270,T1203,半导体,880491,X400103,集成电路设计,881322,4877
sh688271,1,688271,T0403,医疗保健,880398,X270302,医疗设备,881243,4878
sh688272,1,688272,T1204,元器件,880492,X3105,军工电子,881291,4879
sh688273,1,688273,T0403,医疗保健,880398,X270302,医疗设备,881243,4880
sh688275,1,688275,T0706,电气设备,880446,X300202,电池化学品,881264,4881
sh688276,1,688276,T040502,生物制药,880402,X270202,疫苗,881236,4882
sh688277,1,688277,T0403,医疗保健,880398,X270302,医疗设备,881243,4883
sh688278,1,688278,T040502,生物制药,880402,X270206,其他生物制药,881240,4884
sh688279,1,688279,T1203,半导体,880491,X400103,集成电路设计,881322,4885
sh688280,1,688280,T040202,汽车配件,880392,X260302,底盘与发动机系统,881220,4886
sh688281,1,688281,T0701,航空,880430,X3102,航空装备,881288,4887
sh688282,1,688282,T1202,通信设备,880490,X3105,军工电子,881291,4888
sh688283,1,688283,T0708,电器仪表,880448,X320201,仪器仪表,881295,4889
sh688285,1,688285,T0703,运输设备,880432,X3201,轨交设备,881293,4890
sh688286,1,688286,T1203,半导体,880491,X400103,集成电路设计,881322,4891
sh688287,1,688287,T0701,航空,880430,X3102,航空装备,881288,4892
sh688288,1,688288,T1201,IT设备,880489,X420102,其他IT设备,881354,4893
sh688289,1,688289,T0403,医疗保健,880398,X270204,诊断试剂,881238,4894
sh688290,1,688290,T070506,专用机械,880445,X320501,机器人,881314,4895
sh688291,1,688291,T1205,软件服务,880493,X420202,行业应用软件,881357,4896
sh688292,1,688292,T1202,通信设备,880490,X410105,其他通信设备,881343,4897
sh688293,1,688293,T040502,生物制药,880402,X270402,医疗研发外包,881249,4898
sh688295,1,688295,T0203,化纤,880330,X120205,碳纤维,881024,4899
sh688296,1,688296,T1205,软件服务,880493,X420202,行业应用软件,881357,4900
sh688297,1,688297,T0701,航空,880430,X3102,航空装备,881288,4901
sh688298,1,688298,T0403,医疗保健,880398,X270204,诊断试剂,881238,4902
sh688299,1,688299,T1204,元器件,880492,X400302,光学元件,881331,4903
sh688300,1,688300,T0208,矿物制品,880351,X1208,非金属材料,881104,4904
sh688301,1,688301,T0403,医疗保健,880398,X270302,医疗设备,881243,4905
sh688302,1,688302,T040502,生物制药,880402,X270206,其他生物制药,881240,4906
sh688303,1,688303,T0706,电气设备,880446,X300401,光伏硅料,881276,4907
sh688305,1,688305,T070401,机床制造,880438,X320202,机床制造,881296,4908
sh688306,1,688306,T070506,专用机械,880445,X320399,其他专用设备,881309,4909
sh688307,1,688307,T1204,元器件,880492,X400302,光学元件,881331,4910
sh688308,1,688308,T070402,机械基件,880439,X320204,金属制品,881298,4911
sh688309,1,688309,T0805,环境保护,880456,X6301,环保设备,881470,4912
sh688310,1,688310,T0403,医疗保健,880398,X270305,制药装备,881246,4913
sh688311,1,688311,T1204,元器件,880492,X3105,军工电子,881291,4914
sh688312,1,688312,T070506,专用机械,880445,X320399,其他专用设备,881309,4915
sh688313,1,688313,T1202,通信设备,880490,X410102,网络接配及塔设,881340,4916
sh688314,1,688314,T0403,医疗保健,880398,X270303,医疗耗材,881244,4917
sh688315,1,688315,T0403,医疗保健,880398,X270401,诊断服务,881248,4918
sh688316,1,688316,T1205,软件服务,880493,X420301,云基础设施服务,881360,4919
sh688317,1,688317,T0403,医疗保健,880398,X270204,诊断试剂,881238,4920
sh688318,1,688318,T1205,软件服务,880493,X420202,行业应用软件,881357,4921
sh688319,1,688319,T040502,生物制药,880402,X270202,疫苗,881236,4922
sh688320,1,688320,T0708,电器仪表,880448,X320502,工业控制设备,881315,4923
sh688321,1,688321,T040501,化学制药,880401,X270101,化学制剂,881232,4924
sh688322,1,688322,T1204,元器件,880492,X400302,光学元件,881331,4925
sh688323,1,688323,T020404,塑料,880338,X120502,塑料薄膜,881046,4926
sh688325,1,688325,T1203,半导体,880491,X400103,集成电路设计,881322,4927
sh688326,1,688326,T040202,汽车配件,880392,X260305,汽车电子电气系统,881223,4928
sh688327,1,688327,T1205,软件服务,880493,X420202,行业应用软件,881357,4929
sh688328,1,688328,T070506,专用机械,880445,X320399,其他专用设备,881309,4930
sh688329,1,688329,T070506,专用机械,880445,X320599,其他自动化设备,881317,4931
sh688330,1,688330,T0706,电气设备,880446,X300302,电网自动化,881270,4932
sh688331,1,688331,T040502,生物制药,880402,X270203,抗体,881237,4933
sh688332,1,688332,T1203,半导体,880491,X400103,集成电路设计,881322,4934
sh688333,1,688333,T070402,机械基件,880439,X320299,其他通用设备,881302,4935
sh688334,1,688334,T0706,电气设备,880446,X600602,检测服务,881438,4936
sh688335,1,688335,T0805,环境保护,880456,X6301,环保设备,881470,4937
sh688336,1,688336,T040502,生物制药,880402,X270203,抗体,881237,4938
sh688337,1,688337,T0708,电器仪表,880448,X320201,仪器仪表,881295,4939
sh688338,1,688338,T0403,医疗保健,880398,X270204,诊断试剂,881238,4940
sh688339,1,688339,T040202,汽车配件,880392,X300204,燃料电池,881266,4941
sh688343,1,688343,T1205,软件服务,880493,X420202,行业应用软件,881357,4942
sh688345,1,688345,T0706,电气设备,880446,X300201,锂电池,881263,4943
sh688347,1,688347,T1203,半导体,880491,X400105,半导体制造,881324,4944
sh688348,1,688348,T0706,电气设备,880446,X300404,光伏逆变器,881279,4945
sh688349,1,688349,T0706,电气设备,880446,X300501,风电整机,881283,4946
sh688350,1,688350,T020401,化工原料,880336,X120499,其他化学制品,881043,4947
sh688351,1,688351,T0403,医疗保健,880398,X270303,医疗耗材,881244,4948
sh688352,1,688352,T1203,半导体,880491,X400106,半导体封测,881325,4949
sh688353,1,688353,T020401,化工原料,880336,X300202,电池化学品,881264,4950
sh688355,1,688355,T070402,机械基件,880439,X320204,金属制品,881298,4951
sh688356,1,688356,T040501,化学制药,880401,X270102,原料药,881233,4952
sh688357,1,688357,T020401,化工原料,880336,X1208,非金属材料,881104,4953
sh688358,1,688358,T0403,医疗保健,880398,X270302,医疗设备,881243,4954
sh688359,1,688359,T020401,化工原料,880336,X400101,半导体材料,881320,4955
sh688360,1,688360,T070402,机械基件,880439,X320399,其他专用设备,881309,4956
sh688361,1,688361,T1203,半导体,880491,X400102,半导体设备,881321,4957
sh688362,1,688362,T1203,半导体,880491,X400106,半导体封测,881325,4958
sh688363,1,688363,T0403,医疗保健,880398,X270701,医美耗材,881258,4959
sh688365,1,688365,T1205,软件服务,880493,X420303,云软件服务,881362,4960
sh688366,1,688366,T0403,医疗保健,880398,X270303,医疗耗材,881244,4961
sh688367,1,688367,T0703,运输设备,880432,X3201,轨交设备,881293,4962
sh688368,1,688368,T1203,半导体,880491,X400103,集成电路设计,881322,4963
sh688369,1,688369,T1205,软件服务,880493,X420202,行业应用软件,881357,4964
sh688370,1,688370,T0805,环境保护,880456,X630203,固废治理,881474,4965
sh688371,1,688371,T1204,元器件,880492,X400201,消费电子组件,881327,4966
sh688372,1,688372,T1203,半导体,880491,X400106,半导体封测,881325,4967
sh688373,1,688373,T040501,化学制药,880401,X270101,化学制剂,881232,4968
sh688375,1,688375,T1204,元器件,880492,X3105,军工电子,881291,4969
sh688376,1,688376,T070506,专用机械,880445,X6301,环保设备,881470,4970
sh688377,1,688377,T070506,专用机械,880445,X320301,能源及重型设备,881304,4971
sh688378,1,688378,T070506,专用机械,880445,X320399,其他专用设备,881309,4972
sh688379,1,688379,T070402,机械基件,880439,X320204,金属制品,881298,4973
sh688380,1,688380,T1203,半导体,880491,X400103,集成电路设计,881322,4974
sh688381,1,688381,T1203,半导体,880491,X400103,集成电路设计,881322,4975
sh688382,1,688382,T040502,生物制药,880402,X270206,其他生物制药,881240,4976
sh688383,1,688383,T070506,专用机械,880445,X320399,其他专用设备,881309,4977
sh688385,1,688385,T1203,半导体,880491,X400103,集成电路设计,881322,4978
sh688386,1,688386,T020401,化工原料,880336,X120502,塑料薄膜,881046,4979
sh688387,1,688387,T1202,通信设备,880490,X410103,系统设备,881341,4980
sh688388,1,688388,T0706,电气设备,880446,X300201,锂电池,881263,4981
sh688389,1,688389,T0403,医疗保健,880398,X270304,体外诊断,881245,4982
sh688390,1,688390,T0706,电气设备,880446,X300404,光伏逆变器,881279,4983
sh688391,1,688391,T1203,半导体,880491,X400103,集成电路设计,881322,4984
sh688392,1,688392,T070506,专用机械,880445,X320399,其他专用设备,881309,4985
sh688393,1,688393,T0403,医疗保健,880398,X270204,诊断试剂,881238,4986
sh688395,1,688395,T070402,机械基件,880439,X320502,工业控制设备,881315,4987
sh688396,1,688396,T1203,半导体,880491,X400104,功率半导体,881323,4988
sh688398,1,688398,T0208,矿物制品,880351,X1208,非金属材料,881104,4989
sh688399,1,688399,T0403,医疗保健,880398,X270204,诊断试剂,881238,4990
sh688400,1,688400,T070506,专用机械,880445,X320399,其他专用设备,881309,4991
sh688401,1,688401,T1203,半导体,880491,X400101,半导体材料,881320,4992
sh688403,1,688403,T1203,半导体,880491,X400106,半导体封测,881325,4993
sh688408,1,688408,T0706,电气设备,880446,X300405,光伏辅材,881280,4994
sh688409,1,688409,T1203,半导体,880491,X400102,半导体设备,881321,4995
sh688410,1,688410,T0403,医疗保健,880398,X270302,医疗设备,881243,4996
sh688411,1,688411,T0706,电气设备,880446,X300205,其他电池,881267,4997
sh688416,1,688416,T1203,半导体,880491,X400103,集成电路设计,881322,4998
sh688418,1,688418,T1202,通信设备,880490,X410105,其他通信设备,881343,4999
sh688419,1,688419,T1203,半导体,880491,X400102,半导体设备,881321,5000
sh688420,1,688420,T070506,专用机械,880445,X320399,其他专用设备,881309,5001
sh688425,1,688425,T0707,工程机械,880447,X320401,工程机械整机,881311,5002
sh688426,1,688426,T040502,生物制药,880402,X270204,诊断试剂,881238,5003
sh688428,1,688428,T040502,生物制药,880402,X270206,其他生物制药,881240,5004
sh688429,1,688429,T0706,电气设备,880446,X300403,光伏电池组件,881278,5005
sh688432,1,688432,T1203,半导体,880491,X400101,半导体材料,881320,5006
sh688433,1,688433,T070506,专用机械,880445,X320399,其他专用设备,881309,5007
sh688435,1,688435,T1205,软件服务,880493,X420202,行业应用软件,881357,5008
sh688439,1,688439,T1204,元器件,880492,X3105,军工电子,881291,5009
sh688443,1,688443,T040502,生物制药,880402,X270206,其他生物制药,881240,5010
sh688448,1,688448,T070506,专用机械,880445,X320399,其他专用设备,881309,5011
sh688449,1,688449,T1203,半导体,880491,X400103,集成电路设计,881322,5012
sh688450,1,688450,T0708,电器仪表,880448,X320201,仪器仪表,881295,5013
sh688455,1,688455,T070402,机械基件,880439,X320299,其他通用设备,881302,5014
sh688456,1,688456,T020201,铜,880325,X140101,铜,881072,5015
sh688458,1,688458,T1203,半导体,880491,X400103,集成电路设计,881322,5016
sh688459,1,688459,T0703,运输设备,880432,X3201,轨交设备,881293,5017
sh688466,1,688466,T0805,环境保护,880456,X630202,水治理,881473,5018
sh688468,1,688468,T0403,医疗保健,880398,X270204,诊断试剂,881238,5019
sh688469,1,688469,T1203,半导体,880491,X400105,半导体制造,881324,5020
sh688472,1,688472,T0706,电气设备,880446,X300403,光伏电池组件,881278,5021
sh688475,1,688475,T1201,IT设备,880489,X400202,品牌消费电子,881328,5022
sh688478,1,688478,T1203,半导体,880491,X400102,半导体设备,881321,5023
sh688479,1,688479,T1205,软件服务,880493,X420202,行业应用软件,881357,5024
sh688480,1,688480,T0805,环境保护,880456,X630202,水治理,881473,5025
sh688484,1,688484,T1203,半导体,880491,X400103,集成电路设计,881322,5026
sh688485,1,688485,T0703,运输设备,880432,X3201,轨交设备,881293,5027
sh688486,1,688486,T1203,半导体,880491,X400103,集成电路设计,881322,5028
sh688488,1,688488,T040502,生物制药,880402,X270206,其他生物制药,881240,5029
sh688489,1,688489,T1201,IT设备,880489,X420101,安防设备,881353,5030
sh688496,1,688496,T1204,元器件,880492,X400301,面板,881330,5031
sh688498,1,688498,T1203,半导体,880491,X400103,集成电路设计,881322,5032
sh688499,1,688499,T070506,专用机械,880445,X300203,锂电设备,881265,5033
sh688500,1,688500,T1206,互联网,880494,X420202,行业应用软件,881357,5034
sh688501,1,688501,T0805,环境保护,880456,X6301,环保设备,881470,5035
sh688502,1,688502,T1204,元器件,880492,X400302,光学元件,881331,5036
sh688503,1,688503,T0706,电气设备,880446,X300405,光伏辅材,881280,5037
sh688505,1,688505,T040501,化学制药,880401,X270101,化学制剂,881232,5038
sh688506,1,688506,T040501,化学制药,880401,X270101,化学制剂,881232,5039
sh688507,1,688507,T1205,软件服务,880493,X420202,行业应用软件,881357,5040
sh688508,1,688508,T1203,半导体,880491,X400103,集成电路设计,881322,5041
sh688509,1,688509,T1205,软件服务,880493,X420202,行业应用软件,881357,5042
sh688510,1,688510,T0701,航空,880430,X3102,航空装备,881288,5043
sh688511,1,688511,T1204,元器件,880492,X3105,军工电子,881291,5044
sh688512,1,688512,T1203,半导体,880491,X400103,集成电路设计,881322,5045
sh688513,1,688513,T040501,化学制药,880401,X270101,化学制剂,881232,5046
sh688515,1,688515,T1203,半导体,880491,X400103,集成电路设计,881322,5047
sh688516,1,688516,T070506,专用机械,880445,X300406,光伏加工设备,881281,5048
sh688517,1,688517,T0706,电气设备,880446,X300304,配电设备,881272,5049
sh688518,1,688518,T070506,专用机械,880445,X320503,激光设备,881316,5050
sh688519,1,688519,T1204,元器件,880492,X400401,PCB,881334,5051
sh688520,1,688520,T040502,生物制药,880402,X270203,抗体,881237,5052
sh688521,1,688521,T1203,半导体,880491,X400103,集成电路设计,881322,5053
sh688522,1,688522,T1202,通信设备,880490,X3105,军工电子,881291,5054
sh688523,1,688523,T0701,航空,880430,X3103,航天装备,881289,5055
sh688525,1,688525,T1203,半导体,880491,X400103,集成电路设计,881322,5056
sh688526,1,688526,T030206,农业综合,880366,X2007,动物保健,881127,5057
sh688528,1,688528,T0708,电器仪表,880448,X320201,仪器仪表,881295,5058
sh688529,1,688529,T070506,专用机械,880445,X320399,其他专用设备,881309,5059
sh688530,1,688530,T1203,半导体,880491,X400101,半导体材料,881320,5060
sh688531,1,688531,T070506,专用机械,880445,X320399,其他专用设备,881309,5061
sh688533,1,688533,T040202,汽车配件,880392,X260305,汽车电子电气系统,881223,5062
sh688535,1,688535,T1203,半导体,880491,X400101,半导体材料,881320,5063
sh688536,1,688536,T1203,半导体,880491,X400103,集成电路设计,881322,5064
sh688538,1,688538,T1203,半导体,880491,X400301,面板,881330,5065
sh688539,1,688539,T0708,电器仪表,880448,X320201,仪器仪表,881295,5066
sh688543,1,688543,T070506,专用机械,880445,X3101,地面兵装,881287,5067
sh688545,1,688545,T1204,元器件,880492,X400101,半导体材料,881320,5068
sh688548,1,688548,T020401,化工原料,880336,X400101,半导体材料,881320,5069
sh688549,1,688549,T1204,元器件,880492,X4005,其他电子,881336,5070
sh688550,1,688550,T020401,化工原料,880336,X400101,半导体材料,881320,5071
sh688551,1,688551,T070506,专用机械,880445,X3006,其他发电设备,881285,5072
sh688552,1,688552,T1202,通信设备,880490,X3105,军工电子,881291,5073
sh688553,1,688553,T040501,化学制药,880401,X270101,化学制剂,881232,5074
sh688556,1,688556,T070506,专用机械,880445,X300406,光伏加工设备,881281,5075
sh688557,1,688557,T070506,专用机械,880445,X320399,其他专用设备,881309,5076
sh688558,1,688558,T070401,机床制造,880438,X320202,机床制造,881296,5077
sh688559,1,688559,T070506,专用机械,880445,X320503,激光设备,881316,5078
sh688560,1,688560,T0706,电气设备,880446,X300405,光伏辅材,881280,5079
sh688561,1,688561,T1205,软件服务,880493,X420201,基础软件,881356,5080
sh688562,1,688562,T1205,软件服务,880493,X420202,行业应用软件,881357,5081
sh688563,1,688563,T0701,航空,880430,X3102,航空装备,881288,5082
sh688565,1,688565,T0805,环境保护,880456,X630202,水治理,881473,5083
sh688566,1,688566,T040501,化学制药,880401,X270101,化学制剂,881232,5084
sh688567,1,688567,T0706,电气设备,880446,X300201,锂电池,881263,5085
sh688568,1,688568,T1205,软件服务,880493,X420302,云平台服务,881361,5086
sh688569,1,688569,T0703,运输设备,880432,X3201,轨交设备,881293,5087
sh688570,1,688570,T070506,专用机械,880445,X320502,工业控制设备,881315,5088
sh688571,1,688571,T020406,染料涂料,880340,X120402,涂料油墨,881036,5089
sh688573,1,688573,T070506,专用机械,880445,X300203,锂电设备,881265,5090
sh688575,1,688575,T0403,医疗保健,880398,X270204,诊断试剂,881238,5091
sh688576,1,688576,T0403,医疗保健,880398,X270302,医疗设备,881243,5092
sh688577,1,688577,T070401,机床制造,880438,X320202,机床制造,881296,5093
sh688578,1,688578,T040501,化学制药,880401,X270203,抗体,881237,5094
sh688579,1,688579,T1205,软件服务,880493,X420202,行业应用软件,881357,5095
sh688580,1,688580,T0403,医疗保健,880398,X270302,医疗设备,881243,5096
sh688581,1,688581,T0403,医疗保健,880398,X270302,医疗设备,881243,5097
sh688582,1,688582,T1204,元器件,880492,X400402,被动元件,881335,5098
sh688583,1,688583,T0708,电器仪表,880448,X320201,仪器仪表,881295,5099
sh688584,1,688584,T1203,半导体,880491,X400101,半导体材料,881320,5100
sh688585,1,688585,T020401,化工原料,880336,X120501,合成树脂,881045,5101
sh688586,1,688586,T0701,航空,880430,X3102,航空装备,881288,5102
sh688588,1,688588,T1205,软件服务,880493,X420202,行业应用软件,881357,5103
sh688589,1,688589,T1203,半导体,880491,X400103,集成电路设计,881322,5104
sh688590,1,688590,T1205,软件服务,880493,X420304,其他云服务,881363,5105
sh688591,1,688591,T1203,半导体,880491,X400103,集成电路设计,881322,5106
sh688592,1,688592,T1202,通信设备,880490,X410104,通信终端及配件,881342,5107
sh688593,1,688593,T1203,半导体,880491,X400103,集成电路设计,881322,5108
sh688595,1,688595,T1203,半导体,880491,X400103,集成电路设计,881322,5109
sh688596,1,688596,T070506,专用机械,880445,X400102,半导体设备,881321,5110
sh688597,1,688597,T0708,电器仪表,880448,X300301,电工仪器,881269,5111
sh688598,1,688598,T0208,矿物制品,880351,X300405,光伏辅材,881280,5112
sh688599,1,688599,T0706,电气设备,880446,X300403,光伏电池组件,881278,5113
sh688600,1,688600,T0708,电器仪表,880448,X320201,仪器仪表,881295,5114
sh688601,1,688601,T1203,半导体,880491,X400103,集成电路设计,881322,5115
sh688602,1,688602,T020401,化工原料,880336,X120499,其他化学制品,881043,5116
sh688603,1,688603,T020401,化工原料,880336,X4005,其他电子,881336,5117
sh688605,1,688605,T1203,半导体,880491,X400102,半导体设备,881321,5118
sh688606,1,688606,T0403,医疗保健,880398,X270204,诊断试剂,881238,5119
sh688607,1,688607,T0403,医疗保健,880398,X270302,医疗设备,881243,5120
sh688608,1,688608,T1203,半导体,880491,X400103,集成电路设计,881322,5121
sh688609,1,688609,T0401,家用电器,880387,X240202,其他黑色家电,881189,5122
sh688610,1,688610,T0708,电器仪表,880448,X320201,仪器仪表,881295,5123
sh688611,1,688611,T0706,电气设备,880446,X300302,电网自动化,881270,5124
sh688612,1,688612,T040202,汽车配件,880392,X260305,汽车电子电气系统,881223,5125
sh688613,1,688613,T0403,医疗保健,880398,X270303,医疗耗材,881244,5126
sh688615,1,688615,T1205,软件服务,880493,X420202,行业应用软件,881357,5127
sh688616,1,688616,T0708,电器仪表,880448,X300301,电工仪器,881269,5128
sh688617,1,688617,T0403,医疗保健,880398,X270303,医疗耗材,881244,5129
sh688618,1,688618,T1202,通信设备,880490,X410105,其他通信设备,881343,5130
sh688619,1,688619,T1205,软件服务,880493,X420101,安防设备,881353,5131
sh688620,1,688620,T1203,半导体,880491,X400103,集成电路设计,881322,5132
sh688621,1,688621,T0403,医疗保健,880398,X270402,医疗研发外包,881249,5133
sh688622,1,688622,T0708,电器仪表,880448,X320201,仪器仪表,881295,5134
sh688623,1,688623,T070506,专用机械,880445,X320599,其他自动化设备,881317,5135
sh688625,1,688625,T020401,化工原料,880336,X120505,塑料助剂,881049,5136
sh688626,1,688626,T0403,医疗保健,880398,X270302,医疗设备,881243,5137
sh688627,1,688627,T070506,专用机械,880445,X320399,其他专用设备,881309,5138
sh688628,1,688628,T0708,电器仪表,880448,X320201,仪器仪表,881295,5139
sh688629,1,688629,T1204,元器件,880492,X3105,军工电子,881291,5140
sh688630,1,688630,T070506,专用机械,880445,X320399,其他专用设备,881309,5141
sh688631,1,688631,T1205,软件服务,880493,X420202,行业应用软件,881357,5142
sh688633,1,688633,T070506,专用机械,880445,X320301,能源及重型设备,881304,5143
sh688635,1,688635,T1202,通信设备,880490,X410105,其他通信设备,881343,5144
sh688636,1,688636,T1204,元器件,880492,X3105,军工电子,881291,5145
sh688638,1,688638,T070506,专用机械,880445,X300203,锂电设备,881265,5146
sh688639,1,688639,T040501,化学制药,880401,X120406,食品助剂,881040,5147
sh688646,1,688646,T070506,专用机械,880445,X320503,激光设备,881316,5148
sh688648,1,688648,T070401,机床制造,880438,X320399,其他专用设备,881309,5149
sh688651,1,688651,T1205,软件服务,880493,X420202,行业应用软件,881357,5150
sh688652,1,688652,T1203,半导体,880491,X400102,半导体设备,881321,5151
sh688653,1,688653,T1203,半导体,880491,X400103,集成电路设计,881322,5152
sh688655,1,688655,T1204,元器件,880492,X400401,PCB,881334,5153
sh688656,1,688656,T0403,医疗保健,880398,X270204,诊断试剂,881238,5154
sh688657,1,688657,T1205,软件服务,880493,X420202,行业应用软件,881357,5155
sh688658,1,688658,T040501,化学制药,880401,X270101,化学制剂,881232,5156
sh688659,1,688659,T0805,环境保护,880456,X6301,环保设备,881470,5157
sh688660,1,688660,T0706,电气设备,880446,X300501,风电整机,881283,5158
sh688661,1,688661,T1204,元器件,880492,X400201,消费电子组件,881327,5159
sh688662,1,688662,T1204,元器件,880492,X4005,其他电子,881336,5160
sh688663,1,688663,T0706,电气设备,880446,X300302,电网自动化,881270,5161
sh688665,1,688665,T0708,电器仪表,880448,X320201,仪器仪表,881295,5162
sh688667,1,688667,T040202,汽车配件,880392,X260305,汽车电子电气系统,881223,5163
sh688668,1,688668,T1202,通信设备,880490,X410102,网络接配及塔设,881340,5164
sh688669,1,688669,T020401,化工原料,880336,X120503,改性塑料,881047,5165
sh688670,1,688670,T040502,生物制药,880402,X270202,疫苗,881236,5166
sh688671,1,688671,T0805,环境保护,880456,X6303,环境监测,881476,5167
sh688676,1,688676,T0706,电气设备,880446,X300303,输变电设备,881271,5168
sh688677,1,688677,T0403,医疗保健,880398,X270302,医疗设备,881243,5169
sh688678,1,688678,T1204,元器件,880492,X400201,消费电子组件,881327,5170
sh688679,1,688679,T0805,环境保护,880456,X630203,固废治理,881474,5171
sh688680,1,688680,T020404,塑料,880338,X300405,光伏辅材,881280,5172
sh688681,1,688681,T0706,电气设备,880446,X300302,电网自动化,881270,5173
sh688682,1,688682,T1205,软件服务,880493,X3105,军工电子,881291,5174
sh688683,1,688683,T1204,元器件,880492,X400201,消费电子组件,881327,5175
sh688685,1,688685,T0701,航空,880430,X3102,航空装备,881288,5176
sh688686,1,688686,T0708,电器仪表,880448,X320502,工业控制设备,881315,5177
sh688687,1,688687,T040502,生物制药,880402,X270205,基因药物,881239,5178
sh688688,1,688688,T00,,,X420403,产联网综合服务,881367,5179
sh688689,1,688689,T1203,半导体,880491,X400104,功率半导体,881323,5180
sh688690,1,688690,T020401,化工原料,880336,X120499,其他化学制品,881043,5181
sh688691,1,688691,T1203,半导体,880491,X400105,半导体制造,881324,5182
sh688692,1,688692,T1205,软件服务,880493,X420201,基础软件,881356,5183
sh688693,1,688693,T1203,半导体,880491,X400104,功率半导体,881323,5184
sh688695,1,688695,T1205,软件服务,880493,X420201,基础软件,881356,5185
sh688696,1,688696,T0401,家用电器,880387,X240201,电视,881188,5186
sh688697,1,688697,T070401,机床制造,880438,X320202,机床制造,881296,5187
sh688698,1,688698,T0706,电气设备,880446,X320502,工业控制设备,881315,5188
sh688699,1,688699,T1203,半导体,880491,X400103,集成电路设计,881322,5189
sh688700,1,688700,T070506,专用机械,880445,X320399,其他专用设备,881309,5190
sh688701,1,688701,T0805,环境保护,880456,X630204,生态修复,881475,5191
sh688702,1,688702,T1203,半导体,880491,X400103,集成电路设计,881322,5192
sh688707,1,688707,T0706,电气设备,880446,X300202,电池化学品,881264,5193
sh688708,1,688708,T020401,化工原料,880336,X3102,航空装备,881288,5194
sh688709,1,688709,T1203,半导体,880491,X400103,集成电路设计,881322,5195
sh688710,1,688710,T040502,生物制药,880402,X270402,医疗研发外包,881249,5196
sh688711,1,688711,T1203,半导体,880491,X400104,功率半导体,881323,5197
sh688712,1,688712,T0403,医疗保健,880398,X270302,医疗设备,881243,5198
sh688716,1,688716,T020401,化工原料,880336,X120501,合成树脂,881045,5199
sh688717,1,688717,T0706,电气设备,880446,X300404,光伏逆变器,881279,5200
sh688718,1,688718,T020404,塑料,880338,X120506,其他塑料制品,881050,5201
sh688719,1,688719,T0706,电气设备,880446,X3006,其他发电设备,881285,5202
sh688720,1,688720,T1203,半导体,880491,X400101,半导体材料,881320,5203
sh688721,1,688721,T1203,半导体,880491,X400101,半导体材料,881320,5204
sh688722,1,688722,T0203,化纤,880330,X120299,其他化学纤维,881025,5205
sh688726,1,688726,T070506,专用机械,880445,X300406,光伏加工设备,881281,5206
sh688727,1,688727,T1203,半导体,880491,X400101,半导体材料,881320,5207
sh688728,1,688728,T1203,半导体,880491,X400103,集成电路设计,881322,5208
sh688729,1,688729,T1203,半导体,880491,X400102,半导体设备,881321,5209
sh688733,1,688733,T0208,矿物制品,880351,X300202,电池化学品,881264,5210
sh688737,1,688737,T040202,汽车配件,880392,X260304,其他汽车零部件,881222,5211
sh688739,1,688739,T040502,生物制药,880402,X270202,疫苗,881236,5212
sh688750,1,688750,T020205,小金属,880329,X140403,钛,881085,5213
sh688755,1,688755,T070506,专用机械,880445,X320399,其他专用设备,881309,5214
sh688757,1,688757,T0708,电器仪表,880448,X600602,检测服务,881438,5215
sh688758,1,688758,T020401,化工原料,880336,X120399,其他化学原料,881033,5216
sh688759,1,688759,T040502,生物制药,880402,X270206,其他生物制药,881240,5217
sh688765,1,688765,T040502,生物制药,880402,X270201,血液制品,881235,5218
sh688766,1,688766,T1203,半导体,880491,X400103,集成电路设计,881322,5219
sh688767,1,688767,T0403,医疗保健,880398,X270204,诊断试剂,881238,5220
sh688768,1,688768,T0708,电器仪表,880448,X320201,仪器仪表,881295,5221
sh688772,1,688772,T0706,电气设备,880446,X300201,锂电池,881263,5222
sh688775,1,688775,T1201,IT设备,880489,X400202,品牌消费电子,881328,5223
sh688776,1,688776,T1204,元器件,880492,X3105,军工电子,881291,5224
sh688777,1,688777,T070506,专用机械,880445,X320502,工业控制设备,881315,5225
sh688778,1,688778,T0706,电气设备,880446,X300202,电池化学品,881264,5226
sh688779,1,688779,T0706,电气设备,880446,X300202,电池化学品,881264,5227
sh688781,1,688781,T1204,元器件,880492,X400301,面板,881330,5228
sh688783,1,688783,T1203,半导体,880491,X400101,半导体材料,881320,5229
sh688785,1,688785,T1203,半导体,880491,X400102,半导体设备,881321,5230
sh688786,1,688786,T020205,小金属,880329,X140502,其他金属新材料,881089,5231
sh688787,1,688787,T1205,软件服务,880493,X420203,新兴软件,881358,5232
sh688788,1,688788,T1202,通信设备,880490,X3105,军工电子,881291,5233
sh688789,1,688789,T070506,专用机械,880445,X320302,印刷包装机械,881305,5234
sh688790,1,688790,T1203,半导体,880491,X400103,集成电路设计,881322,5235
sh688793,1,688793,T0401,家用电器,880387,X240303,个护小家电,881193,5236
sh688795,1,688795,T1203,半导体,880491,X400103,集成电路设计,881322,5237
sh688796,1,688796,T040502,生物制药,880402,X270402,医疗研发外包,881249,5238
sh688798,1,688798,T1203,半导体,880491,X400103,集成电路设计,881322,5239
sh688799,1,688799,T040501,化学制药,880401,X270101,化学制剂,881232,5240
sh688800,1,688800,T1204,元器件,880492,X4005,其他电子,881336,5241
sh688802,1,688802,T1203,半导体,880491,X400103,集成电路设计,881322,5242
sh688805,1,688805,T0403,医疗保健,880398,X270302,医疗设备,881243,5243
sh688807,1,688807,T1203,半导体,880491,X400103,集成电路设计,881322,5244
sh688808,1,688808,T0708,电器仪表,880448,X320201,仪器仪表,881295,5245
sh688809,1,688809,T1203,半导体,880491,X400101,半导体材料,881320,5246
sh688811,1,688811,T020205,小金属,880329,X140502,其他金属新材料,881089,5247
sh688813,1,688813,T070506,专用机械,880445,X320399,其他专用设备,881309,5248
sh688816,1,688816,T070506,专用机械,880445,X320599,其他自动化设备,881317,5249
sh688818,1,688818,T0701,航空,880430,X3103,航天装备,881289,5250
sh688819,1,688819,T0706,电气设备,880446,X300205,其他电池,881267,5251
sh688820,1,688820,T1203,半导体,880491,X400103,集成电路设计,881322,5252
sh688981,1,688981,T1203,半导体,880491,X400105,半导体制造,881324,5253
sh689009,1,689009,T040204,摩托车,880394,X260502,其他交通设备,881229,5254
bj874774,2,874774,T0706,电气设备,880446,X300304,配电设备,881272,5255
sh900901,1,900901,,,,,,,5256
sh900902,1,900902,,,,,,,5257
sh900903,1,900903,,,,,,,5258
sh900904,1,900904,,,,,,,5259
sh900905,1,900905,,,,,,,5260
sh900906,1,900906,,,,,,,5261
sh900908,1,900908,,,,,,,5262
sh900909,1,900909,,,,,,,5263
sh900910,1,900910,,,,,,,5264
sh900911,1,900911,,,,,,,5265
sh900912,1,900912,,,,,,,5266
sh900913,1,900913,,,,,,,5267
sh900914,1,900914,,,,,,,5268
sh900915,1,900915,,,,,,,5269
sh900916,1,900916,,,,,,,5270
sh900917,1,900917,,,,,,,5271
sh900918,1,900918,,,,,,,5272
sh900920,1,900920,,,,,,,5273
sh900921,1,900921,,,,,,,5274
sh900922,1,900922,,,,,,,5275
sh900923,1,900923,,,,,,,5276
sh900924,1,900924,,,,,,,5277
sh900925,1,900925,,,,,,,5278
sh900926,1,900926,,,,,,,5279
sh900927,1,900927,,,,,,,5280
sh900928,1,900928,,,,,,,5281
sh900929,1,900929,,,,,,,5282
sh900932,1,900932,,,,,,,5283
sh900934,1,900934,,,,,,,5284
sh900936,1,900936,,,,,,,5285
sh900937,1,900937,,,,,,,5286
sh900938,1,900938,,,,,,,5287
sh900939,1,900939,,,,,,,5288
sh900940,1,900940,,,,,,,5289
sh900941,1,900941,,,,,,,5290
sh900942,1,900942,,,,,,,5291
sh900943,1,900943,,,,,,,5292
sh900945,1,900945,,,,,,,5293
sh900946,1,900946,,,,,,,5294
sh900947,1,900947,,,,,,,5295
sh900948,1,900948,,,,,,,5296
bj920000,2,920000,T040202,汽车配件,880392,X260302,底盘与发动机系统,881220,5297
bj920001,2,920001,T1204,元器件,880492,X400302,光学元件,881331,5298
bj920002,2,920002,T0707,工程机械,880447,X320402,工程机械零件,881312,5299
bj920003,2,920003,T110101,建筑工程,880477,X5204,工程咨询服务,881415,5300
bj920005,2,920005,T1204,元器件,880492,X400201,消费电子组件,881327,5301
bj920006,2,920006,T0701,航空,880430,X3102,航空装备,881288,5302
bj920007,2,920007,T0706,电气设备,880446,X300405,光伏辅材,881280,5303
bj920008,2,920008,T1202,通信设备,880490,X3105,军工电子,881291,5304
bj920009,2,920009,T0403,医疗保健,880398,X270304,体外诊断,881245,5305
bj920010,2,920010,T0804,供气供热,880455,X6202,燃气,881467,5306
bj920011,2,920011,T0706,电气设备,880446,X3001,电机制造,881261,5307
bj920012,2,920012,T1204,元器件,880492,X4005,其他电子,881336,5308
bj920014,2,920014,T070506,专用机械,880445,X320399,其他专用设备,881309,5309
bj920015,2,920015,T020401,化工原料,880336,X120499,其他化学制品,881043,5310
bj920016,2,920016,T0301,日用化工,880355,X120406,食品助剂,881040,5311
bj920017,2,920017,T040501,化学制药,880401,X270101,化学制剂,881232,5312
bj920018,2,920018,T0706,电气设备,880446,X300305,线缆部件及其他,881273,5313
bj920019,2,920019,T110101,建筑工程,880477,X520304,其他专业工程,881414,5314
bj920020,2,920020,T040202,汽车配件,880392,X260303,轮胎轮毂,881221,5315
bj920021,2,920021,T060102,影视音像,880420,X4307,广播电视,881384,5316
bj920022,2,920022,T040202,汽车配件,880392,X260302,底盘与发动机系统,881220,5317
bj920023,2,920023,T030403,食品,880375,X200602,果蔬加工,881125,5318
bj920026,2,920026,T070402,机械基件,880439,X320399,其他专用设备,881309,5319
bj920027,2,920027,T0703,运输设备,880432,X3201,轨交设备,881293,5320
bj920028,2,920028,T020404,塑料,880338,X120506,其他塑料制品,881050,5321
bj920029,2,920029,T0708,电器仪表,880448,X320201,仪器仪表,881295,5322
bj920030,2,920030,T040203,汽车服务,880393,X260401,汽车经销商,881225,5323
bj920033,2,920033,T020401,化工原料,880336,X120499,其他化学制品,881043,5324
bj920035,2,920035,T070506,专用机械,880445,X320599,其他自动化设备,881317,5325
bj920036,2,920036,T1201,IT设备,880489,X400202,品牌消费电子,881328,5326
bj920037,2,920037,T0706,电气设备,880446,X300305,线缆部件及其他,881273,5327
bj920039,2,920039,T110101,建筑工程,880477,X600604,其他专业服务,881440,5328
bj920045,2,920045,T1202,通信设备,880490,X410105,其他通信设备,881343,5329
bj920046,2,920046,T0706,电气设备,880446,X300303,输变电设备,881271,5330
bj920047,2,920047,T040502,生物制药,880402,X270205,基因药物,881239,5331
bj920050,2,920050,T0403,医疗保健,880398,X270303,医疗耗材,881244,5332
bj920055,2,920055,T040202,汽车配件,880392,X260304,其他汽车零部件,881222,5333
bj920056,2,920056,T020404,塑料,880338,X120506,其他塑料制品,881050,5334
bj920057,2,920057,T020103,钢加工,880321,X520302,钢结构,881412,5335
bj920058,2,920058,T040204,摩托车,880394,X260501,摩托车,881228,5336
bj920060,2,920060,T1204,元器件,880492,X400401,PCB,881334,5337
bj920061,2,920061,T070506,专用机械,880445,X320399,其他专用设备,881309,5338
bj920062,2,920062,T0706,电气设备,880446,X300303,输变电设备,881271,5339
bj920066,2,920066,T020404,塑料,880338,X120506,其他塑料制品,881050,5340
bj920068,2,920068,T020205,小金属,880329,X140403,钛,881085,5341
bj920069,2,920069,T0403,医疗保健,880398,X270303,医疗耗材,881244,5342
bj920075,2,920075,T0602,广告包装,880421,X230204,纸包装,881175,5343
bj920076,2,920076,T020604,其他建材,880348,X150303,耐火材料,881100,5344
bj920077,2,920077,T0203,化纤,880330,X120205,碳纤维,881024,5345
bj920078,2,920078,T020205,小金属,880329,X140502,其他金属新材料,881089,5346
bj920080,2,920080,T070506,专用机械,880445,X320399,其他专用设备,881309,5347
bj920082,2,920082,T070402,机械基件,880439,X320204,金属制品,881298,5348
bj920086,2,920086,T040202,汽车配件,880392,X260302,底盘与发动机系统,881220,5349
bj920087,2,920087,T030201,种植业,880361,X200103,种子,881109,5350
bj920088,2,920088,T010301,石油开采,880311,X110201,油田服务,881009,5351
bj920089,2,920089,T020404,塑料,880338,X120503,改性塑料,881047,5352
bj920090,2,920090,T1201,IT设备,880489,X420102,其他IT设备,881354,5353
bj920091,2,920091,T070506,专用机械,880445,X320399,其他专用设备,881309,5354
bj920092,2,920092,T1205,软件服务,880493,X420202,行业应用软件,881357,5355
bj920096,2,920096,T0708,电器仪表,880448,X320502,工业控制设备,881315,5356
bj920098,2,920098,T020405,橡胶,880339,X120603,橡胶制品,881054,5357
bj920099,2,920099,T010302,石油加工,880312,X520304,其他专业工程,881414,5358
bj920100,2,920100,T0706,电气设备,880446,X3001,电机制造,881261,5359
bj920101,2,920101,T070506,专用机械,880445,X320399,其他专用设备,881309,5360
bj920106,2,920106,T040202,汽车配件,880392,X260302,底盘与发动机系统,881220,5361
bj920108,2,920108,T0401,家用电器,880387,X2406,家电零部件,881198,5362
bj920110,2,920110,T0706,电气设备,880446,X3006,其他发电设备,881285,5363
bj920111,2,920111,T0706,电气设备,880446,X300304,配电设备,881272,5364
bj920112,2,920112,T070506,专用机械,880445,X320399,其他专用设备,881309,5365
bj920116,2,920116,T1205,软件服务,880493,X3105,军工电子,881291,5366
bj920118,2,920118,T020404,塑料,880338,X120506,其他塑料制品,881050,5367
bj920119,2,920119,T070506,专用机械,880445,X300203,锂电设备,881265,5368
bj920121,2,920121,T0602,广告包装,880421,X230201,印刷,881172,5369
bj920122,2,920122,T1301,综合类,880497,X600602,检测服务,881438,5370
bj920123,2,920123,T0301,日用化工,880355,X120102,化妆品,881018,5371
bj920124,2,920124,T070402,机械基件,880439,X320206,制冷空调设备,881300,5372
bj920125,2,920125,T070506,专用机械,880445,X320599,其他自动化设备,881317,5373
bj920128,2,920128,T1204,元器件,880492,X4005,其他电子,881336,5374
bj920130,2,920130,T1205,软件服务,880493,X420202,行业应用软件,881357,5375
bj920132,2,920132,T0404,家居用品,880399,X230302,其他家居,881179,5376
bj920139,2,920139,T1203,半导体,880491,X400106,半导体封测,881325,5377
bj920145,2,920145,T0805,环境保护,880456,X6301,环保设备,881470,5378
bj920146,2,920146,T040202,汽车配件,880392,X260302,底盘与发动机系统,881220,5379
bj920149,2,920149,T110101,建筑工程,880477,X520304,其他专业工程,881414,5380
bj920152,2,920152,T020205,小金属,880329,X140502,其他金属新材料,881089,5381
bj920156,2,920156,T070506,专用机械,880445,X320599,其他自动化设备,881317,5382
bj920158,2,920158,T070506,专用机械,880445,X320301,能源及重型设备,881304,5383
bj920159,2,920159,T020402,农药化肥,880337,X120705,复合肥,881060,5384
bj920160,2,920160,T0708,电器仪表,880448,X600602,检测服务,881438,5385
bj920163,2,920163,T020404,塑料,880338,X230205,其他包装,881176,5386
bj920166,2,920166,T0403,医疗保健,880398,X270303,医疗耗材,881244,5387
bj920167,2,920167,T020205,小金属,880329,X300405,光伏辅材,881280,5388
bj920168,2,920168,T040202,汽车配件,880392,X260301,车身附件及饰件,881219,5389
bj920169,2,920169,T070402,机械基件,880439,X320203,机械基础件,881297,5390
bj920171,2,920171,T1205,软件服务,880493,X420202,行业应用软件,881357,5391
bj920174,2,920174,T0707,工程机械,880447,X320401,工程机械整机,881311,5392
bj920175,2,920175,T020401,化工原料,880336,X1208,非金属材料,881104,5393
bj920177,2,920177,T070506,专用机械,880445,X320399,其他专用设备,881309,5394
bj920178,2,920178,T070506,专用机械,880445,X320599,其他自动化设备,881317,5395
bj920179,2,920179,T0208,矿物制品,880351,X1208,非金属材料,881104,5396
bj920180,2,920180,T0403,医疗保健,880398,X270303,医疗耗材,881244,5397
bj920181,2,920181,T1204,元器件,880492,X400101,半导体材料,881320,5398
bj920183,2,920183,T1201,IT设备,880489,X400202,品牌消费电子,881328,5399
bj920184,2,920184,T1205,软件服务,880493,X420202,行业应用软件,881357,5400
bj920185,2,920185,T020401,化工原料,880336,X300202,电池化学品,881264,5401
bj920186,2,920186,T070402,机械基件,880439,X320299,其他通用设备,881302,5402
bj920187,2,920187,T040202,汽车配件,880392,X260301,车身附件及饰件,881219,5403
bj920188,2,920188,T020405,橡胶,880339,X120603,橡胶制品,881054,5404
bj920190,2,920190,T1201,IT设备,880489,X420102,其他IT设备,881354,5405
bj920191,2,920191,T020604,其他建材,880348,X150303,耐火材料,881100,5406
bj920195,2,920195,T040202,汽车配件,880392,X260302,底盘与发动机系统,881220,5407
bj920198,2,920198,T1201,IT设备,880489,X420101,安防设备,881353,5408
bj920199,2,920199,T0401,家用电器,880387,X240303,个护小家电,881193,5409
bj920200,2,920200,T0706,电气设备,880446,X300502,风电零部件,881284,5410
bj920204,2,920204,T020404,塑料,880338,X230203,塑料包装,881174,5411
bj920207,2,920207,T1205,软件服务,880493,X420202,行业应用软件,881357,5412
bj920208,2,920208,T110101,建筑工程,880477,X5204,工程咨询服务,881415,5413
bj920212,2,920212,T1204,元器件,880492,X400201,消费电子组件,881327,5414
bj920220,2,920220,T040202,汽车配件,880392,X260302,底盘与发动机系统,881220,5415
bj920221,2,920221,T040202,汽车配件,880392,X260304,其他汽车零部件,881222,5416
bj920223,2,920223,T070402,机械基件,880439,X320203,机械基础件,881297,5417
bj920225,2,920225,T020405,橡胶,880339,X120603,橡胶制品,881054,5418
bj920227,2,920227,T1205,软件服务,880493,X420303,云软件服务,881362,5419
bj920230,2,920230,T040502,生物制药,880402,X270206,其他生物制药,881240,5420
bj920237,2,920237,T0706,电气设备,880446,X300201,锂电池,881263,5421
bj920239,2,920239,T0706,电气设备,880446,X300201,锂电池,881263,5422
bj920242,2,920242,T040202,汽车配件,880392,X260302,底盘与发动机系统,881220,5423
bj920245,2,920245,T070402,机械基件,880439,X320402,工程机械零件,881312,5424
bj920247,2,920247,T020405,橡胶,880339,X120603,橡胶制品,881054,5425
bj920249,2,920249,T1204,元器件,880492,X4005,其他电子,881336,5426
bj920252,2,920252,T0706,电气设备,880446,X300201,锂电池,881263,5427
bj920260,2,920260,T070506,专用机械,880445,X320399,其他专用设备,881309,5428
bj920261,2,920261,T020401,化工原料,880336,X120401,聚氨酯,881035,5429
bj920262,2,920262,T030301,纺织,880368,X220201,家纺,881158,5430
bj920263,2,920263,T0805,环境保护,880456,X630201,大气治理,881472,5431
bj920266,2,920266,T040503,中成药,880403,X2706,中药,881256,5432
bj920267,2,920267,T1204,元器件,880492,X4005,其他电子,881336,5433
bj920270,2,920270,T040202,汽车配件,880392,X260301,车身附件及饰件,881219,5434
bj920271,2,920271,T040202,汽车配件,880392,X260304,其他汽车零部件,881222,5435
bj920273,2,920273,T030403,食品,880375,X210605,其他食品,881149,5436
bj920274,2,920274,T0602,广告包装,880421,X230203,塑料包装,881174,5437
bj920275,2,920275,T030206,农业综合,880366,X2007,动物保健,881127,5438
bj920278,2,920278,T0403,医疗保健,880398,X270301,家用器械,881242,5439
bj920284,2,920284,T070506,专用机械,880445,X320399,其他专用设备,881309,5440
bj920299,2,920299,T0706,电气设备,880446,X300302,电网自动化,881270,5441
bj920300,2,920300,T0403,医疗保健,880398,X270302,医疗设备,881243,5442
bj920304,2,920304,T020401,化工原料,880336,X120399,其他化学原料,881033,5443
bj920305,2,920305,T1205,软件服务,880493,X420301,云基础设施服务,881360,5444
bj920339,2,920339,T0401,家用电器,880387,X400303,LED,881332,5445
bj920344,2,920344,T040502,生物制药,880402,X270205,基因药物,881239,5446
bj920346,2,920346,T1204,元器件,880492,X400201,消费电子组件,881327,5447
bj920351,2,920351,T0902,仓储物流,880464,X610401,供应链服务,881453,5448
bj920357,2,920357,T1204,元器件,880492,X400401,PCB,881334,5449
bj920363,2,920363,T0708,电器仪表,880448,X320201,仪器仪表,881295,5450
bj920367,2,920367,T040501,化学制药,880401,X270102,原料药,881233,5451
bj920368,2,920368,T070506,专用机械,880445,X300406,光伏加工设备,881281,5452
bj920370,2,920370,T0805,环境保护,880456,X630203,固废治理,881474,5453
bj920371,2,920371,T030403,食品,880375,X210605,其他食品,881149,5454
bj920374,2,920374,T1202,通信设备,880490,X410104,通信终端及配件,881342,5455
bj920375,2,920375,T0706,电气设备,880446,X300302,电网自动化,881270,5456
bj920378,2,920378,T040202,汽车配件,880392,X260304,其他汽车零部件,881222,5457
bj920392,2,920392,T0602,广告包装,880421,X230204,纸包装,881175,5458
bj920394,2,920394,T0207,造纸,880350,X230103,特种纸,881170,5459
bj920395,2,920395,T1201,IT设备,880489,X420101,安防设备,881353,5460
bj920396,2,920396,T0708,电器仪表,880448,X320502,工业控制设备,881315,5461
bj920402,2,920402,T020401,化工原料,880336,X120399,其他化学原料,881033,5462
bj920403,2,920403,T030201,种植业,880361,X200103,种子,881109,5463
bj920405,2,920405,T0708,电器仪表,880448,X320502,工业控制设备,881315,5464
bj920407,2,920407,T0708,电器仪表,880448,X320201,仪器仪表,881295,5465
bj920414,2,920414,T0708,电器仪表,880448,X300406,光伏加工设备,881281,5466
bj920415,2,920415,T1205,软件服务,880493,X420202,行业应用软件,881357,5467
bj920418,2,920418,T040202,汽车配件,880392,X260302,底盘与发动机系统,881220,5468
bj920419,2,920419,T030204,饲料,880364,X200503,宠物食品,881122,5469
bj920422,2,920422,T030403,食品,880375,X2104,调味品,881139,5470
bj920425,2,920425,T070506,专用机械,880445,X320502,工业控制设备,881315,5471
bj920427,2,920427,T110101,建筑工程,880477,X5204,工程咨询服务,881415,5472
bj920429,2,920429,T030403,食品,880375,X210605,其他食品,881149,5473
bj920433,2,920433,T040503,中成药,880403,X2706,中药,881256,5474
bj920436,2,920436,T040202,汽车配件,880392,X260305,汽车电子电气系统,881223,5475
bj920438,2,920438,T1204,元器件,880492,X400302,光学元件,881331,5476
bj920445,2,920445,T0404,家居用品,880399,X230302,其他家居,881179,5477
bj920454,2,920454,T040202,汽车配件,880392,X260302,底盘与发动机系统,881220,5478
bj920455,2,920455,T070506,专用机械,880445,X320299,其他通用设备,881302,5479
bj920469,2,920469,T020404,塑料,880338,X120503,改性塑料,881047,5480
bj920471,2,920471,T020401,化工原料,880336,X120306,有机化工原料,881032,5481
bj920475,2,920475,T070506,专用机械,880445,X320301,能源及重型设备,881304,5482
bj920476,2,920476,T0708,电器仪表,880448,X320201,仪器仪表,881295,5483
bj920478,2,920478,T040501,化学制药,880401,X270102,原料药,881233,5484
bj920489,2,920489,T020401,化工原料,880336,X120505,塑料助剂,881049,5485
bj920491,2,920491,T1204,元器件,880492,X400402,被动元件,881335,5486
bj920493,2,920493,T1205,软件服务,880493,X420303,云软件服务,881362,5487
bj920496,2,920496,T0706,电气设备,880446,X300303,输变电设备,881271,5488
bj920504,2,920504,T0403,医疗保健,880398,X270305,制药装备,881246,5489
bj920505,2,920505,T070402,机械基件,880439,X320203,机械基础件,881297,5490
bj920508,2,920508,T0706,电气设备,880446,X300302,电网自动化,881270,5491
bj920509,2,920509,T0708,电器仪表,880448,X320201,仪器仪表,881295,5492
bj920510,2,920510,T070402,机械基件,880439,X320204,金属制品,881298,5493
bj920519,2,920519,T020401,化工原料,880336,X120499,其他化学制品,881043,5494
bj920522,2,920522,T070506,专用机械,880445,X300203,锂电设备,881265,5495
bj920523,2,920523,T0706,电气设备,880446,X300201,锂电池,881263,5496
bj920526,2,920526,T020401,化工原料,880336,X400101,半导体材料,881320,5497
bj920527,2,920527,T020401,化工原料,880336,X120499,其他化学制品,881043,5498
bj920533,2,920533,T040202,汽车配件,880392,X260301,车身附件及饰件,881219,5499
bj920541,2,920541,T0703,运输设备,880432,X3201,轨交设备,881293,5500
bj920547,2,920547,T040501,化学制药,880401,X270102,原料药,881233,5501
bj920553,2,920553,T070506,专用机械,880445,X320302,印刷包装机械,881305,5502
bj920556,2,920556,T0708,电器仪表,880448,X300301,电工仪器,881269,5503
bj920564,2,920564,T1205,软件服务,880493,X420202,行业应用软件,881357,5504
bj920566,2,920566,T040501,化学制药,880401,X270101,化学制剂,881232,5505
bj920570,2,920570,T070402,机械基件,880439,X320203,机械基础件,881297,5506
bj920571,2,920571,T090102,水运,880461,X610302,航运,881451,5507
bj920575,2,920575,T040502,生物制药,880402,X270202,疫苗,881236,5508
bj920576,2,920576,T020205,小金属,880329,X140502,其他金属新材料,881089,5509
bj920578,2,920578,T070506,专用机械,880445,X320501,机器人,881314,5510
bj920579,2,920579,T070402,机械基件,880439,X320299,其他通用设备,881302,5511
bj920580,2,920580,T020604,其他建材,880348,X150303,耐火材料,881100,5512
bj920592,2,920592,T1205,软件服务,880493,X420202,行业应用软件,881357,5513
bj920593,2,920593,T070402,机械基件,880439,X320502,工业控制设备,881315,5514
bj920599,2,920599,T0707,工程机械,880447,X320401,工程机械整机,881311,5515
bj920608,2,920608,T070402,机械基件,880439,X320203,机械基础件,881297,5516
bj920627,2,920627,T0706,电气设备,880446,X300204,燃料电池,881266,5517
bj920634,2,920634,T020203,铅锌,880327,X140103,铅锌,881074,5518
bj920639,2,920639,T0706,电气设备,880446,X300305,线缆部件及其他,881273,5519
bj920640,2,920640,T1202,通信设备,880490,X410102,网络接配及塔设,881340,5520
bj920641,2,920641,T0208,矿物制品,880351,X140501,磁性材料,881088,5521
bj920642,2,920642,T0701,航空,880430,X3102,航空装备,881288,5522
bj920651,2,920651,T0708,电器仪表,880448,X320201,仪器仪表,881295,5523
bj920656,2,920656,T040501,化学制药,880401,X270102,原料药,881233,5524
bj920662,2,920662,T070402,机械基件,880439,X320299,其他通用设备,881302,5525
bj920663,2,920663,T040202,汽车配件,880392,X260304,其他汽车零部件,881222,5526
bj920665,2,920665,T020405,橡胶,880339,X120603,橡胶制品,881054,5527
bj920670,2,920670,T1205,软件服务,880493,X420202,行业应用软件,881357,5528
bj920675,2,920675,T0208,矿物制品,880351,X1208,非金属材料,881104,5529
bj920679,2,920679,T070402,机械基件,880439,X320299,其他通用设备,881302,5530
bj920682,2,920682,T0706,电气设备,880446,X300305,线缆部件及其他,881273,5531
bj920685,2,920685,T0708,电器仪表,880448,X320201,仪器仪表,881295,5532
bj920689,2,920689,T070506,专用机械,880445,X320399,其他专用设备,881309,5533
bj920690,2,920690,T040202,汽车配件,880392,X260301,车身附件及饰件,881219,5534
bj920693,2,920693,T070402,机械基件,880439,X320204,金属制品,881298,5535
bj920694,2,920694,T020404,塑料,880338,X120506,其他塑料制品,881050,5536
bj920699,2,920699,T0401,家用电器,880387,X2406,家电零部件,881198,5537
bj920701,2,920701,T1204,元器件,880492,X400201,消费电子组件,881327,5538
bj920703,2,920703,T070506,专用机械,880445,X320399,其他专用设备,881309,5539
bj920706,2,920706,T0707,工程机械,880447,X320401,工程机械整机,881311,5540
bj920717,2,920717,T070506,专用机械,880445,X320399,其他专用设备,881309,5541
bj920718,2,920718,T0401,家用电器,880387,X2406,家电零部件,881198,5542
bj920719,2,920719,T020401,化工原料,880336,X1208,非金属材料,881104,5543
bj920720,2,920720,T070402,机械基件,880439,X320204,金属制品,881298,5544
bj920725,2,920725,T0208,矿物制品,880351,X1208,非金属材料,881104,5545
bj920726,2,920726,T030403,食品,880375,X2104,调味品,881139,5546
bj920729,2,920729,T030206,农业综合,880366,X2007,动物保健,881127,5547
bj920735,2,920735,T040501,化学制药,880401,X270101,化学制剂,881232,5548
bj920748,2,920748,T1205,软件服务,880493,X420202,行业应用软件,881357,5549
bj920751,2,920751,T020205,小金属,880329,X140502,其他金属新材料,881089,5550
bj920753,2,920753,T030301,纺织,880368,X600602,检测服务,881438,5551
bj920765,2,920765,T0404,家居用品,880399,X230302,其他家居,881179,5552
bj920768,2,920768,T0401,家用电器,880387,X2406,家电零部件,881198,5553
bj920770,2,920770,T0706,电气设备,880446,X300403,光伏电池组件,881278,5554
bj920779,2,920779,T0708,电器仪表,880448,X320201,仪器仪表,881295,5555
bj920781,2,920781,T070506,专用机械,880445,X320301,能源及重型设备,881304,5556
bj920786,2,920786,T030401,乳制品,880373,X210302,乳制品,881138,5557
bj920790,2,920790,T1205,软件服务,880493,X420202,行业应用软件,881357,5558
bj920792,2,920792,T020604,其他建材,880348,X150303,耐火材料,881100,5559
bj920799,2,920799,T1205,软件服务,880493,X420202,行业应用软件,881357,5560
bj920802,2,920802,T0805,环境保护,880456,X6301,环保设备,881470,5561
bj920806,2,920806,T1205,软件服务,880493,X420202,行业应用软件,881357,5562
bj920807,2,920807,T070402,机械基件,880439,X320207,磨具磨料,881301,5563
bj920808,2,920808,T1201,IT设备,880489,X420102,其他IT设备,881354,5564
bj920809,2,920809,T0706,电气设备,880446,X300202,电池化学品,881264,5565
bj920810,2,920810,T070506,专用机械,880445,X320302,印刷包装机械,881305,5566
bj920819,2,920819,T020402,农药化肥,880337,X120701,农药,881056,5567
bj920821,2,920821,T1204,元器件,880492,X400401,PCB,881334,5568
bj920826,2,920826,T030403,食品,880375,X210603,预加工食品,881147,5569
bj920832,2,920832,T020401,化工原料,880336,X1208,非金属材料,881104,5570
bj920833,2,920833,T040202,汽车配件,880392,X260302,底盘与发动机系统,881220,5571
bj920834,2,920834,T020404,塑料,880338,X120506,其他塑料制品,881050,5572
bj920837,2,920837,T040202,汽车配件,880392,X260304,其他汽车零部件,881222,5573
bj920839,2,920839,T0707,工程机械,880447,X320402,工程机械零件,881312,5574
bj920855,2,920855,T070401,机床制造,880438,X320299,其他通用设备,881302,5575
bj920856,2,920856,T070506,专用机械,880445,X320399,其他专用设备,881309,5576
bj920857,2,920857,T1204,元器件,880492,X400201,消费电子组件,881327,5577
bj920866,2,920866,T020402,农药化肥,880337,X120701,农药,881056,5578
bj920870,2,920870,T070401,机床制造,880438,X320202,机床制造,881296,5579
bj920871,2,920871,T020404,塑料,880338,X120503,改性塑料,881047,5580
bj920873,2,920873,T110101,建筑工程,880477,X5204,工程咨询服务,881415,5581
bj920876,2,920876,T1204,元器件,880492,X400201,消费电子组件,881327,5582
bj920879,2,920879,T0708,电器仪表,880448,X320201,仪器仪表,881295,5583
bj920885,2,920885,T0708,电器仪表,880448,X320502,工业控制设备,881315,5584
bj920892,2,920892,T110101,建筑工程,880477,X5204,工程咨询服务,881415,5585
bj920895,2,920895,T070505,农用机械,880444,X320304,农用机械,881307,5586
bj920896,2,920896,T040202,汽车配件,880392,X260304,其他汽车零部件,881222,5587
bj920906,2,920906,T040202,汽车配件,880392,X260301,车身附件及饰件,881219,5588
bj920914,2,920914,T020205,小金属,880329,X300201,锂电池,881263,5589
bj920924,2,920924,T1202,通信设备,880490,X410302,网络工程施工,881349,5590
bj920925,2,920925,T0403,医疗保健,880398,X270302,医疗设备,881243,5591
bj920926,2,920926,T0401,家用电器,880387,X240301,厨房小家电,881191,5592
bj920931,2,920931,T070501,化工机械,880441,X320301,能源及重型设备,881304,5593
bj920932,2,920932,T1205,软件服务,880493,X420202,行业应用软件,881357,5594
bj920942,2,920942,T070402,机械基件,880439,X320402,工程机械零件,881312,5595
bj920943,2,920943,T070402,机械基件,880439,X320203,机械基础件,881297,5596
bj920946,2,920946,T040501,化学制药,880401,X270102,原料药,881233,5597
bj920950,2,920950,T1204,元器件,880492,X4005,其他电子,881336,5598
bj920953,2,920953,T1205,软件服务,880493,X420202,行业应用软件,881357,5599
bj920957,2,920957,T020401,化工原料,880336,X120499,其他化学制品,881043,5600
bj920961,2,920961,T0708,电器仪表,880448,X320201,仪器仪表,881295,5601
bj920964,2,920964,T110101,建筑工程,880477,X520304,其他专业工程,881414,5602
bj920970,2,920970,T030204,饲料,880364,X200501,畜禽饲料,881120,5603
bj920971,2,920971,T020401,化工原料,880336,X1208,非金属材料,881104,5604
bj920974,2,920974,T020401,化工原料,880336,X120499,其他化学制品,881043,5605
bj920976,2,920976,T1202,通信设备,880490,X4005,其他电子,881336,5606
bj920978,2,920978,T040202,汽车配件,880392,X260305,汽车电子电气系统,881223,5607
bj920981,2,920981,T1204,元器件,880492,X400402,被动元件,881335,5608
bj920982,2,920982,T0403,医疗保健,880398,X270701,医美耗材,881258,5609
bj920985,2,920985,T0706,电气设备,880446,X300403,光伏电池组件,881278,5610
bj920992,2,920992,T0403,医疗保健,880398,X270302,医疗设备,881243,5611
